model,features,round,size,rep,full,seconds,group,n,base_rate,mean_pred,brier,auc,fpr50,flag50
logit,fe,1,500,0,False,0.23108911514282227,All,7807,0.30062764185986934,0.28786574958420824,0.19543769941162062,0.6731146924372318,0.010073260073260074,0.017292173690277957
logit,fe,1,500,0,False,0.23108911514282227,Men,6857,0.31194399883330903,0.29725243683164526,0.20014494935342791,0.6681237899831962,0.01165748198389148,0.0196879101647951
logit,fe,1,500,0,False,0.23108911514282227,Women,950,0.21894736842105264,0.22011362910454998,0.1614612648316492,0.6777485486211902,0.0,0.0
logit,fe,1,500,0,False,0.23108911514282227,Black,4534,0.31473312748125276,0.2930388049478571,0.20174144517150422,0.666128363987641,0.010943031863533955,0.018967798853109837
logit,fe,1,500,0,False,0.23108911514282227,White,3273,0.281087687137183,0.28069965333648933,0.1867052877784669,0.6801368281010366,0.008924776880577986,0.014970974641002138
logit,fe,1,500,0,False,0.23108911514282227,Black men,4195,0.3215733015494637,0.29916126903497353,0.2050247045752757,0.6583528987662708,0.011946591707659873,0.020500595947556616
logit,fe,1,500,0,False,0.23108911514282227,White men,2662,0.29676934635612323,0.2942443410040862,0.19245502705603829,0.6828539164773342,0.011217948717948718,0.018407212622088654
logit,fe,1,500,0,False,0.23108911514282227,Black women,339,0.23008849557522124,0.21727556941554688,0.16111232069120535,0.7473229197367128,0.0,0.0
logit,fe,1,500,0,False,0.23108911514282227,White women,611,0.2127659574468085,0.2216882645130149,0.16165486886374483,0.638701423316808,0.0,0.0
logit,fe,1,500,1,False,0.18981242179870605,All,7807,0.30062764185986934,0.3014107788898185,0.1949805515817863,0.6693707655786906,0.02783882783882784,0.04329447931343666
logit,fe,1,500,1,False,0.18981242179870605,Men,6857,0.31194399883330903,0.31348015254995,0.20002785882843035,0.6617835942480836,0.03221704111911827,0.04914685722619221
logit,fe,1,500,1,False,0.18981242179870605,Women,950,0.21894736842105264,0.21429531027137513,0.15854961917100913,0.6953529960605433,0.0,0.0010526315789473684
logit,fe,1,500,1,False,0.18981242179870605,Black,4534,0.31473312748125276,0.3019900524223212,0.2016250812199441,0.6596671530186262,0.024460894753781784,0.036612262902514334
logit,fe,1,500,1,False,0.18981242179870605,White,3273,0.281087687137183,0.3006083266452822,0.1857760610900639,0.6834674513571942,0.032299192520186995,0.05255117629086465
logit,fe,1,500,1,False,0.18981242179870605,Black men,4195,0.3215733015494637,0.3092445378733396,0.20514877298888134,0.6510587733971235,0.026704146170063246,0.03933253873659118
logit,fe,1,500,1,False,0.18981242179870605,White men,2662,0.29676934635612323,0.3201549848446082,0.19195789830886173,0.6821168722276317,0.0405982905982906,0.06461307287753569
logit,fe,1,500,1,False,0.18981242179870605,Black women,339,0.23008849557522124,0.21221846992373103,0.15802069487572099,0.7398565674427744,0.0,0.0029498525073746312
logit,fe,1,500,1,False,0.18981242179870605,White women,611,0.2127659574468085,0.21544759976049352,0.15884308125955687,0.6683671837517992,0.0,0.0
logit,fe,1,500,2,False,0.2057199478149414,All,7807,0.30062764185986934,0.2899142759376495,0.1964889904112176,0.6713054308282259,0.07802197802197802,0.11425643653131805
logit,fe,1,500,2,False,0.2057199478149414,Men,6857,0.31194399883330903,0.3085695547335545,0.20075389750182954,0.6673747661715915,0.0900805426027978,0.12950269797287445
logit,fe,1,500,2,False,0.2057199478149414,Women,950,0.21894736842105264,0.15526243730236483,0.16570533996876918,0.6769451067800124,0.0013477088948787063,0.004210526315789474
logit,fe,1,500,2,False,0.2057199478149414,Black,4534,0.31473312748125276,0.29556903056291295,0.2017789001311592,0.6691682704853678,0.08078532346314773,0.11689457432730481
logit,fe,1,500,2,False,0.2057199478149414,White,3273,0.281087687137183,0.28208089449220364,0.18916101892627557,0.6732168924037769,0.0743731406714832,0.11060189428658723
logit,fe,1,500,2,False,0.2057199478149414,Black men,4195,0.3215733015494637,0.3065987567718262,0.2047919376222426,0.6635132762771101,0.08784258608573436,0.1258641239570918
logit,fe,1,500,2,False,0.2057199478149414,White men,2662,0.29676934635612323,0.3116753013336485,0.1943904195509907,0.6746788109921021,0.09348290598290598,0.135236664162284
logit,fe,1,500,2,False,0.2057199478149414,Black women,339,0.23008849557522124,0.1590802357358013,0.16449367218102665,0.7225169466548778,0.0038314176245210726,0.0058997050147492625
logit,fe,1,500,2,False,0.2057199478149414,White women,611,0.2127659574468085,0.15314421525828142,0.16637760736655108,0.649112426035503,0.0,0.0032733224222585926
logit,fe,1,500,3,False,0.19578289985656738,All,7807,0.30062764185986934,0.30866395280339093,0.19498910700573213,0.6726541247418963,0.015567765567765568,0.02843601895734597
logit,fe,1,500,3,False,0.19578289985656738,Men,6857,0.31194399883330903,0.323721022216398,0.19949491274938852,0.6724496774708817,0.01801610852055956,0.03237567449321861
logit,fe,1,500,3,False,0.19578289985656738,Women,950,0.21894736842105264,0.1999836107349816,0.16246667544336174,0.6647768505079825,0.0,0.0
logit,fe,1,500,3,False,0.19578289985656738,Black,4534,0.31473312748125276,0.3148239751258222,0.20084207707655638,0.668335555335523,0.014805278403604764,0.02756947507719453
logit,fe,1,500,3,False,0.19578289985656738,White,3273,0.281087687137183,0.30013063743220136,0.18688114296628291,0.6765197989615478,0.016574585635359115,0.029636419187289948
logit,fe,1,500,3,False,0.19578289985656738,Black men,4195,0.3215733015494637,0.32393485225395974,0.2037897243551395,0.6655097578852559,0.016163035839775124,0.029797377830750895
logit,fe,1,500,3,False,0.19578289985656738,White men,2662,0.29676934635612323,0.32338405113917335,0.19272679303258705,0.6843219192902738,0.020833333333333332,0.03643876784372652
logit,fe,1,500,3,False,0.19578289985656738,Black women,339,0.23008849557522124,0.2020802301330888,0.16436602889467944,0.7105806071323313,0.0,0.0
logit,fe,1,500,3,False,0.19578289985656738,White women,611,0.2127659574468085,0.19882034727187464,0.16141286068068303,0.6394370702063009,0.0,0.0
logit,fe,1,500,4,False,0.19560670852661133,All,7807,0.30062764185986934,0.33346711852548644,0.19873538218491513,0.6678303375363451,0.13388278388278388,0.18368131164339696
logit,fe,1,500,4,False,0.19560670852661133,Men,6857,0.31194399883330903,0.34925050196867047,0.20410058682103327,0.6611229590116809,0.14985163204747776,0.20373341111273152
logit,fe,1,500,4,False,0.19560670852661133,Women,950,0.21894736842105264,0.21954431824136736,0.16000989987979744,0.6862430022807382,0.03234501347708895,0.03894736842105263
logit,fe,1,500,4,False,0.19560670852661133,Black,4534,0.31473312748125276,0.32476812343996386,0.2038724218887278,0.6591071227593998,0.11329256517541036,0.15857962064402295
logit,fe,1,500,4,False,0.19560670852661133,White,3273,0.281087687137183,0.3455176054542244,0.19161917747453117,0.6846518782682607,0.16107097322566935,0.2184540177207455
logit,fe,1,500,4,False,0.19560670852661133,Black men,4195,0.3215733015494637,0.33431766588919726,0.20751405301408307,0.652247285540368,0.12227687983134224,0.1694874851013111
logit,fe,1,500,4,False,0.19560670852661133,White men,2662,0.29676934635612323,0.37278290142524073,0.1987213641764637,0.6827775073028238,0.19177350427350429,0.2577009767092412
logit,fe,1,500,4,False,0.19560670852661133,Black women,339,0.23008849557522124,0.20659605684841748,0.1588085794967952,0.7241870517732586,0.01532567049808429,0.02359882005899705
logit,fe,1,500,4,False,0.19560670852661133,White women,611,0.2127659574468085,0.22672837816315133,0.16067642624614403,0.6655205501359347,0.04158004158004158,0.04746317512274959
logit,fe,1,500,5,False,0.21904802322387695,All,7807,0.30062764185986934,0.285189966613717,0.1996436946971219,0.6535443891430257,0.06886446886446887,0.09670808249007301
logit,fe,1,500,5,False,0.21904802322387695,Men,6857,0.31194399883330903,0.29235677007322763,0.2045111358820203,0.6496221388410118,0.07672742687579483,0.10616887851830246
logit,fe,1,500,5,False,0.21904802322387695,Women,950,0.21894736842105264,0.23346073364333303,0.1645110165867552,0.6553817644619531,0.018867924528301886,0.028421052631578948
logit,fe,1,500,5,False,0.21904802322387695,Black,4534,0.31473312748125276,0.2826244115921435,0.2051597009099808,0.6534948662389266,0.06662375281622143,0.09329510366122629
logit,fe,1,500,5,False,0.21904802322387695,White,3273,0.281087687137183,0.28874396186816664,0.19200251774353122,0.65531975831039,0.0718232044198895,0.10143599144515734
logit,fe,1,500,5,False,0.21904802322387695,Black men,4195,0.3215733015494637,0.28614984292145246,0.20884863329329434,0.6474510412699968,0.07062543921293044,0.09725864123957091
logit,fe,1,500,5,False,0.21904802322387695,White men,2662,0.29676934635612323,0.3021381597808524,0.19767574833870905,0.6561769717624149,0.0860042735042735,0.12021036814425244
logit,fe,1,500,5,False,0.21904802322387695,Black women,339,0.23008849557522124,0.2389984988297521,0.15951052289228101,0.7167206994793203,0.022988505747126436,0.04424778761061947
logit,fe,1,500,5,False,0.21904802322387695,White women,611,0.2127659574468085,0.23038822562664557,0.16728543125521148,0.6184391492083801,0.016632016632016633,0.019639934533551555
logit,fe,1,500,6,False,0.19793438911437988,All,7807,0.30062764185986934,0.2786041645537366,0.19652274604584619,0.6591764718735319,0.02142857142857143,0.0380427821186115
logit,fe,1,500,6,False,0.19793438911437988,Men,6857,0.31194399883330903,0.2931008789859954,0.200734439791759,0.6570181420523312,0.02479864349300551,0.04331340236254922
logit,fe,1,500,6,False,0.19793438911437988,Women,950,0.21894736842105264,0.1739684057516326,0.16612318392403116,0.6455525606469004,0.0,0.0
logit,fe,1,500,6,False,0.19793438911437988,Black,4534,0.31473312748125276,0.28433969092089256,0.20303433450625105,0.6519095047036452,0.02252977148374638,0.03925893250992501
logit,fe,1,500,6,False,0.19793438911437988,White,3273,0.281087687137183,0.2706588921587823,0.18750241543800156,0.6676864871856465,0.01997450063748406,0.03635808127100519
logit,fe,1,500,6,False,0.19793438911437988,Black men,4195,0.3215733015494637,0.29381224140834444,0.20579281434665767,0.6477914719890896,0.024595924104005622,0.042431466030989275
logit,fe,1,500,6,False,0.19793438911437988,White men,2662,0.29676934635612323,0.2919798551836834,0.19276303436057948,0.6721410797360166,0.025106837606837608,0.04470323065364388
logit,fe,1,500,6,False,0.19793438911437988,Black women,339,0.23008849557522124,0.16712037146702605,0.16889916361980298,0.690244621279104,0.0,0.0
logit,fe,1,500,6,False,0.19793438911437988,White women,611,0.2127659574468085,0.1777678879488202,0.16458299224339845,0.6201503278426356,0.0,0.0
logit,fe,1,500,7,False,0.19842863082885742,All,7807,0.30062764185986934,0.2811358679396753,0.19752915608319357,0.6615393979688824,0.0056776556776556774,0.010247214038683233
logit,fe,1,500,7,False,0.19842863082885742,Men,6857,0.31194399883330903,0.2807979630073785,0.20210493274816319,0.6619677040829776,0.006146672318779143,0.01093772786933061
logit,fe,1,500,7,False,0.19842863082885742,Women,950,0.21894736842105264,0.2835748301720528,0.16450168177614471,0.6699603462575161,0.0026954177897574125,0.005263157894736842
logit,fe,1,500,7,False,0.19842863082885742,Black,4534,0.31473312748125276,0.28109522559546035,0.20404717378364598,0.6563721542038694,0.005793369810106212,0.009483899426554919
logit,fe,1,500,7,False,0.19842863082885742,White,3273,0.281087687137183,0.28119216870003905,0.18849991921981096,0.669837302980469,0.0055248618784530384,0.011304613504430187
logit,fe,1,500,7,False,0.19842863082885742,Black men,4195,0.3215733015494637,0.28060036252074566,0.20728924137530777,0.6539705369845289,0.0059732958538299364,0.009535160905840286
logit,fe,1,500,7,False,0.19842863082885742,White men,2662,0.29676934635612323,0.28110935821452543,0.1939350699792407,0.6754672454830684,0.00641025641025641,0.01314800901577761
logit,fe,1,500,7,False,0.19842863082885742,Black women,339,0.23008849557522124,0.28721897367341953,0.1639277827894833,0.7155909224874742,0.0038314176245210726,0.008849557522123894
logit,fe,1,500,7,False,0.19842863082885742,White women,611,0.2127659574468085,0.2815529567727675,0.1648200970895297,0.6443627059011674,0.002079002079002079,0.0032733224222585926
logit,fe,1,500,8,False,0.2038865089416504,All,7807,0.30062764185986934,0.3232814639006171,0.19827894577064722,0.6667594513142021,0.12344322344322345,0.168054310234405
logit,fe,1,500,8,False,0.2038865089416504,Men,6857,0.31194399883330903,0.3308851522474347,0.2027762099204983,0.6625232044782488,0.13141161509114033,0.17864955519906664
logit,fe,1,500,8,False,0.2038865089416504,Women,950,0.21894736842105264,0.26839884180153445,0.1658181665332484,0.671133112170848,0.07277628032345014,0.09157894736842105
logit,fe,1,500,8,False,0.2038865089416504,Black,4534,0.31473312748125276,0.3218742758716729,0.20369233360340466,0.6595352087167143,0.11844222722883811,0.16122629025143362
logit,fe,1,500,8,False,0.2038865089416504,White,3273,0.281087687137183,0.32523080411547595,0.19077992333443514,0.6780585376669932,0.13004674883127923,0.17751298502902535
logit,fe,1,500,8,False,0.2038865089416504,Black men,4195,0.3215733015494637,0.32671914425826143,0.2074346211662735,0.653172986210342,0.12508784258608574,0.16734207389749703
logit,fe,1,500,8,False,0.2038865089416504,White men,2662,0.29676934635612323,0.3374502925609517,0.1954350997867542,0.679312046954452,0.14102564102564102,0.19646882043576258
logit,fe,1,500,8,False,0.2038865089416504,Black women,339,0.23008849557522124,0.26192081604353484,0.15738290491244641,0.7132822477650064,0.04597701149425287,0.0855457227138643
logit,fe,1,500,8,False,0.2038865089416504,White women,611,0.2127659574468085,0.2719930328522085,0.17049828713791595,0.6452102990564529,0.08731808731808732,0.09492635024549918
logit,fe,1,500,9,False,0.269514799118042,All,7807,0.30062764185986934,0.2604605369276503,0.2024605023350024,0.6335249113902715,0.011538461538461539,0.019213526322531062
logit,fe,1,500,9,False,0.269514799118042,Men,6857,0.31194399883330903,0.26716513993315655,0.20793195260340827,0.6256081916787508,0.013353115727002967,0.021583782995479073
logit,fe,1,500,9,False,0.269514799118042,Women,950,0.21894736842105264,0.21206741818159147,0.1629681502397825,0.6495244142649803,0.0,0.002105263157894737
logit,fe,1,500,9,False,0.269514799118042,Black,4534,0.31473312748125276,0.25735333704245716,0.21230749843234048,0.6141571950581107,0.010621177985194722,0.016100573445081607
logit,fe,1,500,9,False,0.269514799118042,White,3273,0.281087687137183,0.2647648584306951,0.18881972008467224,0.6651545667880043,0.012749681257968552,0.023525817293003362
logit,fe,1,500,9,False,0.269514799118042,Black men,4195,0.3215733015494637,0.2614409715699238,0.21613817650364897,0.6051920503306111,0.011595221363316937,0.017163289630512515
logit,fe,1,500,9,False,0.269514799118042,White men,2662,0.29676934635612323,0.2761857583718346,0.19499990554799515,0.6643243535648599,0.016025641025641024,0.028549962434259956
logit,fe,1,500,9,False,0.269514799118042,Black women,339,0.23008849557522124,0.2067703670049279,0.16490426979181186,0.6834168385892524,0.0,0.0029498525073746312
logit,fe,1,500,9,False,0.269514799118042,White women,611,0.2127659574468085,0.21500637128942934,0.16189393660944212,0.6286742363665441,0.0,0.0016366612111292963
logit,fe,1,1000,0,False,0.20076584815979004,All,7807,0.30062764185986934,0.2902728272848455,0.19355750038844055,0.6778426515963797,0.055860805860805864,0.08364288459075189
logit,fe,1,1000,0,False,0.20076584815979004,Men,6857,0.31194399883330903,0.30097469917382896,0.19833938857372113,0.6723454344427289,0.0635862653666808,0.09391862330465219
logit,fe,1,1000,0,False,0.20076584815979004,Women,950,0.21894736842105264,0.21302784250299311,0.15904233482373645,0.6820767675720506,0.006738544474393531,0.009473684210526316
logit,fe,1,1000,0,False,0.20076584815979004,Black,4534,0.31473312748125276,0.29625144885569604,0.20029838814518436,0.6707624283074434,0.058255551979401354,0.0831495368328187
logit,fe,1,1000,0,False,0.20076584815979004,White,3273,0.281087687137183,0.28199080155852824,0.18421952755340346,0.6860594246013415,0.05269868253293668,0.0843263061411549
logit,fe,1,1000,0,False,0.20076584815979004,Black men,4195,0.3215733015494637,0.3026716830178069,0.2039237994257462,0.6626667576565656,0.06359803232607168,0.08963051251489869
logit,fe,1,1000,0,False,0.20076584815979004,White men,2662,0.29676934635612323,0.2983004515308961,0.18953901159241185,0.6876352374770097,0.06356837606837606,0.10067618332081142
logit,fe,1,1000,0,False,0.20076584815979004,Black women,339,0.23008849557522124,0.21680341844255455,0.1554352603518009,0.7385794282346007,0.0,0.0029498525073746312
logit,fe,1,1000,0,False,0.20076584815979004,White women,611,0.2127659574468085,0.21093304668709903,0.16104364128197896,0.649544218774988,0.010395010395010396,0.01309328968903437
logit,fe,1,1000,1,False,0.20191144943237305,All,7807,0.30062764185986934,0.3183099469045691,0.19399386794736131,0.6748550483744349,0.05201465201465202,0.0827462533623671
logit,fe,1,1000,1,False,0.20191144943237305,Men,6857,0.31194399883330903,0.3312333041522756,0.19905615681943786,0.667478018296435,0.05977108944467995,0.09362695056147002
logit,fe,1,1000,1,False,0.20191144943237305,Women,950,0.21894736842105264,0.2250305146440179,0.15745479974122603,0.6984177379224549,0.0026954177897574125,0.004210526315789474
logit,fe,1,1000,1,False,0.20191144943237305,Black,4534,0.31473312748125276,0.3186766323116155,0.19964037626043124,0.667797177474559,0.045703250724171224,0.07498897220996913
logit,fe,1,1000,1,False,0.20191144943237305,White,3273,0.281087687137183,0.3178019873458925,0.18617190989925292,0.6853438718379866,0.060348491287717805,0.09349220898258478
logit,fe,1,1000,1,False,0.20191144943237305,Black men,4195,0.3215733015494637,0.32656845022915565,0.20320432207156325,0.659355958214799,0.049894588896697116,0.08081048867699643
logit,fe,1,1000,1,False,0.20191144943237305,White men,2662,0.29676934635612323,0.33858456719040025,0.19251913456824843,0.6834293519420102,0.07478632478632478,0.11382419233658903
logit,fe,1,1000,1,False,0.20191144943237305,Black women,339,0.23008849557522124,0.22101829554441507,0.15553786098698347,0.7480106100795756,0.0,0.0029498525073746312
logit,fe,1,1000,1,False,0.20191144943237305,White women,611,0.2127659574468085,0.2272566067467435,0.15851837132500388,0.6703502318886934,0.004158004158004158,0.004909983633387889
logit,fe,1,1000,2,False,0.2239058017730713,All,7807,0.30062764185986934,0.2903611597930973,0.19274316989260915,0.6880160316888054,0.08736263736263736,0.1321890610990137
logit,fe,1,1000,2,False,0.2239058017730713,Men,6857,0.31194399883330903,0.3055109546278741,0.19710051892039815,0.68457714489444,0.09961848240779991,0.14831558990812307
logit,fe,1,1000,2,False,0.2239058017730713,Women,950,0.21894736842105264,0.18101153539092454,0.16129228327834677,0.6824720091229525,0.009433962264150943,0.015789473684210527
logit,fe,1,1000,2,False,0.2239058017730713,Black,4534,0.31473312748125276,0.2941372679465339,0.19854986534359012,0.6841517300830076,0.08722240102993241,0.1301279223643582
logit,fe,1,1000,2,False,0.2239058017730713,White,3273,0.281087687137183,0.28513021742594746,0.18469930885541155,0.6931890833163954,0.08754781130471738,0.1350443018637336
logit,fe,1,1000,2,False,0.2239058017730713,Black men,4195,0.3215733015494637,0.30327488370635064,0.20195120870938102,0.6779897865574926,0.09486999297259312,0.1394517282479142
logit,fe,1,1000,2,False,0.2239058017730713,White men,2662,0.29676934635612323,0.3090347403212589,0.18945640033858635,0.6967008817483501,0.10683760683760683,0.1622839969947408
logit,fe,1,1000,2,False,0.2239058017730713,Black women,339,0.23008849557522124,0.18106264224614643,0.1564594953745847,0.7369093231162197,0.0038314176245210726,0.014749262536873156
logit,fe,1,1000,2,False,0.2239058017730713,White women,611,0.2127659574468085,0.18098317986896018,0.16397365005310177,0.650151927075004,0.012474012474012475,0.016366612111292964
logit,fe,1,1000,3,False,0.23172640800476074,All,7807,0.30062764185986934,0.29926310248379767,0.19223851797758473,0.6814438508516056,0.03626373626373627,0.06430126809273728
logit,fe,1,1000,3,False,0.23172640800476074,Men,6857,0.31194399883330903,0.31582345068884954,0.19655224421601133,0.6795842803891713,0.041966935142009325,0.07306402216712848
logit,fe,1,1000,3,False,0.23172640800476074,Women,950,0.21894736842105264,0.1797322523342815,0.16110249606506763,0.6834827907941114,0.0,0.0010526315789473684
logit,fe,1,1000,3,False,0.23172640800476074,Black,4534,0.31473312748125276,0.3048958653956958,0.19843811309407974,0.6766455653520128,0.036691342130672676,0.06307895897662108
logit,fe,1,1000,3,False,0.23172640800476074,White,3273,0.281087687137183,0.2914601855749843,0.1836503834654587,0.6864991962157467,0.035699107522311944,0.06599450045829514
logit,fe,1,1000,3,False,0.23172640800476074,Black men,4195,0.3215733015494637,0.3146930102148903,0.20147481382516003,0.6718073354875713,0.04005621925509487,0.06793802145411204
logit,fe,1,1000,3,False,0.23172640800476074,White men,2662,0.29676934635612323,0.3176048923824103,0.18879485146230035,0.693272611706156,0.04487179487179487,0.0811419984973704
logit,fe,1,1000,3,False,0.23172640800476074,Black women,339,0.23008849557522124,0.18365981077468999,0.16086006127437008,0.7309165929855586,0.0,0.0029498525073746312
logit,fe,1,1000,3,False,0.23172640800476074,White women,611,0.2127659574468085,0.17755313234852296,0.16123700571162491,0.6561650407804254,0.0,0.0
logit,fe,1,1000,4,False,0.19884133338928223,All,7807,0.30062764185986934,0.32849458117062247,0.19553868730931345,0.6681879759212526,0.08241758241758242,0.11963622390162675
logit,fe,1,1000,4,False,0.19884133338928223,Men,6857,0.31194399883330903,0.3448137586406488,0.20057372811279575,0.6621612274993108,0.0953793980500212,0.1360653346944728
logit,fe,1,1000,4,False,0.19884133338928223,Women,950,0.21894736842105264,0.2107044760001273,0.1591962927940732,0.6838974704540742,0.0,0.0010526315789473684
logit,fe,1,1000,4,False,0.19884133338928223,Black,4534,0.31473312748125276,0.32666657043948205,0.2020914707468437,0.6557778409807273,0.07499195365304152,0.10388178209086898
logit,fe,1,1000,4,False,0.19884133338928223,White,3273,0.281087687137183,0.33102687590175306,0.18646129039340695,0.6876905523014099,0.09222269443263918,0.1414604338527345
logit,fe,1,1000,4,False,0.19884133338928223,Black men,4195,0.3215733015494637,0.3369658428479105,0.2055308021647172,0.6490208774933881,0.08186929023190442,0.11203814064362336
logit,fe,1,1000,4,False,0.19884133338928223,White men,2662,0.29676934635612323,0.3571811541141788,0.19276196040137192,0.6888604890187169,0.11591880341880342,0.17392937640871525
logit,fe,1,1000,4,False,0.19884133338928223,Black women,339,0.23008849557522124,0.19921687205199712,0.15953101264071007,0.7325866981039395,0.0,0.0029498525073746312
logit,fe,1,1000,4,False,0.19884133338928223,White women,611,0.2127659574468085,0.21707812205318147,0.1590105808006037,0.657572365264673,0.0,0.0
logit,fe,1,1000,5,False,0.1915874481201172,All,7807,0.30062764185986934,0.2891414428880654,0.19459402173088922,0.6721686636045392,0.04139194139194139,0.06391699756628666
logit,fe,1,1000,5,False,0.1915874481201172,Men,6857,0.31194399883330903,0.29590425094732176,0.19954716563218775,0.6660503248081958,0.04705383637134379,0.0717514948228088
logit,fe,1,1000,5,False,0.1915874481201172,Women,950,0.21894736842105264,0.2403282061908857,0.1588427504348849,0.6925150321376736,0.005390835579514825,0.007368421052631579
logit,fe,1,1000,5,False,0.1915874481201172,Black,4534,0.31473312748125276,0.2842758334105652,0.20133206522576957,0.6669182254325912,0.035725780495654974,0.0529333921482135
logit,fe,1,1000,5,False,0.1915874481201172,White,3273,0.281087687137183,0.29588164251256466,0.18525998897629484,0.683691494669155,0.04887377815554611,0.07913229453101131
logit,fe,1,1000,5,False,0.1915874481201172,Black men,4195,0.3215733015494637,0.2884351877142742,0.20495167142475393,0.6596721654779809,0.03865073787772312,0.0567342073897497
logit,fe,1,1000,5,False,0.1915874481201172,White men,2662,0.29676934635612323,0.3076746191902348,0.1910302979387936,0.6818531591474629,0.05982905982905983,0.09541697971450037
logit,fe,1,1000,5,False,0.1915874481201172,Black women,339,0.23008849557522124,0.23280535758738163,0.1565407731763902,0.7401021711366539,0.0038314176245210726,0.0058997050147492625
logit,fe,1,1000,5,False,0.1915874481201172,White women,611,0.2127659574468085,0.2445020943686073,0.16011995221987627,0.6654725731648808,0.006237006237006237,0.008183306055646482
logit,fe,1,1000,6,False,0.198073148727417,All,7807,0.30062764185986934,0.2795262852167551,0.19327195289435076,0.6785453645913808,0.02912087912087912,0.05136416036889971
logit,fe,1,1000,6,False,0.198073148727417,Men,6857,0.31194399883330903,0.29609557231644457,0.19720988508755094,0.6778342460543716,0.03370072064434082,0.058480385008021
logit,fe,1,1000,6,False,0.198073148727417,Women,950,0.21894736842105264,0.1599309150666803,0.16484837284300985,0.6755520422973254,0.0,0.0
logit,fe,1,1000,6,False,0.198073148727417,Black,4534,0.31473312748125276,0.2855212146884624,0.19913654162520572,0.6752902605482702,0.02993241068554876,0.0529333921482135
logit,fe,1,1000,6,False,0.198073148727417,White,3273,0.281087687137183,0.27122166858836483,0.18514789383364302,0.6816931207154604,0.02804929876753081,0.04919034524900703
logit,fe,1,1000,6,False,0.198073148727417,Black men,4195,0.3215733015494637,0.29593758525858604,0.20177210769769616,0.6721433382631105,0.03267744202389318,0.057210965435041714
logit,fe,1,1000,6,False,0.198073148727417,White men,2662,0.29676934635612323,0.29634454140273936,0.19002035696976013,0.68799158822893,0.035256410256410256,0.06048084147257701
logit,fe,1,1000,6,False,0.198073148727417,Black women,339,0.23008849557522124,0.15662246972778848,0.16652238329453456,0.7302289026426958,0.0,0.0
logit,fe,1,1000,6,False,0.198073148727417,White women,611,0.2127659574468085,0.16176653367532895,0.16391958472015072,0.6437709899248362,0.0,0.0
logit,fe,1,1000,7,False,0.2026081085205078,All,7807,0.30062764185986934,0.29229334557005676,0.19380672579054892,0.674929962808105,0.03076923076923077,0.04867426668374536
logit,fe,1,1000,7,False,0.2026081085205078,Men,6857,0.31194399883330903,0.3035057406749805,0.19862771691832012,0.6688584456968141,0.03560830860534125,0.05527198483301735
logit,fe,1,1000,7,False,0.2026081085205078,Women,950,0.21894736842105264,0.21136345795483355,0.15900931930304676,0.6843575057018453,0.0,0.0010526315789473684
logit,fe,1,1000,7,False,0.2026081085205078,Black,4534,0.31473312748125276,0.29471100438292985,0.20113532712768106,0.6622593510731132,0.029288702928870293,0.044111160123511246
logit,fe,1,1000,7,False,0.2026081085205078,White,3273,0.281087687137183,0.28894422700679173,0.18365460893672764,0.6920785676010274,0.03272418189545261,0.054995417048579284
logit,fe,1,1000,7,False,0.2026081085205078,Black men,4195,0.3215733015494637,0.3013586032641889,0.20459296234388072,0.6543990056401582,0.03197470133520731,0.04743742550655542
logit,fe,1,1000,7,False,0.2026081085205078,White men,2662,0.29676934635612323,0.3068893775789139,0.18922718928487664,0.6932313642756681,0.04113247863247863,0.067618332081142
logit,fe,1,1000,7,False,0.2026081085205078,Black women,339,0.23008849557522124,0.21244941940687678,0.15834836626644982,0.7303271441202476,0.0,0.0029498525073746312
logit,fe,1,1000,7,False,0.2026081085205078,White women,611,0.2127659574468085,0.21076093597080303,0.1593760346539573,0.6576203422357267,0.0,0.0
logit,fe,1,1000,8,False,0.2627582550048828,All,7807,0.30062764185986934,0.30725382132632784,0.19442665436014564,0.6770929610085981,0.09395604395604396,0.13654412706545407
logit,fe,1,1000,8,False,0.2627582550048828,Men,6857,0.31194399883330903,0.3181774872258665,0.19936396416484709,0.6710331811900392,0.10534124629080119,0.1505031354819892
logit,fe,1,1000,8,False,0.2627582550048828,Women,950,0.21894736842105264,0.22840795072302664,0.15878967190663223,0.6899103255235332,0.0215633423180593,0.035789473684210524
logit,fe,1,1000,8,False,0.2627582550048828,Black,4534,0.31473312748125276,0.30875157265579395,0.200458862695932,0.6696051527294765,0.09108464757000322,0.13277459197176886
logit,fe,1,1000,8,False,0.2627582550048828,White,3273,0.281087687137183,0.3051790261757629,0.1860703963111217,0.6877981854801457,0.09774755631109222,0.14176596394744884
logit,fe,1,1000,8,False,0.2627582550048828,Black men,4195,0.3215733015494637,0.315758132385121,0.2042314017966763,0.6622520937661326,0.09908643710470837,0.14112038140643623
logit,fe,1,1000,8,False,0.2627582550048828,White men,2662,0.29676934635612323,0.3219901068941337,0.19169345294564202,0.6865472519744671,0.11485042735042734,0.1652892561983471
logit,fe,1,1000,8,False,0.2627582550048828,Black women,339,0.23008849557522124,0.2220479795450942,0.15377508237846152,0.7300324196875921,0.0038314176245210726,0.029498525073746312
logit,fe,1,1000,8,False,0.2627582550048828,White women,611,0.2127659574468085,0.23193664176937545,0.16157190734042912,0.6664001279385895,0.031185031185031187,0.03927986906710311
logit,fe,1,1000,9,False,0.19931745529174805,All,7807,0.30062764185986934,0.2958107717471303,0.19816973079055186,0.6513210692162545,0.051648351648351645,0.07313949020110158
logit,fe,1,1000,9,False,0.19931745529174805,Men,6857,0.31194399883330903,0.30804207218476365,0.2032980978031427,0.6433675571518347,0.05913522679101314,0.0822517135773662
logit,fe,1,1000,9,False,0.19931745529174805,Women,950,0.21894736842105264,0.20752653269360083,0.16115371752177787,0.6734786439975119,0.004043126684636119,0.007368421052631579
logit,fe,1,1000,9,False,0.19931745529174805,Black,4534,0.31473312748125276,0.2949247232459002,0.2073653233809255,0.6305250548696582,0.052784036047634375,0.06837229819144243
logit,fe,1,1000,9,False,0.19931745529174805,White,3273,0.281087687137183,0.2970381912107957,0.1854313205232882,0.6823851142851863,0.050148746281342964,0.07974335472043996
logit,fe,1,1000,9,False,0.19931745529174805,Black men,4195,0.3215733015494637,0.30269488199252104,0.21102578424270552,0.6212975229041892,0.05727336612789881,0.0734207389749702
logit,fe,1,1000,9,False,0.19931745529174805,White men,2662,0.29676934635612323,0.3164686172097292,0.19112016969872272,0.6829377637130802,0.06196581196581197,0.09616829451540196
logit,fe,1,1000,9,False,0.19931745529174805,Black women,339,0.23008849557522124,0.19877187385924894,0.1620684699438542,0.7171136653895275,0.0038314176245210726,0.0058997050147492625
logit,fe,1,1000,9,False,0.19931745529174805,White women,611,0.2127659574468085,0.21238386386356037,0.16064618712720527,0.6479609787302094,0.004158004158004158,0.008183306055646482
logit,fe,1,2000,0,False,0.2440967559814453,All,7807,0.30062764185986934,0.292404763372286,0.19166296224718338,0.6853058459790459,0.04633699633699634,0.07237094914820033
logit,fe,1,2000,0,False,0.2440967559814453,Men,6857,0.31194399883330903,0.30099559724703073,0.1963904223373228,0.6798642105740877,0.052988554472233995,0.08123085897622867
logit,fe,1,2000,0,False,0.2440967559814453,Women,950,0.21894736842105264,0.23039702876268073,0.15754065294393496,0.6945625129587394,0.004043126684636119,0.008421052631578947
logit,fe,1,2000,0,False,0.2440967559814453,Black,4534,0.31473312748125276,0.29582010646313384,0.19904467264494766,0.6740678022297009,0.045703250724171224,0.06947507719453022
logit,fe,1,2000,0,False,0.2440967559814453,White,3273,0.281087687137183,0.2876735792678239,0.1814372748217439,0.7005215358746466,0.04717382065448364,0.07638252367858234
logit,fe,1,2000,0,False,0.2440967559814453,Black men,4195,0.3215733015494637,0.30127154071714435,0.20275103672832337,0.665583730589328,0.049894588896697116,0.07461263408820024
logit,fe,1,2000,0,False,0.2440967559814453,White men,2662,0.29676934635612323,0.3005607426801162,0.18636683955360847,0.7032957373147247,0.057692307692307696,0.09166040570999248
logit,fe,1,2000,0,False,0.2440967559814453,Black women,339,0.23008849557522124,0.22836061768562937,0.1531797837665962,0.7511543373612338,0.0,0.0058997050147492625
logit,fe,1,2000,0,False,0.2440967559814453,White women,611,0.2127659574468085,0.23152688695436716,0.1599601859244879,0.6611546457700304,0.006237006237006237,0.009819967266775777
logit,fe,1,2000,1,False,0.213670015335083,All,7807,0.30062764185986934,0.3079507705214728,0.19208776580195588,0.6828546613165276,0.05347985347985348,0.08441142564365313
logit,fe,1,2000,1,False,0.213670015335083,Men,6857,0.31194399883330903,0.32171676601716337,0.1969932467542322,0.676396544442707,0.06189063162356931,0.09566865976374508
logit,fe,1,2000,1,False,0.213670015335083,Women,950,0.21894736842105264,0.2085892640857355,0.15668052065484178,0.7017805307899647,0.0,0.003157894736842105
logit,fe,1,2000,1,False,0.213670015335083,Black,4534,0.31473312748125276,0.3090943462170998,0.19851009550354703,0.6743598840604291,0.05053105889925973,0.07741508601676224
logit,fe,1,2000,1,False,0.213670015335083,White,3273,0.281087687137183,0.3063666054729018,0.18319108298282538,0.6951569689018644,0.05737356566085848,0.09410326917201345
logit,fe,1,2000,1,False,0.213670015335083,Black men,4195,0.3215733015494637,0.31724013176718296,0.20216481599894165,0.6656923454400256,0.05516514406184118,0.0831942789034565
logit,fe,1,2000,1,False,0.213670015335083,White men,2662,0.29676934635612323,0.32877141691072764,0.18884345975890676,0.6967854051714811,0.07211538461538461,0.11532682193839218
logit,fe,1,2000,1,False,0.213670015335083,Black women,339,0.23008849557522124,0.20829325364306187,0.15328427698384087,0.7569997052755673,0.0,0.0058997050147492625
logit,fe,1,2000,1,False,0.213670015335083,White women,611,0.2127659574468085,0.2087534990121943,0.15856485224971786,0.6686550455781225,0.0,0.0016366612111292963
logit,fe,1,2000,2,False,0.22745227813720703,All,7807,0.30062764185986934,0.3053713845296721,0.1908607330690189,0.6905211391363926,0.07893772893772893,0.12347892916613296
logit,fe,1,2000,2,False,0.22745227813720703,Men,6857,0.31194399883330903,0.3171515504042065,0.19556399291378365,0.685685866607371,0.08944467994913098,0.13810704389674786
logit,fe,1,2000,2,False,0.22745227813720703,Women,950,0.21894736842105264,0.22034338726474326,0.1569130985894906,0.6989620049761559,0.012129380053908356,0.017894736842105262
logit,fe,1,2000,2,False,0.22745227813720703,Black,4534,0.31473312748125276,0.30713293676156167,0.1963347963153924,0.6865375537165552,0.07724493080141616,0.12174680194089105
logit,fe,1,2000,2,False,0.22745227813720703,White,3273,0.281087687137183,0.3029311529930429,0.18327765859329107,0.6965996230529021,0.0811729706757331,0.1258783990223037
logit,fe,1,2000,2,False,0.22745227813720703,Black men,4195,0.3215733015494637,0.3144663256450011,0.1999460499511494,0.6795114363363299,0.08362614195361912,0.1296781883194279
logit,fe,1,2000,2,False,0.22745227813720703,White men,2662,0.29676934635612323,0.3213831499026539,0.1886583846223678,0.6974933733636264,0.09829059829059829,0.15138993238166792
logit,fe,1,2000,2,False,0.22745227813720703,Black women,339,0.23008849557522124,0.21638495338094763,0.1516468641560989,0.7527753217408388,0.007662835249042145,0.02359882005899705
logit,fe,1,2000,2,False,0.22745227813720703,White women,611,0.2127659574468085,0.22253963781565447,0.1598349537006523,0.6668479130017592,0.014553014553014554,0.014729950900163666
logit,fe,1,2000,3,False,0.22222590446472168,All,7807,0.30062764185986934,0.3040515530533945,0.1912519709031227,0.684961161548294,0.04816849816849817,0.08377097476623543
logit,fe,1,2000,3,False,0.22222590446472168,Men,6857,0.31194399883330903,0.32082403263543996,0.19564431437676985,0.6821145519898231,0.05574395930479017,0.09523115064897185
logit,fe,1,2000,3,False,0.22222590446472168,Women,950,0.21894736842105264,0.18298956095435662,0.1595484980622823,0.6902537321169395,0.0,0.0010526315789473684
logit,fe,1,2000,3,False,0.22222590446472168,Black,4534,0.31473312748125276,0.30752252832175453,0.19743187878952398,0.679024397065288,0.047312520115867396,0.0791795324217027
logit,fe,1,2000,3,False,0.22222590446472168,White,3273,0.281087687137183,0.2992433031704905,0.1826911085881385,0.6928934385336019,0.04929876753081173,0.09013137794072716
logit,fe,1,2000,3,False,0.22222590446472168,Black men,4195,0.3215733015494637,0.3178134495146049,0.20039930420218344,0.6746761219757796,0.05165144061841181,0.08533969010727056
logit,fe,1,2000,3,False,0.22222590446472168,White men,2662,0.29676934635612323,0.32556835877815327,0.1881510077210185,0.6963959212376934,0.06196581196581197,0.11081893313298272
logit,fe,1,2000,3,False,0.22222590446472168,Black women,339,0.23008849557522124,0.18017617314769155,0.16071108349127486,0.7204538756262894,0.0,0.0029498525073746312
logit,fe,1,2000,3,False,0.22222590446472168,White women,611,0.2127659574468085,0.18455050770797277,0.1589034629388315,0.6715016791939868,0.0,0.0
logit,fe,1,2000,4,False,0.20270895957946777,All,7807,0.30062764185986934,0.3263735022005198,0.19357299475566783,0.6773508695536816,0.07509157509157509,0.11271935442551556
logit,fe,1,2000,4,False,0.20270895957946777,Men,6857,0.31194399883330903,0.3418384901441255,0.19848872570609571,0.6719716657144085,0.08690122933446376,0.12804433425696368
logit,fe,1,2000,4,False,0.20270895957946777,Women,950,0.21894736842105264,0.21474884711704212,0.15809176620084284,0.6942903794318889,0.0,0.002105263157894737
logit,fe,1,2000,4,False,0.20270895957946777,Black,4534,0.31473312748125276,0.3269762528771822,0.20064126878349212,0.6634628635432029,0.07145156099130995,0.10454344949272165
logit,fe,1,2000,4,False,0.20270895957946777,White,3273,0.281087687137183,0.3255385276915106,0.1837815024115935,0.6978247011216024,0.07989800254993625,0.12404521845401772
logit,fe,1,2000,4,False,0.20270895957946777,Black men,4195,0.3215733015494637,0.3368381554854577,0.20414632235233096,0.6564900368665371,0.07800421644413212,0.11251489868891537
logit,fe,1,2000,4,False,0.20270895957946777,White men,2662,0.29676934635612323,0.3497184315014173,0.18957301649086017,0.7007059396299903,0.10042735042735043,0.15251690458302028
logit,fe,1,2000,4,False,0.20270895957946777,Black women,339,0.23008849557522124,0.2049388444945392,0.15726752329299384,0.7453580901856763,0.0,0.0058997050147492625
logit,fe,1,2000,4,False,0.20270895957946777,White women,611,0.2127659574468085,0.22019171272920005,0.1585490793690274,0.6655045578122502,0.0,0.0
logit,fe,1,2000,5,False,0.2141132354736328,All,7807,0.30062764185986934,0.29507189958566593,0.19142113069545033,0.6867019857007075,0.0478021978021978,0.07749455616754194
logit,fe,1,2000,5,False,0.2141132354736328,Men,6857,0.31194399883330903,0.3032820182606263,0.19607753418905932,0.6817694203671456,0.05404832556167868,0.08648096835350737
logit,fe,1,2000,5,False,0.2141132354736328,Women,950,0.21894736842105264,0.23581212721282016,0.15781170042631676,0.6931240928882438,0.008086253369272238,0.01263157894736842
logit,fe,1,2000,5,False,0.2141132354736328,Black,4534,0.31473312748125276,0.2970558148840329,0.19784009482390116,0.6802748230649467,0.045703250724171224,0.07146007940008822
logit,fe,1,2000,5,False,0.2141132354736328,White,3273,0.281087687137183,0.2923236343969107,0.18252911011543316,0.695939503686321,0.05057373565660858,0.08585395661472656
logit,fe,1,2000,5,False,0.2141132354736328,Black men,4195,0.3215733015494637,0.30216485420495515,0.20138137089563896,0.6731552535987461,0.049191848208011243,0.07628128724672228
logit,fe,1,2000,5,False,0.2141132354736328,White men,2662,0.29676934635612323,0.3050425378750292,0.18771930917624882,0.6970247755057882,0.06143162393162393,0.10255447032306536
logit,fe,1,2000,5,False,0.2141132354736328,Black women,339,0.23008849557522124,0.23383333715167595,0.1540181092164087,0.7442774339326064,0.007662835249042145,0.011799410029498525
logit,fe,1,2000,5,False,0.2141132354736328,White women,611,0.2127659574468085,0.2369100156428166,0.1599164916213394,0.6636174636174635,0.008316008316008316,0.01309328968903437
logit,fe,1,2000,6,False,0.2110142707824707,All,7807,0.30062764185986934,0.2960680114726073,0.19015525021715685,0.6926149195216089,0.048534798534798536,0.08095299090559754
logit,fe,1,2000,6,False,0.2110142707824707,Men,6857,0.31194399883330903,0.3078575769978636,0.1947501605337849,0.6880627463757216,0.055955913522679104,0.0914394049876039
logit,fe,1,2000,6,False,0.2110142707824707,Women,950,0.21894736842105264,0.2109721685182048,0.15698967122650556,0.6974458324694173,0.0013477088948787063,0.005263157894736842
logit,fe,1,2000,6,False,0.2110142707824707,Black,4534,0.31473312748125276,0.29718795690081623,0.19581309800103708,0.6903855908702662,0.046668812359188926,0.07785619761799735
logit,fe,1,2000,6,False,0.2110142707824707,White,3273,0.281087687137183,0.2945165808060936,0.1823175839012042,0.6967086420665571,0.050998725031874206,0.08524289642529789
logit,fe,1,2000,6,False,0.2110142707824707,Black men,4195,0.3215733015494637,0.30430743770466345,0.19922344022409505,0.6837669505586242,0.05094869992972593,0.08343265792610251
logit,fe,1,2000,6,False,0.2110142707824707,White men,2662,0.29676934635612323,0.31345218042948453,0.18770079603308953,0.6980721897652278,0.06356837606837606,0.10405709992486852
logit,fe,1,2000,6,False,0.2110142707824707,Black women,339,0.23008849557522124,0.2090870071304951,0.15361137049151385,0.7473720404754888,0.0,0.008849557522123894
logit,fe,1,2000,6,False,0.2110142707824707,White women,611,0.2127659574468085,0.21201810912447908,0.1588640475753799,0.6674076443307213,0.002079002079002079,0.0032733224222585926
logit,fe,1,2000,7,False,0.2999551296234131,All,7807,0.30062764185986934,0.30254017553224705,0.19168257196705116,0.6860643546199574,0.04706959706959707,0.0754451133598053
logit,fe,1,2000,7,False,0.2999551296234131,Men,6857,0.31194399883330903,0.31540429456660374,0.19631411624867318,0.6813630509199448,0.05383637134378974,0.08516844100918769
logit,fe,1,2000,7,False,0.2999551296234131,Women,950,0.21894736842105264,0.2096883184600536,0.15825257287328043,0.6922882541986316,0.004043126684636119,0.005263157894736842
logit,fe,1,2000,7,False,0.2999551296234131,Black,4534,0.31473312748125276,0.3056182195420722,0.19849066977544808,0.6765654965876046,0.045703250724171224,0.07123952359947067
logit,fe,1,2000,7,False,0.2999551296234131,White,3273,0.281087687137183,0.29827624288924454,0.1822514948319238,0.6988114155841755,0.04887377815554611,0.0812710051940116
logit,fe,1,2000,7,False,0.2999551296234131,Black men,4195,0.3215733015494637,0.3135139182571154,0.20199981002878745,0.6688413947084512,0.049894588896697116,0.0767580452920143
logit,fe,1,2000,7,False,0.2999551296234131,White men,2662,0.29676934635612323,0.318383306068596,0.18735412924357195,0.7029251866277183,0.05982905982905983,0.09842223891810668
logit,fe,1,2000,7,False,0.2999551296234131,Black women,339,0.23008849557522124,0.20791185933674405,0.1550663530711452,0.7491895078101974,0.0,0.0029498525073746312
logit,fe,1,2000,7,False,0.2999551296234131,White women,611,0.2127659574468085,0.21067394799000763,0.16002037731341767,0.6587557972173357,0.006237006237006237,0.006546644844517185
logit,fe,1,2000,8,False,0.2129361629486084,All,7807,0.30062764185986934,0.2942988280458656,0.19239490803053372,0.6819711392144285,0.056593406593406594,0.09235301652363263
logit,fe,1,2000,8,False,0.2129361629486084,Men,6857,0.31194399883330903,0.3074720855198231,0.19721022242707834,0.6758263786784561,0.06443408223823655,0.10354382382966312
logit,fe,1,2000,8,False,0.2129361629486084,Women,950,0.21894736842105264,0.19921564225752136,0.15763847559147412,0.6963508189923284,0.006738544474393531,0.011578947368421053
logit,fe,1,2000,8,False,0.2129361629486084,Black,4534,0.31473312748125276,0.297466815276931,0.19896870291599272,0.6741147157592695,0.05632442870936595,0.08998676665196295
logit,fe,1,2000,8,False,0.2129361629486084,White,3273,0.281087687137183,0.2899102994465223,0.1832884045136772,0.6926735527263993,0.05694857628559286,0.0956309196455851
logit,fe,1,2000,8,False,0.2129361629486084,Black men,4195,0.3215733015494637,0.30539451294736325,0.20260883161979718,0.6659970921434216,0.06148981026001406,0.09606674612634088
logit,fe,1,2000,8,False,0.2129361629486084,White men,2662,0.29676934635612323,0.3107460963919003,0.18870264708393195,0.6934085253705506,0.06891025641025642,0.11532682193839218
logit,fe,1,2000,8,False,0.2129361629486084,Black women,339,0.23008849557522124,0.1993644797976887,0.15392345243676034,0.7436388643285196,0.0,0.014749262536873156
logit,fe,1,2000,8,False,0.2129361629486084,White women,611,0.2127659574468085,0.1991330630003745,0.15969967501773924,0.6687989764912842,0.010395010395010396,0.009819967266775777
logit,fe,1,2000,9,False,0.22533702850341797,All,7807,0.30062764185986934,0.30121792290432986,0.19208870629796715,0.6816522066202509,0.048534798534798536,0.07723837581657488
logit,fe,1,2000,9,False,0.22533702850341797,Men,6857,0.31194399883330903,0.3171566849133865,0.19657359964382712,0.6779035101957014,0.05616786774056804,0.08764765932623596
logit,fe,1,2000,9,False,0.22533702850341797,Women,950,0.21894736842105264,0.18617361648738145,0.15971721822158635,0.6924696765498652,0.0,0.002105263157894737
logit,fe,1,2000,9,False,0.22533702850341797,Black,4534,0.31473312748125276,0.30503326608897346,0.19928053806407972,0.6694109577825598,0.04892178950756357,0.07454786060873402
logit,fe,1,2000,9,False,0.22533702850341797,White,3273,0.281087687137183,0.2959326292901612,0.18212605269956988,0.697730464347087,0.048023799405014875,0.08096547509929729
logit,fe,1,2000,9,False,0.22533702850341797,Black men,4195,0.3215733015494637,0.3148930295556701,0.20247332332130552,0.6633022977901436,0.05340829234012649,0.0803337306317044
logit,fe,1,2000,9,False,0.22533702850341797,White men,2662,0.29676934635612323,0.32072394044517466,0.18727632660587754,0.7032774802553283,0.060363247863247864,0.09917355371900827
logit,fe,1,2000,9,False,0.22533702850341797,Black women,339,0.23008849557522124,0.18302232879460054,0.15977099778661003,0.7430985362019845,0.0,0.0029498525073746312
logit,fe,1,2000,9,False,0.22533702850341797,White women,611,0.2127659574468085,0.18792203960989,0.15968737980498568,0.6616823924516233,0.0,0.0016366612111292963
logit,fe,1,4000,0,False,0.2712135314941406,All,7807,0.30062764185986934,0.2963889019008572,0.18987139767568006,0.6933035080244283,0.05531135531135531,0.090303573715896
logit,fe,1,4000,0,False,0.2712135314941406,Men,6857,0.31194399883330903,0.3064897221368666,0.19453319018917958,0.6880662145373045,0.06295040271301398,0.10121044188420592
logit,fe,1,4000,0,False,0.2712135314941406,Women,950,0.21894736842105264,0.22348224468157668,0.1562230700282421,0.7031930333817127,0.006738544474393531,0.011578947368421053
logit,fe,1,4000,0,False,0.2712135314941406,Black,4534,0.31473312748125276,0.2987689874335459,0.19682138280648753,0.6849007677354004,0.05728999034438365,0.08844287604764005
logit,fe,1,4000,0,False,0.2712135314941406,White,3273,0.281087687137183,0.2930918326050397,0.18024376780000614,0.7050278090873815,0.05269868253293668,0.09288114879315612
logit,fe,1,4000,0,False,0.2712135314941406,Black men,4195,0.3215733015494637,0.305003455380573,0.2005060618468123,0.676968754867482,0.06254392129304287,0.09487485101311084
logit,fe,1,4000,0,False,0.2712135314941406,White men,2662,0.29676934635612323,0.3088319043467281,0.1851206445078237,0.7075192037217354,0.06356837606837606,0.11119459053343352
logit,fe,1,4000,0,False,0.2712135314941406,Black women,339,0.23008849557522124,0.22161974543419768,0.15122483833993125,0.760487277728657,0.0,0.008849557522123894
logit,fe,1,4000,0,False,0.2712135314941406,White women,611,0.2127659574468085,0.22451561169444323,0.15899622967200208,0.6697265312649929,0.010395010395010396,0.01309328968903437
logit,fe,1,4000,1,False,0.2504558563232422,All,7807,0.30062764185986934,0.3076669203815819,0.19092005401904727,0.6880273468897244,0.06227106227106227,0.1049058537210196
logit,fe,1,4000,1,False,0.2504558563232422,Men,6857,0.31194399883330903,0.3224057492413787,0.19575226334337184,0.6822188941083069,0.07164052564646037,0.11841913373195274
logit,fe,1,4000,1,False,0.2504558563232422,Women,950,0.21894736842105264,0.2012836051272381,0.1560416757696856,0.7047480821065727,0.0026954177897574125,0.007368421052631579
logit,fe,1,4000,1,False,0.2504558563232422,Black,4534,0.31473312748125276,0.3071723166663365,0.19704541994271363,0.6809478517776055,0.059221113614419056,0.09505955006616675
logit,fe,1,4000,1,False,0.2504558563232422,White,3273,0.281087687137183,0.30835208177630324,0.18243474723691985,0.6992465677488497,0.06629834254143646,0.11854567674915979
logit,fe,1,4000,1,False,0.2504558563232422,Black men,4195,0.3215733015494637,0.3159867129374234,0.20063329444017353,0.6731180067794421,0.06430077301475755,0.10178784266984506
logit,fe,1,4000,1,False,0.2504558563232422,White men,2662,0.29676934635612323,0.332521398112563,0.18806033041659384,0.7010210429514226,0.0827991452991453,0.1446280991735537
logit,fe,1,4000,1,False,0.2504558563232422,Black women,339,0.23008849557522124,0.19809741295775313,0.15264679599922001,0.7551822379408586,0.0038314176245210726,0.011799410029498525
logit,fe,1,4000,1,False,0.2504558563232422,White women,611,0.2127659574468085,0.20305139423600305,0.1579252506341502,0.6745402206940668,0.002079002079002079,0.004909983633387889
logit,fe,1,4000,2,False,0.2537248134613037,All,7807,0.30062764185986934,0.3044207453641085,0.19020362358459939,0.6913665016988408,0.06135531135531135,0.10042269757909568
logit,fe,1,4000,2,False,0.2537248134613037,Men,6857,0.31194399883330903,0.31816005529290975,0.19479531102409472,0.6869072540265851,0.07079270877490462,0.11346069709785621
logit,fe,1,4000,2,False,0.2537248134613037,Women,950,0.21894736842105264,0.20525185254117123,0.15706130698184204,0.6972514513788098,0.0013477088948787063,0.00631578947368421
logit,fe,1,4000,2,False,0.2537248134613037,Black,4534,0.31473312748125276,0.3076394353202308,0.19701449984925695,0.6821637692675332,0.06276150627615062,0.09616232906925452
logit,fe,1,4000,2,False,0.2537248134613037,White,3273,0.281087687137183,0.29996197962592996,0.18076869752778374,0.7039967479073892,0.05949851253718657,0.10632447296058661
logit,fe,1,4000,2,False,0.2537248134613037,Black men,4195,0.3215733015494637,0.31626783402745434,0.2004424402370323,0.6754072535966623,0.06851721714687281,0.10297973778307509
logit,fe,1,4000,2,False,0.2537248134613037,White men,2662,0.29676934635612323,0.321141974229268,0.18589609725689962,0.7070262631180353,0.07425213675213675,0.12997746055597295
logit,fe,1,4000,2,False,0.2537248134613037,Black women,339,0.23008849557522124,0.20086618288128436,0.1545950015403555,0.7457510560958835,0.0,0.011799410029498525
logit,fe,1,4000,2,False,0.2537248134613037,White women,611,0.2127659574468085,0.20768514552758965,0.15842968266868973,0.6689908843754998,0.002079002079002079,0.0032733224222585926
logit,fe,1,4000,3,False,0.2739999294281006,All,7807,0.30062764185986934,0.30038003652192197,0.19016739983389488,0.6912086351370544,0.05531135531135531,0.0941462789804022
logit,fe,1,4000,3,False,0.2739999294281006,Men,6857,0.31194399883330903,0.31635912770577435,0.19464293897537813,0.6872598174240836,0.06401017380245867,0.10675222400466676
logit,fe,1,4000,3,False,0.2739999294281006,Women,950,0.21894736842105264,0.18504463836647383,0.1578634294200521,0.7006272029856936,0.0,0.003157894736842105
logit,fe,1,4000,3,False,0.2739999294281006,Black,4534,0.31473312748125276,0.30417755807047137,0.19652057181190172,0.6841248901309949,0.05600257483102671,0.0897662108513454
logit,fe,1,4000,3,False,0.2739999294281006,White,3273,0.281087687137183,0.29511943074706015,0.18136651937306897,0.7008023984183004,0.05439864003399915,0.10021387106630003
logit,fe,1,4000,3,False,0.2739999294281006,Black men,4195,0.3215733015494637,0.3138376578040439,0.1998722299722149,0.6774626008073443,0.06113843991567112,0.09654350417163289
logit,fe,1,4000,3,False,0.2739999294281006,White men,2662,0.29676934635612323,0.3203326687417471,0.18640218926398427,0.7049158822893,0.06837606837606838,0.12283996994740796
logit,fe,1,4000,3,False,0.2739999294281006,Black women,339,0.23008849557522124,0.18463738585118894,0.15504503794017951,0.7482070930346791,0.0,0.0058997050147492625
logit,fe,1,4000,3,False,0.2739999294281006,White women,611,0.2127659574468085,0.18527059352634545,0.15942715235242008,0.6725891572045418,0.0,0.0016366612111292963
logit,fe,1,4000,4,False,0.2886033058166504,All,7807,0.30062764185986934,0.3057279118399523,0.19119062386545876,0.6867428764957525,0.06117216117216117,0.09811707442039196
logit,fe,1,4000,4,False,0.2886033058166504,Men,6857,0.31194399883330903,0.31821474897905483,0.19593684356107768,0.6812593033434465,0.06973293768545995,0.11025229692285256
logit,fe,1,4000,4,False,0.2886033058166504,Women,950,0.21894736842105264,0.21559923577381926,0.15693290970455476,0.7005300124403898,0.006738544474393531,0.010526315789473684
logit,fe,1,4000,4,False,0.2886033058166504,Black,4534,0.31473312748125276,0.3057493127501208,0.1985708610849378,0.6749447243593315,0.06050852912777599,0.09042787825319806
logit,fe,1,4000,4,False,0.2886033058166504,White,3273,0.281087687137183,0.3056982657273021,0.1809669771947842,0.7047330881945343,0.06204844878878028,0.10876871371830125
logit,fe,1,4000,4,False,0.2886033058166504,Black men,4195,0.3215733015494637,0.31361083480308855,0.20212602027139837,0.6673905920264718,0.06535488404778636,0.09630512514898688
logit,fe,1,4000,4,False,0.2886033058166504,White men,2662,0.29676934635612323,0.3254699781181152,0.18618342646874286,0.7071445959104188,0.0763888888888889,0.1322314049586777
logit,fe,1,4000,4,False,0.2886033058166504,Black women,339,0.23008849557522124,0.20846587613596196,0.15457707705189333,0.7437371058060713,0.007662835249042145,0.017699115044247787
logit,fe,1,4000,4,False,0.2886033058166504,White women,611,0.2127659574468085,0.21955702450906242,0.15823999197828995,0.6749880057572365,0.006237006237006237,0.006546644844517185
logit,fe,1,4000,5,False,0.2725331783294678,All,7807,0.30062764185986934,0.2970571672243322,0.19025748626656597,0.6909377726378152,0.057326007326007324,0.09465863968233637
logit,fe,1,4000,5,False,0.2725331783294678,Men,6857,0.31194399883330903,0.3117641666181489,0.19470500102199723,0.6868692033395027,0.06634167019923697,0.10733556949103107
logit,fe,1,4000,5,False,0.2725331783294678,Women,950,0.21894736842105264,0.19090359370496232,0.15815579292131085,0.6909729421521875,0.0,0.003157894736842105
logit,fe,1,4000,5,False,0.2725331783294678,Black,4534,0.31473312748125276,0.30270790459194874,0.1973092196409408,0.681782145748157,0.059221113614419056,0.09042787825319806
logit,fe,1,4000,5,False,0.2725331783294678,White,3273,0.281087687137183,0.2892293507792441,0.1804889072505513,0.7024857259003308,0.05482362940926477,0.10051940116101436
logit,fe,1,4000,5,False,0.2725331783294678,Black men,4195,0.3215733015494637,0.3118361868540622,0.20054374807842912,0.6756901210495581,0.0646521433591005,0.09725864123957091
logit,fe,1,4000,5,False,0.2725331783294678,White men,2662,0.29676934635612323,0.31165067116748907,0.18550381999204538,0.7054892891918209,0.06891025641025642,0.12321562734785875
logit,fe,1,4000,5,False,0.2725331783294678,Black women,339,0.23008849557522124,0.18974877748408361,0.1572831228997509,0.7314078003733177,0.0,0.0058997050147492625
logit,fe,1,4000,5,False,0.2725331783294678,White women,611,0.2127659574468085,0.191544318253044,0.1586399748154333,0.6661282584359507,0.0,0.0016366612111292963
logit,fe,1,4000,6,False,0.2611351013183594,All,7807,0.30062764185986934,0.293414844757297,0.19051704616403567,0.6906721385417594,0.0673992673992674,0.11105418214422953
logit,fe,1,4000,6,False,0.2611351013183594,Men,6857,0.31194399883330903,0.30508505894543025,0.19500204911123006,0.6867384041026567,0.07545570156846121,0.1233775703660493
logit,fe,1,4000,6,False,0.2611351013183594,Women,950,0.21894736842105264,0.2091804671909505,0.15814476699676008,0.6883682355380468,0.016172506738544475,0.022105263157894735
logit,fe,1,4000,6,False,0.2611351013183594,Black,4534,0.31473312748125276,0.2951643058858113,0.19730724119857806,0.6831259477153224,0.06501448342452526,0.10652845169827967
logit,fe,1,4000,6,False,0.2611351013183594,White,3273,0.281087687137183,0.2909913627051481,0.1811107692662003,0.7015881668175686,0.07054823629409265,0.11732355637030248
logit,fe,1,4000,6,False,0.2611351013183594,Black men,4195,0.3215733015494637,0.3024376484709368,0.20079213442756216,0.6767520461006227,0.07027406886858749,0.11323003575685339
logit,fe,1,4000,6,False,0.2611351013183594,White men,2662,0.29676934635612323,0.3092570675631988,0.1858775532802709,0.7043992751271232,0.08333333333333333,0.13936889556724266
logit,fe,1,4000,6,False,0.2611351013183594,Black women,339,0.23008849557522124,0.2051593733058658,0.1541829724800282,0.7373514097652029,0.007662835249042145,0.02359882005899705
logit,fe,1,4000,6,False,0.2611351013183594,White women,611,0.2127659574468085,0.21141148327449175,0.160342882121428,0.659907244522629,0.02079002079002079,0.02127659574468085
logit,fe,1,4000,7,False,0.24967622756958008,All,7807,0.30062764185986934,0.3005122901988169,0.19014888789323636,0.6922124885482364,0.04725274725274725,0.08159344178301524
logit,fe,1,4000,7,False,0.24967622756958008,Men,6857,0.31194399883330903,0.316695001754979,0.19453843480045047,0.689170576275674,0.054684188215345486,0.09260609596033251
logit,fe,1,4000,7,False,0.24967622756958008,Women,950,0.21894736842105264,0.1837071816297605,0.15846560037453455,0.7000634978229319,0.0,0.002105263157894737
logit,fe,1,4000,7,False,0.24967622756958008,Black,4534,0.31473312748125276,0.30486824759998143,0.1964008552364947,0.6863203530964845,0.04892178950756357,0.08028231142479048
logit,fe,1,4000,7,False,0.24967622756958008,White,3273,0.281087687137183,0.2944780980641148,0.18148820352588743,0.6999450285481994,0.04504887377815554,0.08340971585701192
logit,fe,1,4000,7,False,0.24967622756958008,Black men,4195,0.3215733015494637,0.3146825589026069,0.19959178930072968,0.6804900118616793,0.05340829234012649,0.0865315852205006
logit,fe,1,4000,7,False,0.24967622756958008,White men,2662,0.29676934635612323,0.3198663758217337,0.18657494038697506,0.7050632911392406,0.056623931623931624,0.10217881292261458
logit,fe,1,4000,7,False,0.24967622756958008,Black women,339,0.23008849557522124,0.18341976407634264,0.1569142227896931,0.747273798997937,0.0,0.0029498525073746312
logit,fe,1,4000,7,False,0.24967622756958008,White women,611,0.2127659574468085,0.1838666489793655,0.1593263483307723,0.6719974412282105,0.0,0.0016366612111292963
logit,fe,1,4000,8,False,0.25165724754333496,All,7807,0.30062764185986934,0.29464785628995455,0.19096682178345842,0.6881464296249128,0.056593406593406594,0.09542718073523761
logit,fe,1,4000,8,False,0.25165724754333496,Men,6857,0.31194399883330903,0.30676209885442174,0.1957173372161886,0.6826355689499259,0.06401017380245867,0.10631471488989354
logit,fe,1,4000,8,False,0.25165724754333496,Women,950,0.21894736842105264,0.20720852864305883,0.15667810144426786,0.6984695728799503,0.009433962264150943,0.016842105263157894
logit,fe,1,4000,8,False,0.25165724754333496,Black,4534,0.31473312748125276,0.29859279205751943,0.19808060311376552,0.6780101175341798,0.05568072095268748,0.09108954565505073
logit,fe,1,4000,8,False,0.25165724754333496,White,3273,0.281087687137183,0.2891830415114213,0.18111228938149926,0.7015475156599346,0.0577985550361241,0.10143599144515734
logit,fe,1,4000,8,False,0.25165724754333496,Black men,4195,0.3215733015494637,0.30614143874247685,0.20179674371552792,0.6699814599398737,0.06078706957132818,0.0967818831942789
logit,fe,1,4000,8,False,0.25165724754333496,White men,2662,0.29676934635612323,0.3077401864463107,0.186136905110731,0.7036541166288002,0.06891025641025642,0.12133734034560481
logit,fe,1,4000,8,False,0.25165724754333496,Black women,339,0.23008849557522124,0.20518107275546582,0.1520947334252898,0.7461440220060909,0.0,0.02064896755162242
logit,fe,1,4000,8,False,0.25165724754333496,White women,611,0.2127659574468085,0.20833341824354001,0.15922108304563212,0.6702702702702702,0.014553014553014554,0.014729950900163666
logit,fe,1,4000,9,False,0.2652623653411865,All,7807,0.30062764185986934,0.3006110780751912,0.19027968300454237,0.6913487875567126,0.05476190476190476,0.08979121301396183
logit,fe,1,4000,9,False,0.2652623653411865,Men,6857,0.31194399883330903,0.31549766048590067,0.19475924948040557,0.68747781615216,0.06337431114879186,0.10208546011375237
logit,fe,1,4000,9,False,0.2652623653411865,Women,950,0.21894736842105264,0.19316129324336512,0.15794664371507464,0.7001736471076093,0.0,0.0010526315789473684
logit,fe,1,4000,9,False,0.2652623653411865,Black,4534,0.31473312748125276,0.30391656512020243,0.19781134860642413,0.6789080154246273,0.05632442870936595,0.0866784296426996
logit,fe,1,4000,9,False,0.2652623653411865,White,3273,0.281087687137183,0.2960320746342866,0.17984626661623435,0.7082609619542121,0.05269868253293668,0.09410326917201345
logit,fe,1,4000,9,False,0.2652623653411865,Black men,4195,0.3215733015494637,0.31326393338390507,0.20108260502559802,0.672664533266098,0.06148981026001406,0.0934445768772348
logit,fe,1,4000,9,False,0.2652623653411865,White men,2662,0.29676934635612323,0.3190177525944175,0.18479438227075787,0.7130984258357675,0.06623931623931624,0.11570247933884298
logit,fe,1,4000,9,False,0.2652623653411865,Black women,339,0.23008849557522124,0.18824632952659603,0.15733075663464097,0.7457019353571077,0.0,0.0029498525073746312
logit,fe,1,4000,9,False,0.2652623653411865,White women,611,0.2127659574468085,0.19588825347247263,0.15828835520487333,0.6728450343834959,0.0,0.0
logit,fe,1,8000,0,False,0.38450050354003906,All,7807,0.30062764185986934,0.3005304013436905,0.18931582857874754,0.695195799797419,0.05549450549450549,0.0969642628410401
logit,fe,1,8000,0,False,0.38450050354003906,Men,6857,0.31194399883330903,0.31265312763517594,0.19385799530533618,0.6905938106990208,0.0635862653666808,0.10937727869330612
logit,fe,1,8000,0,False,0.38450050354003906,Women,950,0.21894736842105264,0.21302983904820053,0.15653094726904382,0.7006207236160067,0.004043126684636119,0.007368421052631579
logit,fe,1,8000,0,False,0.38450050354003906,Black,4534,0.31473312748125276,0.30314812170930366,0.19609677964628838,0.6868896307341359,0.05632442870936595,0.09439788266431408
logit,fe,1,8000,0,False,0.38450050354003906,White,3273,0.281087687137183,0.29690414282316197,0.17992235710296678,0.7066630942922079,0.05439864003399915,0.10051940116101436
logit,fe,1,8000,0,False,0.38450050354003906,Black men,4195,0.3215733015494637,0.310714102695447,0.1996518070472077,0.679353072237471,0.06148981026001406,0.10131108462455304
logit,fe,1,8000,0,False,0.38450050354003906,White men,2662,0.29676934635612323,0.3157088036765593,0.18472762706448304,0.7102570864437954,0.06677350427350427,0.12208865514650638
logit,fe,1,8000,0,False,0.38450050354003906,Black women,339,0.23008849557522124,0.20952189682177724,0.15210462641072345,0.7584733274388448,0.0,0.008849557522123894
logit,fe,1,8000,0,False,0.38450050354003906,White women,611,0.2127659574468085,0.21497614414600336,0.15898679468470767,0.6661282584359507,0.006237006237006237,0.006546644844517185
logit,fe,1,8000,1,False,0.33520078659057617,All,7807,0.30062764185986934,0.3031641610003135,0.1901185821130708,0.6920378442747425,0.05805860805860806,0.09606763161265532
logit,fe,1,8000,1,False,0.33520078659057617,Men,6857,0.31194399883330903,0.31731781713960105,0.19475366154856036,0.6871228745867191,0.06676557863501484,0.10850226046375966
logit,fe,1,8000,1,False,0.33520078659057617,Women,950,0.21894736842105264,0.20100456084547713,0.15666306665080557,0.7034975637569978,0.0026954177897574125,0.00631578947368421
logit,fe,1,8000,1,False,0.33520078659057617,Black,4534,0.31473312748125276,0.3058529965270582,0.19654367120362054,0.6848888138071931,0.059221113614419056,0.09153065725628584
logit,fe,1,8000,1,False,0.33520078659057617,White,3273,0.281087687137183,0.29943938853521707,0.1812180767856792,0.7018842735453352,0.056523586910327245,0.10235258172930034
logit,fe,1,8000,1,False,0.33520078659057617,Black men,4195,0.3215733015494637,0.31454094970260355,0.20000518067577805,0.677749375269258,0.0646521433591005,0.09821215733015494
logit,fe,1,8000,1,False,0.33520078659057617,White men,2662,0.29676934635612323,0.32169383475725866,0.1864778829089367,0.7041085145515525,0.06997863247863248,0.1247182569496619
logit,fe,1,8000,1,False,0.33520078659057617,Black women,339,0.23008849557522124,0.19834277950224277,0.15370876785347123,0.7526279595245112,0.0,0.008849557522123894
logit,fe,1,8000,1,False,0.33520078659057617,White women,611,0.2127659574468085,0.20248139206537316,0.1583021947887701,0.6750199904046057,0.004158004158004158,0.004909983633387889
logit,fe,1,8000,2,False,0.3876166343688965,All,7807,0.30062764185986934,0.29751025406343357,0.18952498744979898,0.6943939032136731,0.060805860805860805,0.10183168950941462
logit,fe,1,8000,2,False,0.3876166343688965,Men,6857,0.31194399883330903,0.3132404045108327,0.19386299941510368,0.691063102506371,0.0701568461212378,0.11521073355694911
logit,fe,1,8000,2,False,0.3876166343688965,Women,950,0.21894736842105264,0.18397168393941735,0.1582136737170682,0.6965581588223098,0.0013477088948787063,0.005263157894736842
logit,fe,1,8000,2,False,0.3876166343688965,Black,4534,0.31473312748125276,0.3023800328639491,0.19641205459114003,0.6861877321571269,0.06308336015448986,0.09947066607851786
logit,fe,1,8000,2,False,0.3876166343688965,White,3273,0.281087687137183,0.2907642787864591,0.1799845161944246,0.7049977826641289,0.0577985550361241,0.1051023525817293
logit,fe,1,8000,2,False,0.3876166343688965,Black men,4195,0.3215733015494637,0.3120856885747476,0.199653239683059,0.6802240747811945,0.06886858749121574,0.1067938021454112
logit,fe,1,8000,2,False,0.3876166343688965,White men,2662,0.29676934635612323,0.3150601014874955,0.18473825939854746,0.7098574596992319,0.07211538461538461,0.1284748309541698
logit,fe,1,8000,2,False,0.3876166343688965,Black women,339,0.23008849557522124,0.1822761222244211,0.15630358420588936,0.7456036938795559,0.0,0.008849557522123894
logit,fe,1,8000,2,False,0.3876166343688965,White women,611,0.2127659574468085,0.18491242930993082,0.15927344514798414,0.667247721093875,0.002079002079002079,0.0032733224222585926
logit,fe,1,8000,3,False,0.381197452545166,All,7807,0.30062764185986934,0.29579511286225746,0.18961492004677355,0.6939570584223334,0.052564102564102565,0.09120020494428077
logit,fe,1,8000,3,False,0.381197452545166,Men,6857,0.31194399883330903,0.3097403759340638,0.19409560128341183,0.6898634158696336,0.06061890631623569,0.10296047834329881
logit,fe,1,8000,3,False,0.381197452545166,Women,950,0.21894736842105264,0.19513967193238863,0.1572738345313745,0.698482531619324,0.0013477088948787063,0.00631578947368421
logit,fe,1,8000,3,False,0.381197452545166,Black,4534,0.31473312748125276,0.30012395939976166,0.19643019678792042,0.6856146202406168,0.05439330543933055,0.08932509925011028
logit,fe,1,8000,3,False,0.381197452545166,White,3273,0.281087687137183,0.2897984766871753,0.18017389812671245,0.7049053936695061,0.050148746281342964,0.09379773907729912
logit,fe,1,8000,3,False,0.381197452545166,Black men,4195,0.3215733015494637,0.3087264121248527,0.19985660619194406,0.6787326392054289,0.05938158819395643,0.09558998808104886
logit,fe,1,8000,3,False,0.381197452545166,White men,2662,0.29676934635612323,0.3113382640556416,0.18501693276677303,0.7087261982040463,0.0625,0.11457550713749061
logit,fe,1,8000,3,False,0.381197452545166,Black women,339,0.23008849557522124,0.19367177892260312,0.15402964383842416,0.7491895078101973,0.0,0.011799410029498525
logit,fe,1,8000,3,False,0.381197452545166,White women,611,0.2127659574468085,0.1959541002962467,0.15907380285364975,0.6691987845833999,0.002079002079002079,0.0032733224222585926
logit,fe,1,8000,4,False,0.357804536819458,All,7807,0.30062764185986934,0.29897805488769313,0.18992009509113641,0.692167149708692,0.05787545787545788,0.09786089406942487
logit,fe,1,8000,4,False,0.357804536819458,Men,6857,0.31194399883330903,0.3124006090534643,0.1945012840189499,0.6874594844409353,0.06634167019923697,0.11039813329444363
logit,fe,1,8000,4,False,0.357804536819458,Women,950,0.21894736842105264,0.2020954718195955,0.15685355564059256,0.6989879224549036,0.004043126684636119,0.007368421052631579
logit,fe,1,8000,4,False,0.357804536819458,Black,4534,0.31473312748125276,0.30191449448758617,0.19742824951212373,0.6809519116022797,0.05889925973607982,0.09285399205999118
logit,fe,1,8000,4,False,0.357804536819458,White,3273,0.281087687137183,0.2949102830740924,0.17951924811748646,0.7077472791441084,0.056523586910327245,0.10479682248701497
logit,fe,1,8000,4,False,0.357804536819458,Black men,4195,0.3215733015494637,0.31022158193841587,0.20095287540417564,0.6736069038412149,0.06394940267041462,0.09940405244338499
logit,fe,1,8000,4,False,0.357804536819458,White men,2662,0.29676934635612323,0.31583450039367006,0.18433433215530515,0.7116114897760468,0.06997863247863248,0.1277235161532682
logit,fe,1,8000,4,False,0.357804536819458,Black women,339,0.23008849557522124,0.19911735036891143,0.1538123037387969,0.7491895078101974,0.0038314176245210726,0.011799410029498525
logit,fe,1,8000,4,False,0.357804536819458,White women,611,0.2127659574468085,0.2037478174362598,0.15854092780869192,0.669630577322885,0.004158004158004158,0.004909983633387889
logit,fe,1,8000,5,False,0.3523111343383789,All,7807,0.30062764185986934,0.2966091531607124,0.18939860513486126,0.6949900972482991,0.05531135531135531,0.09363391827846804
logit,fe,1,8000,5,False,0.3523111343383789,Men,6857,0.31194399883330903,0.3105043786145357,0.19384559650356784,0.691045464427463,0.06379821958456973,0.10602304214671139
logit,fe,1,8000,5,False,0.3523111343383789,Women,950,0.21894736842105264,0.19631487849032636,0.15730068953989199,0.6958843043748704,0.0013477088948787063,0.004210526315789474
logit,fe,1,8000,5,False,0.3523111343383789,Black,4534,0.31473312748125276,0.3014750730074594,0.1962364823947189,0.6865804074214498,0.05439330543933055,0.0886634318482576
logit,fe,1,8000,5,False,0.3523111343383789,White,3273,0.281087687137183,0.289868523589936,0.17992627531628666,0.7060704188917016,0.056523586910327245,0.10051940116101436
logit,fe,1,8000,5,False,0.3523111343383789,Black men,4195,0.3215733015494637,0.31003351490562764,0.19964839644662719,0.6797627872498148,0.05938158819395643,0.09535160905840286
logit,fe,1,8000,5,False,0.3523111343383789,White men,2662,0.29676934635612323,0.3112464046321425,0.18470106391110577,0.7101448393378773,0.07051282051282051,0.12283996994740796
logit,fe,1,8000,5,False,0.3523111343383789,Black women,339,0.23008849557522124,0.19556751028528882,0.15401530408275702,0.7456528146183319,0.0,0.0058997050147492625
logit,fe,1,8000,5,False,0.3523111343383789,White women,611,0.2127659574468085,0.19672953940932425,0.15912351387699306,0.6663521509675356,0.002079002079002079,0.0032733224222585926
logit,fe,1,8000,6,False,0.4175760746002197,All,7807,0.30062764185986934,0.29181663624068876,0.18975416467276215,0.6935433122480417,0.05384615384615385,0.09273728705008326
logit,fe,1,8000,6,False,0.4175760746002197,Men,6857,0.31194399883330903,0.3051391346536508,0.19433054997440305,0.6886735391756595,0.06189063162356931,0.10471051480239171
logit,fe,1,8000,6,False,0.4175760746002197,Women,950,0.21894736842105264,0.1956562450641824,0.1567222972902867,0.7024543852374041,0.0026954177897574125,0.00631578947368421
logit,fe,1,8000,6,False,0.4175760746002197,Black,4534,0.31473312748125276,0.29338695003859183,0.19680867781945632,0.6853209595891818,0.052784036047634375,0.08601676224084694
logit,fe,1,8000,6,False,0.4175760746002197,White,3273,0.281087687137183,0.2896413222291725,0.17998173491195815,0.7055936916794472,0.055248618784530384,0.10204705163458601
logit,fe,1,8000,6,False,0.4175760746002197,Black men,4195,0.3215733015494637,0.3015966013211165,0.20027704299224247,0.6781458064509407,0.05762473647224174,0.09225268176400477
logit,fe,1,8000,6,False,0.4175760746002197,White men,2662,0.29676934635612323,0.31072175198271973,0.1849595739376501,0.7082947906523857,0.06837606837606838,0.12434259954921112
logit,fe,1,8000,6,False,0.4175760746002197,Black women,339,0.23008849557522124,0.1917955425749016,0.15388893770194056,0.7511543373612339,0.0,0.008849557522123894
logit,fe,1,8000,6,False,0.4175760746002197,White women,611,0.2127659574468085,0.19779827148622198,0.1582943249505966,0.6736446505677275,0.004158004158004158,0.004909983633387889
logit,fe,1,8000,7,False,0.3627312183380127,All,7807,0.30062764185986934,0.2997544286636718,0.18949501215404702,0.694558949075353,0.0510989010989011,0.08953503266299474
logit,fe,1,8000,7,False,0.3627312183380127,Men,6857,0.31194399883330903,0.31475244273875325,0.1939286987039007,0.6908860280849743,0.05913522679101314,0.10164795099897915
logit,fe,1,8000,7,False,0.3627312183380127,Women,950,0.21894736842105264,0.19150034180805744,0.15749312934105045,0.7008669396641095,0.0,0.002105263157894737
logit,fe,1,8000,7,False,0.3627312183380127,Black,4534,0.31473312748125276,0.30439736781943283,0.19622662226788956,0.6865817606963411,0.05246218216929514,0.08579620644022938
logit,fe,1,8000,7,False,0.3627312183380127,White,3273,0.281087687137183,0.2933226883238549,0.1801698913913944,0.7048471886028935,0.04929876753081173,0.0947143293614421
logit,fe,1,8000,7,False,0.3627312183380127,Black men,4195,0.3215733015494637,0.31367631744548835,0.19953282354824212,0.6801652091786581,0.05727336612789881,0.09249106078665077
logit,fe,1,8000,7,False,0.3627312183380127,White men,2662,0.29676934635612323,0.3164482900735564,0.18509725478128158,0.7092827004219409,0.06196581196581197,0.11607813673929376
logit,fe,1,8000,7,False,0.3627312183380127,Black women,339,0.23008849557522124,0.18957378763859817,0.15531360052429385,0.749435111504077,0.0,0.0029498525073746312
logit,fe,1,8000,7,False,0.3627312183380127,White women,611,0.2127659574468085,0.19256924829487693,0.1587023932835717,0.6719814489045259,0.0,0.0016366612111292963
logit,fe,1,8000,8,False,0.35119199752807617,All,7807,0.30062764185986934,0.2989039618682007,0.18994196783537087,0.6924073441116476,0.05402930402930403,0.0947867298578199
logit,fe,1,8000,8,False,0.35119199752807617,Men,6857,0.31194399883330903,0.312348594767229,0.19456532051936096,0.6875927609360548,0.062102585841458245,0.10675222400466676
logit,fe,1,8000,8,False,0.35119199752807617,Women,950,0.21894736842105264,0.20186201682752983,0.1565710948310338,0.7020332262077544,0.0026954177897574125,0.008421052631578947
logit,fe,1,8000,8,False,0.35119199752807617,Black,4534,0.31473312748125276,0.3022267715531638,0.19695299748191206,0.683180529802609,0.05568072095268748,0.0917512130569034
logit,fe,1,8000,8,False,0.35119199752807617,White,3273,0.281087687137183,0.2943009618340965,0.18022977461281728,0.7050592213455534,0.05184870378240544,0.09899175068744272
logit,fe,1,8000,8,False,0.35119199752807617,Black men,4195,0.3215733015494637,0.31070160624799953,0.2004823664239558,0.6758122801981843,0.06078706957132818,0.09821215733015494
logit,fe,1,8000,8,False,0.35119199752807617,White men,2662,0.29676934635612323,0.31494405563806577,0.18524074968172938,0.7080959915611814,0.0641025641025641,0.12021036814425244
logit,fe,1,8000,8,False,0.35119199752807617,Black women,339,0.23008849557522124,0.19735381714361797,0.15327835821384891,0.7521367521367521,0.0,0.011799410029498525
logit,fe,1,8000,8,False,0.35119199752807617,White women,611,0.2127659574468085,0.20436329292056768,0.15839799779866992,0.6719494642571565,0.004158004158004158,0.006546644844517185
logit,fe,1,8000,9,False,0.3307342529296875,All,7807,0.30062764185986934,0.30117697416429445,0.18953605068826027,0.695064153287417,0.055860805860805864,0.09491482003330344
logit,fe,1,8000,9,False,0.3307342529296875,Men,6857,0.31194399883330903,0.3153564044263816,0.19398985024937354,0.6913291600449553,0.06464603645612547,0.10762724223421322
logit,fe,1,8000,9,False,0.3307342529296875,Women,950,0.21894736842105264,0.19883133910415626,0.1573889942771508,0.7000634978229319,0.0,0.003157894736842105
logit,fe,1,8000,9,False,0.3307342529296875,Black,4534,0.31473312748125276,0.305864581169145,0.19656181606813658,0.6856344682723574,0.05728999034438365,0.09241288045875606
logit,fe,1,8000,9,False,0.3307342529296875,White,3273,0.281087687137183,0.29468335663909057,0.17980344444555954,0.7073065836397568,0.05397365065873353,0.09838069049801405
logit,fe,1,8000,9,False,0.3307342529296875,Black men,4195,0.3215733015494637,0.31474817024189555,0.19984638500855645,0.679503882785562,0.06254392129304287,0.09940405244338499
logit,fe,1,8000,9,False,0.3307342529296875,White men,2662,0.29676934635612323,0.3163149102129777,0.18476063788469574,0.7111672346640701,0.06784188034188034,0.12058602554470323
logit,fe,1,8000,9,False,0.3307342529296875,Black women,339,0.23008849557522124,0.19593344205354443,0.1559164865546811,0.7482562137734552,0.0,0.0058997050147492625
logit,fe,1,8000,9,False,0.3307342529296875,White women,611,0.2127659574468085,0.2004391739652977,0.15820598301351285,0.6723972493203263,0.0,0.0016366612111292963
logit,fe,1,16000,0,False,0.6543550491333008,All,7807,0.30062764185986934,0.29683460535571865,0.18922481667018565,0.6957280824558201,0.0543956043956044,0.09504291020878698
logit,fe,1,16000,0,False,0.6543550491333008,Men,6857,0.31194399883330903,0.3101365924817907,0.19375128582176154,0.6912453296249768,0.06231454005934718,0.10704389674784891
logit,fe,1,16000,0,False,0.6543550491333008,Women,950,0.21894736842105264,0.2008222624889014,0.15655323880454783,0.7011455525606469,0.004043126684636119,0.008421052631578947
logit,fe,1,16000,0,False,0.6543550491333008,Black,4534,0.31473312748125276,0.3001971874566601,0.19620085865901365,0.6871675031785043,0.05439330543933055,0.09064843405381562
logit,fe,1,16000,0,False,0.6543550491333008,White,3273,0.281087687137183,0.29217650964973974,0.1795610909209201,0.7074211459930894,0.05439864003399915,0.10113046135044301
logit,fe,1,16000,0,False,0.6543550491333008,Black men,4195,0.3215733015494637,0.3083979927965151,0.19972277916515457,0.6798245179922975,0.05938158819395643,0.0970202622169249
logit,fe,1,16000,0,False,0.6543550491333008,White men,2662,0.29676934635612323,0.3128764218130194,0.18434091220210191,0.7111922535973169,0.06677350427350427,0.12283996994740796
logit,fe,1,16000,0,False,0.6543550491333008,Black women,339,0.23008849557522124,0.19871524527172837,0.15261839103877375,0.754494547597996,0.0,0.011799410029498525
logit,fe,1,16000,0,False,0.6543550491333008,White women,611,0.2127659574468085,0.2019912949547306,0.15873640311321793,0.669982408443947,0.006237006237006237,0.006546644844517185
logit,fe,1,16000,1,False,0.5489413738250732,All,7807,0.30062764185986934,0.2978822014170055,0.18923096321880356,0.696064573120389,0.05366300366300366,0.09273728705008326
logit,fe,1,16000,1,False,0.5489413738250732,Men,6857,0.31194399883330903,0.310876135369549,0.19380059606672984,0.6914081350387177,0.061466723187791436,0.10456467843080064
logit,fe,1,16000,1,False,0.5489413738250732,Women,950,0.21894736842105264,0.20409335393006758,0.15624783433645556,0.7030958428364087,0.004043126684636119,0.007368421052631579
logit,fe,1,16000,1,False,0.5489413738250732,Black,4534,0.31473312748125276,0.3011471925492271,0.19630513671149433,0.6869604521201194,0.05471515931766978,0.08910454344949272
logit,fe,1,16000,1,False,0.5489413738250732,White,3273,0.281087687137183,0.29335929588889886,0.1794312985026838,0.7086887229993163,0.05227369315767106,0.09776963030858539
logit,fe,1,16000,1,False,0.5489413738250732,Black men,4195,0.3215733015494637,0.30922783577691715,0.1997919386411878,0.6797836246312434,0.059732958538299366,0.09558998808104886
logit,fe,1,16000,1,False,0.5489413738250732,White men,2662,0.29676934635612323,0.31347366233840357,0.1843589423853432,0.7118190793032566,0.0641025641025641,0.11870773854244929
logit,fe,1,16000,1,False,0.5489413738250732,Black women,339,0.23008849557522124,0.20115221219477394,0.15315724852546408,0.7534138913449259,0.0,0.008849557522123894
logit,fe,1,16000,1,False,0.5489413738250732,White women,611,0.2127659574468085,0.20572518215963315,0.15796257834615463,0.6744762513993283,0.006237006237006237,0.006546644844517185
logit,fe,1,16000,2,False,0.5413703918457031,All,7807,0.30062764185986934,0.2979855783798045,0.18891458134703876,0.6972829471338207,0.05567765567765568,0.09593954143717177
logit,fe,1,16000,2,False,0.5413703918457031,Men,6857,0.31194399883330903,0.3108478798944322,0.19340307535404697,0.6931324058874718,0.06401017380245867,0.10835642409216859
logit,fe,1,16000,2,False,0.5413703918457031,Women,950,0.21894736842105264,0.2051468399736973,0.15651710407750716,0.699888554841385,0.0026954177897574125,0.00631578947368421
logit,fe,1,16000,2,False,0.5413703918457031,Black,4534,0.31473312748125276,0.3020172972294481,0.1958148993800095,0.6888913498443396,0.05503701319600901,0.09241288045875606
logit,fe,1,16000,2,False,0.5413703918457031,White,3273,0.281087687137183,0.2924005453018076,0.17935575398330852,0.7084896247159038,0.056523586910327245,0.1008249312557287
logit,fe,1,16000,2,False,0.5413703918457031,Black men,4195,0.3215733015494637,0.3100351850754978,0.19926273568583355,0.6820348432273562,0.060084328882642306,0.09916567342073898
logit,fe,1,16000,2,False,0.5413703918457031,White men,2662,0.29676934635612323,0.31212859167708795,0.18416893745327884,0.7120577734501785,0.06997863247863248,0.12283996994740796
logit,fe,1,16000,2,False,0.5413703918457031,Black women,339,0.23008849557522124,0.2027988915829038,0.153149196421508,0.7499263188918361,0.0,0.008849557522123894
logit,fe,1,16000,2,False,0.5413703918457031,White women,611,0.2127659574468085,0.2064495478370017,0.15838571405358523,0.6702063009755317,0.004158004158004158,0.004909983633387889
logit,fe,1,16000,3,False,0.6160798072814941,All,7807,0.30062764185986934,0.29728534744164475,0.18922879440913562,0.696146900961558,0.05531135531135531,0.09606763161265532
logit,fe,1,16000,3,False,0.6160798072814941,Men,6857,0.31194399883330903,0.3108429749841425,0.19372095131199743,0.6918942722023282,0.06337431114879186,0.10835642409216859
logit,fe,1,16000,3,False,0.6160798072814941,Women,950,0.21894736842105264,0.19942781895858494,0.1568048787429002,0.7005753680281982,0.004043126684636119,0.007368421052631579
logit,fe,1,16000,3,False,0.6160798072814941,Black,4534,0.31473312748125276,0.30093605743599916,0.19618889455860772,0.6873456843725394,0.05471515931766978,0.09064843405381562
logit,fe,1,16000,3,False,0.6160798072814941,White,3273,0.281087687137183,0.29222811581487934,0.1795871524666649,0.7080332230824665,0.05609859753506162,0.10357470210815765
logit,fe,1,16000,3,False,0.6160798072814941,Black men,4195,0.3215733015494637,0.3092951909528737,0.19966164053399477,0.680217563099498,0.059732958538299366,0.09725864123957091
logit,fe,1,16000,3,False,0.6160798072814941,White men,2662,0.29676934635612323,0.3132821012092259,0.18435912137725705,0.7120374878286271,0.06891025641025642,0.1258452291510143
logit,fe,1,16000,3,False,0.6160798072814941,Black women,339,0.23008849557522124,0.19749486244104708,0.15321494362424576,0.7532174083898221,0.0,0.008849557522123894
logit,fe,1,16000,3,False,0.6160798072814941,White women,611,0.2127659574468085,0.20050027764834819,0.15879667580545972,0.6704461858308013,0.006237006237006237,0.006546644844517185
logit,fe,1,16000,4,False,0.5339596271514893,All,7807,0.30062764185986934,0.29722090647143556,0.1891739036431099,0.6960632465106262,0.05274725274725275,0.09235301652363263
logit,fe,1,16000,4,False,0.5339596271514893,Men,6857,0.31194399883330903,0.31048795721369676,0.19369791924848392,0.6916425827617309,0.06083086053412463,0.10441884205920957
logit,fe,1,16000,4,False,0.5339596271514893,Women,950,0.21894736842105264,0.2014607307454515,0.1565200352156892,0.7020397055774414,0.0013477088948787063,0.005263157894736842
logit,fe,1,16000,4,False,0.5339596271514893,Black,4534,0.31473312748125276,0.3007109812324229,0.19627169871660013,0.6870080422871336,0.05310588992597361,0.08844287604764005
logit,fe,1,16000,4,False,0.5339596271514893,White,3273,0.281087687137183,0.29238619856849746,0.179341516578275,0.7084281860344795,0.05227369315767106,0.09776963030858539
logit,fe,1,16000,4,False,0.5339596271514893,Black men,4195,0.3215733015494637,0.30898056004657143,0.19973105464154564,0.6798859882675123,0.05797610681658468,0.09487485101311084
logit,fe,1,16000,4,False,0.5339596271514893,White men,2662,0.29676934635612323,0.31286343847443704,0.18419040498330969,0.7120604781997187,0.06517094017094018,0.11945905334335086
logit,fe,1,16000,4,False,0.5339596271514893,Black women,339,0.23008849557522124,0.19837799266205927,0.1534634447191181,0.7530700461734945,0.0,0.008849557522123894
logit,fe,1,16000,4,False,0.5339596271514893,White women,611,0.2127659574468085,0.20317112061496045,0.15821591766796025,0.6723812569966416,0.002079002079002079,0.0032733224222585926
logit,fe,1,16000,5,False,0.5789670944213867,All,7807,0.30062764185986934,0.29856576751560343,0.18899686674874427,0.697245567952854,0.05347985347985348,0.0928653772255668
logit,fe,1,16000,5,False,0.5789670944213867,Men,6857,0.31194399883330903,0.3114770982376119,0.19353270288686625,0.6927938142266366,0.0612547689699025,0.10471051480239171
logit,fe,1,16000,5,False,0.5789670944213867,Women,950,0.21894736842105264,0.20537314145159077,0.15625767896021564,0.7029921729214182,0.004043126684636119,0.007368421052631579
logit,fe,1,16000,5,False,0.5789670944213867,Black,4534,0.31473312748125276,0.3026613503183382,0.1959945096907002,0.6881247196183584,0.05407145156099131,0.09042787825319806
logit,fe,1,16000,5,False,0.5789670944213867,White,3273,0.281087687137183,0.29289226539901325,0.17930321777262812,0.7095109850514607,0.05269868253293668,0.09624197983501374
logit,fe,1,16000,5,False,0.5789670944213867,Black men,4195,0.3215733015494637,0.31064148148654264,0.19950509894946877,0.6808294007117007,0.059030217849613494,0.0970202622169249
logit,fe,1,16000,5,False,0.5789670944213867,White men,2662,0.29676934635612323,0.31279393229874464,0.18412090668753572,0.7131680731364276,0.06463675213675214,0.11682945154019535
logit,fe,1,16000,5,False,0.5789670944213867,Black women,339,0.23008849557522124,0.2039101696380506,0.15255226207850522,0.75444542685922,0.0,0.008849557522123894
logit,fe,1,16000,5,False,0.5789670944213867,White women,611,0.2127659574468085,0.20618483939723745,0.1583135485557964,0.6730369422677115,0.006237006237006237,0.006546644844517185
logit,fe,1,16000,6,False,0.5765981674194336,All,7807,0.30062764185986934,0.29778221190369775,0.1892432808602216,0.6958806425785548,0.05531135531135531,0.09555527091072115
logit,fe,1,16000,6,False,0.5765981674194336,Men,6857,0.31194399883330903,0.31147678111832344,0.19377466719125205,0.6913873260692193,0.0635862653666808,0.10806475134898644
logit,fe,1,16000,6,False,0.5765981674194336,Women,950,0.21894736842105264,0.19893625284613184,0.15653621131087891,0.7023312772133528,0.0026954177897574125,0.005263157894736842
logit,fe,1,16000,6,False,0.5765981674194336,Black,4534,0.31473312748125276,0.30157369655051625,0.19641230085888114,0.6862572002682191,0.05600257483102671,0.09131010145566829
logit,fe,1,16000,6,False,0.5765981674194336,White,3273,0.281087687137183,0.2925299688885206,0.17931222779761177,0.7088176056468153,0.05439864003399915,0.10143599144515734
logit,fe,1,16000,6,False,0.5765981674194336,Black men,4195,0.3215733015494637,0.310066742236125,0.19990462812756477,0.6789803435771636,0.06113843991567112,0.09821215733015494
logit,fe,1,16000,6,False,0.5765981674194336,White men,2662,0.29676934635612323,0.31369883713290714,0.1841145672183626,0.7127441036460023,0.0673076923076923,0.12359128474830954
logit,fe,1,16000,6,False,0.5765981674194336,Black women,339,0.23008849557522124,0.1964753878451217,0.1531960386402151,0.7542489439041163,0.0,0.0058997050147492625
logit,fe,1,16000,6,False,0.5765981674194336,White women,611,0.2127659574468085,0.20030161002345168,0.15838943313633722,0.6721893491124261,0.004158004158004158,0.004909983633387889
logit,fe,1,16000,7,False,0.6611623764038086,All,7807,0.30062764185986934,0.2990420850264292,0.18912179657160885,0.6965398895948534,0.053296703296703295,0.09312155757653388
logit,fe,1,16000,7,False,0.6611623764038086,Men,6857,0.31194399883330903,0.31249808924916117,0.19363659124582844,0.6922185948555075,0.06104281475201356,0.10514802391716493
logit,fe,1,16000,7,False,0.6611623764038086,Women,950,0.21894736842105264,0.2019180629682471,0.15653448385463647,0.7024608646070911,0.004043126684636119,0.00631578947368421
logit,fe,1,16000,7,False,0.6611623764038086,Black,4534,0.31473312748125276,0.3028940626294953,0.1960618705920624,0.6876632528803892,0.05310588992597361,0.08910454344949272
logit,fe,1,16000,7,False,0.6611623764038086,White,3273,0.281087687137183,0.2937060427250844,0.17950789629396252,0.7085002494502854,0.05354866128346791,0.09868622059272839
logit,fe,1,16000,7,False,0.6611623764038086,Black men,4195,0.3215733015494637,0.3112513889995814,0.19952900883778904,0.6805387192407693,0.05797610681658468,0.09582836710369487
logit,fe,1,16000,7,False,0.6611623764038086,White men,2662,0.29676934635612323,0.31446274272286046,0.18435083174234435,0.7123302769663529,0.06570512820512821,0.11983471074380166
logit,fe,1,16000,7,False,0.6611623764038086,Black women,339,0.23008849557522124,0.19947523040969897,0.15315731324450121,0.7531682876510463,0.0,0.0058997050147492625
logit,fe,1,16000,7,False,0.6611623764038086,White women,611,0.2127659574468085,0.2032734152388655,0.15840823317842675,0.6728130497361269,0.006237006237006237,0.006546644844517185
logit,fe,1,16000,8,False,0.6064023971557617,All,7807,0.30062764185986934,0.2970786882980676,0.1891387927801334,0.6965407479894059,0.05384615384615385,0.09440245933136929
logit,fe,1,16000,8,False,0.6064023971557617,Men,6857,0.31194399883330903,0.3101744100930333,0.19367610798079193,0.6920973082904321,0.06167867740568037,0.10646055126148461
logit,fe,1,16000,8,False,0.6064023971557617,Women,950,0.21894736842105264,0.20255514687903636,0.15638892927390657,0.7022016898196144,0.004043126684636119,0.007368421052631579
logit,fe,1,16000,8,False,0.6064023971557617,Black,4534,0.31473312748125276,0.30114183292494634,0.19618384842542463,0.6873332793527015,0.05439330543933055,0.09086898985443317
logit,fe,1,16000,8,False,0.6064023971557617,White,3273,0.281087687137183,0.2914501219252389,0.1793794642449209,0.7088249967663851,0.053123671908202295,0.09929728078215705
logit,fe,1,16000,8,False,0.6064023971557617,Black men,4195,0.3215733015494637,0.30930120545976514,0.1997288465191969,0.6799104721906912,0.05938158819395643,0.09749702026221692
logit,fe,1,16000,8,False,0.6064023971557617,White men,2662,0.29676934635612323,0.3115504782510197,0.18413770145614544,0.7127055609650547,0.06517094017094018,0.12058602554470323
logit,fe,1,16000,8,False,0.6064023971557617,Black women,339,0.23008849557522124,0.20017260642475565,0.15231580416768206,0.7565576186265841,0.0,0.008849557522123894
logit,fe,1,16000,8,False,0.6064023971557617,White women,611,0.2127659574468085,0.20387704739294987,0.1586488137436449,0.6708619862466016,0.006237006237006237,0.006546644844517185
logit,fe,1,16000,9,False,0.550673246383667,All,7807,0.30062764185986934,0.29591992305141207,0.1890417512368823,0.6970088071281084,0.05238095238095238,0.09094402459331369
logit,fe,1,16000,9,False,0.550673246383667,Men,6857,0.31194399883330903,0.3091737035893929,0.193552585388567,0.6926609340928409,0.060406952098346754,0.10281464197170774
logit,fe,1,16000,9,False,0.550673246383667,Women,950,0.21894736842105264,0.2002555302630597,0.15648302515466944,0.7025062201948995,0.0013477088948787063,0.005263157894736842
logit,fe,1,16000,9,False,0.550673246383667,Black,4534,0.31473312748125276,0.3002488706651112,0.1961386960195536,0.6879447340578017,0.05374959768265208,0.08756065284516983
logit,fe,1,16000,9,False,0.550673246383667,White,3273,0.281087687137183,0.2899231468581606,0.17921054205734313,0.7090910770708994,0.05057373565660858,0.0956309196455851
logit,fe,1,16000,9,False,0.550673246383667,Black men,4195,0.3215733015494637,0.3084596858837246,0.19960685458954855,0.6807924143596646,0.058678847505270554,0.09392133492252681
logit,fe,1,16000,9,False,0.550673246383667,White men,2662,0.29676934635612323,0.31029891180700336,0.18401176671910144,0.7128529698149951,0.06303418803418803,0.11682945154019535
logit,fe,1,16000,9,False,0.550673246383667,Black women,339,0.23008849557522124,0.198643059921504,0.15322151253539795,0.7526770802632872,0.0,0.008849557522123894
logit,fe,1,16000,9,False,0.550673246383667,White women,611,0.2127659574468085,0.20115017420051853,0.15829260416928978,0.6731968655045578,0.002079002079002079,0.0032733224222585926
logit,fe,1,18028,0,True,0.7136914730072021,All,7807,0.30062764185986934,0.29804874862575687,0.18904665591308006,0.6967990467138316,0.05457875457875458,0.09529909055975407
logit,fe,1,18028,0,True,0.7136914730072021,Men,6857,0.31194399883330903,0.31124348450123474,0.193580682123936,0.692341268685216,0.06252649427723611,0.10748140586262214
logit,fe,1,18028,0,True,0.7136914730072021,Women,950,0.21894736842105264,0.2028105339961236,0.15632053198903895,0.7022664835164836,0.004043126684636119,0.007368421052631579
logit,fe,1,18028,0,True,0.7136914730072021,Black,4534,0.31473312748125276,0.30170776996743587,0.19601865155977485,0.6880315691966667,0.05471515931766978,0.09131010145566829
logit,fe,1,18028,0,True,0.7136914730072021,White,3273,0.281087687137183,0.29298000351021386,0.17938853545413902,0.7086951902289399,0.05439864003399915,0.1008249312557287
logit,fe,1,18028,0,True,0.7136914730072021,Black men,4195,0.3215733015494637,0.30987084119917085,0.1995183521808505,0.6808273169735579,0.059732958538299366,0.09797377830750893
logit,fe,1,18028,0,True,0.7136914730072021,White men,2662,0.29676934635612323,0.31340660946447957,0.18422361003950463,0.7122538677918424,0.06677350427350427,0.12246431254695718
logit,fe,1,18028,0,True,0.7136914730072021,Black women,339,0.23008849557522124,0.20069277345673212,0.1527111468240452,0.7535612535612535,0.0,0.008849557522123894
logit,fe,1,18028,0,True,0.7136914730072021,White women,611,0.2127659574468085,0.2039855271595503,0.15832312048483743,0.6718695026387335,0.006237006237006237,0.006546644844517185
logit,fe,1,18028,1,True,0.641099214553833,All,7807,0.30062764185986934,0.2980552903336509,0.18904625910100797,0.6967981102834108,0.05457875457875458,0.09529909055975407
logit,fe,1,18028,1,True,0.641099214553833,Men,6857,0.31194399883330903,0.31125079392957644,0.19358064700176272,0.6923386923366115,0.06252649427723611,0.10748140586262214
logit,fe,1,18028,1,True,0.641099214553833,Women,950,0.21894736842105264,0.20281153437863897,0.15631752453734962,0.702298880364918,0.004043126684636119,0.007368421052631579
logit,fe,1,18028,1,True,0.641099214553833,Black,4534,0.31473312748125276,0.3017163899967889,0.19601873051459415,0.6880209685433507,0.05471515931766978,0.09131010145566829
logit,fe,1,18028,1,True,0.641099214553833,White,3273,0.281087687137183,0.2929836661745713,0.17938747957482412,0.7087002716236441,0.05439864003399915,0.1008249312557287
logit,fe,1,18028,1,True,0.641099214553833,Black men,4195,0.3215733015494637,0.3098804243029641,0.1995185517725493,0.6808142936101649,0.059732958538299366,0.09797377830750893
logit,fe,1,18028,1,True,0.641099214553833,White men,2662,0.29676934635612323,0.31341033584679606,0.18422320503577866,0.7122518392296873,0.06677350427350427,0.12246431254695718
logit,fe,1,18028,1,True,0.641099214553833,Black women,339,0.23008849557522124,0.20068947579500437,0.1527097329419634,0.7536594950388054,0.0,0.008849557522123894
logit,fe,1,18028,1,True,0.641099214553833,White women,611,0.2127659574468085,0.20398891221800414,0.15831922887586994,0.6719014872861026,0.006237006237006237,0.006546644844517185
logit,fe,1,18028,2,True,0.6490185260772705,All,7807,0.30062764185986934,0.2981495508599141,0.18904403082574564,0.6968043531528831,0.05476190476190476,0.09568336108620469
logit,fe,1,18028,2,True,0.6490185260772705,Men,6857,0.31194399883330903,0.311346393367087,0.19357999875821053,0.6923434486724966,0.06273844849512505,0.10791891497739536
logit,fe,1,18028,2,True,0.6490185260772705,Women,950,0.21894736842105264,0.20289613078445662,0.15630389175952275,0.7023960709102218,0.004043126684636119,0.007368421052631579
logit,fe,1,18028,2,True,0.6490185260772705,Black,4534,0.31473312748125276,0.30179180268611083,0.19600957688501508,0.6880523194116682,0.05471515931766978,0.09153065725628584
logit,fe,1,18028,2,True,0.6490185260772705,White,3273,0.281087687137183,0.2931040361089285,0.17939484480902465,0.7086896468892626,0.05482362940926477,0.10143599144515734
logit,fe,1,18028,2,True,0.6490185260772705,Black men,4195,0.3215733015494637,0.30995728617000085,0.19950958991564274,0.6808557079057547,0.059732958538299366,0.09821215733015494
logit,fe,1,18028,2,True,0.6490185260772705,White men,2662,0.29676934635612323,0.3135354634992345,0.18423565807247488,0.7122376392946012,0.0673076923076923,0.12321562734785875
logit,fe,1,18028,2,True,0.6490185260772705,Black women,339,0.23008849557522124,0.20074695544446355,0.15269820619627456,0.7536594950388055,0.0,0.008849557522123894
logit,fe,1,18028,2,True,0.6490185260772705,White women,611,0.2127659574468085,0.20408855376360166,0.1583044276121269,0.6720614105229491,0.006237006237006237,0.006546644844517185
logit,fe,1,18028,3,True,0.6263606548309326,All,7807,0.30062764185986934,0.2980731906643302,0.18904388766674618,0.6968140296005656,0.05457875457875458,0.09529909055975407
logit,fe,1,18028,3,True,0.6263606548309326,Men,6857,0.31194399883330903,0.31126458953071945,0.19357893108321708,0.6923584113124693,0.06252649427723611,0.10748140586262214
logit,fe,1,18028,3,True,0.6263606548309326,Women,950,0.21894736842105264,0.20285906221503433,0.15631042165965015,0.7023183184739789,0.004043126684636119,0.007368421052631579
logit,fe,1,18028,3,True,0.6263606548309326,Black,4534,0.31473312748125276,0.3017330636615717,0.19601404160871233,0.6880489362244397,0.05471515931766978,0.09131010145566829
logit,fe,1,18028,3,True,0.6263606548309326,White,3273,0.281087687137183,0.2930032657729482,0.17938831847246736,0.7087104344130527,0.05439864003399915,0.1008249312557287
logit,fe,1,18028,3,True,0.6263606548309326,Black men,4195,0.3215733015494637,0.3098947331152489,0.19951392643113783,0.6808520613640046,0.059732958538299366,0.09797377830750893
logit,fe,1,18028,3,True,0.6263606548309326,White men,2662,0.29676934635612323,0.31342332268733064,0.18422607402667038,0.7122626582278481,0.06677350427350427,0.12246431254695718
logit,fe,1,18028,3,True,0.6263606548309326,Black women,339,0.23008849557522124,0.20073541363745542,0.1527042574491991,0.7535121328224776,0.0,0.008849557522123894
logit,fe,1,18028,3,True,0.6263606548309326,White women,611,0.2127659574468085,0.2040373222277991,0.15831122307919665,0.6719814489045258,0.006237006237006237,0.006546644844517185
logit,fe,1,18028,4,True,0.638481855392456,All,7807,0.30062764185986934,0.29805764883920755,0.18904590085120732,0.6968043531528831,0.05457875457875458,0.09529909055975407
logit,fe,1,18028,4,True,0.638481855392456,Men,6857,0.31194399883330903,0.31125473606578613,0.19358020296076356,0.6923469168340797,0.06252649427723611,0.10748140586262214
logit,fe,1,18028,4,True,0.638481855392456,Women,950,0.21894736842105264,0.20280246240483926,0.1563177855193892,0.7022859216255443,0.004043126684636119,0.007368421052631579
logit,fe,1,18028,4,True,0.638481855392456,Black,4534,0.31473312748125276,0.3017212451771325,0.1960181719784993,0.6880311181050363,0.05471515931766978,0.09131010145566829
logit,fe,1,18028,4,True,0.638481855392456,White,3273,0.281087687137183,0.2929825661028336,0.17938739877630908,0.7087011955135903,0.05439864003399915,0.1008249312557287
logit,fe,1,18028,4,True,0.638481855392456,Black men,4195,0.3215733015494637,0.30988605587406576,0.19951784922233862,0.68082705650629,0.059732958538299366,0.09797377830750893
logit,fe,1,18028,4,True,0.638481855392456,White men,2662,0.29676934635612323,0.3134116156316265,0.18422316837499816,0.7122518392296874,0.06677350427350427,0.12246431254695718
logit,fe,1,18028,4,True,0.638481855392456,Black women,339,0.23008849557522124,0.2006847234259965,0.15271095652744937,0.7536103743000294,0.0,0.008849557522123894
logit,fe,1,18028,4,True,0.638481855392456,White women,611,0.2127659574468085,0.2039774436058666,0.15831895577841967,0.6718854949624181,0.006237006237006237,0.006546644844517185
logit,fe,1,18028,5,True,0.6401271820068359,All,7807,0.30062764185986934,0.2980681891723202,0.18904457882054126,0.6968105179864873,0.05457875457875458,0.09529909055975407
logit,fe,1,18028,5,True,0.6401271820068359,Men,6857,0.31194399883330903,0.3112622208091245,0.19357945780655375,0.6923526640732747,0.06252649427723611,0.10748140586262214
logit,fe,1,18028,5,True,0.6401271820068359,Women,950,0.21894736842105264,0.20283505766330145,0.15631229965518575,0.7023053597346051,0.004043126684636119,0.007368421052631579
logit,fe,1,18028,5,True,0.6401271820068359,Black,4534,0.31473312748125276,0.3017310351935711,0.19601534321911357,0.6880410421209064,0.05471515931766978,0.09131010145566829
logit,fe,1,18028,5,True,0.6401271820068359,White,3273,0.281087687137183,0.2929941458297134,0.17938816397693388,0.7087016574585635,0.05439864003399915,0.1008249312557287
logit,fe,1,18028,5,True,0.6401271820068359,Black men,4195,0.3215733015494637,0.30989445800020377,0.19951512787884057,0.6808387775333437,0.059732958538299366,0.09797377830750893
logit,fe,1,18028,5,True,0.6401271820068359,White men,2662,0.29676934635612323,0.3134176546871947,0.1842255374634872,0.7122518392296873,0.06677350427350427,0.12246431254695718
logit,fe,1,18028,5,True,0.6401271820068359,Black women,339,0.23008849557522124,0.20071168807314668,0.15270679853606098,0.7536103743000294,0.0,0.008849557522123894
logit,fe,1,18028,5,True,0.6401271820068359,White women,611,0.2127659574468085,0.2040131628859896,0.158312733172998,0.6719494642571565,0.006237006237006237,0.006546644844517185
logit,fe,1,18028,6,True,0.6281383037567139,All,7807,0.30062764185986934,0.29805397266188205,0.189046295085732,0.6967985004627527,0.05457875457875458,0.09529909055975407
logit,fe,1,18028,6,True,0.6281383037567139,Men,6857,0.31194399883330903,0.31124958570342287,0.19358079419409535,0.6923398814205828,0.06252649427723611,0.10748140586262214
logit,fe,1,18028,6,True,0.6281383037567139,Women,950,0.21894736842105264,0.20280942673993957,0.1563167578372612,0.702311839104292,0.004043126684636119,0.007368421052631579
logit,fe,1,18028,6,True,0.6281383037567139,Black,4534,0.31473312748125276,0.3017157655779699,0.1960188577739964,0.6880232240015031,0.05471515931766978,0.09131010145566829
logit,fe,1,18028,6,True,0.6281383037567139,White,3273,0.281087687137183,0.2929813881578973,0.17938738911915983,0.7087039671834292,0.05439864003399915,0.1008249312557287
logit,fe,1,18028,6,True,0.6281383037567139,Black men,4195,0.3215733015494637,0.30987962000386626,0.1995187179175818,0.6808192424882543,0.059732958538299366,0.09797377830750893
logit,fe,1,18028,6,True,0.6281383037567139,White men,2662,0.29676934635612323,0.31340849107894503,0.18422332236087757,0.7122545439792276,0.06677350427350427,0.12246431254695718
logit,fe,1,18028,6,True,0.6281383037567139,Black women,339,0.23008849557522124,0.20069107732830838,0.1527093790060298,0.7536103743000294,0.0,0.008849557522123894
logit,fe,1,18028,6,True,0.6281383037567139,White women,611,0.2127659574468085,0.20398474662626195,0.15831823316260887,0.6719334719334719,0.006237006237006237,0.006546644844517185
logit,fe,1,18028,7,True,0.6209118366241455,All,7807,0.30062764185986934,0.2980478569629259,0.1890467703166573,0.6967992808214368,0.05457875457875458,0.09529909055975407
logit,fe,1,18028,7,True,0.6209118366241455,Men,6857,0.31194399883330903,0.3112434213690821,0.1935808515264459,0.6923419623175325,0.06252649427723611,0.10748140586262214
logit,fe,1,18028,7,True,0.6209118366241455,Women,950,0.21894736842105264,0.20280366208606945,0.15632024941610895,0.7022729628861704,0.004043126684636119,0.007368421052631579
logit,fe,1,18028,7,True,0.6209118366241455,Black,4534,0.31473312748125276,0.3017085188374333,0.19601940774969095,0.6880266071887315,0.05471515931766978,0.09131010145566829
logit,fe,1,18028,7,True,0.6209118366241455,White,3273,0.281087687137183,0.2929768392608126,0.17938776080814064,0.7087053530183484,0.05439864003399915,0.1008249312557287
logit,fe,1,18028,7,True,0.6209118366241455,Black men,4195,0.3215733015494637,0.309872357870728,0.19951907767801483,0.6808200238900577,0.059732958538299366,0.09797377830750893
logit,fe,1,18028,7,True,0.6209118366241455,White men,2662,0.29676934635612323,0.3134040567468417,0.1842229031020163,0.7122653629773882,0.06677350427350427,0.12246431254695718
logit,fe,1,18028,7,True,0.6209118366241455,Black women,339,0.23008849557522124,0.20068402106554248,0.15271228282544716,0.7535612535612536,0.0,0.008849557522123894
logit,fe,1,18028,7,True,0.6209118366241455,White women,611,0.2127659574468085,0.20397969859336684,0.15832205084693438,0.6718854949624181,0.006237006237006237,0.006546644844517185
logit,fe,1,18028,8,True,0.6549088954925537,All,7807,0.30062764185986934,0.2980620482376622,0.18904607854715982,0.6968017779692257,0.05457875457875458,0.09529909055975407
logit,fe,1,18028,8,True,0.6549088954925537,Men,6857,0.31194399883330903,0.31125999147588135,0.19358039969839624,0.6923433495821658,0.06252649427723611,0.10748140586262214
logit,fe,1,18028,8,True,0.6549088954925537,Women,950,0.21894736842105264,0.2028006832013794,0.15631782577449857,0.702305359734605,0.004043126684636119,0.007368421052631579
logit,fe,1,18028,8,True,0.6549088954925537,Black,4534,0.31473312748125276,0.3017248374199799,0.19601834439016982,0.6880263816429163,0.05471515931766978,0.09131010145566829
logit,fe,1,18028,8,True,0.6549088954925537,White,3273,0.281087687137183,0.29298808363252066,0.17938758379243713,0.7087090485781333,0.05439864003399915,0.1008249312557287
logit,fe,1,18028,8,True,0.6549088954925537,Black men,4195,0.3215733015494637,0.3098901921175409,0.19951810140459433,0.6808218471609327,0.059732958538299366,0.09797377830750893
logit,fe,1,18028,8,True,0.6549088954925537,White men,2662,0.29676934635612323,0.313418634717143,0.1842232777384034,0.7122572487287676,0.06677350427350427,0.12246431254695718
logit,fe,1,18028,8,True,0.6549088954925537,Black women,339,0.23008849557522124,0.20068158386166618,0.15271014180754217,0.7536103743000294,0.0,0.008849557522123894
logit,fe,1,18028,8,True,0.6549088954925537,White women,611,0.2127659574468085,0.20397641916891263,0.15831947039773625,0.6719494642571565,0.006237006237006237,0.006546644844517185
logit,fe,1,18028,9,True,0.6633307933807373,All,7807,0.30062764185986934,0.29808160485334706,0.18904465053816585,0.6968031826148572,0.05457875457875458,0.09529909055975407
logit,fe,1,18028,9,True,0.6633307933807373,Men,6857,0.31194399883330903,0.31127470081261954,0.19357978065217965,0.6923436468531586,0.06252649427723611,0.10748140586262214
logit,fe,1,18028,9,True,0.6633307933807373,Women,950,0.21894736842105264,0.20285522696626224,0.15631055875733157,0.7023247978436659,0.004043126684636119,0.007368421052631579
logit,fe,1,18028,9,True,0.6633307933807373,Black,4534,0.31473312748125276,0.30173875775847314,0.19601477658871555,0.6880360801129715,0.05471515931766978,0.09131010145566829
logit,fe,1,18028,9,True,0.6633307933807373,White,3273,0.281087687137183,0.2930154480333528,0.17938911998112572,0.708703505238456,0.05439864003399915,0.1008249312557287
logit,fe,1,18028,9,True,0.6633307933807373,Black men,4195,0.3215733015494637,0.3099011025854787,0.19951478844012252,0.6808351309915938,0.059732958538299366,0.09797377830750893
logit,fe,1,18028,9,True,0.6633307933807373,White men,2662,0.29676934635612323,0.31343933062586354,0.18422690399161606,0.7122558963539977,0.06677350427350427,0.12246431254695718
logit,fe,1,18028,9,True,0.6633307933807373,Black women,339,0.23008849557522124,0.20073275023844933,0.15270342049239646,0.7535612535612537,0.0,0.008849557522123894
logit,fe,1,18028,9,True,0.6633307933807373,White women,611,0.2127659574468085,0.2040328368037886,0.15831190060972603,0.6719974412282105,0.006237006237006237,0.006546644844517185
logit,fe,2,500,0,False,0.3435206413269043,All,5460,0.24065934065934066,0.28019053753832257,0.17356297105929291,0.6647422356440456,0.03135552339604438,0.04487179487179487
logit,fe,2,500,0,False,0.3435206413269043,Men,4718,0.2507418397626113,0.29484163500272387,0.17928066599564638,0.658112510925045,0.036492220650636495,0.051716829164900384
logit,fe,2,500,0,False,0.3435206413269043,Women,742,0.1765498652291105,0.18703167252882716,0.1372070617470078,0.6973675991054584,0.0016366612111292963,0.0013477088948787063
logit,fe,2,500,0,False,0.3435206413269043,Black,3107,0.24074670099774703,0.28531029441585654,0.17724802347372084,0.6459826174872431,0.03603221704111912,0.047312520115867396
logit,fe,2,500,0,False,0.3435206413269043,White,2353,0.24054398640034,0.2734301955840097,0.1686970731197997,0.688682099418454,0.02518186905428092,0.0416489587760306
logit,fe,2,500,0,False,0.3435206413269043,Black men,2846,0.2501756851721715,0.29515302608698823,0.18338882784058017,0.6317815886187252,0.039831302717900655,0.05165144061841181
logit,fe,2,500,0,False,0.3435206413269043,White men,1872,0.2516025641025641,0.294368227403463,0.1730350310540429,0.6978742814883515,0.03140613847251963,0.05181623931623932
logit,fe,2,500,0,False,0.3435206413269043,Black women,261,0.13793103448275862,0.17798303642336324,0.11028737509026587,0.7633333333333333,0.0,0.0
logit,fe,2,500,0,False,0.3435206413269043,White women,481,0.19750519750519752,0.19194163931370464,0.15181420980815055,0.6606763021543496,0.0025906735751295338,0.002079002079002079
logit,fe,2,500,1,False,0.3325836658477783,All,5460,0.24065934065934066,0.2525668124822484,0.1754704731249025,0.6441063657476241,0.017366136034732273,0.021794871794871794
logit,fe,2,500,1,False,0.3325836658477783,Men,4718,0.2507418397626113,0.26188327565849123,0.18167985211842752,0.6303866300167029,0.020084865629420086,0.025010597710894446
logit,fe,2,500,1,False,0.3325836658477783,Women,742,0.1765498652291105,0.19332816926727023,0.13598819537362075,0.7182319061480991,0.0016366612111292963,0.0013477088948787063
logit,fe,2,500,1,False,0.3325836658477783,Black,3107,0.24074670099774703,0.2564258110152082,0.1791017211369837,0.6179332536899302,0.020771513353115726,0.02510460251046025
logit,fe,2,500,1,False,0.3325836658477783,White,2353,0.24054398640034,0.24747122878403077,0.17067562077745826,0.6789771435238007,0.012870733072188025,0.017424564385890354
logit,fe,2,500,1,False,0.3325836658477783,Black men,2846,0.2501756851721715,0.2627829127595957,0.18480165006124805,0.6066158661794593,0.022492970946579195,0.027055516514406183
logit,fe,2,500,1,False,0.3325836658477783,White men,1872,0.2516025641025641,0.26051555814260263,0.1769337853741609,0.6671940424719378,0.01641684511063526,0.0219017094017094
logit,fe,2,500,1,False,0.3325836658477783,Black women,261,0.13793103448275862,0.18710660961855324,0.11694847317354996,0.69,0.0044444444444444444,0.0038314176245210726
logit,fe,2,500,1,False,0.3325836658477783,White women,481,0.19750519750519752,0.19670410911823727,0.14631952072542634,0.7269975456776657,0.0,0.0
logit,fe,2,500,2,False,0.3291285037994385,All,5460,0.24065934065934066,0.2519970184958978,0.17324795006427823,0.6535671726282911,0.005306319343945972,0.008791208791208791
logit,fe,2,500,2,False,0.3291285037994385,Men,4718,0.2507418397626113,0.26289927394357243,0.17850943160533578,0.6488576378468665,0.006223479490806223,0.010173802458668928
logit,fe,2,500,2,False,0.3291285037994385,Women,742,0.1765498652291105,0.18267513008332517,0.13979286932208232,0.6545770292724978,0.0,0.0
logit,fe,2,500,2,False,0.3291285037994385,Black,3107,0.24074670099774703,0.2618018254450915,0.1754619131372258,0.6406854622075427,0.008054260279779568,0.010943031863533955
logit,fe,2,500,2,False,0.3291285037994385,White,2353,0.24054398640034,0.23905033970663095,0.17032454026077287,0.6714997004277062,0.0016787912702853946,0.005949851253718657
logit,fe,2,500,2,False,0.3291285037994385,Black men,2846,0.2501756851721715,0.26956469365814795,0.18104347493660092,0.6289890536314143,0.008903467666354265,0.011946591707659873
logit,fe,2,500,2,False,0.3291285037994385,White men,1872,0.2516025641025641,0.25276584204844316,0.17465692769466237,0.6799328959751223,0.0021413276231263384,0.007478632478632479
logit,fe,2,500,2,False,0.3291285037994385,Black women,261,0.13793103448275862,0.17715384485367916,0.11459936570036176,0.6955555555555555,0.0,0.0
logit,fe,2,500,2,False,0.3291285037994385,White women,481,0.19750519750519752,0.1856710873493078,0.15346335673428407,0.6324515953095173,0.0,0.0
logit,fe,2,500,3,False,0.37903642654418945,All,5460,0.24065934065934066,0.23403991198124008,0.17373944805482028,0.6517036831451121,0.010130246020260492,0.014102564102564103
logit,fe,2,500,3,False,0.37903642654418945,Men,4718,0.2507418397626113,0.24963852332172978,0.17882241344201377,0.6478270070697446,0.011881188118811881,0.016320474777448073
logit,fe,2,500,3,False,0.37903642654418945,Women,742,0.1765498652291105,0.134856288929447,0.14141946059285412,0.6685573643507703,0.0,0.0
logit,fe,2,500,3,False,0.37903642654418945,Black,3107,0.24074670099774703,0.23959835529853954,0.17578753180175,0.6404502723668372,0.013565069944891903,0.0160926939169617
logit,fe,2,500,3,False,0.37903642654418945,White,2353,0.24054398640034,0.22670031003187774,0.17103507227848763,0.6665523084862998,0.005595970900951315,0.011474713132171696
logit,fe,2,500,3,False,0.37903642654418945,Black men,2846,0.2501756851721715,0.2501026022208463,0.1815488301673243,0.6288126691448248,0.01499531396438613,0.017568517217146872
logit,fe,2,500,3,False,0.37903642654418945,White men,1872,0.2516025641025641,0.24893298456805152,0.17467744442479483,0.6765231386134563,0.007137758743754461,0.014423076923076924
logit,fe,2,500,3,False,0.37903642654418945,Black women,261,0.13793103448275862,0.12505779307292653,0.11296509828288247,0.6879012345679013,0.0,0.0
logit,fe,2,500,3,False,0.37903642654418945,White women,481,0.19750519750519752,0.14017314426947164,0.15685935365502168,0.6523043359694575,0.0,0.0
logit,fe,2,500,4,False,0.2972538471221924,All,5460,0.24065934065934066,0.2746252832588868,0.17225891578778524,0.6724819947120366,0.015918958031837915,0.02454212454212454
logit,fe,2,500,4,False,0.2972538471221924,Men,4718,0.2507418397626113,0.2871547373387521,0.17795992930881954,0.6641709938413235,0.01867043847241867,0.02840186519711742
logit,fe,2,500,4,False,0.2972538471221924,Women,742,0.1765498652291105,0.1949568676944601,0.13600907509743507,0.7078247398208418,0.0,0.0
logit,fe,2,500,4,False,0.2972538471221924,Black,3107,0.24074670099774703,0.2795482818441273,0.17560344577401682,0.6537733518009307,0.018651971174226366,0.024460894753781784
logit,fe,2,500,4,False,0.2972538471221924,White,2353,0.24054398640034,0.26812474921539237,0.16784265796066175,0.6959568615896907,0.012311135982092894,0.024649383765405864
logit,fe,2,500,4,False,0.2972538471221924,Black men,2846,0.2501756851721715,0.288143261999987,0.18153855740585903,0.6392581847666986,0.020618556701030927,0.026704146170063246
logit,fe,2,500,4,False,0.2972538471221924,White men,1872,0.2516025641025641,0.28565188414116954,0.17251934407154687,0.7010339899768289,0.015703069236259814,0.030982905982905984
logit,fe,2,500,4,False,0.2972538471221924,Black women,261,0.13793103448275862,0.1858267740909603,0.11088571510649581,0.7565432098765432,0.0,0.0
logit,fe,2,500,4,False,0.2972538471221924,White women,481,0.19750519750519752,0.19991103490966483,0.14964150120478462,0.6827379329151896,0.0,0.0
logit,fe,2,500,5,False,0.3464694023132324,All,5460,0.24065934065934066,0.27171255810007017,0.18005912815481706,0.643494747646959,0.07718282682103232,0.09908424908424908
logit,fe,2,500,5,False,0.3464694023132324,Men,4718,0.2507418397626113,0.2749168786700693,0.1861938075539999,0.6332625920483608,0.08118811881188119,0.10343365832980077
logit,fe,2,500,5,False,0.3464694023132324,Women,742,0.1765498652291105,0.2513379159851701,0.14105182706944683,0.7134218712909633,0.054009819967266774,0.07142857142857142
logit,fe,2,500,5,False,0.3464694023132324,Black,3107,0.24074670099774703,0.2612922141294536,0.18230659215306214,0.6283093760838567,0.069520983467571,0.08593498551657547
logit,fe,2,500,5,False,0.3464694023132324,White,2353,0.24054398640034,0.2854720178181772,0.17709148232288022,0.6643900490586707,0.08729714605484051,0.11644708882277943
logit,fe,2,500,5,False,0.3464694023132324,Black men,2846,0.2501756851721715,0.2649568328596155,0.18809557301993662,0.6203198877457536,0.07497656982193064,0.09135628952916373
logit,fe,2,500,5,False,0.3464694023132324,White men,1872,0.2516025641025641,0.2900591278028426,0.1833025551415769,0.6540702652488138,0.09064953604568166,0.12179487179487179
logit,fe,2,500,5,False,0.3464694023132324,Black women,261,0.13793103448275862,0.22133242521741991,0.11918230270047649,0.7075308641975309,0.017777777777777778,0.02681992337164751
logit,fe,2,500,5,False,0.3464694023132324,White women,481,0.19750519750519752,0.2676194816616416,0.15291865837984445,0.7074720479956368,0.07512953367875648,0.09563409563409564
logit,fe,2,500,6,False,0.2794208526611328,All,5460,0.24065934065934066,0.2594405223976329,0.17322180321624617,0.6634250173095999,0.02942595272551857,0.039926739926739924
logit,fe,2,500,6,False,0.2794208526611328,Men,4718,0.2507418397626113,0.27016028979291556,0.17999664032297127,0.6481663261121426,0.034229137199434226,0.04493429419245443
logit,fe,2,500,6,False,0.2794208526611328,Women,742,0.1765498652291105,0.19127898254460887,0.1301440653866922,0.7384340525480692,0.0016366612111292963,0.008086253369272238
logit,fe,2,500,6,False,0.2794208526611328,Black,3107,0.24074670099774703,0.2601709145156187,0.1776255441702604,0.6354047418805666,0.03009749894022891,0.036691342130672676
logit,fe,2,500,6,False,0.2794208526611328,White,2353,0.24054398640034,0.25847608197664595,0.16740691875210587,0.6990010302123107,0.028539451594851706,0.04419889502762431
logit,fe,2,500,6,False,0.2794208526611328,Black men,2846,0.2501756851721715,0.2672523964187489,0.1837730624974867,0.6214966618577762,0.03327085285848173,0.04005621925509487
logit,fe,2,500,6,False,0.2794208526611328,White men,1872,0.2516025641025641,0.27458115760428203,0.17425534891876676,0.6876131850013109,0.03568879371877231,0.05235042735042735
logit,fe,2,500,6,False,0.2794208526611328,Black women,261,0.13793103448275862,0.18295291644547076,0.11059168532242125,0.7518518518518519,0.0,0.0
logit,fe,2,500,6,False,0.2794208526611328,White women,481,0.19750519750519752,0.19579686872314322,0.14075356891429042,0.732424325061358,0.0025906735751295338,0.012474012474012475
logit,fe,2,500,7,False,0.28780555725097656,All,5460,0.24065934065934066,0.266095622464745,0.17500701919144046,0.6650625458438236,0.0,0.0
logit,fe,2,500,7,False,0.28780555725097656,Men,4718,0.2507418397626113,0.2698586976135482,0.18051049337312552,0.6503748889561098,0.0,0.0
logit,fe,2,500,7,False,0.28780555725097656,Women,742,0.1765498652291105,0.24216814463178896,0.1400132305267638,0.7421571444634625,0.0,0.0
logit,fe,2,500,7,False,0.28780555725097656,Black,3107,0.24074670099774703,0.2657985690038684,0.17679299190201164,0.6412023131345875,0.0,0.0
logit,fe,2,500,7,False,0.28780555725097656,White,2353,0.24054398640034,0.2664878643274495,0.17264874583328294,0.6963503591901464,0.0,0.0
logit,fe,2,500,7,False,0.28780555725097656,Black men,2846,0.2501756851721715,0.2686036194960172,0.1819490596077925,0.6275707380769351,0.0,0.0
logit,fe,2,500,7,False,0.28780555725097656,White men,1872,0.2516025641025641,0.27176679180291424,0.1783234423561051,0.6851142117171386,0.0,0.0
logit,fe,2,500,7,False,0.28780555725097656,Black women,261,0.13793103448275862,0.23521169658756416,0.12057012335545067,0.7558024691358024,0.0,0.0
logit,fe,2,500,7,False,0.28780555725097656,White women,481,0.19750519750519752,0.2459428492878028,0.15056344044716444,0.7316334878647396,0.0,0.0
logit,fe,2,500,8,False,0.2951343059539795,All,5460,0.24065934065934066,0.2154933435011669,0.17553337714362516,0.6665609367669119,0.0,0.0
logit,fe,2,500,8,False,0.2951343059539795,Men,4718,0.2507418397626113,0.21708888495938847,0.18136615732404301,0.6580998372751174,0.0,0.0
logit,fe,2,500,8,False,0.2951343059539795,Women,742,0.1765498652291105,0.20534810819134294,0.13844569939266638,0.7125098387076623,0.0,0.0
logit,fe,2,500,8,False,0.2951343059539795,Black,3107,0.24074670099774703,0.21519505156684957,0.1775942065036532,0.6372658585959337,0.0,0.0
logit,fe,2,500,8,False,0.2951343059539795,White,2353,0.24054398640034,0.2158872206962047,0.17281217152458256,0.7043794898768293,0.0,0.0
logit,fe,2,500,8,False,0.2951343059539795,Black men,2846,0.2501756851721715,0.21684402360034064,0.1831468998802262,0.6282341543548541,0.0,0.0
logit,fe,2,500,8,False,0.2951343059539795,White men,1872,0.2516025641025641,0.21746114747426562,0.1786588959378799,0.7017417040603391,0.0,0.0
logit,fe,2,500,8,False,0.2951343059539795,Black women,261,0.13793103448275862,0.19721430671123438,0.11704644654301488,0.7038271604938272,0.0,0.0
logit,fe,2,500,8,False,0.2951343059539795,White women,481,0.19750519750519752,0.20976166783023767,0.15005735218634422,0.7087264794109627,0.0,0.0
logit,fe,2,500,9,False,0.3701181411743164,All,5460,0.24065934065934066,0.2587938768417835,0.17633743183327766,0.6538489354687835,0.0,0.0
logit,fe,2,500,9,False,0.3701181411743164,Men,4718,0.2507418397626113,0.263210801131983,0.18141031203293237,0.6488815503938994,0.0,0.0
logit,fe,2,500,9,False,0.3701181411743164,Women,742,0.1765498652291105,0.23070890541164712,0.14408157094113358,0.6598493272197998,0.0,0.0
logit,fe,2,500,9,False,0.3701181411743164,Black,3107,0.24074670099774703,0.2599404094165644,0.1768027965447381,0.6493132456651396,0.0,0.0
logit,fe,2,500,9,False,0.3701181411743164,White,2353,0.24054398640034,0.25727994708834356,0.17572294472808953,0.659487148051989,0.0,0.0
logit,fe,2,500,9,False,0.3701181411743164,Black men,2846,0.2501756851721715,0.26320447912549866,0.18189299084257854,0.6371474942872486,0.0,0.0
logit,fe,2,500,9,False,0.3701181411743164,White men,1872,0.2516025641025641,0.2632204124730378,0.18067649585117326,0.6667045528595741,0.0,0.0
logit,fe,2,500,9,False,0.3701181411743164,Black women,261,0.13793103448275862,0.2243482929735497,0.12129822577211828,0.7158024691358024,0.0,0.0
logit,fe,2,500,9,False,0.3701181411743164,White women,481,0.19750519750519752,0.2341602980235878,0.15644425927608785,0.6264521407144805,0.0,0.0
logit,fe,2,1000,0,False,0.37076711654663086,All,5460,0.24065934065934066,0.27579542950259434,0.1707911551139909,0.6796048124726038,0.02532561505065123,0.038644688644688646
logit,fe,2,1000,0,False,0.37076711654663086,Men,4718,0.2507418397626113,0.2927619799125113,0.17662372744619007,0.6734426057024251,0.0297029702970297,0.04472233997456549
logit,fe,2,1000,0,False,0.37076711654663086,Women,742,0.1765498652291105,0.16791377878293323,0.13370479896396983,0.7348234030059595,0.0,0.0
logit,fe,2,1000,0,False,0.37076711654663086,Black,3107,0.24074670099774703,0.2858759039686059,0.17408169745662616,0.6656971933634528,0.032640949554896145,0.045703250724171224
logit,fe,2,1000,0,False,0.37076711654663086,White,2353,0.24054398640034,0.26248474774913144,0.16644618483835652,0.6983425643783826,0.01566871852266368,0.029324266893327667
logit,fe,2,1000,0,False,0.37076711654663086,Black men,2846,0.2501756851721715,0.29730167467186375,0.18027750626216082,0.652647610121837,0.03608247422680412,0.049894588896697116
logit,fe,2,1000,0,False,0.37076711654663086,White men,1872,0.2516025641025641,0.28586028584994877,0.17106889063515762,0.7050241638138364,0.01998572448251249,0.03685897435897436
logit,fe,2,1000,0,False,0.37076711654663086,Black women,261,0.13793103448275862,0.16128684871392465,0.10652126887213702,0.7922222222222222,0.0,0.0
logit,fe,2,1000,0,False,0.37076711654663086,White women,481,0.19750519750519752,0.17150968054595037,0.1484551136291847,0.7078265612217072,0.0,0.0
logit,fe,2,1000,1,False,0.3125154972076416,All,5460,0.24065934065934066,0.24536401926327964,0.17337647736635808,0.654388047822221,0.006512301013024602,0.009523809523809525
logit,fe,2,1000,1,False,0.3125154972076416,Men,4718,0.2507418397626113,0.24712117613022905,0.17893475251959678,0.6450548254922099,0.006506364922206506,0.009961848240779992
logit,fe,2,1000,1,False,0.3125154972076416,Women,742,0.1765498652291105,0.2341911539017335,0.13803423724104794,0.7199435289414176,0.006546644844517185,0.006738544474393531
logit,fe,2,1000,1,False,0.3125154972076416,Black,3107,0.24074670099774703,0.2504131384308991,0.17678975623628945,0.6266466122461933,0.00847816871555744,0.010299324106855488
logit,fe,2,1000,1,False,0.3125154972076416,White,2353,0.24054398640034,0.23869695030714125,0.16886944062650397,0.6916906752932942,0.00391717963066592,0.008499787505312367
logit,fe,2,1000,1,False,0.3125154972076416,Black men,2846,0.2501756851721715,0.2523273088523511,0.1821295236867869,0.6177616545391362,0.008903467666354265,0.01089248067463106
logit,fe,2,1000,1,False,0.3125154972076416,White men,1872,0.2516025641025641,0.23920629700247295,0.17407774464469125,0.6873313117260799,0.0028551034975017845,0.008547008547008548
logit,fe,2,1000,1,False,0.3125154972076416,Black women,261,0.13793103448275862,0.229540613452154,0.11856378625883418,0.7380246913580246,0.0044444444444444444,0.0038314176245210726
logit,fe,2,1000,1,False,0.3125154972076416,White women,481,0.19750519750519752,0.23671462803341806,0.14859928444761294,0.7133896918461957,0.007772020725388601,0.008316008316008316
logit,fe,2,1000,2,False,0.31279468536376953,All,5460,0.24065934065934066,0.25429046434603464,0.17228602063777557,0.6740440805573727,0.04389773275446213,0.05805860805860806
logit,fe,2,1000,2,False,0.31279468536376953,Men,4718,0.2507418397626113,0.2670243767457438,0.17788304895693308,0.6672394518765968,0.0512022630834512,0.06676557863501484
logit,fe,2,1000,2,False,0.31279468536376953,Women,742,0.1765498652291105,0.1733220024837326,0.13669736887256626,0.6927574618008271,0.0016366612111292963,0.0026954177897574125
logit,fe,2,1000,2,False,0.31279468536376953,Black,3107,0.24074670099774703,0.2725177106020827,0.17715914570793334,0.6541808252839847,0.061466723187791436,0.07563566140971999
logit,fe,2,1000,2,False,0.31279468536376953,White,2353,0.24054398640034,0.23022244304661205,0.16585134167773294,0.7030773885205478,0.020705092333519866,0.03484912877178071
logit,fe,2,1000,2,False,0.31279468536376953,Black men,2846,0.2501756851721715,0.2821379401100275,0.18297861286309478,0.6438422069648179,0.06794751640112465,0.0825720309205903
logit,fe,2,1000,2,False,0.31279468536376953,White men,1872,0.2516025641025641,0.244047239280599,0.17013626750557834,0.7054454582789667,0.02569593147751606,0.042735042735042736
logit,fe,2,1000,2,False,0.31279468536376953,Black women,261,0.13793103448275862,0.16761666393690688,0.11370242722674792,0.7065432098765432,0.0,0.0
logit,fe,2,1000,2,False,0.31279468536376953,White women,481,0.19750519750519752,0.17641783067650083,0.14917487359098328,0.6868557403872375,0.0025906735751295338,0.004158004158004158
logit,fe,2,1000,3,False,0.3250141143798828,All,5460,0.24065934065934066,0.23906046632337727,0.17115835757421136,0.6698308541874547,0.008924264351181863,0.015201465201465201
logit,fe,2,1000,3,False,0.3250141143798828,Men,4718,0.2507418397626113,0.25509327316267816,0.17610762105440628,0.6683375160363517,0.010466760961810467,0.017592200084781687
logit,fe,2,1000,3,False,0.3250141143798828,Women,742,0.1765498652291105,0.1371160152885777,0.13968851242655686,0.6926575130245749,0.0,0.0
logit,fe,2,1000,3,False,0.3250141143798828,Black,3107,0.24074670099774703,0.24399484698865406,0.17264011637167684,0.6645796165782202,0.0105977108944468,0.015127132281943997
logit,fe,2,1000,3,False,0.3250141143798828,White,2353,0.24054398640034,0.23254490290348143,0.1692017810405415,0.6770847957668359,0.006715165081141578,0.01529961750956226
logit,fe,2,1000,3,False,0.3250141143798828,Black men,2846,0.2501756851721715,0.2544820973456492,0.17832100302467982,0.6541080473447554,0.011715089034676664,0.01651440618411806
logit,fe,2,1000,3,False,0.3250141143798828,White men,1872,0.2516025641025641,0.2560224432349346,0.17274261833677884,0.690153075373823,0.008565310492505354,0.019230769230769232
logit,fe,2,1000,3,False,0.3250141143798828,Black women,261,0.13793103448275862,0.12963961895797121,0.11069450941977431,0.7475308641975309,0.0,0.0
logit,fe,2,1000,3,False,0.3250141143798828,White women,481,0.19750519750519752,0.14117285404593377,0.15542122507680686,0.6616307608399237,0.0,0.0
logit,fe,2,1000,4,False,0.30954408645629883,All,5460,0.24065934065934066,0.27438765888447936,0.174250748697065,0.6766985251413219,0.07018813314037627,0.09065934065934066
logit,fe,2,1000,4,False,0.30954408645629883,Men,4718,0.2507418397626113,0.28176067545198563,0.1800659923270744,0.6686433575129038,0.07892503536067892,0.10046629927935566
logit,fe,2,1000,4,False,0.30954408645629883,Women,742,0.1765498652291105,0.22750640259675098,0.13727457693643913,0.7144838270386427,0.019639934533551555,0.02830188679245283
logit,fe,2,1000,4,False,0.30954408645629883,Black,3107,0.24074670099774703,0.2848549150302504,0.1803428176910871,0.6517546862284164,0.0847816871555744,0.10202767943353717
logit,fe,2,1000,4,False,0.30954408645629883,White,2353,0.24054398640034,0.2605662543605054,0.1662065249977761,0.7096808319211582,0.050923335198656966,0.07564810879728007
logit,fe,2,1000,4,False,0.30954408645629883,Black men,2846,0.2501756851721715,0.29066498280565506,0.18622224999997017,0.641840111411813,0.0923149015932521,0.10962754743499649
logit,fe,2,1000,4,False,0.30954408645629883,White men,1872,0.2516025641025641,0.2682234645927212,0.1707066390487297,0.7090264612325743,0.05852962169878658,0.08653846153846154
logit,fe,2,1000,4,False,0.30954408645629883,Black women,261,0.13793103448275862,0.22150068940265882,0.11623222630763468,0.7377777777777778,0.013333333333333334,0.019157088122605363
logit,fe,2,1000,4,False,0.30954408645629883,White women,481,0.19750519750519752,0.23076521994323346,0.14869256761028105,0.7035451322607036,0.023316062176165803,0.033264033264033266
logit,fe,2,1000,5,False,0.31273889541625977,All,5460,0.24065934065934066,0.2807689944710203,0.17517321800818875,0.6692133622034698,0.06970574047274482,0.09194139194139195
logit,fe,2,1000,5,False,0.31273889541625977,Men,4718,0.2507418397626113,0.28498707327760836,0.18110029318292675,0.6582380517969681,0.0743988684582744,0.09665112335735482
logit,fe,2,1000,5,False,0.31273889541625977,Women,742,0.1765498652291105,0.2539483801725266,0.13748596642542066,0.7418448045376744,0.0425531914893617,0.06199460916442048
logit,fe,2,1000,5,False,0.31273889541625977,Black,3107,0.24074670099774703,0.2763340503985239,0.17816964115362105,0.6515676678008673,0.07036880033912675,0.08561313163823624
logit,fe,2,1000,5,False,0.31273889541625977,White,2353,0.24054398640034,0.2866250808429908,0.17121661507029748,0.6921879850747745,0.06883044208170118,0.10029749256268593
logit,fe,2,1000,5,False,0.31273889541625977,Black men,2846,0.2501756851721715,0.2804373012885823,0.1841033788718646,0.6407291524067269,0.07591377694470477,0.09065354884047787
logit,fe,2,1000,5,False,0.31273889541625977,White men,1872,0.2516025641025641,0.2919040877438307,0.17653470457677445,0.6847353497880646,0.07209136331192005,0.10576923076923077
logit,fe,2,1000,5,False,0.31273889541625977,Black women,261,0.13793103448275862,0.23159132230233087,0.11346689193476599,0.774074074074074,0.017777777777777778,0.03065134099616858
logit,fe,2,1000,5,False,0.31273889541625977,White women,481,0.19750519750519752,0.2660797566883708,0.15051918563968436,0.7214071448050177,0.05699481865284974,0.079002079002079
logit,fe,2,1000,6,False,0.2987489700317383,All,5460,0.24065934065934066,0.26123111846607633,0.1695242559212223,0.6863963065021685,0.028219971056439943,0.039926739926739924
logit,fe,2,1000,6,False,0.2987489700317383,Men,4718,0.2507418397626113,0.2733384855561535,0.17573381675070782,0.6743921729451052,0.0330975954738331,0.04578211106401017
logit,fe,2,1000,6,False,0.2987489700317383,Women,742,0.1765498652291105,0.18424653904426508,0.13004082196770114,0.7422570932397147,0.0,0.0026954177897574125
logit,fe,2,1000,6,False,0.2987489700317383,Black,3107,0.24074670099774703,0.2660980802440027,0.1740178791435784,0.6630103619543313,0.033488766426451884,0.04023173479240425
logit,fe,2,1000,6,False,0.2987489700317383,White,2353,0.24054398640034,0.2548045777758861,0.1635906871359013,0.7161300400813887,0.021264689423614997,0.039524011899702505
logit,fe,2,1000,6,False,0.2987489700317383,Black men,2846,0.2501756851721715,0.27413780314369046,0.17995795757091246,0.6502624706464623,0.037019681349578254,0.04392129304286718
logit,fe,2,1000,6,False,0.2987489700317383,White men,1872,0.2516025641025641,0.27212328371099836,0.16931185907212756,0.7103903641772407,0.027123483226266953,0.04861111111111111
logit,fe,2,1000,6,False,0.2987489700317383,Black women,261,0.13793103448275862,0.17843121674779153,0.10924598947234204,0.7676543209876543,0.0,0.0
logit,fe,2,1000,6,False,0.2987489700317383,White women,481,0.19750519750519752,0.18740204656896284,0.14132450446518288,0.7326970275429506,0.0,0.004158004158004158
logit,fe,2,1000,7,False,0.3214547634124756,All,5460,0.24065934065934066,0.26108146616542083,0.1706071571755343,0.6778477871245946,0.013024602026049204,0.018315018315018316
logit,fe,2,1000,7,False,0.3214547634124756,Men,4718,0.2507418397626113,0.2720951792230741,0.17658176102488718,0.66638649132393,0.015275813295615276,0.0211954217888936
logit,fe,2,1000,7,False,0.3214547634124756,Women,742,0.1765498652291105,0.19105087559128636,0.13261769496361145,0.7376844367261778,0.0,0.0
logit,fe,2,1000,7,False,0.3214547634124756,Black,3107,0.24074670099774703,0.26615739620878726,0.17331402374271188,0.6637890386799447,0.018228062738448497,0.02188606372706791
logit,fe,2,1000,7,False,0.3214547634124756,White,2353,0.24054398640034,0.25437899500318567,0.16703289690174739,0.6961822823256302,0.006155567991046447,0.013599660008499787
logit,fe,2,1000,7,False,0.3214547634124756,Black men,2846,0.2501756851721715,0.2738561839848596,0.1793701670354316,0.6485855017217232,0.02014995313964386,0.023893183415319746
logit,fe,2,1000,7,False,0.3214547634124756,White men,1872,0.2516025641025641,0.2694179251888638,0.1723425497503095,0.6934052261729944,0.007851534618129907,0.017094017094017096
logit,fe,2,1000,7,False,0.3214547634124756,Black women,261,0.13793103448275862,0.18220816245130855,0.10727653787650361,0.7988888888888889,0.0,0.0
logit,fe,2,1000,7,False,0.3214547634124756,White women,481,0.19750519750519752,0.19584910455081692,0.1463683020316679,0.7074720479956368,0.0,0.0
logit,fe,2,1000,8,False,0.2970433235168457,All,5460,0.24065934065934066,0.23457793396003718,0.1708159442935435,0.6765254291422442,0.00482392667631452,0.006776556776556777
logit,fe,2,1000,8,False,0.2970433235168457,Men,4718,0.2507418397626113,0.23762311050837867,0.17677133294975222,0.6652979921829884,0.005374823196605375,0.007630351844001695
logit,fe,2,1000,8,False,0.2970433235168457,Women,742,0.1765498652291105,0.21521520760548818,0.1329486617059521,0.7466673329918417,0.0016366612111292963,0.0013477088948787063
logit,fe,2,1000,8,False,0.2970433235168457,Black,3107,0.24074670099774703,0.23491355595625749,0.1740356029099416,0.651084820224286,0.005510809665112336,0.007080785323463148
logit,fe,2,1000,8,False,0.2970433235168457,White,2353,0.24054398640034,0.2341347645838126,0.16656457186636592,0.7098380332238525,0.00391717963066592,0.006374840628984276
logit,fe,2,1000,8,False,0.2970433235168457,Black men,2846,0.2501756851721715,0.23795087727427727,0.17995532443927711,0.638103129639965,0.006091846298031865,0.007730147575544624
logit,fe,2,1000,8,False,0.2970433235168457,White men,1872,0.2516025641025641,0.23712480697432564,0.17193071340958777,0.7058137120740267,0.004282655246252677,0.007478632478632479
logit,fe,2,1000,8,False,0.2970433235168457,Black women,261,0.13793103448275862,0.20179395261876923,0.1094856892222443,0.7911111111111111,0.0,0.0
logit,fe,2,1000,8,False,0.2970433235168457,White women,481,0.19750519750519752,0.22249784284776192,0.14568012910355652,0.720916280338151,0.0025906735751295338,0.002079002079002079
logit,fe,2,1000,9,False,0.32150793075561523,All,5460,0.24065934065934066,0.2525933802488643,0.1701524078491456,0.6800361757788953,0.004341534008683068,0.007509157509157509
logit,fe,2,1000,9,False,0.32150793075561523,Men,4718,0.2507418397626113,0.2581577925244018,0.17533081572830395,0.6729299206940378,0.005091937765205092,0.008690122933446376
logit,fe,2,1000,9,False,0.32150793075561523,Women,742,0.1765498652291105,0.21721211728931475,0.13722555020242166,0.7106108119588711,0.0,0.0
logit,fe,2,1000,9,False,0.32150793075561523,Black,3107,0.24074670099774703,0.2565040987131099,0.1720216057750241,0.6679170454262093,0.00635862653666808,0.008690054715159318
logit,fe,2,1000,9,False,0.32150793075561523,White,2353,0.24054398640034,0.2474295033817113,0.16768424042215688,0.6963602460645296,0.0016787912702853946,0.005949851253718657
logit,fe,2,1000,9,False,0.32150793075561523,Black men,2846,0.2501756851721715,0.2607461524423928,0.17741008703544303,0.6565195128629046,0.007029053420805998,0.009486999297259312
logit,fe,2,1000,9,False,0.32150793075561523,White men,1872,0.2516025641025641,0.25422271115335354,0.1721697013372154,0.6978727660406353,0.0021413276231263384,0.007478632478632479
logit,fe,2,1000,9,False,0.32150793075561523,Black women,261,0.13793103448275862,0.21024783467656236,0.11326444996218,0.7739506172839506,0.0,0.0
logit,fe,2,1000,9,False,0.32150793075561523,White women,481,0.19750519750519752,0.22099107313531968,0.15022731145544257,0.6821107172075267,0.0,0.0
logit,fe,2,2000,0,False,0.37272071838378906,All,5460,0.24065934065934066,0.2754841176064689,0.17019309432613514,0.6867535120315487,0.03835021707670044,0.05293040293040293
logit,fe,2,2000,0,False,0.37272071838378906,Men,4718,0.2507418397626113,0.2907509452738362,0.17617028903463755,0.6784472626709598,0.044978783592644976,0.0612547689699025
logit,fe,2,2000,0,False,0.37272071838378906,Women,742,0.1765498652291105,0.17841013791018984,0.13218715816075188,0.7435564273309929,0.0,0.0
logit,fe,2,2000,0,False,0.37272071838378906,Black,3107,0.24074670099774703,0.285061368379742,0.17478143991041054,0.6677487288414153,0.04917337855023315,0.059221113614419056
logit,fe,2,2000,0,False,0.37272071838378906,White,2353,0.24054398640034,0.2628379135467325,0.1641344501568433,0.711949869592127,0.024062674874090653,0.044623884402889925
logit,fe,2,2000,0,False,0.37272071838378906,Black men,2846,0.2501756851721715,0.295743727906455,0.180994086402847,0.6544904331160557,0.05435801312089972,0.0646521433591005
logit,fe,2,2000,0,False,0.37272071838378906,White men,1872,0.2516025641025641,0.28316042210480147,0.16883667401865246,0.7145032892792682,0.030692362598144184,0.05608974358974359
logit,fe,2,2000,0,False,0.37272071838378906,Black women,261,0.13793103448275862,0.1685786280999524,0.10703740957526081,0.7806172839506172,0.0,0.0
logit,fe,2,2000,0,False,0.37272071838378906,White women,481,0.19750519750519752,0.18374490726668044,0.1458339032352075,0.7230433596945731,0.0,0.0
logit,fe,2,2000,1,False,0.4076223373413086,All,5460,0.24065934065934066,0.24439188202322706,0.16965568675161882,0.6850733978432568,0.012783405692233478,0.019963369963369962
logit,fe,2,2000,1,False,0.4076223373413086,Men,4718,0.2507418397626113,0.25336311535840983,0.1754255980975837,0.6742061333291886,0.014992927864214993,0.023103009749894023
logit,fe,2,2000,1,False,0.4076223373413086,Women,742,0.1765498652291105,0.18734837949574412,0.13296775989142698,0.7450556589747754,0.0,0.0
logit,fe,2,2000,1,False,0.4076223373413086,Black,3107,0.24074670099774703,0.2506503365590205,0.17348824362195592,0.6593272323766302,0.015684612123781264,0.021242355970389443
logit,fe,2,2000,1,False,0.4076223373413086,White,2353,0.24054398640034,0.23612795586822913,0.16459501773498586,0.7193205344448816,0.008953553441522105,0.01827454313642159
logit,fe,2,2000,1,False,0.4076223373413086,Black men,2846,0.2501756851721715,0.25706799394226804,0.1791913047332038,0.6474107020629086,0.017338331771321464,0.023190442726633873
logit,fe,2,2000,1,False,0.4076223373413086,White men,1872,0.2516025641025641,0.24773059161393318,0.16970059751800315,0.7146169478579903,0.011420413990007138,0.022970085470085472
logit,fe,2,2000,1,False,0.4076223373413086,Black women,261,0.13793103448275862,0.18067082348345537,0.11130084161961286,0.7566666666666666,0.0,0.0
logit,fe,2,2000,1,False,0.4076223373413086,White women,481,0.19750519750519752,0.19097175188494867,0.14472465317405372,0.7385055904008726,0.0,0.0
logit,fe,2,2000,2,False,0.382718563079834,All,5460,0.24065934065934066,0.2609587566891366,0.16876265881515728,0.6941826895190097,0.040279787747226244,0.057692307692307696
logit,fe,2,2000,2,False,0.382718563079834,Men,4718,0.2507418397626113,0.26837337335524697,0.17440787324823775,0.6846233953186406,0.044978783592644976,0.06337431114879186
logit,fe,2,2000,2,False,0.382718563079834,Women,742,0.1765498652291105,0.21381298656688774,0.1328676160991548,0.7445559150935146,0.01309328968903437,0.0215633423180593
logit,fe,2,2000,2,False,0.382718563079834,Black,3107,0.24074670099774703,0.26697051001181993,0.17309332596623048,0.6729903453153585,0.047901653242899536,0.06276150627615062
logit,fe,2,2000,2,False,0.382718563079834,White,2353,0.24054398640034,0.25302058517465426,0.1630442640687125,0.7223123026332701,0.0302182428651371,0.050998725031874206
logit,fe,2,2000,2,False,0.382718563079834,Black men,2846,0.2501756851721715,0.27333286189763745,0.17883475037142885,0.6615530522413993,0.05248359887535145,0.06781447645818693
logit,fe,2,2000,2,False,0.382718563079834,White men,1872,0.2516025641025641,0.26083346716312994,0.16767769574150604,0.719364845553146,0.03354746609564597,0.056623931623931624
logit,fe,2,2000,2,False,0.382718563079834,Black women,261,0.13793103448275862,0.19759405994654555,0.11048760237544669,0.7741975308641975,0.0044444444444444444,0.007662835249042145
logit,fe,2,2000,2,False,0.382718563079834,White women,481,0.19750519750519752,0.2226136931113977,0.14501144890973236,0.7271611671666213,0.018134715025906734,0.029106029106029108
logit,fe,2,2000,3,False,0.4112975597381592,All,5460,0.24065934065934066,0.25423212288674224,0.16930465848284765,0.6895595762286879,0.034491075735648816,0.04816849816849817
logit,fe,2,2000,3,False,0.4112975597381592,Men,4718,0.2507418397626113,0.26603672705422715,0.17485022983704468,0.6819994715327107,0.04045261669024045,0.05553200508690123
logit,fe,2,2000,3,False,0.4112975597381592,Women,742,0.1765498652291105,0.17917265865197943,0.13404319534389647,0.714034057545508,0.0,0.0013477088948787063
logit,fe,2,2000,3,False,0.4112975597381592,Black,3107,0.24074670099774703,0.2630668610249435,0.17200246964105098,0.6779979053936114,0.04323866044934294,0.05503701319600901
logit,fe,2,2000,3,False,0.4112975597381592,White,2353,0.24054398640034,0.2425663636876809,0.16574235535129733,0.7054848424328829,0.02294348069390039,0.03909902252443689
logit,fe,2,2000,3,False,0.4112975597381592,Black men,2846,0.2501756851721715,0.2715849013353732,0.17784971498698585,0.6661851194675821,0.04779756326148079,0.060084328882642306
logit,fe,2,2000,3,False,0.4112975597381592,White men,1872,0.2516025641025641,0.2576018424366301,0.1702901151272517,0.706639631079408,0.02926481084939329,0.04861111111111111
logit,fe,2,2000,3,False,0.4112975597381592,Black women,261,0.13793103448275862,0.1701843218545102,0.10824285180760045,0.7587654320987655,0.0,0.0
logit,fe,2,2000,3,False,0.4112975597381592,White women,481,0.19750519750519752,0.18404990585393258,0.1480429659529885,0.6899372784292338,0.0,0.002079002079002079
logit,fe,2,2000,4,False,0.3477473258972168,All,5460,0.24065934065934066,0.264490494773061,0.17058398608252456,0.6889138161812269,0.05668113844669561,0.08003663003663003
logit,fe,2,2000,4,False,0.3477473258972168,Men,4718,0.2507418397626113,0.27199073642239774,0.1764174628003726,0.6799917740838207,0.06336633663366337,0.08859686307757525
logit,fe,2,2000,4,False,0.3477473258972168,Women,742,0.1765498652291105,0.21680027900275053,0.13349187940488708,0.7355855124248822,0.01800327332242226,0.025606469002695417
logit,fe,2,2000,4,False,0.3477473258972168,Black,3107,0.24074670099774703,0.2707550998984563,0.17543847258667303,0.6674511995248599,0.06528189910979229,0.08496942388155777
logit,fe,2,2000,4,False,0.3477473258972168,White,2353,0.24054398640034,0.256218447121296,0.16417391826765448,0.7171385012684859,0.045327364297705654,0.07352316192095197
logit,fe,2,2000,4,False,0.3477473258972168,Black men,2846,0.2501756851721715,0.2768344878374963,0.18145290935494401,0.6562042585006791,0.07122774133083412,0.09205903021784961
logit,fe,2,2000,4,False,0.3477473258972168,White men,1872,0.2516025641025641,0.26462678528598177,0.1687620777072581,0.7155201546969029,0.05139186295503212,0.08333333333333333
logit,fe,2,2000,4,False,0.3477473258972168,Black women,261,0.13793103448275862,0.20446414942141516,0.10985576361157989,0.7723456790123457,0.008888888888888889,0.007662835249042145
logit,fe,2,2000,4,False,0.3477473258972168,White women,481,0.19750519750519752,0.2234941039938701,0.14631729774595398,0.7163348786473956,0.023316062176165803,0.035343035343035345
logit,fe,2,2000,5,False,0.3220326900482178,All,5460,0.24065934065934066,0.2595828932613767,0.1704821653758016,0.6851919768627736,0.049686444766039554,0.06721611721611721
logit,fe,2,2000,5,False,0.3220326900482178,Men,4718,0.2507418397626113,0.2664918553731693,0.17664964247421494,0.6740810707082059,0.0545968882602546,0.07291225095379399
logit,fe,2,2000,5,False,0.3220326900482178,Women,742,0.1765498652291105,0.2156523228524313,0.1312663204292868,0.7494159243387765,0.02127659574468085,0.03099730458221024
logit,fe,2,2000,5,False,0.3220326900482178,Black,3107,0.24074670099774703,0.2633300135075644,0.17408905778646747,0.6667223943799262,0.054684188215345486,0.07080785323463147
logit,fe,2,2000,5,False,0.3220326900482178,White,2353,0.24054398640034,0.25463503835066464,0.16571947318713237,0.7095700989280651,0.04308897593732513,0.0624734381640459
logit,fe,2,2000,5,False,0.3220326900482178,Black men,2846,0.2501756851721715,0.26939420057233787,0.1803409459560973,0.653923106894264,0.05951265229615745,0.07624736472241743
logit,fe,2,2000,5,False,0.3220326900482178,White men,1872,0.2516025641025641,0.2620794224475101,0.17103775694566947,0.7043406968937868,0.047109207708779445,0.06784188034188034
logit,fe,2,2000,5,False,0.3220326900482178,Black women,261,0.13793103448275862,0.1972048166250152,0.10591712778353068,0.7960493827160494,0.008888888888888889,0.011494252873563218
logit,fe,2,2000,5,False,0.3220326900482178,White women,481,0.19750519750519752,0.22566230024402303,0.14502128774850162,0.7244341423506954,0.02849740932642487,0.04158004158004158
logit,fe,2,2000,6,False,0.33206629753112793,All,5460,0.24065934065934066,0.2619620729416019,0.1675068322851938,0.6987026427335291,0.026772793053545588,0.03956043956043956
logit,fe,2,2000,6,False,0.33206629753112793,Men,4718,0.2507418397626113,0.27543284013080854,0.17347895633025484,0.6881968863472508,0.0314002828854314,0.04578211106401017
logit,fe,2,2000,6,False,0.33206629753112793,Women,742,0.1765498652291105,0.17630832685174072,0.12953313788546622,0.7622593420871803,0.0,0.0
logit,fe,2,2000,6,False,0.33206629753112793,Black,3107,0.24074670099774703,0.2694721848012138,0.1722122400480399,0.6744553229978261,0.03603221704111912,0.04473768908915352
logit,fe,2,2000,6,False,0.33206629753112793,White,2353,0.24054398640034,0.2520454059004569,0.1612936142999993,0.7301239220835203,0.014549524342473419,0.03272418189545261
logit,fe,2,2000,6,False,0.33206629753112793,Black men,2846,0.2501756851721715,0.27879918414864163,0.17836845111360014,0.6600511515011109,0.039831302717900655,0.048840477863668304
logit,fe,2,2000,6,False,0.33206629753112793,White men,1872,0.2516025641025641,0.27031499019771404,0.1660454615901904,0.7301836267997837,0.018558172733761598,0.04113247863247863
logit,fe,2,2000,6,False,0.33206629753112793,Black women,261,0.13793103448275862,0.16776858272159859,0.10508359371629866,0.8154320987654321,0.0,0.0
logit,fe,2,2000,6,False,0.33206629753112793,White women,481,0.19750519750519752,0.18094215890572635,0.1427999383597962,0.7400599945459504,0.0,0.0
logit,fe,2,2000,7,False,0.3759162425994873,All,5460,0.24065934065934066,0.2566056021840829,0.16783273249159114,0.6965865762676025,0.03280270139893873,0.04468864468864469
logit,fe,2,2000,7,False,0.3759162425994873,Men,4718,0.2507418397626113,0.2673694176893183,0.17362017946858785,0.6870211064096386,0.03762376237623762,0.05086901229334464
logit,fe,2,2000,7,False,0.3759162425994873,Women,742,0.1765498652291105,0.1881639828394726,0.1310333054869142,0.7401956497295137,0.004909983633387889,0.005390835579514825
logit,fe,2,2000,7,False,0.3759162425994873,Black,3107,0.24074670099774703,0.26647919843400586,0.17095566427658887,0.6829623945612775,0.040695209834675714,0.051496620534277435
logit,fe,2,2000,7,False,0.3759162425994873,White,2353,0.24054398640034,0.24356809111374259,0.16370908223405276,0.7148279387251073,0.02238388360380526,0.035699107522311944
logit,fe,2,2000,7,False,0.3759162425994873,Black men,2846,0.2501756851721715,0.2741773342009886,0.17709239330295826,0.668926976822552,0.04451733833177132,0.05586788475052706
logit,fe,2,2000,7,False,0.3759162425994873,White men,1872,0.2516025641025641,0.2570193480353581,0.16834137574389862,0.7144229705503045,0.027123483226266953,0.04326923076923077
logit,fe,2,2000,7,False,0.3759162425994873,Black women,261,0.13793103448275862,0.18253707432353536,0.104039454280239,0.8120987654320988,0.0044444444444444444,0.0038314176245210726
logit,fe,2,2000,7,False,0.3759162425994873,White women,481,0.19750519750519752,0.1912172533647525,0.14568069668222028,0.7064085083174257,0.0051813471502590676,0.006237006237006237
logit,fe,2,2000,8,False,0.42931103706359863,All,5460,0.24065934065934066,0.25369948616514637,0.16796229547279165,0.6959175042457162,0.014230583695127834,0.023076923076923078
logit,fe,2,2000,8,False,0.42931103706359863,Men,4718,0.2507418397626113,0.2589906769718111,0.1735640817602307,0.6858154357882352,0.01640735502121641,0.02607036880033913
logit,fe,2,2000,8,False,0.42931103706359863,Women,742,0.1765498652291105,0.22005549933786334,0.13234339021115085,0.7497782386526906,0.0016366612111292963,0.004043126684636119
logit,fe,2,2000,8,False,0.42931103706359863,Black,3107,0.24074670099774703,0.25780608874967365,0.17181127606971086,0.6714176903564232,0.01738024586689275,0.02510460251046025
logit,fe,2,2000,8,False,0.42931103706359863,White,2353,0.24054398640034,0.24827695568060493,0.16287993987796465,0.7280318594640128,0.010072747621712367,0.020399490012749683
logit,fe,2,2000,8,False,0.42931103706359863,Black men,2846,0.2501756851721715,0.2624275000707147,0.17755299638424496,0.6580253625096091,0.019212746016869727,0.027406886858749122
logit,fe,2,2000,8,False,0.42931103706359863,White men,1872,0.2516025641025641,0.25376567775200365,0.16749973826667058,0.7273451932271611,0.012134189864382585,0.02403846153846154
logit,fe,2,2000,8,False,0.42931103706359863,Black women,261,0.13793103448275862,0.20741322813786198,0.10920232582004005,0.8085185185185185,0.0,0.0
logit,fe,2,2000,8,False,0.42931103706359863,White women,481,0.19750519750519752,0.22691544275408027,0.14490018398678484,0.7201799836378511,0.0025906735751295338,0.006237006237006237
logit,fe,2,2000,9,False,0.39601922035217285,All,5460,0.24065934065934066,0.2667359098348077,0.16836806371366078,0.6938992746488336,0.04100337674867342,0.05970695970695971
logit,fe,2,2000,9,False,0.39601922035217285,Men,4718,0.2507418397626113,0.2758872579814474,0.17407054604384486,0.6846329603374539,0.047524752475247525,0.06803730394234846
logit,fe,2,2000,9,False,0.39601922035217285,Women,742,0.1765498652291105,0.20854714897787208,0.1321088836141885,0.7351857173198737,0.0032733224222585926,0.006738544474393531
logit,fe,2,2000,9,False,0.39601922035217285,Black,3107,0.24074670099774703,0.2783549116660639,0.17259919749762778,0.6762609009074361,0.05383637134378974,0.07241712262632764
logit,fe,2,2000,9,False,0.39601922035217285,White,2353,0.24054398640034,0.25139369194712685,0.16278109700444468,0.7184752066851089,0.024062674874090653,0.042923926901827454
logit,fe,2,2000,9,False,0.39601922035217285,Black men,2846,0.2501756851721715,0.2848237135273095,0.178532139254503,0.6635288217516295,0.059044048734770385,0.07870695713281799
logit,fe,2,2000,9,False,0.39601922035217285,White men,1872,0.2516025641025641,0.26230117225306954,0.16728758969900878,0.7177069457515182,0.029978586723768737,0.05181623931623932
logit,fe,2,2000,9,False,0.39601922035217285,Black women,261,0.13793103448275862,0.2078177082288804,0.10790512761231422,0.8049382716049382,0.0044444444444444444,0.0038314176245210726
logit,fe,2,2000,9,False,0.39601922035217285,White women,481,0.19750519750519752,0.20894295778345798,0.1452423146256005,0.7105808562857923,0.0025906735751295338,0.008316008316008316
logit,fe,2,4000,0,False,0.5086979866027832,All,5460,0.24065934065934066,0.26717090609263533,0.16687864914061032,0.705603170722216,0.04148576941630487,0.06062271062271062
logit,fe,2,4000,0,False,0.5086979866027832,Men,4718,0.2507418397626113,0.27620775330484215,0.1725780904380129,0.6958347929950585,0.04695898161244696,0.06803730394234846
logit,fe,2,4000,0,False,0.5086979866027832,Women,742,0.1765498652291105,0.20971019834709423,0.13063880541939032,0.7532764458215165,0.009819967266775777,0.013477088948787063
logit,fe,2,4000,0,False,0.5086979866027832,Black,3107,0.24074670099774703,0.27631032059284166,0.17160225097661744,0.6842664230515513,0.051716829164900384,0.06694560669456066
logit,fe,2,4000,0,False,0.5086979866027832,White,2353,0.24054398640034,0.25510283943214185,0.16064140693726395,0.7342684998250023,0.027979854504756575,0.05227369315767106
logit,fe,2,4000,0,False,0.5086979866027832,Black men,2846,0.2501756851721715,0.2832626582277406,0.17765283236791946,0.6706230321283025,0.05670103092783505,0.07238229093464511
logit,fe,2,4000,0,False,0.5086979866027832,White men,1872,0.2516025641025641,0.2654821873803928,0.16486296461936223,0.7341495534733303,0.032119914346895075,0.06143162393162393
logit,fe,2,4000,0,False,0.5086979866027832,Black women,261,0.13793103448275862,0.20050053933260326,0.10562541327682617,0.8176543209876543,0.0044444444444444444,0.007662835249042145
logit,fe,2,4000,0,False,0.5086979866027832,White women,481,0.19750519750519752,0.21470753930921926,0.14421156082315173,0.7267521134442323,0.012953367875647668,0.016632016632016633
logit,fe,2,4000,1,False,0.4761688709259033,All,5460,0.24065934065934066,0.24288382971556882,0.16699783268113766,0.7021416178583676,0.029184756391702846,0.04358974358974359
logit,fe,2,4000,1,False,0.4761688709259033,Men,4718,0.2507418397626113,0.2511172846402074,0.17267053992405015,0.6930367858667281,0.033663366336633666,0.04959728698601102
logit,fe,2,4000,1,False,0.4761688709259033,Women,742,0.1765498652291105,0.19053148425135774,0.13092797719318477,0.7447433190489874,0.0032733224222585926,0.005390835579514825
logit,fe,2,4000,1,False,0.4761688709259033,Black,3107,0.24074670099774703,0.2514205815712532,0.17126579428546598,0.6805498568458946,0.03857566765578635,0.051496620534277435
logit,fe,2,4000,1,False,0.4761688709259033,White,2353,0.24054398640034,0.2316115441160741,0.16136223697155497,0.7309089399095549,0.016787912702853944,0.03314917127071823
logit,fe,2,4000,1,False,0.4761688709259033,Black men,2846,0.2501756851721715,0.2578938860206218,0.1773197664916744,0.6676705664311364,0.042642924086223055,0.05621925509486999
logit,fe,2,4000,1,False,0.4761688709259033,White men,1872,0.2516025641025641,0.24081482335353033,0.16560232474698888,0.7314232630317139,0.01998572448251249,0.03952991452991453
logit,fe,2,4000,1,False,0.4761688709259033,Black women,261,0.13793103448275862,0.18083428094710283,0.10525198241240379,0.8013580246913581,0.0,0.0
logit,fe,2,4000,1,False,0.4761688709259033,White women,481,0.19750519750519752,0.19579337627300125,0.1448602737374339,0.7191437142077993,0.0051813471502590676,0.008316008316008316
logit,fe,2,4000,2,False,0.4847102165222168,All,5460,0.24065934065934066,0.2598456909931079,0.16658164730777658,0.7044384897952289,0.043174143753014954,0.062454212454212454
logit,fe,2,4000,2,False,0.4847102165222168,Men,4718,0.2507418397626113,0.2693554314871722,0.17245163501448119,0.6942302610891449,0.04865629420084865,0.06973293768545995
logit,fe,2,4000,2,False,0.4847102165222168,Women,742,0.1765498652291105,0.1993780957761328,0.12925738585193772,0.7549380942267089,0.011456628477905073,0.016172506738544475
logit,fe,2,4000,2,False,0.4847102165222168,Black,3107,0.24074670099774703,0.2667226583152436,0.17157449765312047,0.6817507418397626,0.05426027977956761,0.06855487608625684
logit,fe,2,4000,2,False,0.4847102165222168,White,2353,0.24054398640034,0.25076505458432086,0.15998887806723966,0.7340509885885697,0.028539451594851706,0.05439864003399915
logit,fe,2,4000,2,False,0.4847102165222168,Black men,2846,0.2501756851721715,0.27442143871169783,0.1776931453963237,0.6685406421448354,0.05998125585754452,0.07484188334504568
logit,fe,2,4000,2,False,0.4847102165222168,White men,1872,0.2516025641025641,0.26165358503364666,0.1644829712608894,0.7327174553814306,0.03140613847251963,0.06196581196581197
logit,fe,2,4000,2,False,0.4847102165222168,Black women,261,0.13793103448275862,0.1827735050267052,0.10485544984792287,0.7985185185185186,0.0,0.0
logit,fe,2,4000,2,False,0.4847102165222168,White women,481,0.19750519750519752,0.20838807121397188,0.14249835320546764,0.7305699481865284,0.018134715025906734,0.02494802494802495
logit,fe,2,4000,3,False,0.5058774948120117,All,5460,0.24065934065934066,0.2584961525284338,0.16682665218157638,0.7056720052923688,0.03762662807525326,0.051648351648351645
logit,fe,2,4000,3,False,0.5058774948120117,Men,4718,0.2507418397626113,0.2664518765862729,0.17210865123691385,0.6985008028637666,0.042998585572843,0.05871131835523527
logit,fe,2,4000,3,False,0.5058774948120117,Women,742,0.1765498652291105,0.2079097561606645,0.13324111101839273,0.7326994915106009,0.006546644844517185,0.006738544474393531
logit,fe,2,4000,3,False,0.5058774948120117,Black,3107,0.24074670099774703,0.26938553680801597,0.17106844786309292,0.6857200662838644,0.048749470114455275,0.06211779851947216
logit,fe,2,4000,3,False,0.5058774948120117,White,2353,0.24054398640034,0.2441173522918585,0.161225607055154,0.7331779775805236,0.02294348069390039,0.037824054398640033
logit,fe,2,4000,3,False,0.5058774948120117,Black men,2846,0.2501756851721715,0.2758546772445746,0.1767661983249997,0.6743369786127228,0.05388940955951265,0.06781447645818693
logit,fe,2,4000,3,False,0.5058774948120117,White men,1872,0.2516025641025641,0.25215680678203867,0.16502778637970641,0.7363666534822716,0.026409707351891507,0.04487179487179487
logit,fe,2,4000,3,False,0.5058774948120117,Black women,261,0.13793103448275862,0.19884464147297437,0.10893895432061464,0.7838271604938271,0.0,0.0
logit,fe,2,4000,3,False,0.5058774948120117,White women,481,0.19750519750519752,0.21282866454629262,0.14642793617040953,0.7097354785928552,0.010362694300518135,0.010395010395010396
logit,fe,2,4000,4,False,0.49570727348327637,All,5460,0.24065934065934066,0.2652508259742561,0.1671031466690794,0.7030043444709503,0.04341534008683068,0.06465201465201466
logit,fe,2,4000,4,False,0.49570727348327637,Men,4718,0.2507418397626113,0.2701484759112822,0.1726682984617797,0.6940621558835028,0.04865629420084865,0.0712166172106825
logit,fe,2,4000,4,False,0.49570727348327637,Women,742,0.1765498652291105,0.23410916505391974,0.1317171814966266,0.7555752676753165,0.01309328968903437,0.022911051212938006
logit,fe,2,4000,4,False,0.49570727348327637,Black,3107,0.24074670099774703,0.2715649230652675,0.17187011281479114,0.6796164648756724,0.05002119542178889,0.06919858384293531
logit,fe,2,4000,4,False,0.49570727348327637,White,2353,0.24054398640034,0.2569134270529758,0.16080864441037712,0.7335309389960077,0.03469501958589815,0.058648533786655334
logit,fe,2,4000,4,False,0.49570727348327637,Black men,2846,0.2501756851721715,0.2760277813997374,0.1776670690649894,0.6677251929698935,0.054826616682286784,0.07484188334504568
logit,fe,2,4000,4,False,0.49570727348327637,White men,1872,0.2516025641025641,0.2612101728022313,0.1650686717861735,0.7333145417816513,0.039257673090649536,0.06570512820512821
logit,fe,2,4000,4,False,0.49570727348327637,Black women,261,0.13793103448275862,0.22290095823805914,0.10865885807125009,0.8188888888888889,0.0044444444444444444,0.007662835249042145
logit,fe,2,4000,4,False,0.49570727348327637,White women,481,0.19750519750519752,0.24019095710992724,0.1442290784072778,0.7300245432233433,0.018134715025906734,0.031185031185031187
logit,fe,2,4000,5,False,0.46544742584228516,All,5460,0.24065934065934066,0.2591712175134483,0.16751341021122607,0.6968007894499181,0.023154848046309694,0.03736263736263736
logit,fe,2,4000,5,False,0.46544742584228516,Men,4718,0.2507418397626113,0.26734216579111925,0.17327328221597532,0.6864706395769392,0.026591230551626592,0.04217888935989826
logit,fe,2,4000,5,False,0.46544742584228516,Women,742,0.1765498652291105,0.20721631997429552,0.13088931840744317,0.7470046601116926,0.0032733224222585926,0.006738544474393531
logit,fe,2,4000,5,False,0.46544742584228516,Black,3107,0.24074670099774703,0.26641161487583476,0.17131034338301707,0.674938737296915,0.026706231454005934,0.041519150305761185
logit,fe,2,4000,5,False,0.46544742584228516,White,2353,0.24054398640034,0.24961069281946854,0.16249978022195508,0.7256075978652262,0.01846670397313934,0.03187420314492138
logit,fe,2,4000,5,False,0.46544742584228516,Black men,2846,0.2501756851721715,0.27264439617186287,0.1771737472141185,0.6617261459726419,0.029522024367385193,0.044975404075895994
logit,fe,2,4000,5,False,0.46544742584228516,White men,1872,0.2516025641025641,0.25928118947509554,0.167343408613029,0.7235247495343786,0.02212705210563883,0.037927350427350424
logit,fe,2,4000,5,False,0.46544742584228516,Black women,261,0.13793103448275862,0.19844803032220973,0.10737452996035574,0.7975308641975308,0.0,0.0038314176245210726
logit,fe,2,4000,5,False,0.46544742584228516,White women,481,0.19750519750519752,0.21197416529486593,0.14364890215939702,0.7246523043359694,0.0051813471502590676,0.008316008316008316
logit,fe,2,4000,6,False,0.4427666664123535,All,5460,0.24065934065934066,0.256146109896186,0.1657288419487065,0.7105185097076935,0.03087313072841293,0.04377289377289377
logit,fe,2,4000,6,False,0.4427666664123535,Men,4718,0.2507418397626113,0.26555324504291317,0.17131191029602405,0.7014088077084487,0.03592644978783593,0.05002119542178889
logit,fe,2,4000,6,False,0.4427666664123535,Women,742,0.1765498652291105,0.19633092981227956,0.1302289545327438,0.7523769068352468,0.0016366612111292963,0.004043126684636119
logit,fe,2,4000,6,False,0.4427666664123535,Black,3107,0.24074670099774703,0.26549504973208093,0.17045968862790253,0.6877494995840256,0.04027130139889784,0.04763437399420663
logit,fe,2,4000,6,False,0.4427666664123535,White,2353,0.24054398640034,0.2438013771847005,0.15948203335021,0.7402737873254226,0.01846670397313934,0.03867403314917127
logit,fe,2,4000,6,False,0.4427666664123535,Black men,2846,0.2501756851721715,0.27234080008756045,0.17637504000091628,0.674333687857376,0.04451733833177132,0.05200281096275474
logit,fe,2,4000,6,False,0.4427666664123535,White men,1872,0.2516025641025641,0.2552341309098651,0.1636144385331377,0.7416207107146701,0.022840827980014276,0.04700854700854701
logit,fe,2,4000,6,False,0.4427666664123535,Black women,261,0.13793103448275862,0.1908475190359335,0.10595742806239655,0.8148148148148149,0.0,0.0
logit,fe,2,4000,6,False,0.4427666664123535,White women,481,0.19750519750519752,0.19930633565973552,0.14339915912476173,0.7264794109626397,0.0025906735751295338,0.006237006237006237
logit,fe,2,4000,7,False,0.47055578231811523,All,5460,0.24065934065934066,0.2570235466104585,0.16679628435183005,0.7043938849937701,0.041726965750120595,0.05970695970695971
logit,fe,2,4000,7,False,0.47055578231811523,Men,4718,0.2507418397626113,0.2656803254459154,0.172570356358899,0.694769728150209,0.047807637906647805,0.06761339550657058
logit,fe,2,4000,7,False,0.47055578231811523,Women,742,0.1765498652291105,0.20197950005293108,0.13008190196725958,0.7540260616434077,0.006546644844517185,0.009433962264150943
logit,fe,2,4000,7,False,0.47055578231811523,Black,3107,0.24074670099774703,0.2675479649295563,0.17112371580032595,0.6851646782262945,0.05214073760067826,0.06952043772127454
logit,fe,2,4000,7,False,0.47055578231811523,White,2353,0.24054398640034,0.24312666275264438,0.16108216216293217,0.7307764557928185,0.027979854504756575,0.04674883127921802
logit,fe,2,4000,7,False,0.47055578231811523,Black men,2846,0.2501756851721715,0.2743115256787449,0.17715234631540108,0.6723315923043711,0.05670103092783505,0.07519325368938862
logit,fe,2,4000,7,False,0.47055578231811523,White men,1872,0.2516025641025641,0.25255831910903886,0.16560436094425965,0.7296320038310518,0.034261241970021415,0.05608974358974359
logit,fe,2,4000,7,False,0.47055578231811523,Black women,261,0.13793103448275862,0.19379664733495577,0.10538623516467939,0.8154320987654321,0.008888888888888889,0.007662835249042145
logit,fe,2,4000,7,False,0.47055578231811523,White women,481,0.19750519750519752,0.20641967585208193,0.14348225339236026,0.7256613035178621,0.0051813471502590676,0.010395010395010396
logit,fe,2,4000,8,False,0.4792594909667969,All,5460,0.24065934065934066,0.2511467999617074,0.1666114511680004,0.7016930000198244,0.028219971056439943,0.045970695970695974
logit,fe,2,4000,8,False,0.4792594909667969,Men,4718,0.2507418397626113,0.25903898875078685,0.17214776126854645,0.6932096735817768,0.0314002828854314,0.05086901229334464
logit,fe,2,4000,8,False,0.4792594909667969,Women,742,0.1765498652291105,0.2009643920009568,0.1314088756230191,0.740757861595932,0.009819967266775777,0.014824797843665768
logit,fe,2,4000,8,False,0.4792594909667969,Black,3107,0.24074670099774703,0.257870130223687,0.1708441711599749,0.6802517608068316,0.03136922424756253,0.045703250724171224
logit,fe,2,4000,8,False,0.4792594909667969,White,2353,0.24054398640034,0.24226903237820951,0.161022389963128,0.7295781666175619,0.024062674874090653,0.046323841903952404
logit,fe,2,4000,8,False,0.4792594909667969,Black men,2846,0.2501756851721715,0.26419940867252123,0.17670590661376606,0.6675534155407896,0.03420805998125586,0.04954321855235418
logit,fe,2,4000,8,False,0.4792594909667969,White men,1872,0.2516025641025641,0.2511936067543894,0.1652180167960598,0.7315187362378404,0.027123483226266953,0.052884615384615384
logit,fe,2,4000,8,False,0.4792594909667969,Black women,261,0.13793103448275862,0.18885432001149446,0.10692655008147084,0.8097530864197531,0.0044444444444444444,0.0038314176245210726
logit,fe,2,4000,8,False,0.4792594909667969,White women,481,0.19750519750519752,0.2075355537249686,0.14469346391063675,0.707608399236433,0.012953367875647668,0.02079002079002079
logit,fe,2,4000,9,False,0.4771444797515869,All,5460,0.24065934065934066,0.2619439401270791,0.16679488789333427,0.7024661499117817,0.03473227206946455,0.05402930402930403
logit,fe,2,4000,9,False,0.4771444797515869,Men,4718,0.2507418397626113,0.27151887861710383,0.1722538017811186,0.6943653669798812,0.04016973125884017,0.06167867740568037
logit,fe,2,4000,9,False,0.4771444797515869,Women,742,0.1765498652291105,0.20106178406786518,0.13208443543704515,0.7362101922764583,0.0032733224222585926,0.005390835579514825
logit,fe,2,4000,9,False,0.4771444797515869,Black,3107,0.24074670099774703,0.27424516130738447,0.17119627887500297,0.6827612080710352,0.04451038575667656,0.06404892178950757
logit,fe,2,4000,9,False,0.4771444797515869,White,2353,0.24054398640034,0.2457008911652395,0.1609831064313518,0.7298797162862527,0.02182428651371013,0.040798980025499365
logit,fe,2,4000,9,False,0.4771444797515869,Black men,2846,0.2501756851721715,0.2812353369127757,0.1770847060614792,0.6700978275749503,0.04920337394564199,0.06992269852424456
logit,fe,2,4000,9,False,0.4771444797515869,White men,1872,0.2516025641025641,0.2567469553748592,0.16490938213266443,0.7320961218177492,0.026409707351891507,0.049145299145299144
logit,fe,2,4000,9,False,0.4771444797515869,Black women,261,0.13793103448275862,0.1980227866984054,0.10698760541633887,0.8011111111111111,0.0,0.0
logit,fe,2,4000,9,False,0.4771444797515869,White women,481,0.19750519750519752,0.20271080343050343,0.14570246586408117,0.7125170439050996,0.0051813471502590676,0.008316008316008316
logit,fe,2,8000,0,False,0.9274499416351318,All,5460,0.24065934065934066,0.2632358709137468,0.16585241905937922,0.7107387803321829,0.042450554751567775,0.06190476190476191
logit,fe,2,8000,0,False,0.9274499416351318,Men,4718,0.2507418397626113,0.27104715779207117,0.17145959748853226,0.7017132144321787,0.04865629420084865,0.06973293768545995
logit,fe,2,8000,0,False,0.9274499416351318,Women,742,0.1765498652291105,0.21356787698930685,0.1301992279155193,0.7546007671068578,0.006546644844517185,0.012129380053908356
logit,fe,2,8000,0,False,0.9274499416351318,Black,3107,0.24074670099774703,0.2715944895420312,0.1706403744511075,0.6895176738081259,0.054684188215345486,0.07145156099130995
logit,fe,2,8000,0,False,0.9274499416351318,White,2353,0.24054398640034,0.2521987999073381,0.15953020171892035,0.7387966882925565,0.02630106323447118,0.04929876753081173
logit,fe,2,8000,0,False,0.9274499416351318,Black men,2846,0.2501756851721715,0.2779206113872033,0.176540043366068,0.6770077556522014,0.05998125585754452,0.07765284609978917
logit,fe,2,8000,0,False,0.9274499416351318,White men,1872,0.2516025641025641,0.26059745216613844,0.16373579996317614,0.7387307519196933,0.03140613847251963,0.057692307692307696
logit,fe,2,8000,0,False,0.9274499416351318,Black women,261,0.13793103448275862,0.2026130996134495,0.10630911877303269,0.8128395061728396,0.0044444444444444444,0.0038314176245210726
logit,fe,2,8000,0,False,0.9274499416351318,White women,481,0.19750519750519752,0.21951215327849347,0.14316246801154633,0.7287701118080174,0.007772020725388601,0.016632016632016633
logit,fe,2,8000,1,False,0.8611037731170654,All,5460,0.24065934065934066,0.25350986512379775,0.16628380748329677,0.7066560643072746,0.03256150506512301,0.04798534798534799
logit,fe,2,8000,1,False,0.8611037731170654,Men,4718,0.2507418397626113,0.2613475707202411,0.17189435638286793,0.6975486052409129,0.03734087694483734,0.05447223399745655
logit,fe,2,8000,1,False,0.8611037731170654,Women,742,0.1765498652291105,0.20367388802943123,0.1306091852350801,0.7526142851788459,0.004909983633387889,0.006738544474393531
logit,fe,2,8000,1,False,0.8611037731170654,Black,3107,0.24074670099774703,0.26326805986185015,0.17073043704352478,0.6848133102715054,0.04408647732089869,0.058255551979401354
logit,fe,2,8000,1,False,0.8611037731170654,White,2353,0.24054398640034,0.2406247350553197,0.16041229110266417,0.7362003950795004,0.017347509792949075,0.034424139396515084
logit,fe,2,8000,1,False,0.8611037731170654,Black men,2846,0.2501756851721715,0.2695148827645982,0.176705567269949,0.6716398755304698,0.048266166822867856,0.06324666198172874
logit,fe,2,8000,1,False,0.8611037731170654,White men,1872,0.2516025641025641,0.24893081319981367,0.16457987658338466,0.7371001301769589,0.02069950035688794,0.04113247863247863
logit,fe,2,8000,1,False,0.8611037731170654,Black women,261,0.13793103448275862,0.19515136261579308,0.105576335034317,0.8159259259259259,0.0044444444444444444,0.0038314176245210726
logit,fe,2,8000,1,False,0.8611037731170654,White women,481,0.19750519750519752,0.20829837687134292,0.14419249896148173,0.7247068448322881,0.0051813471502590676,0.008316008316008316
logit,fe,2,8000,2,False,0.7828185558319092,All,5460,0.24065934065934066,0.2546228470043237,0.16576886792069462,0.7088576691990446,0.0426917510853835,0.06336996336996337
logit,fe,2,8000,2,False,0.7828185558319092,Men,4718,0.2507418397626113,0.26410751792657405,0.17148209818495608,0.6998229275892207,0.04922206506364922,0.0718524798643493
logit,fe,2,8000,2,False,0.7828185558319092,Women,742,0.1765498652291105,0.1943146564232222,0.1294413471837869,0.7517147461925764,0.004909983633387889,0.009433962264150943
logit,fe,2,8000,2,False,0.7828185558319092,Black,3107,0.24074670099774703,0.2652342587697533,0.17061205023187714,0.6880929334237067,0.055955913522679104,0.07402639201802381
logit,fe,2,8000,2,False,0.7828185558319092,White,2353,0.24054398640034,0.24061109334720937,0.15937372663686802,0.7368816007245101,0.02518186905428092,0.04929876753081173
logit,fe,2,8000,2,False,0.7828185558319092,Black men,2846,0.2501756851721715,0.27277137795458206,0.1767148671562759,0.675042516559081,0.061855670103092786,0.08081517919887561
logit,fe,2,8000,2,False,0.7828185558319092,White men,1872,0.2516025641025641,0.250935858931002,0.16352672399031068,0.7376805466523002,0.029978586723768737,0.05822649572649573
logit,fe,2,8000,2,False,0.7828185558319092,Black women,261,0.13793103448275862,0.1830478940187086,0.1040656250715747,0.814074074074074,0.0,0.0
logit,fe,2,8000,2,False,0.7828185558319092,White women,481,0.19750519750519752,0.20042822188596238,0.14321070990995607,0.723343332424325,0.007772020725388601,0.014553014553014554
logit,fe,2,8000,3,False,0.747776985168457,All,5460,0.24065934065934066,0.2572610858562964,0.16595126061267612,0.7087345012081843,0.040279787747226244,0.06208791208791209
logit,fe,2,8000,3,False,0.747776985168457,Men,4718,0.2507418397626113,0.26757079976308945,0.17153831390375307,0.7001354645789419,0.04667609618104668,0.07079270877490462
logit,fe,2,8000,3,False,0.747776985168457,Women,742,0.1765498652291105,0.19170686724140498,0.13042603496941316,0.7507402456241177,0.0032733224222585926,0.006738544474393531
logit,fe,2,8000,3,False,0.747776985168457,Black,3107,0.24074670099774703,0.26764651208699614,0.17088706874438583,0.6871261048255288,0.052988554472233995,0.07080785323463147
logit,fe,2,8000,3,False,0.747776985168457,White,2353,0.24054398640034,0.24354773298813498,0.15943381230616444,0.7377081434229547,0.023503077783995522,0.05057373565660858
logit,fe,2,8000,3,False,0.747776985168457,Black men,2846,0.2501756851721715,0.2754839510164238,0.176977447777137,0.6738282278361046,0.05857544517338332,0.07730147575544624
logit,fe,2,8000,3,False,0.747776985168457,White men,1872,0.2516025641025641,0.25554044267602244,0.1632692033248799,0.7400840467303458,0.028551034975017844,0.060897435897435896
logit,fe,2,8000,3,False,0.747776985168457,Black women,261,0.13793103448275862,0.18218539640442494,0.10447626902327535,0.8201234567901234,0.0,0.0
logit,fe,2,8000,3,False,0.747776985168457,White women,481,0.19750519750519752,0.19687340339203238,0.14450688509819065,0.7201254431415325,0.0051813471502590676,0.010395010395010396
logit,fe,2,8000,4,False,0.7587132453918457,All,5460,0.24065934065934066,0.25657097413904806,0.16591762283140624,0.7094880103027913,0.04052098408104197,0.06062271062271062
logit,fe,2,8000,4,False,0.7587132453918457,Men,4718,0.2507418397626113,0.26488742408698207,0.1715683604567248,0.7004157196301686,0.04582743988684583,0.06824925816023739
logit,fe,2,8000,4,False,0.7587132453918457,Women,742,0.1765498652291105,0.2036909056021846,0.12998746094966357,0.7545882735098263,0.009819967266775777,0.012129380053908356
logit,fe,2,8000,4,False,0.7587132453918457,Black,3107,0.24074670099774703,0.2664177159469936,0.1705176969376837,0.687769334871796,0.04917337855023315,0.06726746057289991
logit,fe,2,8000,4,False,0.7587132453918457,White,2353,0.24054398640034,0.24356892280148465,0.1598434918291946,0.7388233828533914,0.029099048684946838,0.05184870378240544
logit,fe,2,8000,4,False,0.7587132453918457,Black men,2846,0.2501756851721715,0.27295063896452226,0.17649543745605084,0.6751359740109305,0.05388940955951265,0.07308503162333099
logit,fe,2,8000,4,False,0.7587132453918457,White men,1872,0.2516025641025641,0.2526289254002944,0.1640777295058264,0.738953522733989,0.03354746609564597,0.060897435897435896
logit,fe,2,8000,4,False,0.7587132453918457,Black women,261,0.13793103448275862,0.19518132166390306,0.10533513174506705,0.8134567901234568,0.0044444444444444444,0.0038314176245210726
logit,fe,2,8000,4,False,0.7587132453918457,White women,481,0.19750519750519752,0.20830837214665757,0.14336429654716812,0.729560949004636,0.012953367875647668,0.016632016632016633
logit,fe,2,8000,5,False,0.7534270286560059,All,5460,0.24065934065934066,0.25900103749828046,0.1663579562444478,0.706678458487431,0.04076218041485769,0.06135531135531135
logit,fe,2,8000,5,False,0.7534270286560059,Men,4718,0.2507418397626113,0.26857076234470145,0.17201662899312714,0.697908249948289,0.04695898161244696,0.069520983467571
logit,fe,2,8000,5,False,0.7534270286560059,Women,742,0.1765498652291105,0.1981520323427352,0.13037733895567521,0.7460551467372971,0.004909983633387889,0.009433962264150943
logit,fe,2,8000,5,False,0.7534270286560059,Black,3107,0.24074670099774703,0.26950227351617784,0.1708557247170316,0.6864483047062904,0.050445103857566766,0.06919858384293531
logit,fe,2,8000,5,False,0.7534270286560059,White,2353,0.24054398640034,0.2451347645243717,0.16041891389667137,0.7337118687972222,0.027979854504756575,0.050998725031874206
logit,fe,2,8000,5,False,0.7534270286560059,Black men,2846,0.2501756851721715,0.27685513898602926,0.17693933333860898,0.6731378273643419,0.05576382380506092,0.07554462403373155
logit,fe,2,8000,5,False,0.7534270286560059,White men,1872,0.2516025641025641,0.25597603161755467,0.1645326457841307,0.7354164677641539,0.03354746609564597,0.060363247863247864
logit,fe,2,8000,5,False,0.7534270286560059,Black women,261,0.13793103448275862,0.18932505080661044,0.10451875101201534,0.81679012345679,0.0,0.0
logit,fe,2,8000,5,False,0.7534270286560059,White women,481,0.19750519750519752,0.20294172502657842,0.14440871411845113,0.715734933187892,0.007772020725388601,0.014553014553014554
logit,fe,2,8000,6,False,0.6963109970092773,All,5460,0.24065934065934066,0.25876042508307956,0.16573018815166177,0.7107663141602439,0.04148576941630487,0.05952380952380952
logit,fe,2,8000,6,False,0.6963109970092773,Men,4718,0.2507418397626113,0.2668425886139919,0.17130179612857385,0.7020030345022186,0.04695898161244696,0.06697753285290377
logit,fe,2,8000,6,False,0.6963109970092773,Women,742,0.1765498652291105,0.2073700645185992,0.1303031713928054,0.7502405017428568,0.009819967266775777,0.012129380053908356
logit,fe,2,8000,6,False,0.6963109970092773,Black,3107,0.24074670099774703,0.26798043493778323,0.17028758977693126,0.6896004152942536,0.05086901229334464,0.06694560669456066
logit,fe,2,8000,6,False,0.6963109970092773,White,2353,0.24054398640034,0.24658593693239356,0.1597124036851456,0.7389024778484581,0.029099048684946838,0.049723756906077346
logit,fe,2,8000,6,False,0.6963109970092773,Black men,2846,0.2501756851721715,0.27442972026304363,0.17616713696694797,0.6770880500826637,0.05576382380506092,0.07273366127898806
logit,fe,2,8000,6,False,0.6963109970092773,White men,1872,0.2516025641025641,0.2553078788526665,0.1639050226104047,0.7395975880134147,0.03354746609564597,0.05822649572649573
logit,fe,2,8000,6,False,0.6963109970092773,Black women,261,0.13793103448275862,0.19765604399643813,0.10617574570494846,0.8117283950617283,0.0044444444444444444,0.0038314176245210726
logit,fe,2,8000,6,False,0.6963109970092773,White women,481,0.19750519750519752,0.21264108189133113,0.14339518408413726,0.7239978183801472,0.012953367875647668,0.016632016632016633
logit,fe,2,8000,7,False,0.7597701549530029,All,5460,0.24065934065934066,0.25609114425407337,0.16625372799273638,0.7084053801834267,0.03931500241196334,0.05860805860805861
logit,fe,2,8000,7,False,0.7597701549530029,Men,4718,0.2507418397626113,0.26508399775364605,0.17180312282646606,0.7000599009303176,0.04554455445544554,0.06697753285290377
logit,fe,2,8000,7,False,0.7597701549530029,Women,742,0.1765498652291105,0.19891017011528112,0.1309679532952476,0.746529903424495,0.0032733224222585926,0.005390835579514825
logit,fe,2,8000,7,False,0.7597701549530029,Black,3107,0.24074670099774703,0.2675958761809977,0.170798961781551,0.6878991143260649,0.051716829164900384,0.06952043772127454
logit,fe,2,8000,7,False,0.7597701549530029,White,2353,0.24054398640034,0.24089981314614572,0.16025201044839002,0.7366116890538459,0.02294348069390039,0.04419889502762431
logit,fe,2,8000,7,False,0.7597701549530029,Black men,2846,0.2501756851721715,0.27463161774652395,0.17682669419111233,0.6750155323652369,0.05716963448922212,0.0758959943780745
logit,fe,2,8000,7,False,0.7597701549530029,White men,1872,0.2516025641025641,0.2505687592388327,0.164165791574445,0.7385610217754682,0.027837259100642397,0.053418803418803416
logit,fe,2,8000,7,False,0.7597701549530029,Black women,261,0.13793103448275862,0.19087664056610198,0.10507127428112319,0.8144444444444444,0.0,0.0
logit,fe,2,8000,7,False,0.7597701549530029,White women,481,0.19750519750519752,0.2032693202448773,0.1450199974172569,0.7166621216253066,0.0051813471502590676,0.008316008316008316
logit,fe,2,8000,8,False,0.7375638484954834,All,5460,0.24065934065934066,0.25322750249342685,0.1659701701590624,0.7071727824805556,0.03642064640617462,0.05457875457875458
logit,fe,2,8000,8,False,0.7375638484954834,Men,4718,0.2507418397626113,0.26230649468228295,0.1716594471910877,0.6981557448100807,0.04214992927864215,0.06189063162356931
logit,fe,2,8000,8,False,0.7375638484954834,Women,742,0.1765498652291105,0.1954988163114548,0.12979495582335454,0.7488287252782948,0.0032733224222585926,0.008086253369272238
logit,fe,2,8000,8,False,0.7375638484954834,Black,3107,0.24074670099774703,0.261727526344159,0.17069077511573488,0.6854134694071856,0.04578211106401017,0.06147409076279369
logit,fe,2,8000,8,False,0.7375638484954834,White,2353,0.24054398640034,0.24200371409384122,0.1597368851610253,0.7359146644098228,0.024062674874090653,0.04547386315342117
logit,fe,2,8000,8,False,0.7375638484954834,Black men,2846,0.2501756851721715,0.26881439975077825,0.17675369507536515,0.672211808809747,0.05060918462980318,0.06711173576950105
logit,fe,2,8000,8,False,0.7375638484954834,White men,1872,0.2516025641025641,0.25241253216896153,0.1639146664866787,0.737269860321184,0.02926481084939329,0.053952991452991456
logit,fe,2,8000,8,False,0.7375638484954834,Black women,261,0.13793103448275862,0.18445073816316895,0.10457939501953667,0.8159259259259258,0.0,0.0
logit,fe,2,8000,8,False,0.7375638484954834,White women,481,0.19750519750519752,0.20149371942310268,0.14347741189361746,0.7196891191709844,0.0051813471502590676,0.012474012474012475
logit,fe,2,8000,9,False,0.74295973777771,All,5460,0.24065934065934066,0.2580019058462885,0.16609963267148187,0.7083633452059199,0.040279787747226244,0.05860805860805861
logit,fe,2,8000,9,False,0.74295973777771,Men,4718,0.2507418397626113,0.26792399558295965,0.1716165432686155,0.7002904178837156,0.04639321074964639,0.0665536244171259
logit,fe,2,8000,9,False,0.74295973777771,Women,742,0.1765498652291105,0.19491239186028528,0.13102040868593412,0.7430941642408266,0.004909983633387889,0.008086253369272238
logit,fe,2,8000,9,False,0.74295973777771,Black,3107,0.24074670099774703,0.2705267967327756,0.1705540081804414,0.688919214839969,0.05426027977956761,0.07080785323463147
logit,fe,2,8000,9,False,0.74295973777771,White,2353,0.24054398640034,0.24146351401275035,0.1602178882149,0.7354133998785892,0.02182428651371013,0.042498937526561836
logit,fe,2,8000,9,False,0.74295973777771,Black men,2846,0.2501756851721715,0.27807830140019246,0.17664319544415477,0.6753676431873467,0.05998125585754452,0.07730147575544624
logit,fe,2,8000,9,False,0.74295973777771,White men,1872,0.2516025641025641,0.2524864131279144,0.16397452826242706,0.7391520463848237,0.02569593147751606,0.050213675213675216
logit,fe,2,8000,9,False,0.74295973777771,Black women,261,0.13793103448275862,0.1881835695930493,0.10415620376462409,0.8220987654320988,0.0,0.0
logit,fe,2,8000,9,False,0.74295973777771,White women,481,0.19750519750519752,0.19856358232130109,0.14559745127317303,0.7108535587673848,0.007772020725388601,0.012474012474012475
logit,fe,2,12651,0,True,1.0909740924835205,All,5460,0.24065934065934066,0.2569501150621958,0.16570141176859343,0.7103461479440306,0.04003859141341052,0.05970695970695971
logit,fe,2,12651,0,True,1.0909740924835205,Men,4718,0.2507418397626113,0.26639686442631116,0.17135560699098906,0.7013499828427476,0.04639321074964639,0.06803730394234846
logit,fe,2,12651,0,True,1.0909740924835205,Women,742,0.1765498652291105,0.196883048350745,0.12974926478845505,0.7531140290601067,0.0032733224222585926,0.006738544474393531
logit,fe,2,12651,0,True,1.0909740924835205,Black,3107,0.24074670099774703,0.267240568619388,0.17047411971237025,0.688756565480252,0.052988554472233995,0.07016414547795301
logit,fe,2,12651,0,True,1.0909740924835205,White,2353,0.24054398640034,0.24336216809993635,0.15939932779863403,0.7392949867614753,0.02294348069390039,0.045898852528686786
logit,fe,2,12651,0,True,1.0909740924835205,Black men,2846,0.2501756851721715,0.27453398595728395,0.17655434999319797,0.6753959436833293,0.05857544517338332,0.07659873506676036
logit,fe,2,12651,0,True,1.0909740924835205,White men,1872,0.2516025641025641,0.254026005517578,0.163451962448101,0.7407372046960694,0.027837259100642397,0.05502136752136752
logit,fe,2,12651,0,True,1.0909740924835205,Black women,261,0.13793103448275862,0.1877115810958177,0.10417398415974284,0.8193827160493827,0.0,0.0
logit,fe,2,12651,0,True,1.0909740924835205,White women,481,0.19750519750519752,0.2018596657177638,0.14362691186557333,0.7243523316062177,0.0051813471502590676,0.010395010395010396
logit,fe,2,12651,1,True,1.130586862564087,All,5460,0.24065934065934066,0.2569617195961766,0.1657012055188728,0.7103369700013437,0.04003859141341052,0.05970695970695971
logit,fe,2,12651,1,True,1.130586862564087,Men,4718,0.2507418397626113,0.266394726187814,0.1713548213850638,0.7013428090786376,0.04639321074964639,0.06803730394234846
logit,fe,2,12651,1,True,1.130586862564087,Women,742,0.1765498652291105,0.19698203617387774,0.129752742369696,0.7531390162541698,0.0032733224222585926,0.006738544474393531
logit,fe,2,12651,1,True,1.130586862564087,Black,3107,0.24074670099774703,0.26724012105852213,0.17047505154639989,0.6887469311976206,0.052988554472233995,0.07016414547795301
logit,fe,2,12651,1,True,1.130586862564087,White,2353,0.24054398640034,0.24338968672600753,0.15939761877534261,0.7392890546368451,0.02294348069390039,0.045898852528686786
logit,fe,2,12651,1,True,1.130586862564087,Black men,2846,0.2501756851721715,0.2745268237623165,0.17655446391614843,0.6753933110790519,0.05857544517338332,0.07659873506676036
logit,fe,2,12651,1,True,1.130586862564087,White men,1872,0.2516025641025641,0.25403150519580864,0.16344980928919486,0.7407190193234737,0.027837259100642397,0.05502136752136752
logit,fe,2,12651,1,True,1.130586862564087,Black women,261,0.13793103448275862,0.18778435134588262,0.10418383467167044,0.8193827160493827,0.0,0.0
logit,fe,2,12651,1,True,1.130586862564087,White women,481,0.19750519750519752,0.2019728797084032,0.14362693137007992,0.7243523316062177,0.0051813471502590676,0.010395010395010396
logit,fe,2,12651,2,True,1.1001458168029785,All,5460,0.24065934065934066,0.25709250117412547,0.1656865878968566,0.7098233723285762,0.03376748673420164,0.051831501831501835
logit,fe,2,12651,2,True,1.1001458168029785,Men,4718,0.2507418397626113,0.26652962174957234,0.1713393390481991,0.7006196936563599,0.03903818953323904,0.05892327257312421
logit,fe,2,12651,2,True,1.1001458168029785,Women,742,0.1765498652291105,0.19708665902458622,0.12974362302888662,0.7546507414949839,0.0032733224222585926,0.006738544474393531
logit,fe,2,12651,2,True,1.1001458168029785,Black,3107,0.24074670099774703,0.26679389424686883,0.1702345031441095,0.6882572829509468,0.043662568885120816,0.059221113614419056
logit,fe,2,12651,2,True,1.1001458168029785,White,2353,0.24054398640034,0.2442823744095639,0.1596813296421967,0.7386810118622719,0.020705092333519866,0.04207394815129622
logit,fe,2,12651,2,True,1.1001458168029785,Black men,2846,0.2501756851721715,0.274029249535299,0.17626336245172,0.6747463485778672,0.048266166822867856,0.0646521433591005
logit,fe,2,12651,2,True,1.1001458168029785,White men,1872,0.2516025641025641,0.25512794403687034,0.1638533504763933,0.7398643068114829,0.024982155603140613,0.050213675213675216
logit,fe,2,12651,2,True,1.1001458168029785,Black women,261,0.13793103448275862,0.1878980277684309,0.1044945277055681,0.8206172839506173,0.0,0.0
logit,fe,2,12651,2,True,1.1001458168029785,White women,481,0.19750519750519752,0.20207258991410082,0.14344427558478295,0.7259612762476139,0.0051813471502590676,0.010395010395010396
logit,fe,2,12651,3,True,1.071753978729248,All,5460,0.24065934065934066,0.25692871913281035,0.16569759188110336,0.7103457808263232,0.03979739507959479,0.05934065934065934
logit,fe,2,12651,3,True,1.071753978729248,Men,4718,0.2507418397626113,0.266351361359656,0.17135121726380068,0.7013578739832684,0.04611032531824611,0.06761339550657058
logit,fe,2,12651,3,True,1.071753978729248,Women,742,0.1765498652291105,0.19701493742626372,0.1297490682213111,0.7531265226571382,0.0032733224222585926,0.006738544474393531
logit,fe,2,12651,3,True,1.071753978729248,Black,3107,0.24074670099774703,0.2671803384815295,0.17046445193957405,0.6887491980876517,0.05256464603645612,0.06952043772127454
logit,fe,2,12651,3,True,1.071753978729248,White,2353,0.24054398640034,0.24339205049002655,0.15940322970444873,0.7392742243252702,0.02294348069390039,0.045898852528686786
logit,fe,2,12651,3,True,1.071753978729248,Black men,2846,0.2501756851721715,0.27445434624447784,0.17654351528126874,0.6754005507408148,0.05810684161199625,0.0758959943780745
logit,fe,2,12651,3,True,1.071753978729248,White men,1872,0.2516025641025641,0.2540324003648895,0.1634573710257055,0.740719019323474,0.027837259100642397,0.05502136752136752
logit,fe,2,12651,3,True,1.071753978729248,Black women,261,0.13793103448275862,0.18786299712769505,0.10417704094163101,0.8191358024691358,0.0,0.0
logit,fe,2,12651,3,True,1.071753978729248,White women,481,0.19750519750519752,0.2019809590851544,0.14362494996766556,0.7242977911098991,0.0051813471502590676,0.010395010395010396
logit,fe,2,12651,4,True,1.1053578853607178,All,5460,0.24065934065934066,0.2569388641815644,0.1656998993776033,0.7103461479440307,0.04003859141341052,0.05970695970695971
logit,fe,2,12651,4,True,1.1053578853607178,Men,4718,0.2507418397626113,0.26639609169715467,0.17135491870386446,0.7013507002191585,0.04639321074964639,0.06803730394234846
logit,fe,2,12651,4,True,1.1053578853607178,Women,742,0.1765498652291105,0.1968051722428113,0.12974251234081052,0.7531764970452643,0.0032733224222585926,0.006738544474393531
logit,fe,2,12651,4,True,1.1053578853607178,Black,3107,0.24074670099774703,0.26723012175498406,0.1704726141797862,0.6887418306950511,0.052988554472233995,0.07016414547795301
logit,fe,2,12651,4,True,1.1053578853607178,White,2353,0.24054398640034,0.24334985556251848,0.15939780635151646,0.7393137718228034,0.02294348069390039,0.045898852528686786
logit,fe,2,12651,4,True,1.1053578853607178,Black men,2846,0.2501756851721715,0.2745286423795445,0.1765526367698135,0.6753887040215663,0.05857544517338332,0.07659873506676036
logit,fe,2,12651,4,True,1.1053578853607178,White men,1872,0.2516025641025641,0.2540321818456153,0.16345283237069622,0.7407387201437856,0.027837259100642397,0.05502136752136752
logit,fe,2,12651,4,True,1.1053578853607178,Black women,261,0.13793103448275862,0.18764548689866617,0.10417474333220912,0.8193827160493827,0.0,0.0
logit,fe,2,12651,4,True,1.1053578853607178,White women,481,0.19750519750519752,0.20177539651479023,0.14361608346605997,0.7244068721025362,0.0051813471502590676,0.010395010395010396
logit,fe,2,12651,5,True,1.100172519683838,All,5460,0.24065934065934066,0.2569486812354007,0.16569962644879702,0.7103457808263232,0.03979739507959479,0.05952380952380952
logit,fe,2,12651,5,True,1.100172519683838,Men,4718,0.2507418397626113,0.2663742591323339,0.1713531663553011,0.7013614608653232,0.04611032531824611,0.06782534972445951
logit,fe,2,12651,5,True,1.100172519683838,Women,742,0.1765498652291105,0.19701623309829713,0.1297516462885729,0.7531390162541698,0.0032733224222585926,0.006738544474393531
logit,fe,2,12651,5,True,1.100172519683838,Black,3107,0.24074670099774703,0.26722698130889283,0.17047099416732106,0.6887559987577443,0.05256464603645612,0.06984229159961378
logit,fe,2,12651,5,True,1.100172519683838,White,2353,0.24054398640034,0.24337678224333112,0.15939931216853595,0.7392762017001469,0.02294348069390039,0.045898852528686786
logit,fe,2,12651,5,True,1.100172519683838,Black men,2846,0.2501756851721715,0.2745059370790933,0.17654887054800383,0.6754183208196877,0.05810684161199625,0.07624736472241743
logit,fe,2,12651,5,True,1.100172519683838,White men,1872,0.2516025641025641,0.25401167610002784,0.163454141711908,0.7407175038757576,0.027837259100642397,0.05502136752136752
logit,fe,2,12651,5,True,1.100172519683838,Black women,261,0.13793103448275862,0.1878556858223392,0.10419652604692632,0.8191358024691358,0.0,0.0
logit,fe,2,12651,5,True,1.100172519683838,White women,481,0.19750519750519752,0.20198692507132218,0.14361835394568262,0.7244068721025361,0.0051813471502590676,0.010395010395010396
logit,fe,2,12651,6,True,1.1216330528259277,All,5460,0.24065934065934066,0.2569543548768898,0.16570202938246484,0.7103400905018572,0.04003859141341052,0.05970695970695971
logit,fe,2,12651,6,True,1.1216330528259277,Men,4718,0.2507418397626113,0.26638923353654237,0.17135466232806715,0.7013526132229212,0.04639321074964639,0.06803730394234846
logit,fe,2,12651,6,True,1.1216330528259277,Women,742,0.1765498652291105,0.1969627679277782,0.12975981612457826,0.7530015866868229,0.0032733224222585926,0.006738544474393531
logit,fe,2,12651,6,True,1.1216330528259277,Black,3107,0.24074670099774703,0.2672415281171328,0.17047524306214812,0.6887525984226979,0.052988554472233995,0.07016414547795301
logit,fe,2,12651,6,True,1.1216330528259277,White,2353,0.24054398640034,0.24337073938286732,0.15939927761757913,0.7393019075735435,0.02294348069390039,0.045898852528686786
logit,fe,2,12651,6,True,1.1216330528259277,Black men,2846,0.2501756851721715,0.27452728719715125,0.17655419475266287,0.6754051577983005,0.05857544517338332,0.07659873506676036
logit,fe,2,12651,6,True,1.1216330528259277,White men,1872,0.2516025641025641,0.25401695751192016,0.16344981762699914,0.7407629673072464,0.027837259100642397,0.05502136752136752
logit,fe,2,12651,6,True,1.1216330528259277,Black women,261,0.13793103448275862,0.18779604788060975,0.10418904953262753,0.8195061728395062,0.0,0.0
logit,fe,2,12651,6,True,1.1216330528259277,White women,481,0.19750519750519752,0.20193680936709413,0.14363501379713361,0.7241341696209436,0.0051813471502590676,0.010395010395010396
logit,fe,2,12651,7,True,1.0802581310272217,All,5460,0.24065934065934066,0.2569724386224108,0.16570266387909774,0.7103446794732007,0.04003859141341052,0.05970695970695971
logit,fe,2,12651,7,True,1.0802581310272217,Men,4718,0.2507418397626113,0.266417892594318,0.17135762229458978,0.7013492654663365,0.04639321074964639,0.06803730394234846
logit,fe,2,12651,7,True,1.0802581310272217,Women,742,0.1765498652291105,0.19691360865009538,0.12974566414285585,0.7531140290601067,0.0032733224222585926,0.006738544474393531
logit,fe,2,12651,7,True,1.0802581310272217,Black,3107,0.24074670099774703,0.26726048472758596,0.17047882340077544,0.6887588323702828,0.052988554472233995,0.07016414547795301
logit,fe,2,12651,7,True,1.0802581310272217,White,2353,0.24054398640034,0.24338767056088118,0.15939602230074987,0.7392959754489136,0.02294348069390039,0.045898852528686786
logit,fe,2,12651,7,True,1.0802581310272217,Black men,2846,0.2501756851721715,0.2745539744540612,0.1765579800603902,0.6754156882154102,0.05857544517338332,0.07659873506676036
logit,fe,2,12651,7,True,1.0802581310272217,White men,1872,0.2516025641025641,0.2540486142968664,0.16345152282799363,0.7407159884280412,0.027837259100642397,0.05502136752136752
logit,fe,2,12651,7,True,1.0802581310272217,Black women,261,0.13793103448275862,0.18773070786341495,0.10419039484420983,0.8192592592592594,0.0,0.0
logit,fe,2,12651,7,True,1.0802581310272217,White women,481,0.19750519750519752,0.2018964300748845,0.14361245268120637,0.7244341423506955,0.0051813471502590676,0.010395010395010396
logit,fe,2,12651,8,True,1.2232131958007812,All,5460,0.24065934065934066,0.25694537542912577,0.1656985473941756,0.7103588135049389,0.04003859141341052,0.05970695970695971
logit,fe,2,12651,8,True,1.2232131958007812,Men,4718,0.2507418397626113,0.2663940118846571,0.17135252821601374,0.7013724606369586,0.04639321074964639,0.06803730394234846
logit,fe,2,12651,8,True,1.2232131958007812,Women,742,0.1765498652291105,0.19686630966470928,0.12974776367795962,0.7531390162541698,0.0032733224222585926,0.006738544474393531
logit,fe,2,12651,8,True,1.2232131958007812,Black,3107,0.24074670099774703,0.2672390935654512,0.17047244426948957,0.6887877352181768,0.052988554472233995,0.07016414547795301
logit,fe,2,12651,8,True,1.2232131958007812,White,2353,0.24054398640034,0.2433531177795025,0.15939489350909256,0.7392841111996535,0.02294348069390039,0.045898852528686786
logit,fe,2,12651,8,True,1.2232131958007812,Black men,2846,0.2501756851721715,0.2745337723165361,0.17655138363291908,0.6754505702220864,0.05857544517338332,0.07659873506676036
logit,fe,2,12651,8,True,1.2232131958007812,White men,1872,0.2516025641025641,0.25401914105713164,0.16344871276915868,0.7407084111894597,0.027837259100642397,0.05502136752136752
logit,fe,2,12651,8,True,1.2232131958007812,Black women,261,0.13793103448275862,0.18769635132182094,0.10418638515715063,0.8192592592592594,0.0,0.0
logit,fe,2,12651,8,True,1.2232131958007812,White women,481,0.19750519750519752,0.20184210826656757,0.143617867199646,0.7244341423506955,0.0051813471502590676,0.010395010395010396
logit,fe,2,12651,9,True,1.1511738300323486,All,5460,0.24065934065934066,0.2569325756243624,0.16570105472748023,0.7103411918549797,0.03979739507959479,0.05952380952380952
logit,fe,2,12651,9,True,1.1511738300323486,Men,4718,0.2507418397626113,0.2663740488886362,0.17135526400788054,0.7013497437172771,0.04611032531824611,0.06782534972445951
logit,fe,2,12651,9,True,1.1511738300323486,Women,742,0.1765498652291105,0.1968990569439801,0.12974881835965188,0.7530640546719806,0.0032733224222585926,0.006738544474393531
logit,fe,2,12651,9,True,1.1511738300323486,Black,3107,0.24074670099774703,0.2672231030813766,0.17047350352250326,0.6887616659828214,0.05256464603645612,0.06984229159961378
logit,fe,2,12651,9,True,1.1511738300323486,White,2353,0.24054398640034,0.2433445310816751,0.15939931294841667,0.7392623600760103,0.02294348069390039,0.045898852528686786
logit,fe,2,12651,9,True,1.1511738300323486,Black men,2846,0.2501756851721715,0.27451291125257943,0.17655279826554307,0.6754170045175489,0.05810684161199625,0.07624736472241743
logit,fe,2,12651,9,True,1.1511738300323486,White men,1872,0.2516025641025641,0.25400054339302575,0.1634534571182931,0.740699318503162,0.027837259100642397,0.05502136752136752
logit,fe,2,12651,9,True,1.1511738300323486,Black women,261,0.13793103448275862,0.18773347068580842,0.10418356927464359,0.8192592592592592,0.0,0.0
logit,fe,2,12651,9,True,1.1511738300323486,White women,481,0.19750519750519752,0.20187248316722917,0.14362102212511377,0.7242705208617399,0.0051813471502590676,0.010395010395010396
logit,fe,3,500,0,False,0.3354463577270508,All,4146,0.19826338639652677,0.19478716189025325,0.15328335686467065,0.6472766080792642,0.0030084235860409147,0.003859141341051616
logit,fe,3,500,0,False,0.3354463577270508,Men,3535,0.2065063649222065,0.20245642613112527,0.15910818484925085,0.6336981417722756,0.0035650623885918,0.004526166902404526
logit,fe,3,500,0,False,0.3354463577270508,Women,611,0.15057283142389524,0.15041588678144382,0.11958324733031543,0.6918823825081679,0.0,0.0
logit,fe,3,500,0,False,0.3354463577270508,Black,2359,0.19584569732937684,0.20030285165725098,0.1537387703087773,0.6330512748541215,0.0036900369003690036,0.0046629927935565915
logit,fe,3,500,0,False,0.3354463577270508,White,1787,0.20145495243424735,0.18750595754758534,0.15268217034276368,0.6668165537646967,0.002102312543798178,0.0027979854504756574
logit,fe,3,500,0,False,0.3354463577270508,Black men,2134,0.20290534208059982,0.20607533787428595,0.1587274834594595,0.6219151076733833,0.00411522633744856,0.005154639175257732
logit,fe,3,500,0,False,0.3354463577270508,White men,1401,0.21199143468950749,0.196944108029837,0.15968806833662746,0.6521830625091496,0.002717391304347826,0.0035688793718772305
logit,fe,3,500,0,False,0.3354463577270508,Black women,225,0.1288888888888889,0.14555402682546123,0.10642359758186264,0.6606263194933146,0.0,0.0
logit,fe,3,500,0,False,0.3354463577270508,White women,386,0.16321243523316062,0.15324987250708139,0.1272540276241027,0.701656101036906,0.0,0.0
logit,fe,3,500,1,False,0.33646106719970703,All,4146,0.19826338639652677,0.19527847902759177,0.15354578871870275,0.6519305149308575,0.00030084235860409147,0.000241196333815726
logit,fe,3,500,1,False,0.33646106719970703,Men,3535,0.2065063649222065,0.20181863057995725,0.15911643400777625,0.6367167240495202,0.00035650623885918,0.0002828854314002829
logit,fe,3,500,1,False,0.33646106719970703,Women,611,0.15057283142389524,0.15743979533264607,0.12131627792185355,0.7062704197034432,0.0,0.0
logit,fe,3,500,1,False,0.33646106719970703,Black,2359,0.19584569732937684,0.19758559110718513,0.15330405609514727,0.6345231819665135,0.0,0.0
logit,fe,3,500,1,False,0.33646106719970703,White,1787,0.20145495243424735,0.1922328845140156,0.1538648974254556,0.6731098652962704,0.000700770847932726,0.0005595970900951316
logit,fe,3,500,1,False,0.33646106719970703,Black men,2134,0.20290534208059982,0.201977081670815,0.1580441986394995,0.6208900347981692,0.0,0.0
logit,fe,3,500,1,False,0.33646106719970703,White men,1401,0.21199143468950749,0.2015772782402781,0.16074966047166106,0.6590817596252379,0.0009057971014492754,0.0007137758743754461
logit,fe,3,500,1,False,0.33646106719970703,Black women,225,0.1288888888888889,0.1559347428281355,0.1083464374744911,0.699155524278677,0.0,0.0
logit,fe,3,500,1,False,0.33646106719970703,White women,386,0.16321243523316062,0.15831709277698514,0.1288764180789949,0.7087326158533589,0.0,0.0
logit,fe,3,500,2,False,0.3368966579437256,All,4146,0.19826338639652677,0.181262472073848,0.1551728281976776,0.6231967757897294,0.00030084235860409147,0.000482392667631452
logit,fe,3,500,2,False,0.3368966579437256,Men,3535,0.2065063649222065,0.19227422400425337,0.160398690791181,0.613665909701365,0.00035650623885918,0.0005657708628005657
logit,fe,3,500,2,False,0.3368966579437256,Women,611,0.15057283142389524,0.1175529089413062,0.12493809126145089,0.6489067604925861,0.0,0.0
logit,fe,3,500,2,False,0.3368966579437256,Black,2359,0.19584569732937684,0.19353014755649095,0.15341150371233936,0.6223702496765227,0.0005271481286241434,0.000847816871555744
logit,fe,3,500,2,False,0.3368966579437256,White,1787,0.20145495243424735,0.1650680420438789,0.15749793421945318,0.6335085260453165,0.0,0.0
logit,fe,3,500,2,False,0.3368966579437256,Black men,2134,0.20290534208059982,0.20172381318788193,0.15812660119058494,0.6120757657837462,0.0005878894767783657,0.0009372071227741331
logit,fe,3,500,2,False,0.3368966579437256,White men,1401,0.21199143468950749,0.1778806313433945,0.16385953248116816,0.6257777045820525,0.0,0.0
logit,fe,3,500,2,False,0.3368966579437256,Black women,225,0.1288888888888889,0.11581778107920945,0.10869142362977906,0.654292751583392,0.0,0.0
logit,fe,3,500,2,False,0.3368966579437256,White women,386,0.16321243523316062,0.11856431766921234,0.13440829907783994,0.6423902894491129,0.0,0.0
logit,fe,3,500,3,False,0.3311789035797119,All,4146,0.19826338639652677,0.16699896708383816,0.15653984364375004,0.6165083401407152,0.0012033694344163659,0.00120598166907863
logit,fe,3,500,3,False,0.3311789035797119,Men,3535,0.2065063649222065,0.1775981157175495,0.16175935285260645,0.6061216516494518,0.00142602495543672,0.0014144271570014145
logit,fe,3,500,3,False,0.3311789035797119,Women,611,0.15057283142389524,0.10567656050418267,0.12634186483309945,0.6447181033760577,0.0,0.0
logit,fe,3,500,3,False,0.3311789035797119,Black,2359,0.19584569732937684,0.17830158304320684,0.15474855834635462,0.6132022080888712,0.0021085925144965737,0.00211954217888936
logit,fe,3,500,3,False,0.3311789035797119,White,1787,0.20145495243424735,0.15207850203171133,0.15890450061999833,0.6269913571595422,0.0,0.0
logit,fe,3,500,3,False,0.3311789035797119,Black men,2134,0.20290534208059982,0.18612388842927438,0.1594953264322306,0.6030062468348328,0.0023515579071134627,0.0023430178069353325
logit,fe,3,500,3,False,0.3311789035797119,White men,1401,0.21199143468950749,0.16461167819662095,0.16520791272489918,0.6163659542282731,0.0,0.0
logit,fe,3,500,3,False,0.3311789035797119,Black women,225,0.1288888888888889,0.10411136218157073,0.10972810014520198,0.6541168191414497,0.0,0.0
logit,fe,3,500,3,False,0.3311789035797119,White women,386,0.16321243523316062,0.10658891703938395,0.13602605409417962,0.6372303307287828,0.0,0.0
logit,fe,3,500,4,False,0.3293006420135498,All,4146,0.19826338639652677,0.19398691155715925,0.154281012522069,0.6378729054491261,0.003309265944645006,0.003859141341051616
logit,fe,3,500,4,False,0.3293006420135498,Men,3535,0.2065063649222065,0.2014404114965896,0.16020300584925193,0.6238991038507558,0.00392156862745098,0.004526166902404526
logit,fe,3,500,4,False,0.3293006420135498,Women,611,0.15057283142389524,0.1508639618257577,0.12001874343599446,0.7035896791488648,0.0,0.0
logit,fe,3,500,4,False,0.3293006420135498,Black,2359,0.19584569732937684,0.1990316441972125,0.15347202617561312,0.6288375128649245,0.004217185028993147,0.005510809665112336
logit,fe,3,500,4,False,0.3293006420135498,White,1787,0.20145495243424735,0.187327412789456,0.15534894693241563,0.6514755119520361,0.002102312543798178,0.0016787912702853946
logit,fe,3,500,4,False,0.3293006420135498,Black men,2134,0.20290534208059982,0.20510646247797132,0.15821301170667285,0.6201025615960181,0.004703115814226925,0.006091846298031865
logit,fe,3,500,4,False,0.3293006420135498,White men,1401,0.21199143468950749,0.19585629101531296,0.163234160381917,0.6311026936026936,0.002717391304347826,0.0021413276231263384
logit,fe,3,500,4,False,0.3293006420135498,Black women,225,0.1288888888888889,0.1414153677032602,0.10850641229436238,0.6688951442646024,0.0,0.0
logit,fe,3,500,4,False,0.3293006420135498,White women,386,0.16321243523316062,0.15637156202669536,0.12672929915326703,0.7182171114059659,0.0,0.0
logit,fe,3,500,5,False,0.2962222099304199,All,4146,0.19826338639652677,0.1897067552412091,0.15620598134288205,0.629017819236929,0.011732851985559567,0.011095031355523395
logit,fe,3,500,5,False,0.2962222099304199,Men,3535,0.2065063649222065,0.19513050943025012,0.16198585290348697,0.6197172368324666,0.013190730837789662,0.012446958981612447
logit,fe,3,500,5,False,0.2962222099304199,Women,611,0.15057283142389524,0.15832709720805024,0.12276597157735294,0.6620591438384854,0.0038535645472061657,0.0032733224222585926
logit,fe,3,500,5,False,0.2962222099304199,Black,2359,0.19584569732937684,0.19458489341953114,0.15762916902921192,0.6103759182304255,0.014232999472851872,0.01271725307333616
logit,fe,3,500,5,False,0.2962222099304199,White,1787,0.20145495243424735,0.18326717607911527,0.15432724617105656,0.6532099198006696,0.008409250175192713,0.008953553441522105
logit,fe,3,500,5,False,0.2962222099304199,Black men,2134,0.20290534208059982,0.1992625822038583,0.16251914342153848,0.6012982446136154,0.015285126396237508,0.01358950328022493
logit,fe,3,500,5,False,0.2962222099304199,White men,1401,0.21199143468950749,0.18883654561948646,0.16117354600447056,0.6473368955253014,0.009963768115942028,0.010706638115631691
logit,fe,3,500,5,False,0.2962222099304199,Black women,225,0.1288888888888889,0.1502196140161788,0.11125047857043474,0.6574595355383532,0.00510204081632653,0.0044444444444444444
logit,fe,3,500,5,False,0.2962222099304199,White women,386,0.16321243523316062,0.16305296176289755,0.12947837035081564,0.6608187134502925,0.0030959752321981426,0.0025906735751295338
logit,fe,3,500,6,False,0.36999988555908203,All,4146,0.19826338639652677,0.20295748242001735,0.15450305598701272,0.6392230361801364,0.002707581227436823,0.00241196333815726
logit,fe,3,500,6,False,0.36999988555908203,Men,3535,0.2065063649222065,0.21457050426187002,0.16046712428407248,0.6238888481918295,0.0032085561497326204,0.002828854314002829
logit,fe,3,500,6,False,0.36999988555908203,Women,611,0.15057283142389524,0.13576921366232617,0.11999735806539878,0.6968459411912541,0.0,0.0
logit,fe,3,500,6,False,0.36999988555908203,Black,2359,0.19584569732937684,0.208987766097903,0.15295170557341187,0.640243081466065,0.0036900369003690036,0.003391267486222976
logit,fe,3,500,6,False,0.36999988555908203,White,1787,0.20145495243424735,0.19499696804053643,0.15655097743395424,0.6404403176827843,0.001401541695865452,0.001119194180190263
logit,fe,3,500,6,False,0.36999988555908203,Black men,2134,0.20290534208059982,0.21673321397112577,0.15824335009693904,0.6247106375410199,0.00411522633744856,0.0037488284910965324
logit,fe,3,500,6,False,0.36999988555908203,White men,1401,0.21199143468950749,0.21127626977253974,0.16385437204662975,0.6232219538378959,0.0018115942028985507,0.0014275517487508922
logit,fe,3,500,6,False,0.36999988555908203,Black women,225,0.1288888888888889,0.13552649604698133,0.10276339707026987,0.7178043631245602,0.0,0.0
logit,fe,3,500,6,False,0.36999988555908203,White women,386,0.16321243523316062,0.1359106941375919,0.13004306071799984,0.6884859206840631,0.0,0.0
logit,fe,3,500,7,False,0.4084742069244385,All,4146,0.19826338639652677,0.2168125159996486,0.15222917637095426,0.6609213827915243,0.0030084235860409147,0.00241196333815726
logit,fe,3,500,7,False,0.4084742069244385,Men,3535,0.2065063649222065,0.22522383434871368,0.15779021098441995,0.6487446585109761,0.0035650623885918,0.002828854314002829
logit,fe,3,500,7,False,0.4084742069244385,Women,611,0.15057283142389524,0.1681480145856632,0.12005526907373454,0.700950825165452,0.0,0.0
logit,fe,3,500,7,False,0.4084742069244385,Black,2359,0.19584569732937684,0.21815309100134891,0.1520238057011624,0.652817047650996,0.0031628887717448603,0.002543450614667232
logit,fe,3,500,7,False,0.4084742069244385,White,1787,0.20145495243424735,0.21504283696830498,0.1525002840430522,0.6714396947753639,0.002803083391730904,0.002238388360380526
logit,fe,3,500,7,False,0.4084742069244385,Black men,2134,0.20290534208059982,0.22384759395270099,0.15714381777034464,0.6372898430891759,0.003527336860670194,0.0028116213683223993
logit,fe,3,500,7,False,0.4084742069244385,White men,1401,0.21199143468950749,0.22732012057647313,0.15877479565168384,0.6654040404040404,0.0036231884057971015,0.0028551034975017845
logit,fe,3,500,7,False,0.4084742069244385,Black women,225,0.1288888888888889,0.16414389412052507,0.10346333567611812,0.7638986629134413,0.0,0.0
logit,fe,3,500,7,False,0.4084742069244385,White women,386,0.16321243523316062,0.1704820226288136,0.1297267328417752,0.6681900830507641,0.0,0.0
logit,fe,3,500,8,False,0.5150866508483887,All,4146,0.19826338639652677,0.165043686081756,0.15253180285604803,0.6669074869488583,0.0105294825511432,0.014712976362759285
logit,fe,3,500,8,False,0.5150866508483887,Men,3535,0.2065063649222065,0.18164623574517855,0.15681833350163776,0.6625624496373892,0.012477718360071301,0.017256011315417256
logit,fe,3,500,8,False,0.5150866508483887,Women,611,0.15057283142389524,0.06898801822545701,0.12773166237788153,0.7120926530954177,0.0,0.0
logit,fe,3,500,8,False,0.5150866508483887,Black,2359,0.19584569732937684,0.1682867893590091,0.15166749833237209,0.6569737589769219,0.01107011070110701,0.01738024586689275
logit,fe,3,500,8,False,0.5150866508483887,White,1787,0.20145495243424735,0.16076249938279683,0.15367276221326767,0.6795958888110254,0.009810791871058164,0.01119194180190263
logit,fe,3,500,8,False,0.5150866508483887,Black men,2134,0.20290534208059982,0.18001595249717434,0.15571974982985742,0.6513326626233991,0.012345679012345678,0.019212746016869727
logit,fe,3,500,8,False,0.5150866508483887,White men,1401,0.21199143468950749,0.18412947946483668,0.15849169364123752,0.6784633777387401,0.012681159420289856,0.014275517487508922
logit,fe,3,500,8,False,0.5150866508483887,Black women,225,0.1288888888888889,0.057042193195255365,0.11323414412955563,0.7156931738212526,0.0,0.0
logit,fe,3,500,8,False,0.5150866508483887,White women,386,0.16321243523316062,0.0759512582042015,0.13618228829983312,0.7081920487493243,0.0,0.0
logit,fe,3,500,9,False,1.561173677444458,All,4146,0.19826338639652677,0.19242543942792456,0.1541661239760686,0.6344366415745109,0.0,0.0
logit,fe,3,500,9,False,1.561173677444458,Men,3535,0.2065063649222065,0.1993518549786728,0.1595798845489315,0.6214094205552707,0.0,0.0
logit,fe,3,500,9,False,1.561173677444458,Women,611,0.15057283142389524,0.15235198775542852,0.1228442849825001,0.6752534137555499,0.0,0.0
logit,fe,3,500,9,False,1.561173677444458,Black,2359,0.19584569732937684,0.19739967531835043,0.15382213290373617,0.6130960938551872,0.0,0.0
logit,fe,3,500,9,False,1.561173677444458,White,1787,0.20145495243424735,0.1858590026816937,0.15462022299097194,0.6645487814373588,0.0,0.0
logit,fe,3,500,9,False,1.561173677444458,Black men,2134,0.20290534208059982,0.20261318342545948,0.15862476154788296,0.5994707636996577,0.0,0.0
logit,fe,3,500,9,False,1.561173677444458,White men,1401,0.21199143468950749,0.19438420693767158,0.1610347257225486,0.6567455960571904,0.0,0.0
logit,fe,3,500,9,False,1.561173677444458,Black women,225,0.1288888888888889,0.147952447315814,0.10827186834102821,0.669247009148487,0.0,0.0
logit,fe,3,500,9,False,1.561173677444458,White women,386,0.16321243523316062,0.15491648671634373,0.1313385692942389,0.6733500417710944,0.0,0.0
logit,fe,3,1000,0,False,0.7788827419281006,All,4146,0.19826338639652677,0.2003805404928524,0.15029784002129437,0.6740373044524669,0.00631768953068592,0.0074770863482875064
logit,fe,3,1000,0,False,0.7788827419281006,Men,3535,0.2065063649222065,0.20831809300085208,0.1560025443420445,0.6614167460259323,0.0071301247771836,0.008486562942008486
logit,fe,3,1000,0,False,0.7788827419281006,Women,611,0.15057283142389524,0.15445705748830416,0.11729271764183163,0.7260618245790399,0.0019267822736030828,0.0016366612111292963
logit,fe,3,1000,0,False,0.7788827419281006,Black,2359,0.19584569732937684,0.20396234597897056,0.15018966785631813,0.6669804453146573,0.00790722192936215,0.00847816871555744
logit,fe,3,1000,0,False,0.7788827419281006,White,1787,0.20145495243424735,0.19565223655230796,0.15044063696431556,0.6840457836953981,0.004204625087596356,0.006155567991046447
logit,fe,3,1000,0,False,0.7788827419281006,Black men,2134,0.20290534208059982,0.20989877676616728,0.15508740354716694,0.6565422051693544,0.008818342151675485,0.00937207122774133
logit,fe,3,1000,0,False,0.7788827419281006,White men,1401,0.21199143468950749,0.20591039909993655,0.15739648471054463,0.6690119797003855,0.004528985507246377,0.007137758743754461
logit,fe,3,1000,0,False,0.7788827419281006,Black women,225,0.1288888888888889,0.1476585979795138,0.10373736579288981,0.7169247009148487,0.0,0.0
logit,fe,3,1000,0,False,0.7788827419281006,White women,386,0.16321243523316062,0.1584198901035317,0.12519415330507497,0.729421593198683,0.0030959752321981426,0.0025906735751295338
logit,fe,3,1000,1,False,0.34624361991882324,All,4146,0.19826338639652677,0.1960528424819306,0.15425895566533548,0.6544609578352233,0.011732851985559567,0.011818620356970575
logit,fe,3,1000,1,False,0.34624361991882324,Men,3535,0.2065063649222065,0.2089735041888165,0.15960787683324004,0.6439274290039803,0.013547237076648842,0.013578500707213578
logit,fe,3,1000,1,False,0.34624361991882324,Women,611,0.15057283142389524,0.12129909594536496,0.12331225136330166,0.6975998994722292,0.0019267822736030828,0.0016366612111292963
logit,fe,3,1000,1,False,0.34624361991882324,Black,2359,0.19584569732937684,0.20498659517284964,0.1538846501804137,0.6403491956997491,0.010015814443858724,0.0105977108944468
logit,fe,3,1000,1,False,0.34624361991882324,White,1787,0.20145495243424735,0.18425948904159606,0.1547530724190739,0.6748287004593941,0.01401541695865452,0.013430330162283156
logit,fe,3,1000,1,False,0.34624361991882324,Black men,2134,0.20290534208059982,0.21434914194775584,0.1585239975130869,0.6295047200872195,0.010582010582010581,0.011246485473289597
logit,fe,3,1000,1,False,0.34624361991882324,White men,1401,0.21199143468950749,0.2007853450328019,0.16125883933802726,0.6673559264138975,0.018115942028985508,0.017130620985010708
logit,fe,3,1000,1,False,0.34624361991882324,Black women,225,0.1288888888888889,0.1161880404277392,0.10988301814519283,0.701618578465869,0.00510204081632653,0.0044444444444444444
logit,fe,3,1000,1,False,0.34624361991882324,White women,386,0.16321243523316062,0.12427833815123489,0.1311401722805931,0.692908742444346,0.0,0.0
logit,fe,3,1000,2,False,0.529217004776001,All,4146,0.19826338639652677,0.19343913103618904,0.15685817153426396,0.6396212314187755,0.02527075812274368,0.0306319343945972
logit,fe,3,1000,2,False,0.529217004776001,Men,3535,0.2065063649222065,0.20602397808300607,0.1628962991359149,0.6282382243059117,0.029590017825311943,0.03564356435643564
logit,fe,3,1000,2,False,0.529217004776001,Women,611,0.15057283142389524,0.12062827291753386,0.12192399629394302,0.6724470134874759,0.0019267822736030828,0.0016366612111292963
logit,fe,3,1000,2,False,0.529217004776001,Black,2359,0.19584569732937684,0.20993248450739949,0.1563907330484621,0.6367196325024475,0.03426462836056932,0.0423908435777872
logit,fe,3,1000,2,False,0.529217004776001,White,1787,0.20145495243424735,0.17166642771297394,0.15747523218787704,0.6478198240286538,0.013314646110721794,0.01510912143256855
logit,fe,3,1000,2,False,0.529217004776001,Black men,2134,0.20290534208059982,0.21961703361881388,0.1618039070051427,0.6259597329651216,0.03821281599059377,0.046860356138706656
logit,fe,3,1000,2,False,0.529217004776001,White men,1401,0.21199143468950749,0.18531906693852807,0.16456022833439307,0.6368119601815254,0.016304347826086956,0.018558172733761598
logit,fe,3,1000,2,False,0.529217004776001,Black women,225,0.1288888888888889,0.11807991649069553,0.10504978538821154,0.6908866995073891,0.0,0.0
logit,fe,3,1000,2,False,0.529217004776001,White women,386,0.16321243523316062,0.12211371383991369,0.13176000006023725,0.6665683817386603,0.0030959752321981426,0.0025906735751295338
logit,fe,3,1000,3,False,0.6122732162475586,All,4146,0.19826338639652677,0.17826081821294906,0.15422414503282203,0.6392329178634483,0.0009025270758122744,0.000964785335262904
logit,fe,3,1000,3,False,0.6122732162475586,Men,3535,0.2065063649222065,0.18866163657461346,0.1596706641912232,0.6260791639196153,0.0010695187165775401,0.0011315417256011315
logit,fe,3,1000,3,False,0.6122732162475586,Women,611,0.15057283142389524,0.1180858707358892,0.12271277805254682,0.6788975454469298,0.0,0.0
logit,fe,3,1000,3,False,0.6122732162475586,Black,2359,0.19584569732937684,0.18987349511123416,0.15356242507238507,0.6306916594212325,0.0015814443858724301,0.001695633743111488
logit,fe,3,1000,3,False,0.6122732162475586,White,1787,0.20145495243424735,0.16293104495998068,0.1550976746280491,0.6549813127773885,0.0,0.0
logit,fe,3,1000,3,False,0.6122732162475586,Black men,2134,0.20290534208059982,0.1975386663553671,0.15874024834604258,0.6153492104223437,0.001763668430335097,0.0018744142455482662
logit,fe,3,1000,3,False,0.6122732162475586,White men,1401,0.21199143468950749,0.17514016508844052,0.16108787148145548,0.6461474649880447,0.0,0.0
logit,fe,3,1000,3,False,0.6122732162475586,Black women,225,0.1288888888888889,0.11717360428910212,0.10445364789022897,0.7195636875439831,0.0,0.0
logit,fe,3,1000,3,False,0.6122732162475586,White women,386,0.16321243523316062,0.11861763226575217,0.13335605340622952,0.6590987272101823,0.0,0.0
logit,fe,3,1000,4,False,0.4791758060455322,All,4146,0.19826338639652677,0.20690047686088314,0.15174007299802295,0.6604327884499958,0.006618531889290012,0.009406657018813314
logit,fe,3,1000,4,False,0.4791758060455322,Men,3535,0.2065063649222065,0.21624941005479342,0.1574816614314415,0.6481185749517739,0.00784313725490196,0.011032531824611032
logit,fe,3,1000,4,False,0.4791758060455322,Women,611,0.15057283142389524,0.1528113134558541,0.11852155399289292,0.7140613219401859,0.0,0.0
logit,fe,3,1000,4,False,0.4791758060455322,Black,2359,0.19584569732937684,0.2137803739528634,0.15092468202475606,0.6526207933693438,0.00790722192936215,0.01271725307333616
logit,fe,3,1000,4,False,0.4791758060455322,White,1787,0.20145495243424735,0.19781839670420634,0.1528164620892018,0.6730242155259675,0.004905395935529082,0.005036373810856184
logit,fe,3,1000,4,False,0.4791758060455322,Black men,2134,0.20290534208059982,0.22117117047077914,0.1554513037569784,0.6453179966138654,0.008818342151675485,0.014058106841611996
logit,fe,3,1000,4,False,0.4791758060455322,White men,1401,0.21199143468950749,0.20875259583087222,0.1605742976036786,0.6550590445517981,0.006340579710144928,0.006423982869379015
logit,fe,3,1000,4,False,0.4791758060455322,Black women,225,0.1288888888888889,0.14368277497849813,0.10799218968447846,0.685960591133005,0.0,0.0
logit,fe,3,1000,4,False,0.4791758060455322,White women,386,0.16321243523316062,0.15813235272374293,0.1246591368151553,0.7235244975183055,0.0,0.0
logit,fe,3,1000,5,False,0.5287282466888428,All,4146,0.19826338639652677,0.19190443534386062,0.15317040215403704,0.6529278329688091,0.007821901323706379,0.008683068017366137
logit,fe,3,1000,5,False,0.5287282466888428,Men,3535,0.2065063649222065,0.1983951662287178,0.1591230211048156,0.6404317144043172,0.008912655971479501,0.009900990099009901
logit,fe,3,1000,5,False,0.5287282466888428,Women,611,0.15057283142389524,0.15435167973343494,0.11873094554028572,0.7020817625869147,0.0019267822736030828,0.0016366612111292963
logit,fe,3,1000,5,False,0.5287282466888428,Black,2359,0.19584569732937684,0.1982263016660346,0.1543063405038586,0.6391089142802375,0.01107011070110701,0.0105977108944468
logit,fe,3,1000,5,False,0.5287282466888428,White,1787,0.20145495243424735,0.1835590057669113,0.15167086182542538,0.6715681694308183,0.00350385423966363,0.006155567991046447
logit,fe,3,1000,5,False,0.5287282466888428,Black men,2134,0.20290534208059982,0.20354163897210686,0.159338616408659,0.6276799545980968,0.011757789535567314,0.011246485473289597
logit,fe,3,1000,5,False,0.5287282466888428,White men,1401,0.21199143468950749,0.1905560707009574,0.1587946268304387,0.6602955887376177,0.004528985507246377,0.007851534618129907
logit,fe,3,1000,5,False,0.5287282466888428,Black women,225,0.1288888888888889,0.14781328028310894,0.10657799925566239,0.7118226600985221,0.00510204081632653,0.0044444444444444444
logit,fe,3,1000,5,False,0.5287282466888428,White women,386,0.16321243523316062,0.15816292293634518,0.12581491682018273,0.6948744410044719,0.0,0.0
logit,fe,3,1000,6,False,0.4447617530822754,All,4146,0.19826338639652677,0.20222393106860329,0.15293792930778993,0.6536001534222831,0.0048134777376654635,0.005065123010130246
logit,fe,3,1000,6,False,0.4447617530822754,Men,3535,0.2065063649222065,0.2104804566066939,0.158762445034493,0.6390340146021048,0.00570409982174688,0.005940594059405941
logit,fe,3,1000,6,False,0.4447617530822754,Women,611,0.15057283142389524,0.15445499853644254,0.11923962637179103,0.7117156739549301,0.0,0.0
logit,fe,3,1000,6,False,0.4447617530822754,Black,2359,0.19584569732937684,0.21020824062091323,0.1518506543053268,0.6513713838437085,0.005798629414865577,0.006782534972445952
logit,fe,3,1000,6,False,0.4447617530822754,White,1787,0.20145495243424735,0.19168392758013153,0.1543732296607897,0.6612979833372266,0.00350385423966363,0.0027979854504756574
logit,fe,3,1000,6,False,0.4447617530822754,Black men,2134,0.20290534208059982,0.21634411758306177,0.15694946425474016,0.6382280223696699,0.006466784244562022,0.007497656982193065
logit,fe,3,1000,6,False,0.4447617530822754,White men,1401,0.21199143468950749,0.2015489416005776,0.16152397321721434,0.6440278387742157,0.004528985507246377,0.0035688793718772305
logit,fe,3,1000,6,False,0.4447617530822754,Black women,225,0.1288888888888889,0.15201285645546914,0.10349127460733497,0.711118930330753,0.0,0.0
logit,fe,3,1000,6,False,0.4447617530822754,White women,386,0.16321243523316062,0.15587852695151772,0.12841936509459573,0.7108457418054941,0.0,0.0
logit,fe,3,1000,7,False,0.36624932289123535,All,4146,0.19826338639652677,0.1916388477160138,0.15125433445579592,0.6691758822513256,0.0015042117930204573,0.001447178002894356
logit,fe,3,1000,7,False,0.36624932289123535,Men,3535,0.2065063649222065,0.19961881595029132,0.1569442940290021,0.6553610236124338,0.0017825311942959,0.0016973125884016972
logit,fe,3,1000,7,False,0.36624932289123535,Women,611,0.15057283142389524,0.1454699643965851,0.11833451924911195,0.7230669347407221,0.0,0.0
logit,fe,3,1000,7,False,0.36624932289123535,Black,2359,0.19584569732937684,0.19492627326869325,0.15083038133187948,0.6617671557049523,0.0015814443858724301,0.001695633743111488
logit,fe,3,1000,7,False,0.36624932289123535,White,1787,0.20145495243424735,0.1872991516450733,0.1518139905382351,0.6793077941290977,0.001401541695865452,0.001119194180190263
logit,fe,3,1000,7,False,0.36624932289123535,Black men,2134,0.20290534208059982,0.2005053340705738,0.15601820662293178,0.6464679790314894,0.001763668430335097,0.0018744142455482662
logit,fe,3,1000,7,False,0.36624932289123535,White men,1401,0.21199143468950749,0.19826847357435784,0.1583549082506681,0.6685423071292635,0.0018115942028985507,0.0014275517487508922
logit,fe,3,1000,7,False,0.36624932289123535,Black women,225,0.1288888888888889,0.14201198104107934,0.10162674057141016,0.7748064743138635,0.0,0.0
logit,fe,3,1000,7,False,0.36624932289123535,White women,386,0.16321243523316062,0.1474856282696131,0.12807350941098475,0.698265271020689,0.0,0.0
logit,fe,3,1000,8,False,0.5152077674865723,All,4146,0.19826338639652677,0.1898759415994323,0.15149254993646852,0.6752600712652361,0.017749699157641397,0.02363724071394115
logit,fe,3,1000,8,False,0.5152077674865723,Men,3535,0.2065063649222065,0.20683383313741555,0.15640071102595782,0.6690650257612385,0.021033868092691622,0.027722772277227723
logit,fe,3,1000,8,False,0.5152077674865723,Women,611,0.15057283142389524,0.09176440872419359,0.12309590598991418,0.7069615481276702,0.0,0.0
logit,fe,3,1000,8,False,0.5152077674865723,Black,2359,0.19584569732937684,0.19775093413102354,0.1516289194454195,0.6643196023796973,0.021085925144965736,0.02840186519711742
logit,fe,3,1000,8,False,0.5152077674865723,White,1787,0.20145495243424735,0.17948024636606702,0.15131252997473632,0.690344934984038,0.013314646110721794,0.017347509792949075
logit,fe,3,1000,8,False,0.5152077674865723,Black men,2134,0.20290534208059982,0.20987799315823835,0.15619147226841731,0.6567146346463769,0.023515579071134628,0.03139643861293346
logit,fe,3,1000,8,False,0.5152077674865723,White men,1401,0.21199143468950749,0.20219697554681182,0.1567194230235249,0.6881313131313131,0.017210144927536232,0.02212705210563883
logit,fe,3,1000,8,False,0.5152077674865723,Black women,225,0.1288888888888889,0.0827325165129063,0.10835564067085399,0.7174524982406756,0.0,0.0
logit,fe,3,1000,8,False,0.5152077674865723,White women,386,0.16321243523316062,0.09702911273336362,0.1316880295567239,0.6975772765246449,0.0,0.0
logit,fe,3,1000,9,False,0.4472823143005371,All,4146,0.19826338639652677,0.1924970413684564,0.15257592939698428,0.6573387236085858,0.006618531889290012,0.0074770863482875064
logit,fe,3,1000,9,False,0.4472823143005371,Men,3535,0.2065063649222065,0.2030511880335916,0.15796677744178889,0.647458794227529,0.00784313725490196,0.00876944837340877
logit,fe,3,1000,9,False,0.4472823143005371,Women,611,0.15057283142389524,0.13143499806035014,0.12138665306574963,0.6880916478177096,0.0,0.0
logit,fe,3,1000,9,False,0.4472823143005371,Black,2359,0.19584569732937684,0.1983645687107282,0.15285755079985203,0.6410703160834947,0.007380073800738007,0.00847816871555744
logit,fe,3,1000,9,False,0.4472823143005371,White,1787,0.20145495243424735,0.1847513799244614,0.15220416393007608,0.6796056217394689,0.005606166783461808,0.006155567991046447
logit,fe,3,1000,9,False,0.4472823143005371,Black men,2134,0.20290534208059982,0.20619392757054697,0.15780598561089812,0.6294965738127144,0.00823045267489712,0.00937207122774133
logit,fe,3,1000,9,False,0.4472823143005371,White men,1401,0.21199143468950749,0.19826417434917853,0.15821169519133996,0.6753952569169961,0.007246376811594203,0.007851534618129907
logit,fe,3,1000,9,False,0.4472823143005371,Black women,225,0.1288888888888889,0.12410744956915817,0.1059243957475304,0.7102392681210415,0.0,0.0
logit,fe,3,1000,9,False,0.4472823143005371,White women,386,0.16321243523316062,0.1357062374658377,0.13039962689113646,0.6739397513391322,0.0,0.0
logit,fe,3,2000,0,False,0.4187893867492676,All,4146,0.19826338639652677,0.19239383366225024,0.1488606952133862,0.6866294968978834,0.004512635379061372,0.005065123010130246
logit,fe,3,2000,0,False,0.4187893867492676,Men,3535,0.2065063649222065,0.20059255479223131,0.15435242439070276,0.6756823675921177,0.004991087344028521,0.005657708628005658
logit,fe,3,2000,0,False,0.4187893867492676,Women,611,0.15057283142389524,0.14495933416227794,0.11708776126606361,0.7302085951244033,0.0019267822736030828,0.0016366612111292963
logit,fe,3,2000,0,False,0.4187893867492676,Black,2359,0.19584569732937684,0.198472485573806,0.14878924250316614,0.6774218577065177,0.0063257775434897206,0.0072064434082238235
logit,fe,3,2000,0,False,0.4187893867492676,White,1787,0.20145495243424735,0.18436946888364925,0.1489550191884333,0.6998832048586778,0.002102312543798178,0.002238388360380526
logit,fe,3,2000,0,False,0.4187893867492676,Black men,2134,0.20290534208059982,0.20494173285387662,0.15362756877481237,0.6674134084962927,0.007054673721340388,0.007966260543580132
logit,fe,3,2000,0,False,0.4187893867492676,White men,1401,0.21199143468950749,0.193967896702616,0.15545652280919678,0.6891042063143512,0.0018115942028985507,0.0021413276231263384
logit,fe,3,2000,0,False,0.4187893867492676,Black women,225,0.1288888888888889,0.1371152691486031,0.1029004057756415,0.7383884588318086,0.0,0.0
logit,fe,3,2000,0,False,0.4187893867492676,White women,386,0.16321243523316062,0.1495316518515962,0.12535759283431486,0.7217062263501892,0.0030959752321981426,0.0025906735751295338
logit,fe,3,2000,1,False,0.3447728157043457,All,4146,0.19826338639652677,0.19373029910870812,0.15094920619346155,0.6709403117048904,0.007821901323706379,0.010371442354076218
logit,fe,3,2000,1,False,0.3447728157043457,Men,3535,0.2065063649222065,0.20300677353275687,0.15654620465686475,0.6597143066442019,0.008912655971479501,0.011881188118811881
logit,fe,3,2000,1,False,0.3447728157043457,Women,611,0.15057283142389524,0.14006035297284494,0.1185672265402203,0.7087417274021948,0.0019267822736030828,0.0016366612111292963
logit,fe,3,2000,1,False,0.3447728157043457,Black,2359,0.19584569732937684,0.20366698103101605,0.1505305490138265,0.6635528414653349,0.01107011070110701,0.014412886816447647
logit,fe,3,2000,1,False,0.3447728157043457,White,1787,0.20145495243424735,0.18061298928513542,0.15150187115527408,0.6837012380284979,0.00350385423966363,0.005036373810856184
logit,fe,3,2000,1,False,0.3447728157043457,Black men,2134,0.20290534208059982,0.21077044661241823,0.15548414650756795,0.6524215479822356,0.011757789535567314,0.015463917525773196
logit,fe,3,2000,1,False,0.3447728157043457,White men,1401,0.21199143468950749,0.19118116443068886,0.1581639292040449,0.6742515737080954,0.004528985507246377,0.006423982869379015
logit,fe,3,2000,1,False,0.3447728157043457,Black women,225,0.1288888888888889,0.13629455636118365,0.10354842878429661,0.7255453905700211,0.00510204081632653,0.0044444444444444444
logit,fe,3,2000,1,False,0.3447728157043457,White women,386,0.16321243523316062,0.14225544167135215,0.12732170709742968,0.700673251756843,0.0,0.0
logit,fe,3,2000,2,False,0.3501167297363281,All,4146,0.19826338639652677,0.195361900119642,0.1514965185358191,0.6623271437396975,0.002707581227436823,0.002894356005788712
logit,fe,3,2000,2,False,0.3501167297363281,Men,3535,0.2065063649222065,0.20510333529679087,0.15693412317474564,0.6507430469074303,0.0032085561497326204,0.0033946251768033945
logit,fe,3,2000,2,False,0.3501167297363281,Women,611,0.15057283142389524,0.13900187826821608,0.12003672737607243,0.6999246041719025,0.0,0.0
logit,fe,3,2000,2,False,0.3501167297363281,Black,2359,0.19584569732937684,0.2058510549115268,0.15087612369758108,0.6543950689970722,0.0031628887717448603,0.0038151759220008477
logit,fe,3,2000,2,False,0.3501167297363281,White,1787,0.20145495243424735,0.18151527664227415,0.1523154952696767,0.6772872381842249,0.002102312543798178,0.0016787912702853946
logit,fe,3,2000,2,False,0.3501167297363281,Black men,2134,0.20290534208059982,0.2133203841291902,0.15570479823709843,0.6434497843273824,0.003527336860670194,0.004217432052483599
logit,fe,3,2000,2,False,0.3501167297363281,White men,1401,0.21199143468950749,0.19258714528370008,0.1588066281118899,0.6667734104328307,0.002717391304347826,0.0021413276231263384
logit,fe,3,2000,2,False,0.3501167297363281,Black women,225,0.1288888888888889,0.1350086169093328,0.10507882828722556,0.7132301196340605,0.0,0.0
logit,fe,3,2000,2,False,0.3501167297363281,White women,386,0.16321243523316062,0.14132955652145113,0.12875571000558164,0.6920733205562927,0.0,0.0
logit,fe,3,2000,3,False,0.3834555149078369,All,4146,0.19826338639652677,0.1863779032120357,0.15221408184925408,0.6574499840429114,0.00030084235860409147,0.000241196333815726
logit,fe,3,2000,3,False,0.3834555149078369,Men,3535,0.2065063649222065,0.19584922553107925,0.15773036163775753,0.6434874123995801,0.00035650623885918,0.0002828854314002829
logit,fe,3,2000,3,False,0.3834555149078369,Women,611,0.15057283142389524,0.13158064560513055,0.1202991079501383,0.7131188740889671,0.0,0.0
logit,fe,3,2000,3,False,0.3834555149078369,Black,2359,0.19584569732937684,0.19449542353889915,0.15160742221554774,0.6478604860260105,0.0005271481286241434,0.000423908435777872
logit,fe,3,2000,3,False,0.3834555149078369,White,1787,0.20145495243424735,0.17566204957405535,0.15301492688334095,0.6728879545277583,0.0,0.0
logit,fe,3,2000,3,False,0.3834555149078369,Black men,2134,0.20290534208059982,0.20116593506954852,0.1566341419604418,0.6330727883204146,0.0005878894767783657,0.00046860356138706655
logit,fe,3,2000,3,False,0.3834555149078369,White men,1401,0.21199143468950749,0.1877508257058877,0.1594001209463884,0.6613721758649296,0.0,0.0
logit,fe,3,2000,3,False,0.3834555149078369,Black women,225,0.1288888888888889,0.13122932751042896,0.10393177805730835,0.7496481351161154,0.0,0.0
logit,fe,3,2000,3,False,0.3834555149078369,White women,386,0.16321243523316062,0.13178542946862243,0.1298396499861143,0.6984618408767016,0.0,0.0
logit,fe,3,2000,4,False,0.40861964225769043,All,4146,0.19826338639652677,0.20228560647975902,0.15030076690581337,0.6743601061073196,0.004512635379061372,0.006512301013024602
logit,fe,3,2000,4,False,0.40861964225769043,Men,3535,0.2065063649222065,0.2109472298823763,0.15585528326441322,0.6633374844333748,0.0053475935828877,0.007637906647807638
logit,fe,3,2000,4,False,0.40861964225769043,Women,611,0.15057283142389524,0.1521729408034052,0.11816457160687631,0.7206375136131357,0.0,0.0
logit,fe,3,2000,4,False,0.40861964225769043,Black,2359,0.19584569732937684,0.20530654869265652,0.14913154170513654,0.6702928068241721,0.0036900369003690036,0.006782534972445952
logit,fe,3,2000,4,False,0.40861964225769043,White,1787,0.20145495243424735,0.19829769227705876,0.15184424885790995,0.6803239118586001,0.005606166783461808,0.006155567991046447
logit,fe,3,2000,4,False,0.40861964225769043,Black men,2134,0.20290534208059982,0.21216172190829305,0.1537594629760653,0.6613322145783013,0.00411522633744856,0.007497656982193065
logit,fe,3,2000,4,False,0.40861964225769043,White men,1401,0.21199143468950749,0.20909731840250023,0.15904763194059768,0.6665263748597082,0.007246376811594203,0.007851534618129907
logit,fe,3,2000,4,False,0.40861964225769043,Black women,225,0.1288888888888889,0.14028903917190846,0.1052382795177499,0.7350457424349051,0.0,0.0
logit,fe,3,2000,4,False,0.40861964225769043,White women,386,0.16321243523316062,0.15910008553679061,0.12569932735831013,0.7106491719494814,0.0,0.0
logit,fe,3,2000,5,False,0.39817333221435547,All,4146,0.19826338639652677,0.2022476126835517,0.1510892032126642,0.6668181858107812,0.00210589651022864,0.002653159671972986
logit,fe,3,2000,5,False,0.39817333221435547,Men,3535,0.2065063649222065,0.2120986080141532,0.1567647716361602,0.6535838644299563,0.0024955436720142605,0.0031117397454031117
logit,fe,3,2000,5,False,0.39817333221435547,Women,611,0.15057283142389524,0.14525371989521094,0.11825264940405815,0.7148362235067437,0.0,0.0
logit,fe,3,2000,5,False,0.39817333221435547,Black,2359,0.19584569732937684,0.207173589585344,0.15153320668317455,0.6532232483734857,0.002635740643120717,0.003391267486222976
logit,fe,3,2000,5,False,0.39817333221435547,White,1787,0.20145495243424735,0.19574488212321148,0.1505030788775025,0.685478470762283,0.001401541695865452,0.0016787912702853946
logit,fe,3,2000,5,False,0.39817333221435547,Black men,2134,0.20290534208059982,0.21421940813637594,0.15649543156468448,0.6407479366165534,0.0029394473838918285,0.0037488284910965324
logit,fe,3,2000,5,False,0.39817333221435547,White men,1401,0.21199143468950749,0.20886821011206658,0.1571750298178369,0.6731261894305374,0.0018115942028985507,0.0021413276231263384
logit,fe,3,2000,5,False,0.39817333221435547,Black women,225,0.1288888888888889,0.14034791497244561,0.10446926047365376,0.7204433497536946,0.0,0.0
logit,fe,3,2000,5,False,0.39817333221435547,White women,386,0.16321243523316062,0.14811332121029433,0.12628700823654776,0.7088800432453682,0.0,0.0
logit,fe,3,2000,6,False,0.4145026206970215,All,4146,0.19826338639652677,0.19383510016197653,0.15101618504938666,0.66865691088332,0.0,0.0
logit,fe,3,2000,6,False,0.4145026206970215,Men,3535,0.2065063649222065,0.20188765320793028,0.1566270362485624,0.6537460015139306,0.0,0.0
logit,fe,3,2000,6,False,0.4145026206970215,Women,611,0.15057283142389524,0.14724627034618878,0.11855405904433575,0.7287635084192009,0.0,0.0
logit,fe,3,2000,6,False,0.4145026206970215,Black,2359,0.19584569732937684,0.1983234480006514,0.15004760986425641,0.6631763070877461,0.0,0.0
logit,fe,3,2000,6,False,0.4145026206970215,White,1787,0.20145495243424735,0.18791007914830335,0.1522947910156554,0.6776707155648992,0.0,0.0
logit,fe,3,2000,6,False,0.4145026206970215,Black men,2134,0.20290534208059982,0.20410995542812077,0.15481908178237413,0.6511710948457163,0.0,0.0
logit,fe,3,2000,6,False,0.4145026206970215,White men,1401,0.21199143468950749,0.19850264754205837,0.15938090836194257,0.6588072756551018,0.0,0.0
logit,fe,3,2000,6,False,0.4145026206970215,Black women,225,0.1288888888888889,0.14344163977745336,0.10479284953864229,0.7269528501055594,0.0,0.0
logit,fe,3,2000,6,False,0.4145026206970215,White women,386,0.16321243523316062,0.14946399541863814,0.12657548945568556,0.728094746670598,0.0,0.0
logit,fe,3,2000,7,False,0.547766923904419,All,4146,0.19826338639652677,0.19466213795210513,0.15072708676135074,0.6717015673081709,0.005415162454873646,0.006994693680656054
logit,fe,3,2000,7,False,0.547766923904419,Men,3535,0.2065063649222065,0.2048430601408479,0.15629576998956937,0.659160989426904,0.006417112299465241,0.008203677510608205
logit,fe,3,2000,7,False,0.547766923904419,Women,611,0.15057283142389524,0.1357594211972674,0.11850892765864558,0.7241350423054368,0.0,0.0
logit,fe,3,2000,7,False,0.547766923904419,Black,2359,0.19584569732937684,0.2012039056690466,0.15049496678322608,0.6646550602797308,0.008434370057986295,0.009749894022891056
logit,fe,3,2000,7,False,0.547766923904419,White,1787,0.20145495243424735,0.1860264188450738,0.15103350591546155,0.6821225570349606,0.001401541695865452,0.003357582540570789
logit,fe,3,2000,7,False,0.547766923904419,Black men,2134,0.20290534208059982,0.20830176903544706,0.1555005645551903,0.6524867181782759,0.00940623162845385,0.01077788191190253
logit,fe,3,2000,7,False,0.547766923904419,White men,1401,0.21199143468950749,0.1995747626525721,0.1575070250909005,0.6701465134436149,0.0018115942028985507,0.004282655246252677
logit,fe,3,2000,7,False,0.547766923904419,Black women,225,0.1288888888888889,0.13388461489616416,0.10301965280379673,0.7607318789584799,0.0,0.0
logit,fe,3,2000,7,False,0.547766923904419,White women,386,0.16321243523316062,0.1368522487043871,0.12753765004813003,0.7115337363015382,0.0,0.0
logit,fe,3,2000,8,False,0.3672220706939697,All,4146,0.19826338639652677,0.1967754714341751,0.14914401381293488,0.6854828556454422,0.009626955475330927,0.012783405692233478
logit,fe,3,2000,8,False,0.3672220706939697,Men,3535,0.2065063649222065,0.21078468324626887,0.15423206158348213,0.6779239616145337,0.01140819964349376,0.014992927864214993
logit,fe,3,2000,8,False,0.3672220706939697,Women,611,0.15057283142389524,0.11572381225945909,0.11970661795551328,0.7213495853229454,0.0,0.0
logit,fe,3,2000,8,False,0.3672220706939697,Black,2359,0.19584569732937684,0.2055360614675089,0.14949961608235512,0.6735355665244964,0.013178703215603585,0.017804154302670624
logit,fe,3,2000,8,False,0.3672220706939697,White,1787,0.20145495243424735,0.18521070820606403,0.14867458697826091,0.7025947987230398,0.004905395935529082,0.006155567991046447
logit,fe,3,2000,8,False,0.3672220706939697,Black men,2134,0.20290534208059982,0.2156239377460231,0.15431646311975486,0.6633538483679619,0.014697236919459141,0.019681349578256794
logit,fe,3,2000,8,False,0.3672220706939697,White men,1401,0.21199143468950749,0.20341354184550117,0.1541035013562116,0.7010900063436296,0.006340579710144928,0.007851534618129907
logit,fe,3,2000,8,False,0.3672220706939697,Black women,225,0.1288888888888889,0.10985815934151213,0.10381449795875022,0.7417311752287121,0.0,0.0
logit,fe,3,2000,8,False,0.3672220706939697,White women,386,0.16321243523316062,0.11914291046292556,0.12897015940440368,0.7081429062853211,0.0,0.0
logit,fe,3,2000,9,False,0.36034655570983887,All,4146,0.19826338639652677,0.19355739210087936,0.15051368387973033,0.6757267063105162,0.003910950661853189,0.00482392667631452
logit,fe,3,2000,9,False,0.36034655570983887,Men,3535,0.2065063649222065,0.20301519896459086,0.1561230122957292,0.6627729348277294,0.004634581105169341,0.005657708628005658
logit,fe,3,2000,9,False,0.36034655570983887,Women,611,0.15057283142389524,0.13883832947695102,0.11806036808503972,0.727695400854486,0.0,0.0
logit,fe,3,2000,9,False,0.36034655570983887,Black,2359,0.19584569732937684,0.20005252776672935,0.15013779732546806,0.6671858277024328,0.005271481286241434,0.00635862653666808
logit,fe,3,2000,9,False,0.36034655570983887,White,1787,0.20145495243424735,0.1849832314765144,0.15100988778656008,0.6887448415479249,0.002102312543798178,0.0027979854504756574
logit,fe,3,2000,9,False,0.36034655570983887,Black men,2134,0.20290534208059982,0.2072618015402186,0.15499438960276446,0.6561172411826761,0.005878894767783657,0.007029053420805998
logit,fe,3,2000,9,False,0.36034655570983887,White men,1401,0.21199143468950749,0.19654678362098663,0.15784212780378545,0.6744315131996291,0.002717391304347826,0.0035688793718772305
logit,fe,3,2000,9,False,0.36034655570983887,Black women,225,0.1288888888888889,0.13167657117728027,0.10407571768213249,0.7281843771991556,0.0,0.0
logit,fe,3,2000,9,False,0.36034655570983887,White women,386,0.16321243523316062,0.1430129295220959,0.12621204254269291,0.7241633495503464,0.0,0.0
logit,fe,3,4000,0,False,0.5760369300842285,All,4146,0.19826338639652677,0.19594323965199492,0.14886596704489138,0.6908950901941495,0.011732851985559567,0.014230583695127834
logit,fe,3,4000,0,False,0.5760369300842285,Men,3535,0.2065063649222065,0.2054830301900104,0.15442410086015215,0.6798525138573486,0.013547237076648842,0.01640735502121641
logit,fe,3,4000,0,False,0.5760369300842285,Women,611,0.15057283142389524,0.14074985249670055,0.11670884259816976,0.7341668760995227,0.0019267822736030828,0.0016366612111292963
logit,fe,3,4000,0,False,0.5760369300842285,Black,2359,0.19584569732937684,0.20701710002032722,0.14815014619085384,0.6864735159410963,0.01686874011597259,0.0211954217888936
logit,fe,3,4000,0,False,0.5760369300842285,White,1787,0.20145495243424735,0.18132475246179014,0.14981091466362365,0.7011153935996262,0.004905395935529082,0.005036373810856184
logit,fe,3,4000,0,False,0.5760369300842285,Black men,2134,0.20290534208059982,0.2145935017407731,0.15309360076858347,0.6757904941122801,0.0188124632569077,0.023430178069353328
logit,fe,3,4000,0,False,0.5760369300842285,White men,1401,0.21199143468950749,0.19160598073296004,0.15645071556065723,0.6906016688625384,0.005434782608695652,0.005710206995003569
logit,fe,3,4000,0,False,0.5760369300842285,Black women,225,0.1288888888888889,0.13515913881396466,0.10126422588474274,0.7603800140745953,0.0,0.0
logit,fe,3,4000,0,False,0.5760369300842285,White women,386,0.16321243523316062,0.1440086881925958,0.1257115336876026,0.7220502235982111,0.0030959752321981426,0.0025906735751295338
logit,fe,3,4000,1,False,0.6152622699737549,All,4146,0.19826338639652677,0.19109699243912553,0.1498811722104196,0.6806895072626713,0.008122743682310469,0.01085383502170767
logit,fe,3,4000,1,False,0.6152622699737549,Men,3535,0.2065063649222065,0.2015556371785104,0.15537888177618187,0.6692843015163724,0.009625668449197862,0.01272984441301273
logit,fe,3,4000,1,False,0.6152622699737549,Women,611,0.15057283142389524,0.13058748482255342,0.11807363814336623,0.722669012314652,0.0,0.0
logit,fe,3,4000,1,False,0.6152622699737549,Black,2359,0.19584569732937684,0.20161819153016075,0.1494224876808874,0.6723911302192799,0.01107011070110701,0.01526070368800339
logit,fe,3,4000,1,False,0.6152622699737549,White,1787,0.20145495243424735,0.17720806761777572,0.15048667685796654,0.6944775364011524,0.004204625087596356,0.005036373810856184
logit,fe,3,4000,1,False,0.6152622699737549,Black men,2134,0.20290534208059982,0.20950615577159828,0.15437429476078088,0.6606438543826277,0.012345679012345678,0.016869728209934397
logit,fe,3,4000,1,False,0.6152622699737549,White men,1401,0.21199143468950749,0.1894454254171617,0.1569090664234807,0.6854230712926365,0.005434782608695652,0.006423982869379015
logit,fe,3,4000,1,False,0.6152622699737549,Black women,225,0.1288888888888889,0.12680523290248222,0.10245734853203137,0.752990851513019,0.0,0.0
logit,fe,3,4000,1,False,0.6152622699737549,White women,386,0.16321243523316062,0.13279216534591096,0.12717639763183863,0.7095188952774092,0.0,0.0
logit,fe,3,4000,2,False,1.7813420295715332,All,4146,0.19826338639652677,0.20015036119145985,0.14951364234115563,0.6818906807674628,0.0048134777376654635,0.00602990834539315
logit,fe,3,4000,2,False,1.7813420295715332,Men,3535,0.2065063649222065,0.2086100143085374,0.1549701025892335,0.6708333943789221,0.00570409982174688,0.007072135785007072
logit,fe,3,4000,2,False,1.7813420295715332,Women,611,0.15057283142389524,0.15120621427023365,0.11794476021847933,0.7204490240428919,0.0,0.0
logit,fe,3,4000,2,False,1.7813420295715332,Black,2359,0.19584569732937684,0.2091656163374575,0.148936021525682,0.6761895633798639,0.005798629414865577,0.00847816871555744
logit,fe,3,4000,2,False,1.7813420295715332,White,1787,0.20145495243424735,0.18824941721305558,0.15027615353516924,0.6920715564899166,0.00350385423966363,0.0027979854504756574
logit,fe,3,4000,2,False,1.7813420295715332,Black men,2134,0.20290534208059982,0.21582216547988423,0.1537282107928644,0.6651962641185121,0.006466784244562022,0.00937207122774133
logit,fe,3,4000,2,False,1.7813420295715332,White men,1401,0.21199143468950749,0.1976244821174924,0.15686174933687919,0.6825165910310836,0.004528985507246377,0.0035688793718772305
logit,fe,3,4000,2,False,1.7813420295715332,Black women,225,0.1288888888888889,0.14603194580439735,0.10348476865382751,0.7514074595355383,0.0,0.0
logit,fe,3,4000,2,False,1.7813420295715332,White women,386,0.16321243523316062,0.154222303401874,0.12637351177818568,0.7065703474372205,0.0,0.0
logit,fe,3,4000,3,False,0.4955253601074219,All,4146,0.19826338639652677,0.18621632762380275,0.15031107866856927,0.6771079460445452,0.002707581227436823,0.003376748673420164
logit,fe,3,4000,3,False,0.4955253601074219,Men,3535,0.2065063649222065,0.1938217608256072,0.15582918302215137,0.6648182062364173,0.0032085561497326204,0.0039603960396039604
logit,fe,3,4000,3,False,0.4955253601074219,Women,611,0.15057283142389524,0.14221435320747103,0.1183855485705123,0.7204071374717266,0.0,0.0
logit,fe,3,4000,3,False,0.4955253601074219,Black,2359,0.19584569732937684,0.19287446853662163,0.14965942529161175,0.6704844970527628,0.002635740643120717,0.003391267486222976
logit,fe,3,4000,3,False,0.4955253601074219,White,1787,0.20145495243424735,0.17742698547867708,0.15117131947228654,0.6876547535622518,0.002803083391730904,0.003357582540570789
logit,fe,3,4000,3,False,0.4955253601074219,Black men,2134,0.20290534208059982,0.19839065571087905,0.15471023887506216,0.6566671147117644,0.0029394473838918285,0.0037488284910965324
logit,fe,3,4000,3,False,0.4955253601074219,White men,1401,0.21199143468950749,0.18686243057209537,0.15753355619123666,0.6787653101058898,0.0036231884057971015,0.004282655246252677
logit,fe,3,4000,3,False,0.4955253601074219,Black women,225,0.1288888888888889,0.14055649773721987,0.1017552644601309,0.7688247712878254,0.0,0.0
logit,fe,3,4000,3,False,0.4955253601074219,White women,386,0.16321243523316062,0.14318071973805785,0.12807936702863615,0.6992481203007518,0.0,0.0
logit,fe,3,4000,4,False,0.5616331100463867,All,4146,0.19826338639652677,0.2027418820521031,0.14975895018076302,0.6794004965728858,0.005415162454873646,0.006994693680656054
logit,fe,3,4000,4,False,0.5616331100463867,Men,3535,0.2065063649222065,0.2128712663551961,0.15531700920951724,0.667392376626865,0.006417112299465241,0.008203677510608205
logit,fe,3,4000,4,False,0.5616331100463867,Women,611,0.15057283142389524,0.144137342753521,0.11760225841865787,0.7321563206835888,0.0,0.0
logit,fe,3,4000,4,False,0.5616331100463867,Black,2359,0.19584569732937684,0.21115845938135389,0.14900341477679252,0.6749561280399445,0.006852925672113864,0.010173802458668928
logit,fe,3,4000,4,False,0.5616331100463867,White,1787,0.20145495243424735,0.19163124639474302,0.1507563245612702,0.6882192634119754,0.00350385423966363,0.0027979854504756574
logit,fe,3,4000,4,False,0.5616331100463867,Black men,2134,0.20290534208059982,0.2189320198397408,0.15388809996065564,0.6637245038579398,0.007642563198118754,0.011246485473289597
logit,fe,3,4000,4,False,0.5616331100463867,White men,1401,0.21199143468950749,0.20363954049080038,0.15749352051363616,0.6756270433806666,0.004528985507246377,0.0035688793718772305
logit,fe,3,4000,4,False,0.5616331100463867,Black women,225,0.1288888888888889,0.13743055707825255,0.10267488952184177,0.7591484869809993,0.0,0.0
logit,fe,3,4000,4,False,0.5616331100463867,White women,386,0.16321243523316062,0.14804673854869044,0.12630344495177612,0.7183153963339721,0.0,0.0
logit,fe,3,4000,5,False,0.5566010475158691,All,4146,0.19826338639652677,0.18617181473605918,0.14961213397087664,0.6828071153975657,0.004512635379061372,0.005065123010130246
logit,fe,3,4000,5,False,0.5566010475158691,Men,3535,0.2065063649222065,0.19660506421308815,0.15493320478970088,0.6727321563743804,0.0053475935828877,0.005940594059405941
logit,fe,3,4000,5,False,0.5566010475158691,Women,611,0.15057283142389524,0.12580923388287188,0.1188265605755516,0.7281770964228867,0.0,0.0
logit,fe,3,4000,5,False,0.5566010475158691,Black,2359,0.19584569732937684,0.19434951550959795,0.1491138630919338,0.6738185378143206,0.005798629414865577,0.0072064434082238235
logit,fe,3,4000,5,False,0.5566010475158691,White,1787,0.20145495243424735,0.17537651752017894,0.1502698961440307,0.6974674920189987,0.002803083391730904,0.002238388360380526
logit,fe,3,4000,5,False,0.5566010475158691,Black men,2134,0.20290534208059982,0.20198883801148582,0.15392249722877605,0.663089094446549,0.006466784244562022,0.007966260543580132
logit,fe,3,4000,5,False,0.5566010475158691,White men,1401,0.21199143468950749,0.18840451226035393,0.1564727122379618,0.6894030888596107,0.0036231884057971015,0.0028551034975017845
logit,fe,3,4000,5,False,0.5566010475158691,Black women,225,0.1288888888888889,0.12189478564724826,0.10350663976739422,0.7519352568613653,0.0,0.0
logit,fe,3,4000,5,False,0.5566010475158691,White women,386,0.16321243523316062,0.12809097184405147,0.127756566227975,0.7167428374858715,0.0,0.0
logit,fe,3,4000,6,False,0.4875950813293457,All,4146,0.19826338639652677,0.18991982414162922,0.14955699640110262,0.6843197449208148,0.00421179302045728,0.00482392667631452
logit,fe,3,4000,6,False,0.4875950813293457,Men,3535,0.2065063649222065,0.19918337876635997,0.15508123213077396,0.6721431885331965,0.004991087344028521,0.005657708628005658
logit,fe,3,4000,6,False,0.4875950813293457,Women,611,0.15057283142389524,0.13632462676286816,0.11759599262959977,0.7396749602077574,0.0,0.0
logit,fe,3,4000,6,False,0.4875950813293457,Black,2359,0.19584569732937684,0.19649598394888057,0.14832775767907108,0.6810810872487204,0.005271481286241434,0.006782534972445952
logit,fe,3,4000,6,False,0.4875950813293457,White,1787,0.20145495243424735,0.18123870439607478,0.15117970157473012,0.690893872148252,0.002803083391730904,0.002238388360380526
logit,fe,3,4000,6,False,0.4875950813293457,Black men,2134,0.20290534208059982,0.20318479525094296,0.15312925382872694,0.6700419397365767,0.005878894767783657,0.007497656982193065
logit,fe,3,4000,6,False,0.4875950813293457,White men,1401,0.21199143468950749,0.19308843031660963,0.15805448102197192,0.6769262675059776,0.0036231884057971015,0.0028551034975017845
logit,fe,3,4000,6,False,0.4875950813293457,Black women,225,0.1288888888888889,0.13305632475509757,0.10278823419744604,0.758972554539057,0.0,0.0
logit,fe,3,4000,6,False,0.4875950813293457,White women,386,0.16321243523316062,0.1382297250834598,0.12622745803694327,0.7303061575507396,0.0,0.0
logit,fe,3,4000,7,False,0.5509483814239502,All,4146,0.19826338639652677,0.1869328251085912,0.14939904635951223,0.6856351067660983,0.005716004813477738,0.006512301013024602
logit,fe,3,4000,7,False,0.5509483814239502,Men,3535,0.2065063649222065,0.1987795201781609,0.1545830519874615,0.6760881986667644,0.006773618538324421,0.007637906647807638
logit,fe,3,4000,7,False,0.5509483814239502,Women,611,0.15057283142389524,0.11839261713653065,0.1194064769735864,0.73747591522158,0.0,0.0
logit,fe,3,4000,7,False,0.5509483814239502,Black,2359,0.19584569732937684,0.1947023068626821,0.14819479217812134,0.6830710143836132,0.007380073800738007,0.008902077151335312
logit,fe,3,4000,7,False,0.5509483814239502,White,1787,0.20145495243424735,0.17667641354849015,0.15098876970248992,0.6917854083936774,0.00350385423966363,0.003357582540570789
logit,fe,3,4000,7,False,0.5509483814239502,Black men,2134,0.20290534208059982,0.20338101676445028,0.1529764067182658,0.6726636824147729,0.00823045267489712,0.009840674789128397
logit,fe,3,4000,7,False,0.5509483814239502,White men,1401,0.21199143468950749,0.19177053108812414,0.15703029039178962,0.6831448543405065,0.004528985507246377,0.004282655246252677
logit,fe,3,4000,7,False,0.5509483814239502,Black women,225,0.1288888888888889,0.11238956494991215,0.1028438347173738,0.7663617171006334,0.0,0.0
logit,fe,3,4000,7,False,0.5509483814239502,White women,386,0.16321243523316062,0.12189180558727979,0.1290608668897725,0.7211656592461546,0.0,0.0
logit,fe,3,4000,8,False,0.5290260314941406,All,4146,0.19826338639652677,0.1963712995310411,0.14939529433359253,0.6845733747924846,0.0069193742478941035,0.007959479015918957
logit,fe,3,4000,8,False,0.5290260314941406,Men,3535,0.2065063649222065,0.20910847384407738,0.15461262458409497,0.675965619124362,0.00819964349376114,0.009335219236209336
logit,fe,3,4000,8,False,0.5290260314941406,Women,611,0.15057283142389524,0.1226791371798408,0.11920992209868879,0.7253078662980649,0.0,0.0
logit,fe,3,4000,8,False,0.5290260314941406,Black,2359,0.19584569732937684,0.20569440911134818,0.14812249785504503,0.6844390892888521,0.009488666315234581,0.011445527766002543
logit,fe,3,4000,8,False,0.5290260314941406,White,1787,0.20145495243424735,0.18406396013543705,0.15107549964578815,0.6879292221443589,0.00350385423966363,0.003357582540570789
logit,fe,3,4000,8,False,0.5290260314941406,Black men,2134,0.20290534208059982,0.21500783470375545,0.15285300917981237,0.6750274597336441,0.010582010582010581,0.012652296157450796
logit,fe,3,4000,8,False,0.5290260314941406,White men,1401,0.21199143468950749,0.2001225808572445,0.15729286674879103,0.6800309861904066,0.004528985507246377,0.004282655246252677
logit,fe,3,4000,8,False,0.5290260314941406,Black women,225,0.1288888888888889,0.11736174149269428,0.10325622600147405,0.7642505277973258,0.0,0.0
logit,fe,3,4000,8,False,0.5290260314941406,White women,386,0.16321243523316062,0.12577865539126043,0.1285093563522466,0.7054400707651481,0.0,0.0
logit,fe,3,4000,9,False,0.7001855373382568,All,4146,0.19826338639652677,0.18760674030458638,0.14960489185827192,0.684039397905376,0.004512635379061372,0.005065123010130246
logit,fe,3,4000,9,False,0.7001855373382568,Men,3535,0.2065063649222065,0.19605698947792005,0.15515784027482926,0.6718242863770664,0.0053475935828877,0.005940594059405941
logit,fe,3,4000,9,False,0.7001855373382568,Women,611,0.15057283142389524,0.1387170008156592,0.1174777680407102,0.7318212281142665,0.0,0.0
logit,fe,3,4000,9,False,0.7001855373382568,Black,2359,0.19584569732937684,0.19546513192645393,0.14870300445850265,0.6793798364699788,0.005798629414865577,0.0072064434082238235
logit,fe,3,4000,9,False,0.7001855373382568,White,1787,0.20145495243424735,0.17723295975842773,0.1507954639769376,0.6925562563264036,0.002803083391730904,0.002238388360380526
logit,fe,3,4000,9,False,0.7001855373382568,Black men,2134,0.20290534208059982,0.2020315060024725,0.15352647199654124,0.668143857776909,0.006466784244562022,0.007966260543580132
logit,fe,3,4000,9,False,0.7001855373382568,White men,1401,0.21199143468950749,0.1869566195540122,0.15764273671013734,0.6799364417118039,0.0036231884057971015,0.0028551034975017845
logit,fe,3,4000,9,False,0.7001855373382568,Black women,225,0.1288888888888889,0.13318672180101543,0.10295509456439493,0.7593244194229415,0.0,0.0
logit,fe,3,4000,9,False,0.7001855373382568,White women,386,0.16321243523316062,0.1419406090495837,0.12594305698415822,0.7188559634380068,0.0,0.0
logit,fe,3,8000,0,False,0.8820991516113281,All,4146,0.19826338639652677,0.19232569126339855,0.14841100361485643,0.6913851484887612,0.005716004813477738,0.006512301013024602
logit,fe,3,8000,0,False,0.8820991516113281,Men,3535,0.2065063649222065,0.2028454428195786,0.15366244650320762,0.6815251629917222,0.006773618538324421,0.007637906647807638
logit,fe,3,8000,0,False,0.8820991516113281,Women,611,0.15057283142389524,0.13146264420759426,0.11802826939174431,0.733727067102287,0.0,0.0
logit,fe,3,8000,0,False,0.8820991516113281,Black,2359,0.19584569732937684,0.20162756686542602,0.14759500218074365,0.685834548512461,0.00790722192936215,0.009749894022891056
logit,fe,3,8000,0,False,0.8820991516113281,White,1787,0.20145495243424735,0.18004638262031916,0.14948819856900977,0.7022813984271588,0.002803083391730904,0.002238388360380526
logit,fe,3,8000,0,False,0.8820991516113281,Black men,2134,0.20290534208059982,0.20945498119938158,0.15239458870149195,0.6749731512369438,0.008818342151675485,0.01077788191190253
logit,fe,3,8000,0,False,0.8820991516113281,White men,1401,0.21199143468950749,0.19277780905619551,0.15559364461088876,0.6945267896354852,0.0036231884057971015,0.0028551034975017845
logit,fe,3,8000,0,False,0.8820991516113281,Black women,225,0.1288888888888889,0.12738889047137622,0.10207359046840184,0.7667135819845179,0.0,0.0
logit,fe,3,8000,0,False,0.8820991516113281,White women,386,0.16321243523316062,0.13383724159269544,0.12732827653617967,0.7180205415499534,0.0,0.0
logit,fe,3,8000,1,False,0.9591386318206787,All,4146,0.19826338639652677,0.19187600408288302,0.14896118748095916,0.6868933744411359,0.004512635379061372,0.005065123010130246
logit,fe,3,8000,1,False,0.9591386318206787,Men,3535,0.2065063649222065,0.20220009342637757,0.15431365346189085,0.6761345933142872,0.0053475935828877,0.005940594059405941
logit,fe,3,8000,1,False,0.9591386318206787,Women,611,0.15057283142389524,0.13214497981241935,0.11799397431795855,0.7308159504062997,0.0,0.0
logit,fe,3,8000,1,False,0.9591386318206787,Black,2359,0.19584569732937684,0.2015055128018265,0.1479704202756644,0.682953490017275,0.005798629414865577,0.0072064434082238235
logit,fe,3,8000,1,False,0.9591386318206787,White,1787,0.20145495243424735,0.1791641903906683,0.15026908890081944,0.6958907576111499,0.002803083391730904,0.002238388360380526
logit,fe,3,8000,1,False,0.9591386318206787,Black men,2134,0.20290534208059982,0.20941479453332054,0.15280503612842733,0.6717961041799891,0.006466784244562022,0.007966260543580132
logit,fe,3,8000,1,False,0.9591386318206787,White men,1401,0.21199143468950749,0.19121067717925683,0.1566115759384155,0.6863807153662226,0.0036231884057971015,0.0028551034975017845
logit,fe,3,8000,1,False,0.9591386318206787,Black women,225,0.1288888888888889,0.12649036962401217,0.10211677480990397,0.7628430682617875,0.0,0.0
logit,fe,3,8000,1,False,0.9591386318206787,White women,386,0.16321243523316062,0.13544106088079141,0.1272488185907883,0.7155634183497961,0.0,0.0
logit,fe,3,8000,2,False,0.9425508975982666,All,4146,0.19826338639652677,0.1946677766171399,0.1487854591333012,0.6878756869599842,0.006618531889290012,0.007718282682103232
logit,fe,3,8000,2,False,0.9425508975982666,Men,3535,0.2065063649222065,0.20530477518108997,0.15412991632803433,0.6774258296095523,0.00784313725490196,0.009052333804809052
logit,fe,3,8000,2,False,0.9425508975982666,Women,611,0.15057283142389524,0.13312638558021092,0.1178645815827584,0.7329521655357292,0.0,0.0
logit,fe,3,8000,2,False,0.9425508975982666,Black,2359,0.19584569732937684,0.20454788478919414,0.14794012885223667,0.6831634364581123,0.009488666315234581,0.011445527766002543
logit,fe,3,8000,2,False,0.9425508975982666,White,1787,0.20145495243424735,0.18162514920926298,0.14990137079140486,0.6977711593864362,0.002803083391730904,0.0027979854504756574
logit,fe,3,8000,2,False,0.9425508975982666,Black men,2134,0.20290534208059982,0.21275145336356008,0.15274419696135297,0.6726949098003756,0.010582010582010581,0.012652296157450796
logit,fe,3,8000,2,False,0.9425508975982666,White men,1401,0.21199143468950749,0.19396201198238108,0.15624064090226558,0.6884088469233397,0.0036231884057971015,0.0035688793718772305
logit,fe,3,8000,2,False,0.9425508975982666,Black women,225,0.1288888888888889,0.12674159439942992,0.10237621176399554,0.7602040816326531,0.0,0.0
logit,fe,3,8000,2,False,0.9425508975982666,White women,386,0.16321243523316062,0.13684809028403405,0.12689277642530153,0.7185611086539878,0.0,0.0
logit,fe,3,8000,3,False,0.9398882389068604,All,4146,0.19826338639652677,0.19196734233981688,0.14869118056370692,0.6898864265198029,0.004512635379061372,0.005788712011577424
logit,fe,3,8000,3,False,0.9398882389068604,Men,3535,0.2065063649222065,0.202148172375008,0.15399145038170955,0.6796185871608917,0.0053475935828877,0.006789250353606789
logit,fe,3,8000,3,False,0.9398882389068604,Women,611,0.15057283142389524,0.13306515874832636,0.1180259533842647,0.7317583982575186,0.0,0.0
logit,fe,3,8000,3,False,0.9398882389068604,Black,2359,0.19584569732937684,0.20160537865681377,0.14780482348356838,0.6850050318685004,0.005798629414865577,0.008054260279779568
logit,fe,3,8000,3,False,0.9398882389068604,White,1787,0.20145495243424735,0.17924427145464866,0.14986125126994473,0.6999104570583198,0.002803083391730904,0.0027979854504756574
logit,fe,3,8000,3,False,0.9398882389068604,Black men,2134,0.20290534208059982,0.20923666037201902,0.15268868955834258,0.6732909455516589,0.006466784244562022,0.008903467666354265
logit,fe,3,8000,3,False,0.9398882389068604,White men,1401,0.21199143468950749,0.1913510036486544,0.15597581269224853,0.6925566046942858,0.0036231884057971015,0.0035688793718772305
logit,fe,3,8000,3,False,0.9398882389068604,Black women,225,0.1288888888888889,0.1292269111890449,0.10148406702326533,0.7783251231527093,0.0,0.0
logit,fe,3,8000,3,False,0.9398882389068604,White women,386,0.16321243523316062,0.13530247921681943,0.1276682446568679,0.7134011499336576,0.0,0.0
logit,fe,3,8000,4,False,0.8082394599914551,All,4146,0.19826338639652677,0.19272941383476364,0.14876356681748007,0.6884360150025912,0.005415162454873646,0.00602990834539315
logit,fe,3,8000,4,False,0.8082394599914551,Men,3535,0.2065063649222065,0.20396252009883736,0.15397289849317758,0.6789138768832563,0.006417112299465241,0.007072135785007072
logit,fe,3,8000,4,False,0.8082394599914551,Women,611,0.15057283142389524,0.12773918364900164,0.11862447111602233,0.734606685096758,0.0,0.0
logit,fe,3,8000,4,False,0.8082394599914551,Black,2359,0.19584569732937684,0.20174776530993208,0.14771334690809695,0.6846022541858072,0.006852925672113864,0.00847816871555744
logit,fe,3,8000,4,False,0.8082394599914551,White,1787,0.20145495243424735,0.18082438242462237,0.15014995112986657,0.6972027563653352,0.00350385423966363,0.0027979854504756574
logit,fe,3,8000,4,False,0.8082394599914551,Black men,2134,0.20290534208059982,0.21019733592085288,0.15247150305193138,0.6741544506491902,0.007642563198118754,0.00937207122774133
logit,fe,3,8000,4,False,0.8082394599914551,White men,1401,0.21199143468950749,0.19446566287957884,0.1562598205999722,0.6894427365441858,0.004528985507246377,0.0035688793718772305
logit,fe,3,8000,4,False,0.8082394599914551,Black women,225,0.1288888888888889,0.12160828227124325,0.10258487930390724,0.7751583391977481,0.0,0.0
logit,fe,3,8000,4,False,0.8082394599914551,White women,386,0.16321243523316062,0.13131289559199555,0.1279739741153122,0.7158091306698118,0.0,0.0
logit,fe,3,8000,5,False,0.8962960243225098,All,4146,0.19826338639652677,0.18794454120497575,0.14909053242856302,0.6866598739243605,0.0048134777376654635,0.005788712011577424
logit,fe,3,8000,5,False,0.8962960243225098,Men,3535,0.2065063649222065,0.19810269676195097,0.15448300881131666,0.6757649012282372,0.00570409982174688,0.006789250353606789
logit,fe,3,8000,5,False,0.8962960243225098,Women,611,0.15057283142389524,0.12917354301527473,0.11789183518955453,0.7332453715338862,0.0,0.0
logit,fe,3,8000,5,False,0.8962960243225098,Black,2359,0.19584569732937684,0.19715702289707387,0.14808571366703366,0.6818934886936995,0.006852925672113864,0.00847816871555744
logit,fe,3,8000,5,False,0.8962960243225098,White,1787,0.20145495243424735,0.17578324052693464,0.15041698316076652,0.6964474811181188,0.002102312543798178,0.002238388360380526
logit,fe,3,8000,5,False,0.8962960243225098,Black men,2134,0.20290534208059982,0.20487539277829805,0.15292556759058368,0.6706868531348901,0.007642563198118754,0.00937207122774133
logit,fe,3,8000,5,False,0.8962960243225098,White men,1401,0.21199143468950749,0.18778654165924955,0.15685529972141238,0.6867588932806324,0.002717391304347826,0.0028551034975017845
logit,fe,3,8000,5,False,0.8962960243225098,Black women,225,0.1288888888888889,0.12395257255693005,0.1021823880098969,0.7670654468684025,0.0,0.0
logit,fe,3,8000,5,False,0.8962960243225098,White women,386,0.16321243523316062,0.13221685481094195,0.12704889636940678,0.7174308319819156,0.0,0.0
logit,fe,3,8000,6,False,0.9537551403045654,All,4146,0.19826338639652677,0.19208169331590239,0.14908160469454643,0.6858393282212092,0.007821901323706379,0.010130246020260492
logit,fe,3,8000,6,False,0.9537551403045654,Men,3535,0.2065063649222065,0.20166093556561604,0.15450928658528787,0.6752174443874686,0.009269162210338681,0.011881188118811881
logit,fe,3,8000,6,False,0.9537551403045654,Women,611,0.15057283142389524,0.1366600544407179,0.11767922256071499,0.7212239256094497,0.0,0.0
logit,fe,3,8000,6,False,0.9537551403045654,Black,2359,0.19584569732937684,0.2024547077208183,0.14810514849673131,0.6817588491283799,0.010015814443858724,0.014412886816447647
logit,fe,3,8000,6,False,0.9537551403045654,White,1787,0.20145495243424735,0.17838838554802516,0.1503706143031899,0.6947773105972125,0.004905395935529082,0.004476776720761052
logit,fe,3,8000,6,False,0.9537551403045654,Black men,2134,0.20290534208059982,0.20999923074968063,0.15307229985299747,0.6699808426777891,0.011169900058788948,0.015932521087160263
logit,fe,3,8000,6,False,0.9537551403045654,White men,1401,0.21199143468950749,0.18896006338660545,0.15669810149371594,0.6872529644268774,0.006340579710144928,0.005710206995003569
logit,fe,3,8000,6,False,0.9537551403045654,Black women,225,0.1288888888888889,0.13089909819374168,0.10099447741107812,0.766185784658691,0.0,0.0
logit,fe,3,8000,6,False,0.9537551403045654,White women,386,0.16321243523316062,0.1400181247919346,0.12740478644327538,0.6993464052287581,0.0,0.0
logit,fe,3,8000,7,False,0.8087644577026367,All,4146,0.19826338639652677,0.19534957832393743,0.14888620117779042,0.6874511405658472,0.0048134777376654635,0.00602990834539315
logit,fe,3,8000,7,False,0.8087644577026367,Men,3535,0.2065063649222065,0.20562540194112894,0.15421005467745622,0.6771923912778063,0.00570409982174688,0.007072135785007072
logit,fe,3,8000,7,False,0.8087644577026367,Women,611,0.15057283142389524,0.13589780011318145,0.11808452831147499,0.7309416101197956,0.0,0.0
logit,fe,3,8000,7,False,0.8087644577026367,Black,2359,0.19584569732937684,0.20468363519809926,0.14798596892074065,0.6833323064213944,0.006852925672113864,0.008902077151335312
logit,fe,3,8000,7,False,0.8087644577026367,White,1787,0.20145495243424735,0.18302778752027338,0.15007458835987234,0.6959647278673207,0.002102312543798178,0.002238388360380526
logit,fe,3,8000,7,False,0.8087644577026367,Black men,2134,0.20290534208059982,0.21262622777548545,0.15285342900636006,0.6720106227419544,0.007642563198118754,0.009840674789128397
logit,fe,3,8000,7,False,0.8087644577026367,White men,1401,0.21199143468950749,0.19496176002070298,0.15627646380102458,0.687994071146245,0.002717391304347826,0.0028551034975017845
logit,fe,3,8000,7,False,0.8087644577026367,Black women,225,0.1288888888888889,0.12935255715302316,0.10182081415313247,0.7714637579169598,0.0,0.0
logit,fe,3,8000,7,False,0.8087644577026367,White women,386,0.16321243523316062,0.13971303240861047,0.12756467257475756,0.7126148705096074,0.0,0.0
logit,fe,3,8000,8,False,0.8251569271087646,All,4146,0.19826338639652677,0.19489829731584551,0.14875706741848424,0.6893443978907363,0.0069193742478941035,0.007718282682103232
logit,fe,3,8000,8,False,0.8251569271087646,Men,3535,0.2065063649222065,0.20658562247649426,0.15396698504120787,0.6804024125216712,0.00819964349376114,0.009052333804809052
logit,fe,3,8000,8,False,0.8251569271087646,Women,611,0.15057283142389524,0.12728013947150307,0.1186145816634466,0.7316536818296053,0.0,0.0
logit,fe,3,8000,8,False,0.8251569271087646,Black,2359,0.19584569732937684,0.20389784192373236,0.14775938021026094,0.6861700064124946,0.008961518186610437,0.0105977108944468
logit,fe,3,8000,8,False,0.8251569271087646,White,1787,0.20145495243424735,0.18301809265439895,0.15007410386179637,0.6969847387682004,0.004204625087596356,0.00391717963066592
logit,fe,3,8000,8,False,0.8251569271087646,Black men,2134,0.20290534208059982,0.21265363551376232,0.1525752071142501,0.6756370726091023,0.009994121105232217,0.011715089034676664
logit,fe,3,8000,8,False,0.8251569271087646,White men,1401,0.21199143468950749,0.19734283887797174,0.15608693800061393,0.6906169179719904,0.005434782608695652,0.004996431120628123
logit,fe,3,8000,8,False,0.8251569271087646,Black women,225,0.1288888888888889,0.12085400405207053,0.10208393748531508,0.7749824067558058,0.0,0.0
logit,fe,3,8000,8,False,0.8251569271087646,White women,386,0.16321243523316062,0.13102594379630186,0.1282503198501813,0.7102560322374564,0.0,0.0
logit,fe,3,8000,9,False,1.053910255432129,All,4146,0.19826338639652677,0.1922584257180674,0.14885764440422122,0.6880674648138876,0.005415162454873646,0.00602990834539315
logit,fe,3,8000,9,False,1.053910255432129,Men,3535,0.2065063649222065,0.20256690712272896,0.15425260844704153,0.6772026469367324,0.006417112299465241,0.007072135785007072
logit,fe,3,8000,9,False,1.053910255432129,Women,611,0.15057283142389524,0.1326177026976441,0.11764455456564565,0.7362612046577867,0.0,0.0
logit,fe,3,8000,9,False,1.053910255432129,Black,2359,0.19584569732937684,0.20227590984959687,0.14780683988181026,0.684476742726611,0.007380073800738007,0.00847816871555744
logit,fe,3,8000,9,False,1.053910255432129,White,1787,0.20145495243424735,0.17903444974365332,0.15024480045814823,0.6964455345324301,0.002803083391730904,0.0027979854504756574
logit,fe,3,8000,9,False,1.053910255432129,Black men,2134,0.20290534208059982,0.2102178306316101,0.15262562453896225,0.6734932447018668,0.00823045267489712,0.00937207122774133
logit,fe,3,8000,9,False,1.053910255432129,White men,1401,0.21199143468950749,0.190913037909344,0.15673082661966195,0.686246523203045,0.0036231884057971015,0.0035688793718772305
logit,fe,3,8000,9,False,1.053910255432129,Black women,225,0.1288888888888889,0.12695120341041358,0.102103344511311,0.7647783251231527,0.0,0.0
logit,fe,3,8000,9,False,1.053910255432129,White women,386,0.16321243523316062,0.13592071394020078,0.12670355006363865,0.7219027962062018,0.0,0.0
logit,fe,3,9398,0,True,1.162491798400879,All,4146,0.19826338639652677,0.1920686685847251,0.1487176775129014,0.6890234261772379,0.006016847172081829,0.006271104679208876
logit,fe,3,9398,0,True,1.162491798400879,Men,3535,0.2065063649222065,0.20260384502487844,0.15402837196670885,0.678647718115889,0.0071301247771836,0.007355021216407355
logit,fe,3,9398,0,True,1.162491798400879,Women,611,0.15057283142389524,0.13111637936059745,0.11799213758784534,0.7318840579710144,0.0,0.0
logit,fe,3,9398,0,True,1.162491798400879,Black,2359,0.19584569732937684,0.20168796141367165,0.1477641019755399,0.6844710376602838,0.008434370057986295,0.009325985587113183
logit,fe,3,9398,0,True,1.162491798400879,White,1787,0.20145495243424735,0.17937034078199157,0.14997648260111396,0.6984777699914351,0.002803083391730904,0.002238388360380526
logit,fe,3,9398,0,True,1.162491798400879,Black men,2134,0.20290534208059982,0.20972060599214695,0.15259409435839574,0.673380554571214,0.00940623162845385,0.010309278350515464
logit,fe,3,9398,0,True,1.162491798400879,White men,1401,0.21199143468950749,0.19176361097480635,0.1562130603436826,0.6898727614307325,0.0036231884057971015,0.0028551034975017845
logit,fe,3,9398,0,True,1.162491798400879,Black women,225,0.1288888888888889,0.12550279016715482,0.10195430755325399,0.7711118930330753,0.0,0.0
logit,fe,3,9398,0,True,1.162491798400879,White women,386,0.16321243523316062,0.13438854922724147,0.1273406136442781,0.7147771389257458,0.0,0.0
logit,fe,3,9398,1,True,1.2391281127929688,All,4146,0.19826338639652677,0.19210819055510486,0.1487157988560607,0.6890516072740901,0.006016847172081829,0.006271104679208876
logit,fe,3,9398,1,True,1.2391281127929688,Men,3535,0.2065063649222065,0.20263880130944129,0.15402617775350114,0.6786770199985349,0.0071301247771836,0.007355021216407355
logit,fe,3,9398,1,True,1.2391281127929688,Women,611,0.15057283142389524,0.13118231655088364,0.11799208461309504,0.7320934908268409,0.0,0.0
logit,fe,3,9398,1,True,1.2391281127929688,Black,2359,0.19584569732937684,0.2017221632795949,0.1477637381454116,0.6845166781909007,0.008434370057986295,0.009325985587113183
logit,fe,3,9398,1,True,1.2391281127929688,White,1787,0.20145495243424735,0.17941688576659226,0.14997260423738198,0.698491396091256,0.002803083391730904,0.002238388360380526
logit,fe,3,9398,1,True,1.2391281127929688,Black men,2134,0.20290534208059982,0.20975536124001012,0.15259295707852616,0.6734307899306616,0.00940623162845385,0.010309278350515464
logit,fe,3,9398,1,True,1.2391281127929688,White men,1401,0.21199143468950749,0.1917988734780109,0.15620925621202836,0.6898666617869517,0.0036231884057971015,0.0028551034975017845
logit,fe,3,9398,1,True,1.2391281127929688,Black women,225,0.1288888888888889,0.1255317435128124,0.10196127946422738,0.7711118930330753,0.0,0.0
logit,fe,3,9398,1,True,1.2391281127929688,White women,386,0.16321243523316062,0.13447604435804952,0.12733646585271996,0.7150228512457615,0.0,0.0
logit,fe,3,9398,2,True,1.2212812900543213,All,4146,0.19826338639652677,0.19213485993075016,0.14872750824916617,0.6892949894741773,0.007220216606498195,0.008683068017366137
logit,fe,3,9398,2,True,1.2212812900543213,Men,3535,0.2065063649222065,0.20272554941988516,0.15404529097529726,0.6791375479207873,0.008556149732620321,0.010183875530410185
logit,fe,3,9398,2,True,1.2212812900543213,Women,611,0.15057283142389524,0.13086139455580387,0.1179609584343159,0.7283027561363827,0.0,0.0
logit,fe,3,9398,2,True,1.2212812900543213,Black,2359,0.19584569732937684,0.20263718574470324,0.147702947407859,0.6858003181144985,0.010015814443858724,0.01314116150911403
logit,fe,3,9398,2,True,1.2212812900543213,White,1787,0.20145495243424735,0.17827084952497776,0.1500800202942941,0.6979385657556646,0.00350385423966363,0.0027979854504756574
logit,fe,3,9398,2,True,1.2212812900543213,Black men,2134,0.20290534208059982,0.21079747770070217,0.15256896035357576,0.674732836139046,0.011169900058788948,0.014526710402999063
logit,fe,3,9398,2,True,1.2212812900543213,White men,1401,0.21199143468950749,0.19043040669949718,0.15629403440624215,0.6898514126774996,0.004528985507246377,0.0035688793718772305
logit,fe,3,9398,2,True,1.2212812900543213,Black women,225,0.1288888888888889,0.1252413500375845,0.10155151795826077,0.7675932441942295,0.0,0.0
logit,fe,3,9398,2,True,1.2212812900543213,White women,386,0.16321243523316062,0.13413732724129443,0.12752604679471075,0.7100103199174407,0.0,0.0
logit,fe,3,9398,3,True,1.1743688583374023,All,4146,0.19826338639652677,0.19212316254721254,0.1487202345364918,0.6890197662945298,0.006016847172081829,0.006271104679208876
logit,fe,3,9398,3,True,1.1743688583374023,Men,3535,0.2065063649222065,0.20265435403092966,0.1540311259334402,0.6786433228334919,0.0071301247771836,0.007355021216407355
logit,fe,3,9398,3,True,1.1743688583374023,Women,611,0.15057283142389524,0.1311939286766067,0.11799355517771515,0.7320097176845103,0.0,0.0
logit,fe,3,9398,3,True,1.1743688583374023,Black,2359,0.19584569732937684,0.20172828037995302,0.1477646122558804,0.684506409071512,0.008434370057986295,0.009325985587113183
logit,fe,3,9398,3,True,1.1743688583374023,White,1787,0.20145495243424735,0.17944354700863677,0.14998174150905044,0.6983746009499339,0.002803083391730904,0.002238388360380526
logit,fe,3,9398,3,True,1.1743688583374023,Black men,2134,0.20290534208059982,0.20975842821865057,0.1525944868249064,0.6733995625450592,0.00940623162845385,0.010309278350515464
logit,fe,3,9398,3,True,1.1743688583374023,White men,1401,0.21199143468950749,0.1918334444544868,0.1562194113421562,0.6897660176645684,0.0036231884057971015,0.0028551034975017845
logit,fe,3,9398,3,True,1.1743688583374023,Black women,225,0.1288888888888889,0.12556678932315046,0.10195593523231815,0.7719915552427867,0.0,0.0
logit,fe,3,9398,3,True,1.1743688583374023,White women,386,0.16321243523316062,0.13447399695258513,0.12734190877282994,0.7145805690697331,0.0,0.0
logit,fe,3,9398,4,True,1.2024319171905518,All,4146,0.19826338639652677,0.1921442346418285,0.14873108691043058,0.689288035697032,0.007220216606498195,0.008683068017366137
logit,fe,3,9398,4,True,1.2024319171905518,Men,3535,0.2065063649222065,0.2027388457434738,0.1540479030419095,0.679146338485581,0.008556149732620321,0.010183875530410185
logit,fe,3,9398,4,True,1.2024319171905518,Women,611,0.15057283142389524,0.13084808039581172,0.11797012942306878,0.7281980397084695,0.0,0.0
logit,fe,3,9398,4,True,1.2024319171905518,Black,2359,0.19584569732937684,0.20264960607387805,0.1477069063038461,0.6858014591277638,0.010015814443858724,0.01314116150911403
logit,fe,3,9398,4,True,1.2024319171905518,White,1787,0.20145495243424735,0.17827620374747766,0.15008309701168,0.6979171533130888,0.00350385423966363,0.0027979854504756574
logit,fe,3,9398,4,True,1.2024319171905518,Black men,2134,0.20290534208059982,0.21081353684724222,0.15257269576267596,0.6747382669887162,0.011169900058788948,0.014526710402999063
logit,fe,3,9398,4,True,1.2024319171905518,White men,1401,0.21199143468950749,0.19043949469747684,0.15629493540014244,0.6898361635680477,0.004528985507246377,0.0035688793718772305
logit,fe,3,9398,4,True,1.2024319171905518,Black women,225,0.1288888888888889,0.1252192582056151,0.10155759650321099,0.7677691766361717,0.0,0.0
logit,fe,3,9398,4,True,1.2024319171905518,White women,386,0.16321243523316062,0.13412912959994186,0.1275370203737631,0.7099611774534376,0.0,0.0
logit,fe,3,9398,5,True,1.5444378852844238,All,4146,0.19826338639652677,0.19210722991938925,0.14872178333657673,0.6890084206581348,0.006016847172081829,0.006271104679208876
logit,fe,3,9398,5,True,1.5444378852844238,Men,3535,0.2065063649222065,0.2026307562780512,0.15403288614227187,0.6786257417039044,0.0071301247771836,0.007355021216407355
logit,fe,3,9398,5,True,1.5444378852844238,Women,611,0.15057283142389524,0.13122234337623054,0.11799388085190854,0.7319468878277624,0.0,0.0
logit,fe,3,9398,5,True,1.5444378852844238,Black,2359,0.19584569732937684,0.20171570010614348,0.14776728863324579,0.6844573455010988,0.008434370057986295,0.009325985587113183
logit,fe,3,9398,5,True,1.5444378852844238,White,1787,0.20145495243424735,0.1794231889733606,0.14998180180616696,0.6983979599781983,0.002803083391730904,0.002238388360380526
logit,fe,3,9398,5,True,1.5444378852844238,Black men,2134,0.20290534208059982,0.20974120614856392,0.1525976091627537,0.6733466117607765,0.00940623162845385,0.010309278350515464
logit,fe,3,9398,5,True,1.5444378852844238,White men,1401,0.21199143468950749,0.19180013527614237,0.15621909675918252,0.6898087151710339,0.0036231884057971015,0.0028551034975017845
logit,fe,3,9398,5,True,1.5444378852844238,Black women,225,0.1288888888888889,0.12559823390825336,0.1019543819222686,0.7718156228008445,0.0,0.0
logit,fe,3,9398,5,True,1.5444378852844238,White women,386,0.16321243523316062,0.13450064552725352,0.12734332970985926,0.7145805690697331,0.0,0.0
logit,fe,3,9398,6,True,1.3876876831054688,All,4146,0.19826338639652677,0.19208105058500793,0.14872515782711312,0.6893246345241129,0.007220216606498195,0.008683068017366137
logit,fe,3,9398,6,True,1.3876876831054688,Men,3535,0.2065063649222065,0.20269223187711333,0.1540397460363933,0.6791907796742609,0.008556149732620321,0.010183875530410185
logit,fe,3,9398,6,True,1.3876876831054688,Women,611,0.15057283142389524,0.1306890278884572,0.11797709020059036,0.728344642707548,0.0,0.0
logit,fe,3,9398,6,True,1.3876876831054688,Black,2359,0.19584569732937684,0.20259799811878443,0.14769997472141938,0.6858356895257264,0.010015814443858724,0.01314116150911403
logit,fe,3,9398,6,True,1.3876876831054688,White,1787,0.20145495243424735,0.17819773819990511,0.15007849131694617,0.6979346725842871,0.00350385423966363,0.0027979854504756574
logit,fe,3,9398,6,True,1.3876876831054688,Black men,2134,0.20290534208059982,0.2107746501198026,0.1525641501750391,0.6747925754854162,0.011169900058788948,0.014526710402999063
logit,fe,3,9398,6,True,1.3876876831054688,White men,1401,0.21199143468950749,0.19038111087076146,0.1562873702820249,0.6898575123212805,0.004528985507246377,0.0035688793718772305
logit,fe,3,9398,6,True,1.3876876831054688,Black women,225,0.1288888888888889,0.12504699647357218,0.10156597286353253,0.767945109078114,0.0,0.0
logit,fe,3,9398,6,True,1.3876876831054688,White women,386,0.16321243523316062,0.1339777767701907,0.1275431560058702,0.7102068897734533,0.0,0.0
logit,fe,3,9398,7,True,1.5575151443481445,All,4146,0.19826338639652677,0.19214210137537846,0.14871797197134506,0.6890325758840081,0.006016847172081829,0.006271104679208876
logit,fe,3,9398,7,True,1.5575151443481445,Men,3535,0.2065063649222065,0.2026672645167169,0.15402953167308853,0.6786423461040706,0.0071301247771836,0.007355021216407355
logit,fe,3,9398,7,True,1.5575151443481445,Women,611,0.15057283142389524,0.1312477450666524,0.1179874260700962,0.7320516042556756,0.0,0.0
logit,fe,3,9398,7,True,1.5575151443481445,Black,2359,0.19584569732937684,0.201736288696096,0.14776308305650343,0.6845337933898819,0.008434370057986295,0.009325985587113183
logit,fe,3,9398,7,True,1.5575151443481445,White,1787,0.20145495243424735,0.17947691509134225,0.14997851083542535,0.698419372420774,0.002803083391730904,0.002238388360380526
logit,fe,3,9398,7,True,1.5575151443481445,Black men,2134,0.20290534208059982,0.2097642488587572,0.15259271930744428,0.673426716793409,0.00940623162845385,0.010309278350515464
logit,fe,3,9398,7,True,1.5575151443481445,White men,1401,0.21199143468950749,0.19185715417702112,0.15621808098663942,0.6897751671302397,0.0036231884057971015,0.0028551034975017845
logit,fe,3,9398,7,True,1.5575151443481445,Black women,225,0.1288888888888889,0.12559554653112262,0.10195666634757994,0.7716396903589021,0.0,0.0
logit,fe,3,9398,7,True,1.5575151443481445,White women,386,0.16321243523316062,0.13454242037881356,0.1273317808306303,0.7146297115337363,0.0,0.0
logit,fe,3,9398,8,True,1.3480894565582275,All,4146,0.19826338639652677,0.19210864328432875,0.14872868380658785,0.6892887676735736,0.007220216606498195,0.008683068017366137
logit,fe,3,9398,8,True,1.3480894565582275,Men,3535,0.2065063649222065,0.20269964645348207,0.15404631588390866,0.6791355944619442,0.008556149732620321,0.010183875530410185
logit,fe,3,9398,8,True,1.3480894565582275,Women,611,0.15057283142389524,0.13083336308309002,0.11796300558509996,0.7282189829940521,0.0,0.0
logit,fe,3,9398,8,True,1.3480894565582275,Black,2359,0.19584569732937684,0.20261352612342912,0.1477033179560275,0.6858026001410293,0.010015814443858724,0.01314116150911403
logit,fe,3,9398,8,True,1.3480894565582275,White,1787,0.20145495243424735,0.17824125737641736,0.1500822585360069,0.6979190998987775,0.00350385423966363,0.0027979854504756574
logit,fe,3,9398,8,True,1.3480894565582275,Black men,2134,0.20290534208059982,0.21077448484987027,0.1525691687409624,0.6747409824135511,0.011169900058788948,0.014526710402999063
logit,fe,3,9398,8,True,1.3480894565582275,White men,1401,0.21199143468950749,0.190400071051703,0.1562963030381181,0.6898117649929244,0.004528985507246377,0.0035688793718772305
logit,fe,3,9398,8,True,1.3480894565582275,Black women,225,0.1288888888888889,0.12521136646909364,0.10155342651135632,0.7677691766361717,0.0,0.0
logit,fe,3,9398,8,True,1.3480894565582275,White women,386,0.16321243523316062,0.13411043364824335,0.12752817473430283,0.7100594623814438,0.0,0.0
logit,fe,3,9398,9,True,1.511601209640503,All,4146,0.19826338639652677,0.1921103001980523,0.148721499272296,0.6890087866464056,0.006016847172081829,0.006271104679208876
logit,fe,3,9398,9,True,1.511601209640503,Men,3535,0.2065063649222065,0.20263517583303983,0.15403267387227923,0.6786218347862184,0.0071301247771836,0.007355021216407355
logit,fe,3,9398,9,True,1.511601209640503,Women,611,0.15057283142389524,0.1312176072853177,0.11799318141478284,0.7319887743989277,0.0,0.0
logit,fe,3,9398,9,True,1.511601209640503,Black,2359,0.19584569732937684,0.2017216321449061,0.1477668957741241,0.6844607685408951,0.008434370057986295,0.009325985587113183
logit,fe,3,9398,9,True,1.511601209640503,White,1787,0.20145495243424735,0.17942248147246304,0.14998166136081734,0.6984232655921514,0.002803083391730904,0.002238388360380526
logit,fe,3,9398,9,True,1.511601209640503,Black men,2134,0.20290534208059982,0.20974781681064042,0.15259724650282125,0.6733520426104466,0.00940623162845385,0.010309278350515464
logit,fe,3,9398,9,True,1.511601209640503,White men,1401,0.21199143468950749,0.1918012173418195,0.15621911356280263,0.6898239642804861,0.0036231884057971015,0.0028551034975017845
logit,fe,3,9398,9,True,1.511601209640503,Black women,225,0.1288888888888889,0.12559772958189697,0.10195370264061411,0.7718156228008444,0.0,0.0
logit,fe,3,9398,9,True,1.511601209640503,White women,386,0.16321243523316062,0.13449344273420283,0.12734261852407808,0.7146788539977394,0.0,0.0
