model,features,round,size,rep,full,seconds,group,n,base_rate,mean_pred,brier,auc,fpr50,flag50
catboost,raw,1,500,0,False,36.325084924697876,All,7807,0.30062764185986934,0.2723964127580655,0.20029603813280447,0.646094694965594,0.030036630036630037,0.04034840527731523
catboost,raw,1,500,0,False,36.325084924697876,Men,6857,0.31194399883330903,0.27549312489710337,0.20508286398430597,0.6446423542594276,0.03285290377278508,0.044042584220504596
catboost,raw,1,500,0,False,36.325084924697876,Women,950,0.21894736842105264,0.2500446705081889,0.16574523301307206,0.6380753680281983,0.012129380053908356,0.01368421052631579
catboost,raw,1,500,0,False,36.325084924697876,Black,4534,0.31473312748125276,0.2740970634028381,0.20578716409805936,0.6477946468505121,0.03282909559060187,0.043228936921041024
catboost,raw,1,500,0,False,36.325084924697876,White,3273,0.281087687137183,0.2700405465730979,0.19268932712563497,0.6432745431364216,0.02634934126646834,0.03635808127100519
catboost,raw,1,500,0,False,36.325084924697876,Black men,4195,0.3215733015494637,0.27635727085808065,0.20924402098116937,0.6433028395620608,0.03478566408995081,0.045530393325387365
catboost,raw,1,500,0,False,36.325084924697876,White men,2662,0.29676934635612323,0.27413133214492474,0.1985253682661083,0.6468935951530889,0.029914529914529916,0.04169797145003756
catboost,raw,1,500,0,False,36.325084924697876,Black women,339,0.23008849557522124,0.24612782955404042,0.163009834821816,0.6985460261322329,0.011494252873563218,0.014749262536873156
catboost,raw,1,500,0,False,36.325084924697876,White women,611,0.2127659574468085,0.25221784413086706,0.1672629089326069,0.6028946105869183,0.012474012474012475,0.01309328968903437
catboost,raw,1,500,1,False,16.193636655807495,All,7807,0.30062764185986934,0.2949515115057797,0.20129998864274354,0.6344849476613431,0.03406593406593406,0.04367874983988728
catboost,raw,1,500,1,False,16.193636655807495,Men,6857,0.31194399883330903,0.3023842798944455,0.20709573627603917,0.6230567642924425,0.039423484527342095,0.049584366340965434
catboost,raw,1,500,1,False,16.193636655807495,Women,950,0.21894736842105264,0.2413025716730621,0.15946689230431393,0.6846685154468174,0.0,0.0010526315789473684
catboost,raw,1,500,1,False,16.193636655807495,Black,4534,0.31473312748125276,0.2944386669700114,0.20826172086120706,0.6246303022156042,0.034438364982298034,0.04344949272165858
catboost,raw,1,500,1,False,16.193636655807495,White,3273,0.281087687137183,0.2956619414248671,0.19165608583843144,0.6496544651601102,0.03357416064598385,0.043996333638863426
catboost,raw,1,500,1,False,16.193636655807495,Black men,4195,0.3215733015494637,0.29887150495534237,0.21238695144073094,0.6135919894854573,0.03759662684469431,0.0467222884386174
catboost,raw,1,500,1,False,16.193636655807495,White men,2662,0.29676934635612323,0.30792000148330256,0.19875740133393482,0.6411108406361571,0.042200854700854704,0.054094665664913597
catboost,raw,1,500,1,False,16.193636655807495,Black women,339,0.23008849557522124,0.23958393142882092,0.15721351354232008,0.747273798997937,0.0,0.0029498525073746312
catboost,raw,1,500,1,False,16.193636655807495,White women,611,0.2127659574468085,0.24225612166127453,0.16071713027537107,0.6469054853670237,0.0,0.0
catboost,raw,1,500,2,False,44.351356744766235,All,7807,0.30062764185986934,0.2886595504780366,0.20651244426990475,0.6407372204560103,0.10531135531135531,0.13872166004867426
catboost,raw,1,500,2,False,44.351356744766235,Men,6857,0.31194399883330903,0.2991437255204333,0.21218423869975528,0.6334843866338242,0.11636286562102585,0.15196149919789995
catboost,raw,1,500,2,False,44.351356744766235,Women,950,0.21894736842105264,0.21298587861939003,0.16557402910623628,0.6681137258967448,0.03504043126684636,0.0431578947368421
catboost,raw,1,500,2,False,44.351356744766235,Black,4534,0.31473312748125276,0.2926212031536431,0.2112698046327584,0.6447691752849602,0.10975217251367879,0.14380238200264667
catboost,raw,1,500,2,False,44.351356744766235,White,3273,0.281087687137183,0.2831715782106367,0.19992219926985025,0.6338624143092074,0.09944751381215469,0.13168347082187595
catboost,raw,1,500,2,False,44.351356744766235,Black men,4195,0.3215733015494637,0.29855308852956863,0.2157706494071609,0.6354083371404966,0.1163035839775123,0.1504171632896305
catboost,raw,1,500,2,False,44.351356744766235,White men,2662,0.29676934635612323,0.3000745001923631,0.2065324757705417,0.6309200205560965,0.11645299145299146,0.15439519158527423
catboost,raw,1,500,2,False,44.351356744766235,Black women,339,0.23008849557522124,0.21921630889993254,0.15557351015305812,0.7541015816877885,0.038314176245210725,0.061946902654867256
catboost,raw,1,500,2,False,44.351356744766235,White women,611,0.2127659574468085,0.20952906050956363,0.17112259854179668,0.6144090836398528,0.033264033264033266,0.03273322422258593
catboost,raw,1,500,3,False,19.41114592552185,All,7807,0.30062764185986934,0.3920434432672839,0.2138846366766152,0.626615576583621,0.008791208791208791,0.011271935442551556
catboost,raw,1,500,3,False,19.41114592552185,Men,6857,0.31194399883330903,0.39502160740435827,0.21675077159160402,0.6263135166544092,0.010173802458668928,0.012833600700014583
catboost,raw,1,500,3,False,19.41114592552185,Women,950,0.21894736842105264,0.37054736801684246,0.19319717655863766,0.5550908407630106,0.0,0.0
catboost,raw,1,500,3,False,19.41114592552185,Black,4534,0.31473312748125276,0.3940648308315127,0.21741350123964187,0.620356096244008,0.014161570646926296,0.01698279664755183
catboost,raw,1,500,3,False,19.41114592552185,White,3273,0.281087687137183,0.3892432687435401,0.20899619429080304,0.6332302426134999,0.0016999575010624734,0.003360831041857623
catboost,raw,1,500,3,False,19.41114592552185,Black men,4195,0.3215733015494637,0.39595489848176835,0.2191697589815349,0.6192818969518558,0.015460295151089248,0.01835518474374255
catboost,raw,1,500,3,False,19.41114592552185,White men,2662,0.29676934635612323,0.3935508500528423,0.21293873098275357,0.6378803554040895,0.002136752136752137,0.004132231404958678
catboost,raw,1,500,3,False,19.41114592552185,Black women,339,0.23008849557522124,0.37067594058719744,0.19568045927137867,0.5677620591413695,0.0,0.0
catboost,raw,1,500,3,False,19.41114592552185,White women,611,0.2127659574468085,0.3704760323354181,0.19181938140377808,0.5472733088117704,0.0,0.0
catboost,raw,1,500,4,False,14.30269193649292,All,7807,0.30062764185986934,0.3596840082139819,0.2007345808024417,0.65482702569409,0.06703296703296703,0.09875752529780966
catboost,raw,1,500,4,False,14.30269193649292,Men,6857,0.31194399883330903,0.36515837573182097,0.20455630026296903,0.6517636295282052,0.07545570156846121,0.10966895143648826
catboost,raw,1,500,4,False,14.30269193649292,Women,950,0.21894736842105264,0.32017059971943196,0.17314981202261384,0.6518634667219573,0.013477088948787063,0.02
catboost,raw,1,500,4,False,14.30269193649292,Black,4534,0.31473312748125276,0.35799962914723604,0.20505124953892148,0.6510467919603743,0.07209526874798841,0.10145566828407587
catboost,raw,1,500,4,False,14.30269193649292,White,3273,0.281087687137183,0.36201733381392853,0.19475481421179108,0.6618184001921692,0.060348491287717805,0.09501985945615643
catboost,raw,1,500,4,False,14.30269193649292,Black men,4195,0.3215733015494637,0.3609302761766464,0.20794702153621022,0.6449411786768993,0.07659873506676036,0.10727056019070322
catboost,raw,1,500,4,False,14.30269193649292,White men,2662,0.29676934635612323,0.371821365075907,0.1992129209461973,0.6650384074434708,0.07371794871794872,0.11344853493613824
catboost,raw,1,500,4,False,14.30269193649292,Black women,339,0.23008849557522124,0.3217339527803442,0.16921713883500905,0.717948717948718,0.022988505747126436,0.029498525073746312
catboost,raw,1,500,4,False,14.30269193649292,White women,611,0.2127659574468085,0.3193032074319536,0.17533176981410004,0.6062529985606909,0.008316008316008316,0.014729950900163666
catboost,raw,1,500,5,False,21.369096040725708,All,7807,0.30062764185986934,0.27019800750423517,0.20391636717435582,0.6197425284557795,0.017948717948717947,0.029716920712181377
catboost,raw,1,500,5,False,21.369096040725708,Men,6857,0.31194399883330903,0.2709689592276811,0.20871961795084845,0.6191363048938138,0.017592200084781687,0.03004229254776141
catboost,raw,1,500,5,False,21.369096040725708,Women,950,0.21894736842105264,0.2646333591172154,0.1692470086749771,0.622660947543023,0.02021563342318059,0.02736842105263158
catboost,raw,1,500,5,False,21.369096040725708,Black,4534,0.31473312748125276,0.2686480567415606,0.2104603549915616,0.6189026790106388,0.0170582555519794,0.02756947507719453
catboost,raw,1,500,5,False,21.369096040725708,White,3273,0.281087687137183,0.27234511314369936,0.19485115459775607,0.622263899924241,0.019124521886952826,0.03269172013443324
catboost,raw,1,500,5,False,21.369096040725708,Black men,4195,0.3215733015494637,0.2688244243811102,0.2140351445470834,0.6147063986909956,0.01651440618411806,0.026936829558998808
catboost,raw,1,500,5,False,21.369096040725708,White men,2662,0.29676934635612323,0.27434849479543644,0.20034297104205595,0.6276452450503083,0.019230769230769232,0.03493613824192337
catboost,raw,1,500,5,False,21.369096040725708,Black women,339,0.23008849557522124,0.2664655722344498,0.16622365237972136,0.6843992533647706,0.022988505747126436,0.035398230088495575
catboost,raw,1,500,5,False,21.369096040725708,White women,611,0.2127659574468085,0.263616795701925,0.17092445185679653,0.5848072924996002,0.018711018711018712,0.022913256955810146
catboost,raw,1,500,6,False,13.621047735214233,All,7807,0.30062764185986934,0.26477154086378535,0.20179235030612264,0.630157741704397,0.05512820512820513,0.07967208915076214
catboost,raw,1,500,6,False,13.621047735214233,Men,6857,0.31194399883330903,0.2723304662530211,0.2064028135900996,0.6303146851275917,0.06379821958456973,0.09071022312964853
catboost,raw,1,500,6,False,13.621047735214233,Women,950,0.21894736842105264,0.2102120130806392,0.16851451163430164,0.5838624818577649,0.0,0.0
catboost,raw,1,500,6,False,13.621047735214233,Black,4534,0.31473312748125276,0.27188466582168813,0.210627024900665,0.6111766071097905,0.06855487608625684,0.09505955006616675
catboost,raw,1,500,6,False,13.621047735214233,White,3273,0.281087687137183,0.25491791771709094,0.1895539101559073,0.6567795044254329,0.037399065023374416,0.05835624809043691
catboost,raw,1,500,6,False,13.621047735214233,Black men,4195,0.3215733015494637,0.27731039655632944,0.21356469481025137,0.6095780586541032,0.07484188334504568,0.10274135876042909
catboost,raw,1,500,6,False,13.621047735214233,White men,2662,0.29676934635612323,0.26448267976828077,0.19511652819620903,0.6633479389808503,0.04700854700854701,0.07175056348610068
catboost,raw,1,500,6,False,13.621047735214233,Black women,339,0.23008849557522124,0.20474324861867854,0.17427444298115216,0.5938206110619904,0.0,0.0
catboost,raw,1,500,6,False,13.621047735214233,White women,611,0.2127659574468085,0.2132462375529872,0.16531873957770216,0.5802015032784262,0.0,0.0
catboost,raw,1,500,7,False,10.546898365020752,All,7807,0.30062764185986934,0.2981537349547625,0.20226309333077302,0.634088954647114,0.00018315018315018315,0.0001280901754835404
catboost,raw,1,500,7,False,10.546898365020752,Men,6857,0.31194399883330903,0.29522635708732703,0.2059472000888728,0.642510723060163,0.0,0.0
catboost,raw,1,500,7,False,10.546898365020752,Women,950,0.21894736842105264,0.31928324025687277,0.17567159855152023,0.6271317126269955,0.0013477088948787063,0.0010526315789473684
catboost,raw,1,500,7,False,10.546898365020752,Black,4534,0.31473312748125276,0.2976694498456037,0.20633826187619875,0.6516774180597692,0.000321853878339234,0.00022055580061755624
catboost,raw,1,500,7,False,10.546898365020752,White,3273,0.281087687137183,0.2988246022584368,0.19661787054282306,0.6083182431308782,0.0,0.0
catboost,raw,1,500,7,False,10.546898365020752,Black men,4195,0.3215733015494637,0.29574887714462866,0.20890627379294904,0.65277160615057,0.0,0.0
catboost,raw,1,500,7,False,10.546898365020752,White men,2662,0.29676934635612323,0.2944029267190399,0.2012840467498045,0.6253516174402249,0.0,0.0
catboost,raw,1,500,7,False,10.546898365020752,Black women,339,0.23008849557522124,0.3214358288443945,0.1745600613134623,0.7049317221731014,0.0038314176245210726,0.0029498525073746312
catboost,raw,1,500,7,False,10.546898365020752,White women,611,0.2127659574468085,0.318088923511914,0.17628831070160472,0.5716775947545178,0.0,0.0
catboost,raw,1,500,8,False,12.094384908676147,All,7807,0.30062764185986934,0.32805913937424686,0.19906729359287273,0.6441737640288983,0.03241758241758242,0.04816190598181119
catboost,raw,1,500,8,False,12.094384908676147,Men,6857,0.31194399883330903,0.3275303047425698,0.2021805627040888,0.6459140795667613,0.035184400169563375,0.05235525740119586
catboost,raw,1,500,8,False,12.094384908676147,Women,950,0.21894736842105264,0.33187621207888873,0.17659604486065328,0.6395267468380675,0.014824797843665768,0.017894736842105262
catboost,raw,1,500,8,False,12.094384908676147,Black,4534,0.31473312748125276,0.322299484736135,0.2033186128380079,0.6439974702781363,0.03154168007724493,0.04719894133215704
catboost,raw,1,500,8,False,12.094384908676147,White,3273,0.281087687137183,0.33603783602233717,0.193178053917516,0.649589330918901,0.03357416064598385,0.04949587534372136
catboost,raw,1,500,8,False,12.094384908676147,Black men,4195,0.3215733015494637,0.32307781238782146,0.20613175515350118,0.6399161139117131,0.03408292340126493,0.050059594755661505
catboost,raw,1,500,8,False,12.094384908676147,White men,2662,0.29676934635612323,0.33454691083880167,0.19595394650375642,0.6588154549388726,0.03685897435897436,0.05597295266716754
catboost,raw,1,500,8,False,12.094384908676147,Black women,339,0.23008849557522124,0.3126679670404865,0.1685070139781424,0.7054229295608606,0.0038314176245210726,0.011799410029498525
catboost,raw,1,500,8,False,12.094384908676147,White women,611,0.2127659574468085,0.34253348714929527,0.1810840669051233,0.6077882616344155,0.02079002079002079,0.02127659574468085
catboost,raw,1,500,9,False,16.6288480758667,All,7807,0.30062764185986934,0.25915180184677217,0.20781961221934098,0.5963225597013412,0.00641025641025641,0.008325861406430126
catboost,raw,1,500,9,False,16.6288480758667,Men,6857,0.31194399883330903,0.260891152600925,0.21342214181160424,0.5922287218873299,0.00635862653666808,0.008458509552282339
catboost,raw,1,500,9,False,16.6288480758667,Women,950,0.21894736842105264,0.24659735119285048,0.1673811433623414,0.620101596516691,0.006738544474393531,0.007368421052631579
catboost,raw,1,500,9,False,16.6288480758667,Black,4534,0.31473312748125276,0.25095170207562484,0.21648892695452973,0.5893805361630011,0.005793369810106212,0.007498897220996913
catboost,raw,1,500,9,False,16.6288480758667,White,3273,0.281087687137183,0.2705111823424587,0.19581024069189032,0.6150025868918495,0.007224819379515512,0.009471432936144211
catboost,raw,1,500,9,False,16.6288480758667,Black men,4195,0.3215733015494637,0.2523764091700489,0.2205147096099698,0.5828668798678077,0.005621925509486999,0.007151370679380214
catboost,raw,1,500,9,False,16.6288480758667,White men,2662,0.29676934635612323,0.2743093902765542,0.20224508624656162,0.6154603483717408,0.007478632478632479,0.010518407212622089
catboost,raw,1,500,9,False,16.6288480758667,Black women,339,0.23008849557522124,0.2333214771166016,0.1666713510265914,0.6648000785931821,0.007662835249042145,0.011799410029498525
catboost,raw,1,500,9,False,16.6288480758667,White women,611,0.2127659574468085,0.2539631798538134,0.1677749561312763,0.5946105869182792,0.006237006237006237,0.004909983633387889
catboost,raw,1,1000,0,False,21.02130699157715,All,7807,0.30062764185986934,0.28931775703460494,0.19693605015197682,0.6592521666658862,0.01611721611721612,0.02548994492122454
catboost,raw,1,1000,0,False,21.02130699157715,Men,6857,0.31194399883330903,0.2934854814532858,0.2015652705322542,0.6555739995691552,0.018651971174226366,0.029021437946623888
catboost,raw,1,1000,0,False,21.02130699157715,Women,950,0.21894736842105264,0.25923556088840016,0.16352282473349056,0.6605976570599212,0.0,0.0
catboost,raw,1,1000,0,False,21.02130699157715,Black,4534,0.31473312748125276,0.29106291639449283,0.20270319821530006,0.6578291801702826,0.0170582555519794,0.027128363475959417
catboost,raw,1,1000,0,False,21.02130699157715,White,3273,0.281087687137183,0.28690023410831966,0.18894697306089606,0.6612686856741625,0.014874628134296642,0.02322028719828903
catboost,raw,1,1000,0,False,21.02130699157715,Black men,4195,0.3215733015494637,0.2940614925206945,0.20600426343426992,0.6513765434639125,0.018622628250175684,0.02932061978545888
catboost,raw,1,1000,0,False,21.02130699157715,White men,2662,0.29676934635612323,0.29257775552248955,0.19456993799132408,0.6629787406686141,0.018696581196581196,0.028549962434259956
catboost,raw,1,1000,0,False,21.02130699157715,Black women,339,0.23008849557522124,0.2539566425024102,0.1618537333374871,0.7317025248059731,0.0,0.0
catboost,raw,1,1000,0,False,21.02130699157715,White women,611,0.2127659574468085,0.26216445341352396,0.1644488836258722,0.6193187270110347,0.0,0.0
catboost,raw,1,1000,1,False,23.623924255371094,All,7807,0.30062764185986934,0.3057899956977196,0.1974198237896587,0.6559757526949687,0.04212454212454213,0.06033047265274753
catboost,raw,1,1000,1,False,23.623924255371094,Men,6857,0.31194399883330903,0.31261391750326667,0.2025522993679791,0.6479684203078895,0.0476896990250106,0.06723056730348549
catboost,raw,1,1000,1,False,23.623924255371094,Women,950,0.21894736842105264,0.25653564641283993,0.16037415532592922,0.6861976466929297,0.006738544474393531,0.010526315789473684
catboost,raw,1,1000,1,False,23.623924255371094,Black,4534,0.31473312748125276,0.3045202433007171,0.2034899767538167,0.6492897900596998,0.03926617315738655,0.05491839435377151
catboost,raw,1,1000,1,False,23.623924255371094,White,3273,0.281087687137183,0.3075489499806433,0.1890110020544029,0.6669252018699533,0.045898852528686786,0.06782768102658111
catboost,raw,1,1000,1,False,23.623924255371094,Black men,4195,0.3215733015494637,0.30897779965022937,0.20711157414411555,0.6407864652872668,0.0421644413211525,0.058402860548271755
catboost,raw,1,1000,1,False,23.623924255371094,White men,2662,0.29676934635612323,0.31834401306806415,0.1953674166910849,0.6616743752028562,0.05608974358974359,0.0811419984973704
catboost,raw,1,1000,1,False,23.623924255371094,Black women,339,0.23008849557522124,0.24935962711722442,0.1586740444461365,0.7360251498182533,0.007662835249042145,0.011799410029498525
catboost,raw,1,1000,1,False,23.623924255371094,White women,611,0.2127659574468085,0.2605171039271012,0.16131742470113333,0.6586278586278587,0.006237006237006237,0.009819967266775777
catboost,raw,1,1000,2,False,40.180392026901245,All,7807,0.30062764185986934,0.28052174294290466,0.19714224228462499,0.6675479257285819,0.06868131868131869,0.10183168950941462
catboost,raw,1,1000,2,False,40.180392026901245,Men,6857,0.31194399883330903,0.2921954099483658,0.20195895504212902,0.6625103227352259,0.07863501483679525,0.11506489718535803
catboost,raw,1,1000,2,False,40.180392026901245,Women,950,0.21894736842105264,0.19626244330453896,0.16237571662335634,0.6720531826663902,0.005390835579514825,0.00631578947368421
catboost,raw,1,1000,2,False,40.180392026901245,Black,4534,0.31473312748125276,0.28268511174554384,0.20358456414803663,0.6643158778164188,0.07467009977470229,0.10807234230260256
catboost,raw,1,1000,2,False,40.180392026901245,White,3273,0.281087687137183,0.27752488557927296,0.1882178648545277,0.672304551081875,0.06077348066298342,0.09318667888787045
catboost,raw,1,1000,2,False,40.180392026901245,Black men,4195,0.3215733015494637,0.28942462539873665,0.20732002557034368,0.6570586369122752,0.08081517919887561,0.11585220500595947
catboost,raw,1,1000,2,False,40.180392026901245,White men,2662,0.29676934635612323,0.2965618416484763,0.193510536234518,0.6734440928270042,0.07532051282051282,0.11382419233658903
catboost,raw,1,1000,2,False,40.180392026901245,Black women,339,0.23008849557522124,0.19928611535868898,0.15735960642951724,0.7416740347774831,0.007662835249042145,0.011799410029498525
catboost,raw,1,1000,2,False,40.180392026901245,White women,611,0.2127659574468085,0.19458482493079618,0.1651587957652736,0.6281624820086358,0.004158004158004158,0.0032733224222585926
catboost,raw,1,1000,3,False,23.062710285186768,All,7807,0.30062764185986934,0.2737296229477559,0.19549552732412814,0.67202023938283,0.04065934065934066,0.06135519405661586
catboost,raw,1,1000,3,False,23.062710285186768,Men,6857,0.31194399883330903,0.2874770039986408,0.19986539789569854,0.6678038273045785,0.04705383637134379,0.06985562199212483
catboost,raw,1,1000,3,False,23.062710285186768,Women,950,0.21894736842105264,0.17450247361521107,0.16395426152490866,0.6648222060957909,0.0,0.0
catboost,raw,1,1000,3,False,23.062710285186768,Black,4534,0.31473312748125276,0.2831217853586665,0.20323471762947104,0.6584009388119013,0.046990666237528164,0.06616674018526687
catboost,raw,1,1000,3,False,23.062710285186768,White,3273,0.281087687137183,0.2607189097271422,0.18477463247401363,0.6871676305918439,0.032299192520186995,0.05468988695386495
catboost,raw,1,1000,3,False,23.062710285186768,Black men,4195,0.3215733015494637,0.29178503813720197,0.20662388354696312,0.6503393628032946,0.05130007027406887,0.07151370679380215
catboost,raw,1,1000,3,False,23.062710285186768,White men,2662,0.29676934635612323,0.28068804711987894,0.18921481663835266,0.6944153683868873,0.0405982905982906,0.06724267468069121
catboost,raw,1,1000,3,False,23.062710285186768,Black women,339,0.23008849557522124,0.17591722663903211,0.16129503909295423,0.7447686413203655,0.0,0.0
catboost,raw,1,1000,3,False,23.062710285186768,White women,611,0.2127659574468085,0.17371752881148717,0.16542967298879172,0.6183431952662721,0.0,0.0
catboost,raw,1,1000,4,False,24.756741046905518,All,7807,0.30062764185986934,0.32586481697033715,0.19743154946575034,0.6613845748059638,0.10714285714285714,0.14845651338542334
catboost,raw,1,1000,4,False,24.756741046905518,Men,6857,0.31194399883330903,0.3383212089911269,0.20205863296155127,0.6566974857413969,0.1218736752861382,0.16639929998541636
catboost,raw,1,1000,4,False,24.756741046905518,Women,950,0.21894736842105264,0.2359558905634372,0.1640337478544798,0.6553752850922662,0.013477088948787063,0.018947368421052633
catboost,raw,1,1000,4,False,24.756741046905518,Black,4534,0.31473312748125276,0.32522338307431664,0.2039466058150453,0.648120109461895,0.09719987125844866,0.13431848257609175
catboost,raw,1,1000,4,False,24.756741046905518,White,3273,0.281087687137183,0.3267533783160619,0.18840641488350063,0.6810547127626158,0.12027199320017,0.16804155209288116
catboost,raw,1,1000,4,False,24.756741046905518,Black men,4195,0.3215733015494637,0.3324109085855295,0.2076767363694627,0.6399279651724006,0.1050597329585383,0.1432657926102503
catboost,raw,1,1000,4,False,24.756741046905518,White men,2662,0.29676934635612323,0.34763514971294546,0.19320516046110484,0.6859069025208266,0.14743589743589744,0.20285499624342598
catboost,raw,1,1000,4,False,24.756741046905518,Black women,339,0.23008849557522124,0.23628040514057627,0.15778761562100108,0.7214854111405835,0.011494252873563218,0.02359882005899705
catboost,raw,1,1000,4,False,24.756741046905518,White women,611,0.2127659574468085,0.23577584074076913,0.16749927784981417,0.6092435630897169,0.014553014553014554,0.016366612111292964
catboost,raw,1,1000,5,False,14.209776401519775,All,7807,0.30062764185986934,0.2930828823962967,0.19759793196058026,0.6557466784032613,0.03663003663003663,0.05687203791469194
catboost,raw,1,1000,5,False,14.209776401519775,Men,6857,0.31194399883330903,0.29501005043263345,0.20211882319992436,0.6534112044608088,0.04090716405256464,0.0631471488989354
catboost,raw,1,1000,5,False,14.209776401519775,Women,950,0.21894736842105264,0.27917278636981113,0.16496661487828285,0.6706536388140162,0.009433962264150943,0.011578947368421053
catboost,raw,1,1000,5,False,14.209776401519775,Black,4534,0.31473312748125276,0.2869113134184084,0.20292790658826362,0.6570502576973711,0.0331509494689411,0.05161005734450816
catboost,raw,1,1000,5,False,14.209776401519775,White,3273,0.281087687137183,0.3016321930427206,0.1902144596226895,0.6587852694986974,0.04122396940076498,0.06416131989000917
catboost,raw,1,1000,5,False,14.209776401519775,Black men,4195,0.3215733015494637,0.2883306383271617,0.20617527514922968,0.6526433260211488,0.035488404778636684,0.054827175208581644
catboost,raw,1,1000,5,False,14.209776401519775,White men,2662,0.29676934635612323,0.30553602104963345,0.19572633036471188,0.658750540949908,0.049145299145299144,0.07625845229151014
catboost,raw,1,1000,5,False,14.209776401519775,Black women,339,0.23008849557522124,0.2693476910224794,0.16274291805359567,0.7113665389527459,0.007662835249042145,0.011799410029498525
catboost,raw,1,1000,5,False,14.209776401519775,White women,611,0.2127659574468085,0.28462402585057306,0.1662003844749587,0.6480089557012634,0.010395010395010396,0.011456628477905073
catboost,raw,1,1000,6,False,40.90650200843811,All,7807,0.30062764185986934,0.27130422396941767,0.1976728106507658,0.6591152917527012,0.056776556776556776,0.08774177020622519
catboost,raw,1,1000,6,False,40.90650200843811,Men,6857,0.31194399883330903,0.28538345827956496,0.20208243377185484,0.6554411194353595,0.06570580754557016,0.09989791453988625
catboost,raw,1,1000,6,False,40.90650200843811,Women,950,0.21894736842105264,0.16968179274343873,0.16584461513360013,0.6467382852996061,0.0,0.0
catboost,raw,1,1000,6,False,40.90650200843811,Black,4534,0.31473312748125276,0.27945962470865676,0.2047908908956698,0.6485348882161108,0.06147409076279369,0.09395677106307895
catboost,raw,1,1000,6,False,40.90650200843811,White,3273,0.281087687137183,0.26000676385584903,0.18781232307655416,0.6716929359374711,0.05057373565660858,0.07913229453101131
catboost,raw,1,1000,6,False,40.90650200843811,Black men,4195,0.3215733015494637,0.28822000256726504,0.2079177957228118,0.642861868477574,0.06711173576950105,0.10154946364719905
catboost,raw,1,1000,6,False,40.90650200843811,White men,2662,0.29676934635612323,0.2809133969396319,0.1928865872713798,0.6745875256951206,0.06356837606837606,0.09729526671675431
catboost,raw,1,1000,6,False,40.90650200843811,Black women,339,0.23008849557522124,0.1710531789362035,0.1660965966482932,0.7003143727281657,0.0,0.0
catboost,raw,1,1000,6,False,40.90650200843811,White women,611,0.2127659574468085,0.16892090907838594,0.1657048086958244,0.6152566767951383,0.0,0.0
catboost,raw,1,1000,7,False,15.44136381149292,All,7807,0.30062764185986934,0.2957565105455687,0.1968565580547553,0.6589476707073639,0.011172161172161172,0.01857307544511336
catboost,raw,1,1000,7,False,15.44136381149292,Men,6857,0.31194399883330903,0.2993591045904278,0.20120098715530263,0.6567868652199083,0.012081390419669352,0.020417092022750473
catboost,raw,1,1000,7,False,15.44136381149292,Women,950,0.21894736842105264,0.2697533659502011,0.165498926115331,0.65477918308107,0.005390835579514825,0.005263157894736842
catboost,raw,1,1000,7,False,15.44136381149292,Black,4534,0.31473312748125276,0.29608569457241196,0.2023361958401738,0.6598071041969791,0.012552301255230125,0.01808557565063961
catboost,raw,1,1000,7,False,15.44136381149292,White,3273,0.281087687137183,0.2953005006532047,0.18926576131809555,0.658112215672869,0.009349766255843604,0.01924839596700275
catboost,raw,1,1000,7,False,15.44136381149292,Black men,4195,0.3215733015494637,0.2985755621668405,0.20543090183684526,0.6554519445704816,0.013352073085031623,0.019308700834326578
catboost,raw,1,1000,7,False,15.44136381149292,White men,2662,0.29676934635612323,0.3005938756148263,0.19453513738480255,0.6604153142918966,0.01014957264957265,0.022163786626596543
catboost,raw,1,1000,7,False,15.44136381149292,Black women,339,0.23008849557522124,0.2652745011841288,0.16404035024714472,0.701395028981236,0.0038314176245210726,0.0029498525073746312
catboost,raw,1,1000,7,False,15.44136381149292,White women,611,0.2127659574468085,0.27223836620502684,0.166308185066747,0.6262913801375339,0.006237006237006237,0.006546644844517185
catboost,raw,1,1000,8,False,13.000181674957275,All,7807,0.30062764185986934,0.3159262925835865,0.19805491476785572,0.6508606575926558,0.011172161172161172,0.01793262456769566
catboost,raw,1,1000,8,False,13.000181674957275,Men,6857,0.31194399883330903,0.3185306970548186,0.20208814801764716,0.6488879785790486,0.012505298855447223,0.019979582907977248
catboost,raw,1,1000,8,False,13.000181674957275,Women,950,0.21894736842105264,0.29712797525807266,0.16894346172172936,0.6476518764254613,0.0026954177897574125,0.003157894736842105
catboost,raw,1,1000,8,False,13.000181674957275,Black,4534,0.31473312748125276,0.31322842072235924,0.20293031132642653,0.6489586888029358,0.010299324106855488,0.018306131451257167
catboost,raw,1,1000,8,False,13.000181674957275,White,3273,0.281087687137183,0.31966358284292196,0.19130115735980194,0.6565226630203811,0.012324691882702932,0.017415215398716773
catboost,raw,1,1000,8,False,13.000181674957275,Black men,4195,0.3215733015494637,0.3158827927713697,0.20594675455302952,0.644058976040658,0.011243851018973999,0.019547079856972585
catboost,raw,1,1000,8,False,13.000181674957275,White men,2662,0.29676934635612323,0.3227034838576241,0.19600743636628395,0.6590771394568863,0.014423076923076924,0.02066115702479339
catboost,raw,1,1000,8,False,13.000181674957275,Black women,339,0.23008849557522124,0.28038154536660953,0.1656029386550419,0.6893604479811376,0.0,0.0029498525073746312
catboost,raw,1,1000,8,False,13.000181674957275,White women,611,0.2127659574468085,0.3064193659834507,0.17079687795676543,0.6264672956980649,0.004158004158004158,0.0032733224222585926
catboost,raw,1,1000,9,False,25.499314785003662,All,7807,0.30062764185986934,0.2879823109277293,0.20094621386085978,0.6333973227454267,0.025091575091575093,0.03599333931087485
catboost,raw,1,1000,9,False,25.499314785003662,Men,6857,0.31194399883330903,0.29542398387756963,0.20620601080252068,0.6263466128249444,0.028825773632895294,0.040396674930727725
catboost,raw,1,1000,9,False,25.499314785003662,Women,950,0.21894736842105264,0.23426909890977682,0.1629815531987873,0.6533278042712005,0.0013477088948787063,0.004210526315789474
catboost,raw,1,1000,9,False,25.499314785003662,Black,4534,0.31473312748125276,0.2824475759964261,0.20940510724433004,0.6164187429474642,0.02252977148374638,0.0337450374944861
catboost,raw,1,1000,9,False,25.499314785003662,White,3273,0.281087687137183,0.29564943227772283,0.189228333445139,0.6633640680722113,0.02847428814279643,0.03910785212343416
catboost,raw,1,1000,9,False,25.499314785003662,Black men,4195,0.3215733015494637,0.2872821766137193,0.2131301949018617,0.6085869806998965,0.024244553759662685,0.03575685339690107
catboost,raw,1,1000,9,False,25.499314785003662,White men,2662,0.29676934635612323,0.3082545178639905,0.19529430821171095,0.6613396624472575,0.03579059829059829,0.04770848985725019
catboost,raw,1,1000,9,False,25.499314785003662,Black women,339,0.23008849557522124,0.2226211760272678,0.16330852103977148,0.6947146085077119,0.0038314176245210726,0.008849557522123894
catboost,raw,1,1000,9,False,25.499314785003662,White women,611,0.2127659574468085,0.24073169442069425,0.16280014223627723,0.630929154006077,0.0,0.0016366612111292963
catboost,raw,1,2000,0,False,23.001067876815796,All,7807,0.30062764185986934,0.29702821876637975,0.1945319684735293,0.6707890674869796,0.05073260073260073,0.07506084283335468
catboost,raw,1,2000,0,False,23.001067876815796,Men,6857,0.31194399883330903,0.30158786356598555,0.19899493781337138,0.6675221134937052,0.05510809665112336,0.08093918623304652
catboost,raw,1,2000,0,False,23.001067876815796,Women,950,0.21894736842105264,0.26411718256543576,0.1623187255647954,0.6727464752228903,0.022911051212938006,0.03263157894736842
catboost,raw,1,2000,0,False,23.001067876815796,Black,4534,0.31473312748125276,0.2978346430035373,0.2002797976702138,0.66745637774774,0.05439330543933055,0.0760917512130569
catboost,raw,1,2000,0,False,23.001067876815796,White,3273,0.281087687137183,0.2959111006816648,0.18656965329547623,0.6764611319499622,0.045898852528686786,0.07363275282615338
catboost,raw,1,2000,0,False,23.001067876815796,Black men,4195,0.3215733015494637,0.30084639880274017,0.20395708144771374,0.6604520044779533,0.05797610681658468,0.07961859356376638
catboost,raw,1,2000,0,False,23.001067876815796,White men,2662,0.29676934635612323,0.30275632512940187,0.19117518103423303,0.6802580331061344,0.05074786324786325,0.08302028549962434
catboost,raw,1,2000,0,False,23.001067876815796,Black women,339,0.23008849557522124,0.2605652755178257,0.15477476685424885,0.742263483642794,0.01532567049808429,0.032448377581120944
catboost,raw,1,2000,0,False,23.001067876815796,White women,611,0.2127659574468085,0.26608788058366784,0.16650432622416572,0.6321125859587398,0.02702702702702703,0.03273322422258593
catboost,raw,1,2000,1,False,11.581738233566284,All,7807,0.30062764185986934,0.3027929430487641,0.19444143845569253,0.6732436857277079,0.02454212454212454,0.036633790188292555
catboost,raw,1,2000,1,False,11.581738233566284,Men,6857,0.31194399883330903,0.31092468582434213,0.19937466498536738,0.6664938531295006,0.028189910979228485,0.04156336590345632
catboost,raw,1,2000,1,False,11.581738233566284,Women,950,0.21894736842105264,0.2440988796675649,0.1588339286515027,0.6954177897574124,0.0013477088948787063,0.0010526315789473684
catboost,raw,1,2000,1,False,11.581738233566284,Black,4534,0.31473312748125276,0.3020686018151869,0.20176693326772852,0.6603449181934051,0.02413904087544255,0.03153947948831054
catboost,raw,1,2000,1,False,11.581738233566284,White,3273,0.281087687137183,0.30379635372796915,0.184293624988607,0.6931992461058039,0.025074373140671482,0.0436908035441491
catboost,raw,1,2000,1,False,11.581738233566284,Black men,4195,0.3215733015494637,0.30756654015125867,0.20525069764429466,0.6528802210012674,0.02635277582572031,0.034088200238379024
catboost,raw,1,2000,1,False,11.581738233566284,White men,2662,0.29676934635612323,0.3162167298132923,0.19011472621594588,0.691390782213567,0.030982905982905984,0.05334335086401202
catboost,raw,1,2000,1,False,11.581738233566284,Black women,339,0.23008849557522124,0.23403364216969766,0.15865663368160715,0.73558306316927,0.0,0.0
catboost,raw,1,2000,1,False,11.581738233566284,White women,611,0.2127659574468085,0.24968335677358286,0.15893229689175575,0.6737725891572044,0.002079002079002079,0.0016366612111292963
catboost,raw,1,2000,2,False,21.86028480529785,All,7807,0.30062764185986934,0.2975875228436848,0.19221967391224484,0.6818164721232467,0.049267399267399266,0.08172153195849878
catboost,raw,1,2000,2,False,21.86028480529785,Men,6857,0.31194399883330903,0.30363095806908175,0.1970847527525834,0.6761268205618779,0.05510809665112336,0.09027271401487531
catboost,raw,1,2000,2,False,21.86028480529785,Women,950,0.21894736842105264,0.2539666435378466,0.15710404695624333,0.7033874144723201,0.012129380053908356,0.02
catboost,raw,1,2000,2,False,21.86028480529785,Black,4534,0.31473312748125276,0.2951048342747576,0.19790947330643835,0.6789856031850678,0.05053105889925973,0.08204675782973092
catboost,raw,1,2000,2,False,21.86028480529785,White,3273,0.281087687137183,0.30102672540143494,0.18433774587885848,0.6886615606348971,0.04759881002974926,0.0812710051940116
catboost,raw,1,2000,2,False,21.86028480529785,Black men,4195,0.3215733015494637,0.29881784068392725,0.2018313255626267,0.6705399017621653,0.054462403373155305,0.08629320619785459
catboost,raw,1,2000,2,False,21.86028480529785,White men,2662,0.29676934635612323,0.3112158669461377,0.18960471032653844,0.688974088499405,0.05608974358974359,0.09654395191585274
catboost,raw,1,2000,2,False,21.86028480529785,Black women,339,0.23008849557522124,0.2491577490639418,0.1493779977468218,0.7734551527654976,0.007662835249042145,0.029498525073746312
catboost,raw,1,2000,2,False,21.86028480529785,White women,611,0.2127659574468085,0.25663475356510307,0.16139067655034134,0.6601631217015832,0.014553014553014554,0.014729950900163666
catboost,raw,1,2000,3,False,10.576313495635986,All,7807,0.30062764185986934,0.3026966155421476,0.19380153870744513,0.6769158976231835,0.03736263736263736,0.05981811195081337
catboost,raw,1,2000,3,False,10.576313495635986,Men,6857,0.31194399883330903,0.31333980635486575,0.19800102450136087,0.6750927138681477,0.04323866044934294,0.06810558553303193
catboost,raw,1,2000,3,False,10.576313495635986,Women,950,0.21894736842105264,0.22587518459182349,0.16349009229809763,0.6544163383786026,0.0,0.0
catboost,raw,1,2000,3,False,10.576313495635986,Black,4534,0.31473312748125276,0.3099374197947436,0.1999508160344941,0.6679332943740528,0.046346958480849694,0.07278341420379356
catboost,raw,1,2000,3,False,10.576313495635986,White,3273,0.281087687137183,0.29266612165847217,0.185283108093073,0.6876709196400524,0.025499362515937103,0.041857622975863124
catboost,raw,1,2000,3,False,10.576313495635986,Black men,4195,0.3215733015494637,0.31666449182886586,0.2028258652380308,0.6634092196036001,0.050597329585382995,0.07866507747318235
catboost,raw,1,2000,3,False,10.576313495635986,White men,2662,0.29676934635612323,0.30810049171796466,0.1903976409963532,0.6941398220274803,0.03205128205128205,0.05146506386175808
catboost,raw,1,2000,3,False,10.576313495635986,Black women,339,0.23008849557522124,0.22669238385626828,0.1643731422621148,0.7150505943609392,0.0,0.0
catboost,raw,1,2000,3,False,10.576313495635986,White women,611,0.2127659574468085,0.2254217794352821,0.16300015131969856,0.6187270110347034,0.0,0.0
catboost,raw,1,2000,4,False,33.487645626068115,All,7807,0.30062764185986934,0.32309650935742734,0.19365989153025032,0.677451691895663,0.07747252747252747,0.11604969898808762
catboost,raw,1,2000,4,False,33.487645626068115,Men,6857,0.31194399883330903,0.33722078955165424,0.1983680491229185,0.672963064475502,0.08880881729546418,0.13066938894560304
catboost,raw,1,2000,4,False,33.487645626068115,Women,950,0.21894736842105264,0.22114894168183363,0.15967690562190723,0.6841955214596724,0.005390835579514825,0.010526315789473684
catboost,raw,1,2000,4,False,33.487645626068115,Black,4534,0.31473312748125276,0.327342444562588,0.19987650856334363,0.6673842030868651,0.07467009977470229,0.11071901191001324
catboost,raw,1,2000,4,False,33.487645626068115,White,3273,0.281087687137183,0.3172147280496979,0.18504817700900217,0.6903573606312017,0.0811729706757331,0.12343415826458906
catboost,raw,1,2000,4,False,33.487645626068115,Black men,4195,0.3215733015494637,0.33601632569081696,0.20352507001367562,0.659813338737161,0.08151791988756149,0.11871275327771157
catboost,raw,1,2000,4,False,33.487645626068115,White men,2662,0.29676934635612323,0.33911888342701574,0.19024118862828066,0.6951896029427675,0.0998931623931624,0.14951164537941397
catboost,raw,1,2000,4,False,33.487645626068115,Black women,339,0.23008849557522124,0.22000636393450268,0.15472690595525312,0.7578838785735337,0.0,0.011799410029498525
catboost,raw,1,2000,4,False,33.487645626068115,White women,611,0.2127659574468085,0.221782875980271,0.16242330478229303,0.6376939069246762,0.008316008316008316,0.009819967266775777
catboost,raw,1,2000,5,False,46.07268667221069,All,7807,0.30062764185986934,0.30197738713817207,0.19272149783907502,0.6787612118033933,0.05347985347985348,0.08786986038170873
catboost,raw,1,2000,5,False,46.07268667221069,Men,6857,0.31194399883330903,0.3060794653294717,0.1967373746167629,0.677242181326982,0.05637982195845697,0.0931894414466968
catboost,raw,1,2000,5,False,46.07268667221069,Women,950,0.21894736842105264,0.27236901855107587,0.16373532198159535,0.6720078270785819,0.03504043126684636,0.049473684210526316
catboost,raw,1,2000,5,False,46.07268667221069,Black,4534,0.31473312748125276,0.303943243648328,0.19765650824724404,0.6776747309069264,0.05503701319600901,0.09020732245258051
catboost,raw,1,2000,5,False,46.07268667221069,White,3273,0.281087687137183,0.29925413830925457,0.18588515894795424,0.680274949647998,0.051423714407139824,0.08463183623586923
catboost,raw,1,2000,5,False,46.07268667221069,Black men,4195,0.3215733015494637,0.30674859429801604,0.20078852466485506,0.6733451342370158,0.05657062543921293,0.09225268176400477
catboost,raw,1,2000,5,False,46.07268667221069,White men,2662,0.29676934635612323,0.30502499650037945,0.1903532369564524,0.6838222168127231,0.05608974358974359,0.0946656649135988
catboost,raw,1,2000,5,False,46.07268667221069,Black women,339,0.23008849557522124,0.2692280637797698,0.15889895995261824,0.7192749778956675,0.038314176245210725,0.06489675516224189
catboost,raw,1,2000,5,False,46.07268667221069,White women,611,0.2127659574468085,0.27411170867787243,0.16641867178163333,0.6446025907564369,0.033264033264033266,0.04091653027823241
catboost,raw,1,2000,6,False,13.887840270996094,All,7807,0.30062764185986934,0.29391582662423793,0.19411451337012797,0.6709630874735264,0.030402930402930402,0.05187652107083387
catboost,raw,1,2000,6,False,13.887840270996094,Men,6857,0.31194399883330903,0.29926837421439095,0.19848391470676263,0.6679747581254566,0.035184400169563375,0.0590637304943853
catboost,raw,1,2000,6,False,13.887840270996094,Women,950,0.21894736842105264,0.2552817015445758,0.16257663445928186,0.667394515861497,0.0,0.0
catboost,raw,1,2000,6,False,13.887840270996094,Black,4534,0.31473312748125276,0.2949677733186461,0.20078994698773023,0.6639482381375871,0.03057611844222723,0.04962505513895015
catboost,raw,1,2000,6,False,13.887840270996094,White,3273,0.281087687137183,0.2924585927982537,0.18486721241619922,0.6817018976699495,0.030174245643858903,0.054995417048579284
catboost,raw,1,2000,6,False,13.887840270996094,Black men,4195,0.3215733015494637,0.2987963471078002,0.20380967148315204,0.6594908802595505,0.03338018271257906,0.05363528009535161
catboost,raw,1,2000,6,False,13.887840270996094,White men,2662,0.29676934635612323,0.30001223361038953,0.19009114623307607,0.6826104890187168,0.037927350427350424,0.067618332081142
catboost,raw,1,2000,6,False,13.887840270996094,Black women,339,0.23008849557522124,0.2475905843938632,0.16342196982462,0.7033598585322723,0.0,0.0
catboost,raw,1,2000,6,False,13.887840270996094,White women,611,0.2127659574468085,0.2595489498491446,0.1621076186019175,0.6515752438829363,0.0,0.0
catboost,raw,1,2000,7,False,12.915329933166504,All,7807,0.30062764185986934,0.30909338908852574,0.1931814010536561,0.6835282279146787,0.018131868131868133,0.03112591264250032
catboost,raw,1,2000,7,False,12.915329933166504,Men,6857,0.31194399883330903,0.3161670500341856,0.19764701091388379,0.67872065860983,0.020771513353115726,0.03514656555344903
catboost,raw,1,2000,7,False,12.915329933166504,Women,950,0.21894736842105264,0.2580364489786419,0.16094909914672853,0.6902018971594444,0.0013477088948787063,0.002105263157894737
catboost,raw,1,2000,7,False,12.915329933166504,Black,4534,0.31473312748125276,0.31189144153807985,0.1988681809389215,0.6779897056379011,0.017701963308657868,0.030877812086457873
catboost,raw,1,2000,7,False,12.915329933166504,White,3273,0.281087687137183,0.3052173213200325,0.1853036558658182,0.6910835381289382,0.018699532511687208,0.03146959975557592
catboost,raw,1,2000,7,False,12.915329933166504,Black men,4195,0.3215733015494637,0.3165178075594352,0.20186760077974764,0.672658933219839,0.01932536893886156,0.033373063170441
catboost,raw,1,2000,7,False,12.915329933166504,White men,2662,0.29676934635612323,0.3156142972849662,0.19099585595997734,0.6894819052255761,0.022970085470085472,0.03794139744552968
catboost,raw,1,2000,7,False,12.915329933166504,Black women,339,0.23008849557522124,0.25464186791098364,0.16175146638946566,0.72128892818548,0.0,0.0
catboost,raw,1,2000,7,False,12.915329933166504,White women,611,0.2127659574468085,0.25991985811438023,0.16050392321336046,0.6733248040940348,0.002079002079002079,0.0032733224222585926
catboost,raw,1,2000,8,False,144.44026112556458,All,7807,0.30062764185986934,0.27255037755290934,0.19470257379694286,0.6762216905378389,0.05384615384615385,0.08351479441526835
catboost,raw,1,2000,8,False,144.44026112556458,Men,6857,0.31194399883330903,0.28213468771398476,0.19938143117639573,0.6718824844165591,0.05998304366256889,0.09216858684555929
catboost,raw,1,2000,8,False,144.44026112556458,Women,950,0.21894736842105264,0.2033718356850209,0.16093107374335547,0.676355484138503,0.014824797843665768,0.021052631578947368
catboost,raw,1,2000,8,False,144.44026112556458,Black,4534,0.31473312748125276,0.27591423631492157,0.20268213664217105,0.6668546215126953,0.06147409076279369,0.08932509925011028
catboost,raw,1,2000,8,False,144.44026112556458,White,3273,0.281087687137183,0.26789051332224534,0.18364869724935215,0.689566972782202,0.04377390565235869,0.07546593339443936
catboost,raw,1,2000,8,False,144.44026112556458,Black men,4195,0.3215733015494637,0.2822716157593169,0.20639700718261275,0.6596174673517303,0.06676036542515812,0.09487485101311084
catboost,raw,1,2000,8,False,144.44026112556458,White men,2662,0.29676934635612323,0.2819189051632077,0.18832570565194778,0.6933125067618738,0.049679487179487176,0.0879038317054846
catboost,raw,1,2000,8,False,144.44026112556458,Black women,339,0.23008849557522124,0.19724400985699078,0.15671198349422738,0.7307201100304548,0.0038314176245210726,0.02064896755162242
catboost,raw,1,2000,8,False,144.44026112556458,White women,611,0.2127659574468085,0.2067717259562192,0.1632719437833791,0.6446185830801217,0.02079002079002079,0.02127659574468085
catboost,raw,1,2000,9,False,53.22141122817993,All,7807,0.30062764185986934,0.2841442457438355,0.1934927341720392,0.6782020848062603,0.053296703296703295,0.08133726143204816
catboost,raw,1,2000,9,False,53.22141122817993,Men,6857,0.31194399883330903,0.29706225806139397,0.1979986208405108,0.6739806230839647,0.061466723187791436,0.09187691410237714
catboost,raw,1,2000,9,False,53.22141122817993,Women,950,0.21894736842105264,0.19090339262646894,0.16096971850287092,0.6752021563342318,0.0013477088948787063,0.005263157894736842
catboost,raw,1,2000,9,False,53.22141122817993,Black,4534,0.31473312748125276,0.28824948101580594,0.20123895913513182,0.6655557031627614,0.05986482137109752,0.0866784296426996
catboost,raw,1,2000,9,False,53.22141122817993,White,3273,0.281087687137183,0.2784573723178917,0.18276209439731816,0.6954600048042278,0.044623884402889925,0.07393828292086771
catboost,raw,1,2000,9,False,53.22141122817993,Black men,4195,0.3215733015494637,0.2964435348463332,0.20466789012681635,0.6588806054509548,0.06535488404778636,0.09296781883194279
catboost,raw,1,2000,9,False,53.22141122817993,White men,2662,0.29676934635612323,0.298037293330808,0.1874886341177265,0.6999432002596558,0.05555555555555555,0.09015777610818933
catboost,raw,1,2000,9,False,53.22141122817993,Black women,339,0.23008849557522124,0.18685108626931168,0.15880720246812113,0.7246782591610177,0.0,0.008849557522123894
catboost,raw,1,2000,9,False,53.22141122817993,White women,611,0.2127659574468085,0.19315172626816504,0.16216954327501526,0.6459939229169998,0.002079002079002079,0.0032733224222585926
catboost,raw,1,4000,0,False,43.12623453140259,All,7807,0.30062764185986934,0.2786231430638084,0.19133049355837942,0.6865294483956607,0.04084249084249084,0.07275521967465096
catboost,raw,1,4000,0,False,43.12623453140259,Men,6857,0.31194399883330903,0.28611227436464853,0.1959238025960709,0.6828839884096023,0.04599406528189911,0.0810850226046376
catboost,raw,1,4000,0,False,43.12623453140259,Women,950,0.21894736842105264,0.22456738166395507,0.15817647243053687,0.6870140472734813,0.008086253369272238,0.01263157894736842
catboost,raw,1,4000,0,False,43.12623453140259,Black,4534,0.31473312748125276,0.2809097676598293,0.19731817947128588,0.684113612840233,0.04409398133247506,0.07675341861490957
catboost,raw,1,4000,0,False,43.12623453140259,White,3273,0.281087687137183,0.27545554272211625,0.1830359112396755,0.6902146196345091,0.03654908627284318,0.06721662083715246
catboost,raw,1,4000,0,False,43.12623453140259,Black men,4195,0.3215733015494637,0.2858923617043953,0.20080343455330624,0.6779968191737249,0.04813773717498243,0.08224076281287247
catboost,raw,1,4000,0,False,43.12623453140259,White men,2662,0.29676934635612323,0.28645883094232033,0.18823407454926316,0.6919892080493346,0.042735042735042736,0.07926371149511645
catboost,raw,1,4000,0,False,43.12623453140259,Black women,339,0.23008849557522124,0.21925200359801664,0.15418943295483958,0.7458492975734355,0.0,0.008849557522123894
catboost,raw,1,4000,0,False,43.12623453140259,White women,611,0.2127659574468085,0.22751650304587506,0.16038859416909884,0.6526307372461219,0.012474012474012475,0.014729950900163666
catboost,raw,1,4000,1,False,71.64866709709167,All,7807,0.30062764185986934,0.29679576882387526,0.18969936311793842,0.694001538867325,0.051831501831501835,0.08927885231202767
catboost,raw,1,4000,1,False,71.64866709709167,Men,6857,0.31194399883330903,0.3099681068781778,0.19445363721923078,0.688376268182828,0.05934718100890208,0.10033542365465947
catboost,raw,1,4000,1,False,71.64866709709167,Women,950,0.21894736842105264,0.2017192193098198,0.1553835131047158,0.7124974082521253,0.004043126684636119,0.009473684210526316
catboost,raw,1,4000,1,False,71.64866709709167,Black,4534,0.31473312748125276,0.29728291089413,0.19616193236149038,0.6864243297173076,0.0492436433859028,0.08270842523158359
catboost,raw,1,4000,1,False,71.64866709709167,White,3273,0.281087687137183,0.29612094384784854,0.18074693752971224,0.7056057022487481,0.055248618784530384,0.09838069049801405
catboost,raw,1,4000,1,False,71.64866709709167,Black men,4195,0.3215733015494637,0.3060007592868691,0.1995796326540197,0.6796523491282421,0.05340829234012649,0.08820023837902265
catboost,raw,1,4000,1,False,71.64866709709167,White men,2662,0.29676934635612323,0.3162201816886735,0.1863756692068568,0.7050727577626311,0.06837606837606838,0.11945905334335086
catboost,raw,1,4000,1,False,71.64866709709167,Black women,339,0.23008849557522124,0.1894027515798517,0.15386915145541183,0.7574417919245506,0.0038314176245210726,0.014749262536873156
catboost,raw,1,4000,1,False,71.64866709709167,White women,611,0.2127659574468085,0.208552742322028,0.15622372357789752,0.6877019030865185,0.004158004158004158,0.006546644844517185
catboost,raw,1,4000,2,False,162.64922451972961,All,7807,0.30062764185986934,0.30663946441495654,0.19086617534211386,0.6887694679982705,0.0684981684981685,0.10605866530037146
catboost,raw,1,4000,2,False,162.64922451972961,Men,6857,0.31194399883330903,0.31791341025559033,0.19571393869514792,0.6826705478367491,0.07884696905468419,0.12002333381945457
catboost,raw,1,4000,2,False,162.64922451972961,Women,950,0.21894736842105264,0.22526531006840322,0.1558755297507929,0.7066789342732739,0.0026954177897574125,0.005263157894736842
catboost,raw,1,4000,2,False,162.64922451972961,Black,4534,0.31473312748125276,0.30876384078580593,0.197495010623967,0.6806047965926343,0.07177341486964918,0.105866784296427
catboost,raw,1,4000,2,False,162.64922451972961,White,3273,0.281087687137183,0.3036966222318123,0.18168342582548627,0.7013664332304735,0.06417339566510838,0.10632447296058661
catboost,raw,1,4000,2,False,162.64922451972961,Black men,4195,0.3215733015494637,0.3160873144068719,0.20130917661229447,0.671919336412751,0.07835558678847505,0.11418355184743742
catboost,raw,1,4000,2,False,162.64922451972961,White men,2662,0.29676934635612323,0.32079112328540776,0.1868964995281947,0.7030820621010494,0.07959401709401709,0.12922614575507138
catboost,raw,1,4000,2,False,162.64922451972961,Black women,339,0.23008849557522124,0.21813855512099314,0.15029611292180217,0.7719324098634444,0.0,0.0029498525073746312
catboost,raw,1,4000,2,False,162.64922451972961,White women,611,0.2127659574468085,0.2292194343354605,0.15897114727129677,0.668111306572845,0.004158004158004158,0.006546644844517185
catboost,raw,1,4000,3,False,28.862175464630127,All,7807,0.30062764185986934,0.28748688466923206,0.1890251192364973,0.6991691521090754,0.03424908424908425,0.06084283335468169
catboost,raw,1,4000,3,False,28.862175464630127,Men,6857,0.31194399883330903,0.300530408720753,0.19324708972845928,0.6966728043217653,0.03963543874523103,0.06927227650576054
catboost,raw,1,4000,3,False,28.862175464630127,Women,950,0.21894736842105264,0.19334010106788593,0.15855138064346244,0.698955525606469,0.0,0.0
catboost,raw,1,4000,3,False,28.862175464630127,Black,4534,0.31473312748125276,0.2931795087020312,0.1949914948582508,0.6947417827457001,0.03765690376569038,0.06462284958094398
catboost,raw,1,4000,3,False,28.862175464630127,White,3273,0.281087687137183,0.2796010437389813,0.18076005749832735,0.7040489476893513,0.029749256268593285,0.05560647723800794
catboost,raw,1,4000,3,False,28.862175464630127,Black men,4195,0.3215733015494637,0.30148877877986596,0.19811602719990204,0.6893521501833428,0.041110330288123685,0.0698450536352801
catboost,raw,1,4000,3,False,28.862175464630127,White men,2662,0.29676934635612323,0.29902012983345816,0.1855742149378123,0.7091014822027479,0.03739316239316239,0.06836964688204357
catboost,raw,1,4000,3,False,28.862175464630127,Black women,339,0.23008849557522124,0.19035535537897216,0.15632655924401198,0.758325965222517,0.0,0.0
catboost,raw,1,4000,3,False,28.862175464630127,White women,611,0.2127659574468085,0.1949961219983962,0.15978577418587442,0.6644810490964337,0.0,0.0
catboost,raw,1,4000,4,False,37.67082977294922,All,7807,0.30062764185986934,0.2955657422650185,0.19026480990734254,0.6922886515558011,0.04139194139194139,0.06660689125144101
catboost,raw,1,4000,4,False,37.67082977294922,Men,6857,0.31194399883330903,0.3049715704260237,0.1948582505648737,0.6876831313178756,0.04705383637134379,0.07481405862622138
catboost,raw,1,4000,4,False,37.67082977294922,Women,950,0.21894736842105264,0.22767546468605754,0.1571098387613518,0.6991369479577028,0.005390835579514825,0.007368421052631579
catboost,raw,1,4000,4,False,37.67082977294922,Black,4534,0.31473312748125276,0.29619259262047787,0.19666674154787472,0.6867903905754327,0.041519150305761185,0.06109395677106308
catboost,raw,1,4000,4,False,37.67082977294922,White,3273,0.281087687137183,0.2946973831108319,0.18139638398061686,0.7007372641770913,0.04122396940076498,0.07424381301558204
catboost,raw,1,4000,4,False,37.67082977294922,Black men,4195,0.3215733015494637,0.3019976081944046,0.2002927680247558,0.6792494062648629,0.044975404075895994,0.06507747318235996
catboost,raw,1,4000,4,False,37.67082977294922,White men,2662,0.29676934635612323,0.3096581863394882,0.18629408800131034,0.7039205344585092,0.050213675213675216,0.09015777610818933
catboost,raw,1,4000,4,False,37.67082977294922,Black women,339,0.23008849557522124,0.22435766538560326,0.1517960009268832,0.7594557422143629,0.0038314176245210726,0.011799410029498525
catboost,raw,1,4000,4,False,37.67082977294922,White women,611,0.2127659574468085,0.2295162731359004,0.16005810557949396,0.6622261314569007,0.006237006237006237,0.004909983633387889
catboost,raw,1,4000,5,False,41.318652868270874,All,7807,0.30062764185986934,0.3033414582519572,0.1908325251840696,0.6891845407823252,0.07216117216117215,0.11361598565390034
catboost,raw,1,4000,5,False,41.318652868270874,Men,6857,0.31194399883330903,0.3158878637637267,0.19507440441480828,0.6863178647381311,0.08266214497668503,0.1278984978853726
catboost,raw,1,4000,5,False,41.318652868270874,Women,950,0.21894736842105264,0.2127828239422696,0.16021508741020107,0.6769451067800124,0.005390835579514825,0.010526315789473684
catboost,raw,1,4000,5,False,41.318652868270874,Black,4534,0.31473312748125276,0.31160740461432646,0.197006207703352,0.6818326680107694,0.08078532346314773,0.12351124834583149
catboost,raw,1,4000,5,False,41.318652868270874,White,3273,0.281087687137183,0.2918908622217152,0.1822802867048681,0.6976814981799367,0.06077348066298342,0.0999083409715857
catboost,raw,1,4000,5,False,41.318652868270874,Black men,4195,0.3215733015494637,0.3197990682589535,0.1999865488862156,0.6774519216493622,0.08784258608573436,0.13230035756853398
catboost,raw,1,4000,5,False,41.318652868270874,White men,2662,0.29676934635612323,0.30972426389239816,0.1873334404562982,0.7003766363734718,0.07478632478632478,0.12096168294515403
catboost,raw,1,4000,5,False,41.318652868270874,Black women,339,0.23008849557522124,0.21023858753700922,0.1601255845112791,0.7072403968955693,0.0038314176245210726,0.014749262536873156
catboost,raw,1,4000,5,False,41.318652868270874,White women,611,0.2127659574468085,0.21419443792162024,0.16026474613808087,0.6587078202462818,0.006237006237006237,0.008183306055646482
catboost,raw,1,4000,6,False,26.366514205932617,All,7807,0.30062764185986934,0.29548525068424003,0.19005235136026707,0.690624458626163,0.05311355311355311,0.09248110669911618
catboost,raw,1,4000,6,False,26.366514205932617,Men,6857,0.31194399883330903,0.30470335900291723,0.19449409303407178,0.6868306572007656,0.06083086053412463,0.10383549657284527
catboost,raw,1,4000,6,False,26.366514205932617,Women,950,0.21894736842105264,0.2289499151672187,0.15799232751049952,0.689372537839519,0.004043126684636119,0.010526315789473684
catboost,raw,1,4000,6,False,26.366514205932617,Black,4534,0.31473312748125276,0.2979243002786004,0.19679135239399767,0.6831915815475557,0.05246218216929514,0.09131010145566829
catboost,raw,1,4000,6,False,26.366514205932617,White,3273,0.281087687137183,0.29210650003931776,0.1807169921525265,0.701344259871764,0.05397365065873353,0.09410326917201345
catboost,raw,1,4000,6,False,26.366514205932617,Black men,4195,0.3215733015494637,0.30393989688050543,0.2002107542726528,0.6765165836904774,0.05692199578355587,0.09749702026221692
catboost,raw,1,4000,6,False,26.366514205932617,White men,2662,0.29676934635612323,0.305906485826177,0.18548530494397136,0.7044175321865196,0.06677350427350427,0.11382419233658903
catboost,raw,1,4000,6,False,26.366514205932617,Black women,339,0.23008849557522124,0.2234835104703657,0.15447751498704124,0.7492877492877493,0.0038314176245210726,0.014749262536873156
catboost,raw,1,4000,6,False,26.366514205932617,White women,611,0.2127659574468085,0.2319828303754563,0.15994244444250005,0.6544218774988005,0.004158004158004158,0.008183306055646482
catboost,raw,1,4000,7,False,41.36747908592224,All,7807,0.30062764185986934,0.28744229706716445,0.18913928385441736,0.697749445555155,0.03791208791208791,0.0653259894966056
catboost,raw,1,4000,7,False,41.36747908592224,Men,6857,0.31194399883330903,0.30253559806045455,0.1936700689511558,0.6930229110717788,0.043662568885120816,0.074084876768266
catboost,raw,1,4000,7,False,41.36747908592224,Women,950,0.21894736842105264,0.17850043926612197,0.15643655395090658,0.7209529856935518,0.0013477088948787063,0.002105263157894737
catboost,raw,1,4000,7,False,41.36747908592224,Black,4534,0.31473312748125276,0.295485254553177,0.19468883078986715,0.6933770050177177,0.040875442549082715,0.07101896779885311
catboost,raw,1,4000,7,False,41.36747908592224,White,3273,0.281087687137183,0.27630060160685865,0.18145164382834678,0.7020861434985864,0.033999150021249466,0.05743965780629392
catboost,raw,1,4000,7,False,41.36747908592224,Black men,4195,0.3215733015494637,0.30478739043019143,0.1977422480744717,0.6881972383176523,0.044624033731553055,0.0767580452920143
catboost,raw,1,4000,7,False,41.36747908592224,White men,2662,0.29676934635612323,0.2989870372073192,0.18725279193300776,0.7008648436654766,0.042200854700854704,0.06987227648384674
catboost,raw,1,4000,7,False,41.36747908592224,Black women,339,0.23008849557522124,0.18037475306622747,0.156903917784215,0.747224678259161,0.0,0.0
catboost,raw,1,4000,7,False,41.36747908592224,White women,611,0.2127659574468085,0.17746051720681627,0.1561772473396274,0.7059331520869983,0.002079002079002079,0.0032733224222585926
catboost,raw,1,4000,8,False,17.224253177642822,All,7807,0.30062764185986934,0.2791513935979282,0.19198902774870868,0.6855887260020195,0.026373626373626374,0.04700909440245933
catboost,raw,1,4000,8,False,17.224253177642822,Men,6857,0.31194399883330903,0.2867241217635937,0.196785062739976,0.6803841375405503,0.03052140737600678,0.05337611200233338
catboost,raw,1,4000,8,False,17.224253177642822,Women,950,0.21894736842105264,0.2244922388274349,0.15737175202752965,0.6977438834750155,0.0,0.0010526315789473684
catboost,raw,1,4000,8,False,17.224253177642822,Black,4534,0.31473312748125276,0.280078538372909,0.19873203575277693,0.6792914433105254,0.02832314129385259,0.04719894133215704
catboost,raw,1,4000,8,False,17.224253177642822,White,3273,0.281087687137183,0.27786704455736494,0.18264811779134674,0.6952775365398474,0.02379940501487463,0.04674610449129239
catboost,raw,1,4000,8,False,17.224253177642822,Black men,4195,0.3215733015494637,0.2854650759173778,0.20222573284449288,0.6725577416862756,0.030920590302178495,0.050774731823599525
catboost,raw,1,4000,8,False,17.224253177642822,White men,2662,0.29676934635612323,0.2887082304506244,0.1882112043295897,0.6948034999459051,0.029914529914529916,0.0574755822689707
catboost,raw,1,4000,8,False,17.224253177642822,Black women,339,0.23008849557522124,0.21342212244651845,0.1554988224791829,0.7371549268100992,0.0,0.0029498525073746312
catboost,raw,1,4000,8,False,17.224253177642822,White women,611,0.2127659574468085,0.2306342510256848,0.1584109060649921,0.6760914760914761,0.0,0.0
catboost,raw,1,4000,9,False,49.057592153549194,All,7807,0.30062764185986934,0.29924551073634775,0.1901191530132057,0.6927833989614987,0.06465201465201466,0.10541821442295377
catboost,raw,1,4000,9,False,49.057592153549194,Men,6857,0.31194399883330903,0.31279007386172913,0.19472744466243272,0.6880367847090143,0.07460788469690546,0.11958582470468135
catboost,raw,1,4000,9,False,49.057592153549194,Women,950,0.21894736842105264,0.20148227984083183,0.15685698897241687,0.7071065726726105,0.0013477088948787063,0.003157894736842105
catboost,raw,1,4000,9,False,49.057592153549194,Black,4534,0.31473312748125276,0.3054174074359222,0.1972592738049837,0.6821301629410633,0.07241712262632764,0.1113806793118659
catboost,raw,1,4000,9,False,49.057592153549194,White,3273,0.281087687137183,0.2906957461057732,0.1802281332545985,0.706269517175114,0.05439864003399915,0.09715857011915674
catboost,raw,1,4000,9,False,49.057592153549194,Black men,4195,0.3215733015494637,0.3142891584635695,0.20054143383967404,0.6762506466099925,0.07870695713281799,0.1196662693682956
catboost,raw,1,4000,9,False,49.057592153549194,White men,2662,0.29676934635612323,0.31042769222960287,0.18556527914833523,0.7072784810126582,0.06837606837606838,0.11945905334335086
catboost,raw,1,4000,9,False,49.057592153549194,Black women,339,0.23008849557522124,0.19563275976341413,0.15664375361169197,0.7450142450142451,0.0038314176245210726,0.008849557522123894
catboost,raw,1,4000,9,False,49.057592153549194,White women,611,0.2127659574468085,0.2047277582471241,0.15697529795324458,0.6842795458180073,0.0,0.0
catboost,raw,1,8000,0,False,69.78682446479797,All,7807,0.30062764185986934,0.2846477159712539,0.18808393502466458,0.7021984264847495,0.045787545787545784,0.08453951581913667
catboost,raw,1,8000,0,False,69.78682446479797,Men,6857,0.31194399883330903,0.29476975392389804,0.19247487506173244,0.6984825901261241,0.05256464603645612,0.09523115064897185
catboost,raw,1,8000,0,False,69.78682446479797,Women,950,0.21894736842105264,0.2115879115067477,0.15639059204132333,0.7033355795148247,0.0026954177897574125,0.007368421052631579
catboost,raw,1,8000,0,False,69.78682446479797,Black,4534,0.31473312748125276,0.28880748136723056,0.19410936536949855,0.6983184882836844,0.04892178950756357,0.08800176444640494
catboost,raw,1,8000,0,False,69.78682446479797,White,3273,0.281087687137183,0.2788853034123299,0.17973706634654749,0.7071680001478223,0.0416489587760306,0.07974335472043996
catboost,raw,1,8000,0,False,69.78682446479797,Black men,4195,0.3215733015494637,0.2953960599268621,0.19753844076360577,0.6917239651244746,0.05340829234012649,0.09415971394517282
catboost,raw,1,8000,0,False,69.78682446479797,White men,2662,0.29676934635612323,0.29378276906949,0.18449528899134968,0.710337552742616,0.05128205128205128,0.09691960931630353
catboost,raw,1,8000,0,False,69.78682446479797,Black women,339,0.23008849557522124,0.2072762511086634,0.15167582177575262,0.762157382847038,0.0,0.011799410029498525
catboost,raw,1,8000,0,False,69.78682446479797,White women,611,0.2127659574468085,0.2139801420713149,0.1590064793081457,0.6684471453702223,0.004158004158004158,0.004909983633387889
catboost,raw,1,8000,1,False,1387.2919328212738,All,7807,0.30062764185986934,0.29751383607113047,0.18777155465384016,0.7025765102671792,0.05036630036630037,0.08991930318944537
catboost,raw,1,8000,1,False,1387.2919328212738,Men,6857,0.31194399883330903,0.3106774970118337,0.19239190292994304,0.6975658063842315,0.05765154726579059,0.10121044188420592
catboost,raw,1,8000,1,False,1387.2919328212738,Women,950,0.21894736842105264,0.20249991704965462,0.15442236714937974,0.7223654882852997,0.004043126684636119,0.008421052631578947
catboost,raw,1,8000,1,False,1387.2919328212738,Black,4534,0.31473312748125276,0.30265458184325444,0.19385738432896732,0.6961670067521651,0.05053105889925973,0.08888398764887516
catboost,raw,1,8000,1,False,1387.2919328212738,White,3273,0.281087687137183,0.29039249744271306,0.17934101638710429,0.7106062565827159,0.050148746281342964,0.09135349831958448
catboost,raw,1,8000,1,False,1387.2919328212738,Black men,4195,0.3215733015494637,0.31127334264930306,0.19720361749358348,0.6898582380847945,0.05516514406184118,0.09535160905840286
catboost,raw,1,8000,1,False,1387.2919328212738,White men,2662,0.29676934635612323,0.30973851412333475,0.18480920473517534,0.7103679811749432,0.06143162393162393,0.11044327573253193
catboost,raw,1,8000,1,False,1387.2919328212738,Black women,339,0.23008849557522124,0.19600059487754887,0.15244898277862892,0.7642204538756262,0.0,0.008849557522123894
catboost,raw,1,8000,1,False,1387.2919328212738,White women,611,0.2127659574468085,0.20610592395038105,0.15551725635017277,0.6979369902446826,0.006237006237006237,0.008183306055646482
catboost,raw,1,8000,2,False,36.46082544326782,All,7807,0.30062764185986934,0.30284143086435594,0.18811830300517896,0.7007255775044442,0.06996336996336996,0.11592160881260408
catboost,raw,1,8000,2,False,36.46082544326782,Men,6857,0.31194399883330903,0.3176843272627491,0.1925877331982619,0.6964849290542957,0.08054260279779568,0.13110689806037626
catboost,raw,1,8000,2,False,36.46082544326782,Women,950,0.21894736842105264,0.19570696707090157,0.1558584263378424,0.710404571843251,0.0026954177897574125,0.00631578947368421
catboost,raw,1,8000,2,False,36.46082544326782,Black,4534,0.31473312748125276,0.3086057534814763,0.19447582629697113,0.6936142792153442,0.07595751528805922,0.12108513453903838
catboost,raw,1,8000,2,False,36.46082544326782,White,3273,0.281087687137183,0.2948562677888828,0.17931139478489616,0.709910105508232,0.06204844878878028,0.10876871371830125
catboost,raw,1,8000,2,False,36.46082544326782,Black men,4195,0.3215733015494637,0.31808648107067483,0.19777613376587355,0.6874684509021803,0.08292340126493324,0.13015494636471991
catboost,raw,1,8000,2,False,36.46082544326782,White men,2662,0.29676934635612323,0.31705057999593894,0.18441142201075972,0.7121456778102346,0.07692307692307693,0.13260706235912847
catboost,raw,1,8000,2,False,36.46082544326782,Black women,339,0.23008849557522124,0.19128524540865038,0.15363573829683627,0.7577365163572061,0.0,0.008849557522123894
catboost,raw,1,8000,2,False,36.46082544326782,White women,611,0.2127659574468085,0.1981602627231162,0.15709163623293412,0.6831440908363984,0.004158004158004158,0.004909983633387889
catboost,raw,1,8000,3,False,25.88884162902832,All,7807,0.30062764185986934,0.3108423815875815,0.18923524110130382,0.6983937877205878,0.04542124542124542,0.07634174458819008
catboost,raw,1,8000,3,False,25.88884162902832,Men,6857,0.31194399883330903,0.3219787828464886,0.1938013476250859,0.6938490271608578,0.05214073760067826,0.08604345923873415
catboost,raw,1,8000,3,False,25.88884162902832,Women,950,0.21894736842105264,0.23046100955355361,0.1562775648554367,0.7107738959154053,0.0026954177897574125,0.00631578947368421
catboost,raw,1,8000,3,False,25.88884162902832,Black,4534,0.31473312748125276,0.3143103522969027,0.19497191551616413,0.6928442658021345,0.047956227872545866,0.07940008822232025
catboost,raw,1,8000,3,False,25.88884162902832,White,3273,0.281087687137183,0.3060382938405414,0.18128837834634604,0.7060990594800346,0.04207394815129622,0.07210510235258173
catboost,raw,1,8000,3,False,25.88884162902832,Black men,4195,0.3215733015494637,0.32149943320825297,0.198430679718526,0.685869442344789,0.05235418130709768,0.08486293206197855
catboost,raw,1,8000,3,False,25.88884162902832,White men,2662,0.29676934635612323,0.3227341816941215,0.18650606282719662,0.7088370929351941,0.05181623931623932,0.0879038317054846
catboost,raw,1,8000,3,False,25.88884162902832,Black women,339,0.23008849557522124,0.22534812685998654,0.15217098386746808,0.7698693388348561,0.0,0.011799410029498525
catboost,raw,1,8000,3,False,25.88884162902832,White women,611,0.2127659574468085,0.23329778080252128,0.15855601159016888,0.6775467775467775,0.004158004158004158,0.0032733224222585926
catboost,raw,1,8000,4,False,37.71316480636597,All,7807,0.30062764185986934,0.2949932489610909,0.18855941303027465,0.6991563542266568,0.05,0.0868451389778404
catboost,raw,1,8000,4,False,37.71316480636597,Men,6857,0.31194399883330903,0.3066325539894549,0.19299041803105238,0.6951122306997304,0.05765154726579059,0.09814787808079335
catboost,raw,1,8000,4,False,37.71316480636597,Women,950,0.21894736842105264,0.21098197045636283,0.15657688535624026,0.7042491706406802,0.0013477088948787063,0.005263157894736842
catboost,raw,1,8000,4,False,37.71316480636597,Black,4534,0.31473312748125276,0.29956775972058425,0.1945340705407518,0.6937638160908445,0.05246218216929514,0.08645787384208205
catboost,raw,1,8000,4,False,37.71316480636597,White,3273,0.281087687137183,0.288656300661811,0.1802828786115446,0.7058861028474288,0.04674883127921802,0.0873816070882982
catboost,raw,1,8000,4,False,37.71316480636597,Black men,4195,0.3215733015494637,0.3070106390507962,0.19796928768564062,0.6869271999195677,0.05692199578355587,0.09249106078665077
catboost,raw,1,8000,4,False,37.71316480636597,White men,2662,0.29676934635612323,0.3060367362462817,0.1851443030043815,0.7088174835010278,0.05876068376068376,0.10706235912847484
catboost,raw,1,8000,4,False,37.71316480636597,Black women,339,0.23008849557522124,0.20746487243374326,0.15202452504574127,0.7628941939286767,0.0038314176245210726,0.011799410029498525
catboost,raw,1,8000,4,False,37.71316480636597,White women,611,0.2127659574468085,0.21293335544763614,0.15910266300805553,0.6689748920518152,0.0,0.0016366612111292963
catboost,raw,1,8000,5,False,26.18528175354004,All,7807,0.30062764185986934,0.29445925636508946,0.1894303952494786,0.6954285807928756,0.04194139194139194,0.07352376072755219
catboost,raw,1,8000,5,False,26.18528175354004,Men,6857,0.31194399883330903,0.3060667458053171,0.1938950973077388,0.6913144946759756,0.04853751589656634,0.08356424092168586
catboost,raw,1,8000,5,False,26.18528175354004,Women,950,0.21894736842105264,0.21067761942652014,0.15720464576159424,0.7002384408044786,0.0,0.0010526315789473684
catboost,raw,1,8000,5,False,26.18528175354004,Black,4534,0.31473312748125276,0.299883852561906,0.19601710909790093,0.6873357603566691,0.046990666237528164,0.07587119541243935
catboost,raw,1,8000,5,False,26.18528175354004,White,3273,0.281087687137183,0.2869447072797347,0.1803059954362348,0.7054366303885881,0.03527411814704633,0.07027192178429575
catboost,raw,1,8000,5,False,26.18528175354004,Black men,4195,0.3215733015494637,0.3073499403325038,0.19926894798318479,0.6812609949745446,0.05130007027406887,0.08176400476758046
catboost,raw,1,8000,5,False,26.18528175354004,White men,2662,0.29676934635612323,0.30404458162742526,0.18542653848598975,0.7081020772476468,0.04433760683760684,0.08640120210368145
catboost,raw,1,8000,5,False,26.18528175354004,Black women,339,0.23008849557522124,0.20749376938297429,0.1557768019481495,0.7391197563611357,0.0,0.0029498525073746312
catboost,raw,1,8000,5,False,26.18528175354004,White women,611,0.2127659574468085,0.21244410905788186,0.15799685370391467,0.6770670078362385,0.0,0.0
catboost,raw,1,8000,6,False,62.00450253486633,All,7807,0.30062764185986934,0.28526529211420404,0.1887674369974637,0.6993042321972872,0.05054945054945055,0.0849237863455873
catboost,raw,1,8000,6,False,62.00450253486633,Men,6857,0.31194399883330903,0.2970693892631691,0.19349288949259516,0.6934717902709546,0.05807545570156846,0.09581449613533616
catboost,raw,1,8000,6,False,62.00450253486633,Women,950,0.21894736842105264,0.20006456142951584,0.15465961830365696,0.716961693966411,0.0026954177897574125,0.00631578947368421
catboost,raw,1,8000,6,False,62.00450253486633,Black,4534,0.31473312748125276,0.288376318470317,0.19576094704828934,0.6909253220061218,0.05246218216929514,0.08337009263343625
catboost,raw,1,8000,6,False,62.00450253486633,White,3273,0.281087687137183,0.28095566990258897,0.17907951320569973,0.7108958960808589,0.048023799405014875,0.08707607699358387
catboost,raw,1,8000,6,False,62.00450253486633,Black men,4195,0.3215733015494637,0.29629167693746955,0.19932222573601777,0.6833905753565666,0.05727336612789881,0.08915375446960667
catboost,raw,1,8000,6,False,62.00450253486633,White men,2662,0.29676934635612323,0.29829497273661393,0.18430653880095052,0.7108839121497349,0.05929487179487179,0.10631104432757325
catboost,raw,1,8000,6,False,62.00450253486633,Black women,339,0.23008849557522124,0.19042667608180677,0.1516914364435078,0.7635327635327636,0.0,0.011799410029498525
catboost,raw,1,8000,6,False,62.00450253486633,White women,611,0.2127659574468085,0.20541193153241827,0.15630644915568734,0.6902926595234288,0.004158004158004158,0.0032733224222585926
catboost,raw,1,8000,7,False,46.253557443618774,All,7807,0.30062764185986934,0.2936701447835497,0.18867706417423818,0.6989537731122734,0.04194139194139194,0.07493275265787114
catboost,raw,1,8000,7,False,46.253557443618774,Men,6857,0.31194399883330903,0.3081910668606417,0.19277511760193344,0.6968660304671059,0.04853751589656634,0.08531427738077876
catboost,raw,1,8000,7,False,46.253557443618774,Women,950,0.21894736842105264,0.18885965774921273,0.15909774590717873,0.6983982998133943,0.0,0.0
catboost,raw,1,8000,7,False,46.253557443618774,Black,4534,0.31473312748125276,0.3011734633338125,0.19466567665405984,0.6932861100541783,0.047312520115867396,0.08072342302602559
catboost,raw,1,8000,7,False,46.253557443618774,White,3273,0.281087687137183,0.2832759968132192,0.18038119830698743,0.7050019401688872,0.03484912877178071,0.06691109074243813
catboost,raw,1,8000,7,False,46.253557443618774,Black men,4195,0.3215733015494637,0.3103830258647657,0.19760395444595905,0.6887340613567116,0.05165144061841181,0.08724672228843862
catboost,raw,1,8000,7,False,46.253557443618774,White men,2662,0.29676934635612323,0.30473679637893625,0.1851654367000974,0.7101029157200043,0.0438034188034188,0.08226897069872277
catboost,raw,1,8000,7,False,46.253557443618774,Black women,339,0.23008849557522124,0.18720852286965775,0.15830557241507154,0.7412810688672757,0.0,0.0
catboost,raw,1,8000,7,False,46.253557443618774,White women,611,0.2127659574468085,0.18977575386078252,0.1595372660607374,0.6737565968335198,0.0,0.0
catboost,raw,1,8000,8,False,30.81741738319397,All,7807,0.30062764185986934,0.28692655517588916,0.1892522584755779,0.6983396308279137,0.042673992673992675,0.0719866786217497
catboost,raw,1,8000,8,False,30.81741738319397,Men,6857,0.31194399883330903,0.2975349886513155,0.1938719306168084,0.6931693665809139,0.04896142433234421,0.08123085897622867
catboost,raw,1,8000,8,False,30.81741738319397,Women,950,0.21894736842105264,0.21035599902746946,0.15590795124145418,0.7131194277420692,0.0026954177897574125,0.005263157894736842
catboost,raw,1,8000,8,False,30.81741738319397,Black,4534,0.31473312748125276,0.29002463237454645,0.19597982422262694,0.6907284205094222,0.04473768908915352,0.07190119100132333
catboost,raw,1,8000,8,False,30.81741738319397,White,3273,0.281087687137183,0.2826348710882899,0.1799327402668641,0.7086979618987785,0.03994900127496812,0.07210510235258173
catboost,raw,1,8000,8,False,30.81741738319397,Black men,4195,0.3215733015494637,0.29729470734904107,0.19937998626724437,0.6838456116735178,0.048840477863668304,0.0769964243146603
catboost,raw,1,8000,8,False,30.81741738319397,White men,2662,0.29676934635612323,0.29791364382150387,0.18519188048398388,0.7091677485664828,0.049145299145299144,0.0879038317054846
catboost,raw,1,8000,8,False,30.81741738319397,Black women,339,0.23008849557522124,0.20006013527128697,0.15390407266755288,0.757736516357206,0.0,0.008849557522123894
catboost,raw,1,8000,8,False,30.81741738319397,White women,611,0.2127659574468085,0.21606843407386198,0.15701975948458435,0.6883096113865345,0.004158004158004158,0.0032733224222585926
catboost,raw,1,8000,9,False,15.625487804412842,All,7807,0.30062764185986934,0.2976535207648655,0.1905974005135679,0.6934375346284166,0.0336996336996337,0.057128218265659024
catboost,raw,1,8000,9,False,15.625487804412842,Men,6857,0.31194399883330903,0.30746209892096266,0.1951762924067013,0.6885556712270019,0.03899957609156422,0.06504302172961937
catboost,raw,1,8000,9,False,15.625487804412842,Women,950,0.21894736842105264,0.22685623611606728,0.1575474408175514,0.7067178104913954,0.0,0.0
catboost,raw,1,8000,9,False,15.625487804412842,Black,4534,0.31473312748125276,0.3020463627253273,0.19683452136339843,0.6854459119708216,0.037335049887351146,0.060873400970445524
catboost,raw,1,8000,9,False,15.625487804412842,White,3273,0.281087687137183,0.2915682334294747,0.18195728259938165,0.7038191300652267,0.02889927751806205,0.05194011610143599
catboost,raw,1,8000,9,False,15.625487804412842,Black men,4195,0.3215733015494637,0.3085651380970032,0.20002308529386778,0.6792866530841669,0.040758959943780745,0.06579261025029798
catboost,raw,1,8000,9,False,15.625487804412842,White men,2662,0.29676934635612323,0.30572383846134954,0.18753831488541528,0.704543641133831,0.03632478632478633,0.0638617580766341
catboost,raw,1,8000,9,False,15.625487804412842,Black women,339,0.23008849557522124,0.2213789211790727,0.15737721844800323,0.7542980646428922,0.0,0.0
catboost,raw,1,8000,9,False,15.625487804412842,White women,611,0.2127659574468085,0.22989520463266494,0.15764188498003387,0.6801055493363186,0.0,0.0
catboost,raw,1,16000,0,False,135.9673295021057,All,7807,0.30062764185986934,0.2969602356230278,0.1868214141126594,0.7060553492807434,0.06153846153846154,0.10669911617778917
catboost,raw,1,16000,0,False,135.9673295021057,Men,6857,0.31194399883330903,0.309592678866202,0.19133364415901996,0.7013853422807939,0.06994489190334888,0.1192941519614992
catboost,raw,1,16000,0,False,135.9673295021057,Women,950,0.21894736842105264,0.20578059002466392,0.15425261260961282,0.7151409910843873,0.008086253369272238,0.015789473684210527
catboost,raw,1,16000,0,False,135.9673295021057,Black,4534,0.31473312748125276,0.30300826107994655,0.1933272409561327,0.6984696039798911,0.06598004505954297,0.10696956329951478
catboost,raw,1,16000,0,False,135.9673295021057,White,3273,0.281087687137183,0.2885820665360527,0.17780906491977586,0.7154386629464697,0.055673608159796,0.10632447296058661
catboost,raw,1,16000,0,False,135.9673295021057,Black men,4195,0.3215733015494637,0.3111128755145598,0.19686579062005483,0.6914655815947578,0.07167955024595925,0.1137067938021454
catboost,raw,1,16000,0,False,135.9673295021057,White men,2662,0.29676934635612323,0.307197027123204,0.1826156297322577,0.717458482094558,0.0673076923076923,0.128099173553719
catboost,raw,1,16000,0,False,135.9673295021057,Black women,339,0.23008849557522124,0.20271664587875932,0.14953899364004652,0.7635818842715395,0.0038314176245210726,0.02359882005899705
catboost,raw,1,16000,0,False,135.9673295021057,White women,611,0.2127659574468085,0.20748055248859465,0.1568678611050023,0.6861986246601631,0.010395010395010396,0.011456628477905073
catboost,raw,1,16000,1,False,118.80386638641357,All,7807,0.30062764185986934,0.297423578339467,0.18721051295205307,0.7046140267912744,0.054945054945054944,0.09939797617522736
catboost,raw,1,16000,1,False,118.80386638641357,Men,6857,0.31194399883330903,0.3099291528578768,0.1917340334801469,0.7001277868907853,0.06295040271301398,0.11156482426717224
catboost,raw,1,16000,1,False,118.80386638641357,Women,950,0.21894736842105264,0.20715965784184995,0.1545602179403273,0.7147392701637985,0.004043126684636119,0.011578947368421053
catboost,raw,1,16000,1,False,118.80386638641357,Black,4534,0.31473312748125276,0.30357894850675454,0.19326581433823598,0.6990161014902038,0.059221113614419056,0.10189677988531098
catboost,raw,1,16000,1,False,118.80386638641357,White,3273,0.281087687137183,0.28889670747528073,0.1788222647134483,0.7113259668508287,0.04929876753081173,0.09593644974029943
catboost,raw,1,16000,1,False,118.80386638641357,Black men,4195,0.3215733015494637,0.31160499261578933,0.19671564330933383,0.6923566401181064,0.0646521433591005,0.10846245530393325
catboost,raw,1,16000,1,False,118.80386638641357,White men,2662,0.29676934635612323,0.3072882258163881,0.183883600259471,0.7131342637671751,0.060363247863247864,0.11645379413974455
catboost,raw,1,16000,1,False,118.80386638641357,Black women,339,0.23008849557522124,0.2042596121132413,0.15057545288172983,0.762108262108262,0.0,0.02064896755162242
catboost,raw,1,16000,1,False,118.80386638641357,White women,611,0.2127659574468085,0.20876868485003056,0.15677107776825613,0.6869182792259716,0.006237006237006237,0.006546644844517185
catboost,raw,1,16000,2,False,74.89906096458435,All,7807,0.30062764185986934,0.2962066896762723,0.18731123597427615,0.7046883169379974,0.05384615384615385,0.09581145126168823
catboost,raw,1,16000,2,False,74.89906096458435,Men,6857,0.31194399883330903,0.30810698124116104,0.19188983113484553,0.6999016627555712,0.061466723187791436,0.10733556949103107
catboost,raw,1,16000,2,False,74.89906096458435,Women,950,0.21894736842105264,0.21031163782317489,0.15426341806267155,0.7161388140161725,0.005390835579514825,0.01263157894736842
catboost,raw,1,16000,2,False,74.89906096458435,Black,4534,0.31473312748125276,0.30231822360453614,0.19371511019559942,0.6968713863331416,0.056968136466044414,0.09770621967357741
catboost,raw,1,16000,2,False,74.89906096458435,White,3273,0.281087687137183,0.28774054399012866,0.17844011904195725,0.7142740996692473,0.049723756906077346,0.09318667888787045
catboost,raw,1,16000,2,False,74.89906096458435,Black men,4195,0.3215733015494637,0.31011244153270145,0.1971989225902955,0.6901038587183864,0.06219255094869993,0.10417163289630513
catboost,raw,1,16000,2,False,74.89906096458435,White men,2662,0.29676934635612323,0.3049466108718855,0.1835233252536988,0.7157429946986908,0.060363247863247864,0.11232156273478587
catboost,raw,1,16000,2,False,74.89906096458435,Black women,339,0.23008849557522124,0.2058676507176528,0.15060421640282626,0.761027605855192,0.0,0.017699115044247787
catboost,raw,1,16000,2,False,74.89906096458435,White women,611,0.2127659574468085,0.2127772869701012,0.15629364615217656,0.688197665120742,0.008316008316008316,0.009819967266775777
catboost,raw,1,16000,3,False,51.437360525131226,All,7807,0.30062764185986934,0.30299962854231177,0.18800642228362613,0.7026850581601327,0.048534798534798536,0.08428333546816959
catboost,raw,1,16000,3,False,51.437360525131226,Men,6857,0.31194399883330903,0.31397315995081465,0.19260307240045785,0.6977423853539735,0.05616786774056804,0.095522823392154
catboost,raw,1,16000,3,False,51.437360525131226,Women,950,0.21894736842105264,0.22379383394430755,0.1548282855982418,0.7160027472527472,0.0,0.003157894736842105
catboost,raw,1,16000,3,False,51.437360525131226,Black,4534,0.31473312748125276,0.3075484934527262,0.1943814627864847,0.6948701183145684,0.053427743804312845,0.08711954124393471
catboost,raw,1,16000,3,False,51.437360525131226,White,3273,0.281087687137183,0.29669820675684916,0.1791752479359449,0.712976958184741,0.04207394815129622,0.08035441490986862
catboost,raw,1,16000,3,False,51.437360525131226,Black men,4195,0.3215733015494637,0.31473537358945486,0.19781049355516023,0.6880188182391684,0.05832747716092762,0.09368295589988081
catboost,raw,1,16000,3,False,51.437360525131226,White men,2662,0.29676934635612323,0.3127720005916503,0.18439678699701062,0.7143054203180786,0.052884615384615384,0.09842223891810668
catboost,raw,1,16000,3,False,51.437360525131226,Black women,339,0.23008849557522124,0.2186135017902598,0.1519484714160011,0.7627468317123489,0.0,0.0058997050147492625
catboost,raw,1,16000,3,False,51.437360525131226,White women,611,0.2127659574468085,0.2266680280526908,0.1564260875749678,0.6884055653286423,0.0,0.0016366612111292963
catboost,raw,1,16000,4,False,116.06022596359253,All,7807,0.30062764185986934,0.29724208414367703,0.18751002654906782,0.7041025797097378,0.05311355311355311,0.09389009862943512
catboost,raw,1,16000,4,False,116.06022596359253,Men,6857,0.31194399883330903,0.30954624327554725,0.19198449254022756,0.6999020591168951,0.06083086053412463,0.10573136940352924
catboost,raw,1,16000,4,False,116.06022596359253,Women,950,0.21894736842105264,0.20843195870448306,0.1552138020212967,0.7102685050798256,0.004043126684636119,0.008421052631578947
catboost,raw,1,16000,4,False,116.06022596359253,Black,4534,0.31473312748125276,0.30366691331898565,0.19374927026875718,0.6976702696107012,0.057611844222722884,0.09550066166740186
catboost,raw,1,16000,4,False,116.06022596359253,White,3273,0.281087687137183,0.28834193886996806,0.17886696787962952,0.7116142205140523,0.04717382065448364,0.09165902841429881
catboost,raw,1,16000,4,False,116.06022596359253,Black men,4195,0.3215733015494637,0.31154095498601364,0.19717914139884915,0.6910040335961101,0.06254392129304287,0.10202622169249106
catboost,raw,1,16000,4,False,116.06022596359253,White men,2662,0.29676934635612323,0.3064028114102556,0.1837983347784254,0.7142878394460673,0.05822649572649573,0.1115702479338843
catboost,raw,1,16000,4,False,116.06022596359253,Black women,339,0.23008849557522124,0.206228551097209,0.151305879735613,0.7595048629531389,0.0038314176245210726,0.014749262536873156
catboost,raw,1,16000,4,False,116.06022596359253,White women,611,0.2127659574468085,0.209654471272185,0.157382027315645,0.680297457220534,0.004158004158004158,0.004909983633387889
catboost,raw,1,16000,5,False,126.63995313644409,All,7807,0.30062764185986934,0.30809461532745924,0.18744888595818565,0.7049000282489845,0.0641025641025641,0.10862046881004227
catboost,raw,1,16000,5,False,126.63995313644409,Men,6857,0.31194399883330903,0.319787717631117,0.19205687340469255,0.7000103648486168,0.07291225095379399,0.1216275339069564
catboost,raw,1,16000,5,False,126.63995313644409,Women,950,0.21894736842105264,0.22369503375253172,0.15418891762060907,0.7192813083143272,0.008086253369272238,0.014736842105263158
catboost,raw,1,16000,5,False,126.63995313644409,Black,4534,0.31473312748125276,0.31350572850313,0.19351392276431387,0.6981103094962231,0.06791116832957837,0.11005734450816057
catboost,raw,1,16000,5,False,126.63995313644409,White,3273,0.281087687137183,0.3005987439133159,0.1790471515008116,0.7133372752637707,0.05907352316192095,0.10663000305530095
catboost,raw,1,16000,5,False,126.63995313644409,Black men,4195,0.3215733015494637,0.3209665471954277,0.19708950479599935,0.6909839776164849,0.07378777231201687,0.11728247914183552
catboost,raw,1,16000,5,False,126.63995313644409,White men,2662,0.29676934635612323,0.3179300204026108,0.18412603618210355,0.7149680839554257,0.07158119658119658,0.1284748309541698
catboost,raw,1,16000,5,False,126.63995313644409,Black women,339,0.23008849557522124,0.22118084822528625,0.14926741355215895,0.7704096669613911,0.0038314176245210726,0.02064896755162242
catboost,raw,1,16000,5,False,126.63995313644409,White women,611,0.2127659574468085,0.22508997465881034,0.1569195066209439,0.6885335039181193,0.010395010395010396,0.011456628477905073
catboost,raw,1,16000,6,False,118.25659370422363,All,7807,0.30062764185986934,0.2996402034684503,0.18776386164640443,0.7028437050806033,0.05934065934065934,0.10119123863199693
catboost,raw,1,16000,6,False,118.25659370422363,Men,6857,0.31194399883330903,0.31153838080004975,0.19243887381567368,0.6973877410595254,0.06761339550657058,0.11360653346944728
catboost,raw,1,16000,6,False,118.25659370422363,Women,950,0.21894736842105264,0.21376041192868434,0.1540201159151631,0.7172856624507569,0.006738544474393531,0.011578947368421053
catboost,raw,1,16000,6,False,118.25659370422363,Black,4534,0.31473312748125276,0.30491821141799463,0.19441009305265516,0.6940358243440169,0.06372706791116833,0.10255844728716365
catboost,raw,1,16000,6,False,118.25659370422363,White,3273,0.281087687137183,0.2923287191900408,0.17855701374052577,0.7140592952567489,0.05354866128346791,0.09929728078215705
catboost,raw,1,16000,6,False,118.25659370422363,Black men,4195,0.3215733015494637,0.3125076243806535,0.19796736406370238,0.6868079059108879,0.06921995783555868,0.10941597139451728
catboost,raw,1,16000,6,False,118.25659370422363,White men,2662,0.29676934635612323,0.31001096651731785,0.1837266211520822,0.7148429892891919,0.06517094017094018,0.12021036814425244
catboost,raw,1,16000,6,False,118.25659370422363,Black women,339,0.23008849557522124,0.2110020244611997,0.15039017596904697,0.762746831712349,0.0038314176245210726,0.017699115044247787
catboost,raw,1,16000,6,False,118.25659370422363,White women,611,0.2127659574468085,0.2152908429458321,0.15603410878215715,0.6897809051655207,0.008316008316008316,0.008183306055646482
catboost,raw,1,16000,6,False,135.19287586212158,All,7807,0.30062764185986934,0.2996402034684503,0.18776386164640443,0.7028437050806033,0.05934065934065934,0.10119123863199693
catboost,raw,1,16000,6,False,135.19287586212158,Men,6857,0.31194399883330903,0.31153838080004975,0.19243887381567368,0.6973877410595254,0.06761339550657058,0.11360653346944728
catboost,raw,1,16000,6,False,135.19287586212158,Women,950,0.21894736842105264,0.21376041192868434,0.1540201159151631,0.7172856624507569,0.006738544474393531,0.011578947368421053
catboost,raw,1,16000,6,False,135.19287586212158,Black,4534,0.31473312748125276,0.30491821141799463,0.19441009305265516,0.6940358243440169,0.06372706791116833,0.10255844728716365
catboost,raw,1,16000,6,False,135.19287586212158,White,3273,0.281087687137183,0.2923287191900408,0.17855701374052577,0.7140592952567489,0.05354866128346791,0.09929728078215705
catboost,raw,1,16000,6,False,135.19287586212158,Black men,4195,0.3215733015494637,0.3125076243806535,0.19796736406370238,0.6868079059108879,0.06921995783555868,0.10941597139451728
catboost,raw,1,16000,6,False,135.19287586212158,White men,2662,0.29676934635612323,0.31001096651731785,0.1837266211520822,0.7148429892891919,0.06517094017094018,0.12021036814425244
catboost,raw,1,16000,6,False,135.19287586212158,Black women,339,0.23008849557522124,0.2110020244611997,0.15039017596904697,0.762746831712349,0.0038314176245210726,0.017699115044247787
catboost,raw,1,16000,6,False,135.19287586212158,White women,611,0.2127659574468085,0.2152908429458321,0.15603410878215715,0.6897809051655207,0.008316008316008316,0.008183306055646482
catboost,raw,1,16000,7,False,175.6183409690857,All,7807,0.30062764185986934,0.30129009753552444,0.1878487331605782,0.7024045972490796,0.06501831501831502,0.10798001793262457
catboost,raw,1,16000,7,False,175.6183409690857,Men,6857,0.31194399883330903,0.31419228759599427,0.19243725962590613,0.6975077394502983,0.07376006782534972,0.12075251567740995
catboost,raw,1,16000,7,False,175.6183409690857,Women,950,0.21894736842105264,0.2081634478043228,0.15472923213662718,0.719689508604603,0.009433962264150943,0.015789473684210527
catboost,raw,1,16000,7,False,175.6183409690857,Black,4534,0.31473312748125276,0.3077382895939568,0.1941170417425583,0.6951448331175236,0.07177341486964918,0.11160123511248346
catboost,raw,1,16000,7,False,175.6183409690857,White,3273,0.281087687137183,0.2923575882801219,0.17916541170909706,0.7111407269166096,0.05609859753506162,0.10296364191872899
catboost,raw,1,16000,7,False,175.6183409690857,Black men,4195,0.3215733015494637,0.31613519157862835,0.19756450500986517,0.688610339404478,0.07800421644413212,0.11895113230035757
catboost,raw,1,16000,7,False,175.6183409690857,White men,2662,0.29676934635612323,0.3111304986376359,0.18435732184014048,0.7119076598506978,0.0673076923076923,0.12359128474830954
catboost,raw,1,16000,7,False,175.6183409690857,Black women,339,0.23008849557522124,0.20382972373644323,0.15145595499815637,0.761617054720503,0.0038314176245210726,0.02064896755162242
catboost,raw,1,16000,7,False,175.6183409690857,White women,611,0.2127659574468085,0.21056791991399743,0.15654533843767726,0.6954261954261954,0.012474012474012475,0.01309328968903437
catboost,raw,1,16000,7,False,171.60306334495544,All,7807,0.30062764185986934,0.30129009753552444,0.1878487331605782,0.7024045972490796,0.06501831501831502,0.10798001793262457
catboost,raw,1,16000,7,False,171.60306334495544,Men,6857,0.31194399883330903,0.31419228759599427,0.19243725962590613,0.6975077394502983,0.07376006782534972,0.12075251567740995
catboost,raw,1,16000,7,False,171.60306334495544,Women,950,0.21894736842105264,0.2081634478043228,0.15472923213662718,0.719689508604603,0.009433962264150943,0.015789473684210527
catboost,raw,1,16000,7,False,171.60306334495544,Black,4534,0.31473312748125276,0.3077382895939568,0.1941170417425583,0.6951448331175236,0.07177341486964918,0.11160123511248346
catboost,raw,1,16000,7,False,171.60306334495544,White,3273,0.281087687137183,0.2923575882801219,0.17916541170909706,0.7111407269166096,0.05609859753506162,0.10296364191872899
catboost,raw,1,16000,7,False,171.60306334495544,Black men,4195,0.3215733015494637,0.31613519157862835,0.19756450500986517,0.688610339404478,0.07800421644413212,0.11895113230035757
catboost,raw,1,16000,7,False,171.60306334495544,White men,2662,0.29676934635612323,0.3111304986376359,0.18435732184014048,0.7119076598506978,0.0673076923076923,0.12359128474830954
catboost,raw,1,16000,7,False,171.60306334495544,Black women,339,0.23008849557522124,0.20382972373644323,0.15145595499815637,0.761617054720503,0.0038314176245210726,0.02064896755162242
catboost,raw,1,16000,7,False,171.60306334495544,White women,611,0.2127659574468085,0.21056791991399743,0.15654533843767726,0.6954261954261954,0.012474012474012475,0.01309328968903437
catboost,raw,1,16000,8,False,63.331485986709595,All,7807,0.30062764185986934,0.30100444423898637,0.1881111237008499,0.7017259973374161,0.04908424908424908,0.08838222108364288
catboost,raw,1,16000,8,False,63.331485986709595,Men,6857,0.31194399883330903,0.3122728278330254,0.19272318501538405,0.6967575265547223,0.056591776176345907,0.10004375091147732
catboost,raw,1,16000,8,False,63.331485986709595,Women,950,0.21894736842105264,0.21967043760285423,0.15482175061268055,0.7140524569769853,0.0013477088948787063,0.004210526315789474
catboost,raw,1,16000,8,False,63.331485986709595,Black,4534,0.31473312748125276,0.3056060438033106,0.19479529469056095,0.6923559591121524,0.05310588992597361,0.09020732245258051
catboost,raw,1,16000,8,False,63.331485986709595,White,3273,0.281087687137183,0.2946299705375974,0.17885171909732103,0.7140676102662651,0.04377390565235869,0.08585395661472656
catboost,raw,1,16000,8,False,63.331485986709595,Black men,4195,0.3215733015494637,0.3130286727496357,0.1983621014290826,0.6848590898127604,0.05797610681658468,0.0967818831942789
catboost,raw,1,16000,8,False,63.331485986709595,White men,2662,0.29676934635612323,0.3110817048333334,0.18383691365720775,0.716530076814887,0.05448717948717949,0.10518407212622088
catboost,raw,1,16000,8,False,63.331485986709595,Black women,339,0.23008849557522124,0.21375374755011464,0.1506573764955805,0.7628941939286767,0.0,0.008849557522123894
catboost,raw,1,16000,8,False,63.331485986709595,White women,611,0.2127659574468085,0.2229531838023284,0.15713226260236454,0.6845514153206461,0.002079002079002079,0.0016366612111292963
catboost,raw,1,16000,8,False,61.9489107131958,All,7807,0.30062764185986934,0.30100444423898637,0.1881111237008499,0.7017259973374161,0.04908424908424908,0.08838222108364288
catboost,raw,1,16000,8,False,61.9489107131958,Men,6857,0.31194399883330903,0.3122728278330254,0.19272318501538405,0.6967575265547223,0.056591776176345907,0.10004375091147732
catboost,raw,1,16000,8,False,61.9489107131958,Women,950,0.21894736842105264,0.21967043760285423,0.15482175061268055,0.7140524569769853,0.0013477088948787063,0.004210526315789474
catboost,raw,1,16000,8,False,61.9489107131958,Black,4534,0.31473312748125276,0.3056060438033106,0.19479529469056095,0.6923559591121524,0.05310588992597361,0.09020732245258051
catboost,raw,1,16000,8,False,61.9489107131958,White,3273,0.281087687137183,0.2946299705375974,0.17885171909732103,0.7140676102662651,0.04377390565235869,0.08585395661472656
catboost,raw,1,16000,8,False,61.9489107131958,Black men,4195,0.3215733015494637,0.3130286727496357,0.1983621014290826,0.6848590898127604,0.05797610681658468,0.0967818831942789
catboost,raw,1,16000,8,False,61.9489107131958,White men,2662,0.29676934635612323,0.3110817048333334,0.18383691365720775,0.716530076814887,0.05448717948717949,0.10518407212622088
catboost,raw,1,16000,8,False,61.9489107131958,Black women,339,0.23008849557522124,0.21375374755011464,0.1506573764955805,0.7628941939286767,0.0,0.008849557522123894
catboost,raw,1,16000,8,False,61.9489107131958,White women,611,0.2127659574468085,0.2229531838023284,0.15713226260236454,0.6845514153206461,0.002079002079002079,0.0016366612111292963
catboost,raw,1,16000,9,False,82.8873302936554,All,7807,0.30062764185986934,0.3000078090743092,0.18749480260706508,0.7043353607051946,0.054212454212454214,0.09376200845395158
catboost,raw,1,16000,9,False,82.8873302936554,Men,6857,0.31194399883330903,0.3119589445753911,0.19212427287860315,0.6994234528184361,0.06273844849512505,0.10602304214671139
catboost,raw,1,16000,9,False,82.8873302936554,Women,950,0.21894736842105264,0.21374577104176315,0.15407977349976357,0.7178817644619533,0.0,0.005263157894736842
catboost,raw,1,16000,9,False,82.8873302936554,Black,4534,0.31473312748125276,0.30694689082199067,0.1940580191944319,0.6958131253680625,0.06179594464113292,0.09880899867666519
catboost,raw,1,16000,9,False,82.8873302936554,White,3273,0.281087687137183,0.2903952833657887,0.17840295292569597,0.714775309965077,0.04419889502762431,0.08677054689886954
catboost,raw,1,16000,9,False,82.8873302936554,Black men,4195,0.3215733015494637,0.3145549851325948,0.197476974450234,0.6892393678563596,0.06746310611384398,0.10584028605482718
catboost,raw,1,16000,9,False,82.8873302936554,White men,2662,0.29676934635612323,0.30786788892645456,0.18368904256568377,0.7162061830574489,0.05555555555555555,0.10631104432757325
catboost,raw,1,16000,9,False,82.8873302936554,Black women,339,0.23008849557522124,0.21279952907277486,0.15174970858059794,0.7588662933490521,0.0,0.011799410029498525
catboost,raw,1,16000,9,False,82.8873302936554,White women,611,0.2127659574468085,0.2142707727234113,0.15537255910957887,0.6932352470814009,0.0,0.0016366612111292963
catboost,raw,1,16000,9,False,84.1206271648407,All,7807,0.30062764185986934,0.3000078090743092,0.18749480260706508,0.7043353607051946,0.054212454212454214,0.09376200845395158
catboost,raw,1,16000,9,False,84.1206271648407,Men,6857,0.31194399883330903,0.3119589445753911,0.19212427287860315,0.6994234528184361,0.06273844849512505,0.10602304214671139
catboost,raw,1,16000,9,False,84.1206271648407,Women,950,0.21894736842105264,0.21374577104176315,0.15407977349976357,0.7178817644619533,0.0,0.005263157894736842
catboost,raw,1,16000,9,False,84.1206271648407,Black,4534,0.31473312748125276,0.30694689082199067,0.1940580191944319,0.6958131253680625,0.06179594464113292,0.09880899867666519
catboost,raw,1,16000,9,False,84.1206271648407,White,3273,0.281087687137183,0.2903952833657887,0.17840295292569597,0.714775309965077,0.04419889502762431,0.08677054689886954
catboost,raw,1,16000,9,False,84.1206271648407,Black men,4195,0.3215733015494637,0.3145549851325948,0.197476974450234,0.6892393678563596,0.06746310611384398,0.10584028605482718
catboost,raw,1,16000,9,False,84.1206271648407,White men,2662,0.29676934635612323,0.30786788892645456,0.18368904256568377,0.7162061830574489,0.05555555555555555,0.10631104432757325
catboost,raw,1,16000,9,False,84.1206271648407,Black women,339,0.23008849557522124,0.21279952907277486,0.15174970858059794,0.7588662933490521,0.0,0.011799410029498525
catboost,raw,1,16000,9,False,84.1206271648407,White women,611,0.2127659574468085,0.2142707727234113,0.15537255910957887,0.6932352470814009,0.0,0.0016366612111292963
catboost,raw,1,18028,0,True,63.606372594833374,All,7807,0.30062764185986934,0.29823150361916295,0.1874552372983576,0.7046354086192177,0.04908424908424908,0.08915076213654413
catboost,raw,1,18028,0,True,63.606372594833374,Men,6857,0.31194399883330903,0.3101704362412906,0.19196413669695792,0.7001859529150494,0.05637982195845697,0.10033542365465947
catboost,raw,1,18028,0,True,63.606372594833374,Women,950,0.21894736842105264,0.2120575446823957,0.15491047606025002,0.7148688575575367,0.0026954177897574125,0.008421052631578947
catboost,raw,1,18028,0,True,63.606372594833374,Black,4534,0.31473312748125276,0.30360259434954595,0.193985004142994,0.6963163180818501,0.05407145156099131,0.09197176885752095
catboost,raw,1,18028,0,True,63.606372594833374,White,3273,0.281087687137183,0.29079107423585826,0.17840972465748337,0.7150898944917681,0.042498937526561836,0.08524289642529789
catboost,raw,1,18028,0,True,63.606372594833374,Black men,4195,0.3215733015494637,0.311309412838067,0.1973759546006165,0.6897780141662938,0.059030217849613494,0.09821215733015494
catboost,raw,1,18028,0,True,63.606372594833374,White men,2662,0.29676934635612323,0.308375542618647,0.18343574597349896,0.7173543492372606,0.05235042735042735,0.10368144252441773
catboost,raw,1,18028,0,True,63.606372594833374,Black women,339,0.23008849557522124,0.20823355730132825,0.1520232425803798,0.7574417919245505,0.0,0.014749262536873156
catboost,raw,1,18028,0,True,63.606372594833374,White women,611,0.2127659574468085,0.21417920052884717,0.15651239447215842,0.6887094194786503,0.004158004158004158,0.004909983633387889
catboost,raw,1,18028,0,True,63.80913066864014,All,7807,0.30062764185986934,0.29823150361916295,0.1874552372983576,0.7046354086192177,0.04908424908424908,0.08915076213654413
catboost,raw,1,18028,0,True,63.80913066864014,Men,6857,0.31194399883330903,0.3101704362412906,0.19196413669695792,0.7001859529150494,0.05637982195845697,0.10033542365465947
catboost,raw,1,18028,0,True,63.80913066864014,Women,950,0.21894736842105264,0.2120575446823957,0.15491047606025002,0.7148688575575367,0.0026954177897574125,0.008421052631578947
catboost,raw,1,18028,0,True,63.80913066864014,Black,4534,0.31473312748125276,0.30360259434954595,0.193985004142994,0.6963163180818501,0.05407145156099131,0.09197176885752095
catboost,raw,1,18028,0,True,63.80913066864014,White,3273,0.281087687137183,0.29079107423585826,0.17840972465748337,0.7150898944917681,0.042498937526561836,0.08524289642529789
catboost,raw,1,18028,0,True,63.80913066864014,Black men,4195,0.3215733015494637,0.311309412838067,0.1973759546006165,0.6897780141662938,0.059030217849613494,0.09821215733015494
catboost,raw,1,18028,0,True,63.80913066864014,White men,2662,0.29676934635612323,0.308375542618647,0.18343574597349896,0.7173543492372606,0.05235042735042735,0.10368144252441773
catboost,raw,1,18028,0,True,63.80913066864014,Black women,339,0.23008849557522124,0.20823355730132825,0.1520232425803798,0.7574417919245505,0.0,0.014749262536873156
catboost,raw,1,18028,0,True,63.80913066864014,White women,611,0.2127659574468085,0.21417920052884717,0.15651239447215842,0.6887094194786503,0.004158004158004158,0.004909983633387889
catboost,raw,1,18028,1,True,142.83642506599426,All,7807,0.30062764185986934,0.30285667141116834,0.18693344583664367,0.7060188284943292,0.06208791208791209,0.10836428845907518
catboost,raw,1,18028,1,True,142.83642506599426,Men,6857,0.31194399883330903,0.316203796271855,0.1914823580075972,0.7014884953153064,0.07100466299279355,0.12177337027854747
catboost,raw,1,18028,1,True,142.83642506599426,Women,950,0.21894736842105264,0.2065185291272439,0.1540998766195611,0.719061009744972,0.005390835579514825,0.011578947368421053
catboost,raw,1,18028,1,True,142.83642506599426,Black,4534,0.31473312748125276,0.30880370069414415,0.1931325569719693,0.6988821272759547,0.06758931445123914,0.11204234671371857
catboost,raw,1,18028,1,True,142.83642506599426,White,3273,0.281087687137183,0.29461840964245095,0.1783459817707816,0.7147813152497274,0.05482362940926477,0.10326917201344332
catboost,raw,1,18028,1,True,142.83642506599426,Black men,4195,0.3215733015494637,0.3174672038282455,0.19657344175973937,0.6924316546912499,0.07378777231201687,0.1196662693682956
catboost,raw,1,18028,1,True,142.83642506599426,White men,2662,0.29676934635612323,0.31421281404080376,0.183459406715247,0.7165111435681056,0.06677350427350427,0.1250939143501127
catboost,raw,1,18028,1,True,142.83642506599426,Black women,339,0.23008849557522124,0.20159604391669447,0.1505528764861422,0.7607328814225366,0.0,0.017699115044247787
catboost,raw,1,18028,1,True,142.83642506599426,White women,611,0.2127659574468085,0.20924966249283505,0.15606785214366747,0.6936990244682553,0.008316008316008316,0.008183306055646482
catboost,raw,1,18028,1,True,143.27606105804443,All,7807,0.30062764185986934,0.30285667141116834,0.18693344583664367,0.7060188284943292,0.06208791208791209,0.10836428845907518
catboost,raw,1,18028,1,True,143.27606105804443,Men,6857,0.31194399883330903,0.316203796271855,0.1914823580075972,0.7014884953153064,0.07100466299279355,0.12177337027854747
catboost,raw,1,18028,1,True,143.27606105804443,Women,950,0.21894736842105264,0.2065185291272439,0.1540998766195611,0.719061009744972,0.005390835579514825,0.011578947368421053
catboost,raw,1,18028,1,True,143.27606105804443,Black,4534,0.31473312748125276,0.30880370069414415,0.1931325569719693,0.6988821272759547,0.06758931445123914,0.11204234671371857
catboost,raw,1,18028,1,True,143.27606105804443,White,3273,0.281087687137183,0.29461840964245095,0.1783459817707816,0.7147813152497274,0.05482362940926477,0.10326917201344332
catboost,raw,1,18028,1,True,143.27606105804443,Black men,4195,0.3215733015494637,0.3174672038282455,0.19657344175973937,0.6924316546912499,0.07378777231201687,0.1196662693682956
catboost,raw,1,18028,1,True,143.27606105804443,White men,2662,0.29676934635612323,0.31421281404080376,0.183459406715247,0.7165111435681056,0.06677350427350427,0.1250939143501127
catboost,raw,1,18028,1,True,143.27606105804443,Black women,339,0.23008849557522124,0.20159604391669447,0.1505528764861422,0.7607328814225366,0.0,0.017699115044247787
catboost,raw,1,18028,1,True,143.27606105804443,White women,611,0.2127659574468085,0.20924966249283505,0.15606785214366747,0.6936990244682553,0.008316008316008316,0.008183306055646482
catboost,raw,1,18028,2,True,86.21572732925415,All,7807,0.30062764185986934,0.2859599526495645,0.1871928551399965,0.7065179459086575,0.04322344322344322,0.07980017932624568
catboost,raw,1,18028,2,True,86.21572732925415,Men,6857,0.31194399883330903,0.29816671054045163,0.191614734976019,0.7023306640379984,0.04959728698601102,0.08983520490010209
catboost,raw,1,18028,2,True,86.21572732925415,Women,950,0.21894736842105264,0.19785285911502423,0.15527619194462133,0.7168645034211073,0.0026954177897574125,0.007368421052631579
catboost,raw,1,18028,2,True,86.21572732925415,Black,4534,0.31473312748125276,0.2916027196720664,0.19359474533746676,0.6997768675249888,0.046668812359188926,0.0811645346272607
catboost,raw,1,18028,2,True,86.21572732925415,White,3273,0.281087687137183,0.2781431773119465,0.1783244866232442,0.7146496609323897,0.03867403314917127,0.07791017415215398
catboost,raw,1,18028,2,True,86.21572732925415,Black men,4195,0.3215733015494637,0.29940485697050495,0.1969295670788182,0.6933943417132599,0.05094869992972593,0.0867699642431466
catboost,raw,1,18028,2,True,86.21572732925415,White men,2662,0.29676934635612323,0.2962155368837748,0.18323918250748308,0.7170318078545926,0.04754273504273504,0.0946656649135988
catboost,raw,1,18028,2,True,86.21572732925415,Black women,339,0.23008849557522124,0.19505414749817318,0.1523275559422769,0.7624521072796935,0.0,0.011799410029498525
catboost,raw,1,18028,2,True,86.21572732925415,White women,611,0.2127659574468085,0.19940566310538838,0.15691217820451456,0.6892531584839277,0.004158004158004158,0.004909983633387889
catboost,raw,1,18028,2,True,86.44074940681458,All,7807,0.30062764185986934,0.2859599526495645,0.1871928551399965,0.7065179459086575,0.04322344322344322,0.07980017932624568
catboost,raw,1,18028,2,True,86.44074940681458,Men,6857,0.31194399883330903,0.29816671054045163,0.191614734976019,0.7023306640379984,0.04959728698601102,0.08983520490010209
catboost,raw,1,18028,2,True,86.44074940681458,Women,950,0.21894736842105264,0.19785285911502423,0.15527619194462133,0.7168645034211073,0.0026954177897574125,0.007368421052631579
catboost,raw,1,18028,2,True,86.44074940681458,Black,4534,0.31473312748125276,0.2916027196720664,0.19359474533746676,0.6997768675249888,0.046668812359188926,0.0811645346272607
catboost,raw,1,18028,2,True,86.44074940681458,White,3273,0.281087687137183,0.2781431773119465,0.1783244866232442,0.7146496609323897,0.03867403314917127,0.07791017415215398
catboost,raw,1,18028,2,True,86.44074940681458,Black men,4195,0.3215733015494637,0.29940485697050495,0.1969295670788182,0.6933943417132599,0.05094869992972593,0.0867699642431466
catboost,raw,1,18028,2,True,86.44074940681458,White men,2662,0.29676934635612323,0.2962155368837748,0.18323918250748308,0.7170318078545926,0.04754273504273504,0.0946656649135988
catboost,raw,1,18028,2,True,86.44074940681458,Black women,339,0.23008849557522124,0.19505414749817318,0.1523275559422769,0.7624521072796935,0.0,0.011799410029498525
catboost,raw,1,18028,2,True,86.44074940681458,White women,611,0.2127659574468085,0.19940566310538838,0.15691217820451456,0.6892531584839277,0.004158004158004158,0.004909983633387889
catboost,raw,1,18028,3,True,80.89067649841309,All,7807,0.30062764185986934,0.2995002896387204,0.18737007236201944,0.7043167101326453,0.057509157509157506,0.09939797617522736
catboost,raw,1,18028,3,True,80.89067649841309,Men,6857,0.31194399883330903,0.31129927497175186,0.19186370481539525,0.7000060048740552,0.06549385332768122,0.11141898789558116
catboost,raw,1,18028,3,True,80.89067649841309,Women,950,0.21894736842105264,0.21433645550335492,0.15493550632749528,0.7122187953555879,0.006738544474393531,0.01263157894736842
catboost,raw,1,18028,3,True,80.89067649841309,Black,4534,0.31473312748125276,0.3053663854625164,0.1938346605448857,0.6962569995324436,0.06404892178950757,0.10366122629025143
catboost,raw,1,18028,3,True,80.89067649841309,White,3273,0.281087687137183,0.2913741428421756,0.17841484999076504,0.7145369463589497,0.04887377815554611,0.09349220898258478
catboost,raw,1,18028,3,True,80.89067649841309,Black men,4195,0.3215733015494637,0.31283173996897506,0.19732173138030762,0.6894878536298978,0.06957132817990162,0.11060786650774732
catboost,raw,1,18028,3,True,80.89067649841309,White men,2662,0.29676934635612323,0.3088842897488552,0.1832624946576915,0.717248864005193,0.05929487179487179,0.11269722013523667
catboost,raw,1,18028,3,True,80.89067649841309,Black women,339,0.23008849557522124,0.21298537615692859,0.15068344474962062,0.7601925532960017,0.0038314176245210726,0.017699115044247787
catboost,raw,1,18028,3,True,80.89067649841309,White women,611,0.2127659574468085,0.21508607235840982,0.15729466978886933,0.6840236686390533,0.008316008316008316,0.009819967266775777
catboost,raw,1,18028,3,True,81.0241129398346,All,7807,0.30062764185986934,0.2995002896387204,0.18737007236201944,0.7043167101326453,0.057509157509157506,0.09939797617522736
catboost,raw,1,18028,3,True,81.0241129398346,Men,6857,0.31194399883330903,0.31129927497175186,0.19186370481539525,0.7000060048740552,0.06549385332768122,0.11141898789558116
catboost,raw,1,18028,3,True,81.0241129398346,Women,950,0.21894736842105264,0.21433645550335492,0.15493550632749528,0.7122187953555879,0.006738544474393531,0.01263157894736842
catboost,raw,1,18028,3,True,81.0241129398346,Black,4534,0.31473312748125276,0.3053663854625164,0.1938346605448857,0.6962569995324436,0.06404892178950757,0.10366122629025143
catboost,raw,1,18028,3,True,81.0241129398346,White,3273,0.281087687137183,0.2913741428421756,0.17841484999076504,0.7145369463589497,0.04887377815554611,0.09349220898258478
catboost,raw,1,18028,3,True,81.0241129398346,Black men,4195,0.3215733015494637,0.31283173996897506,0.19732173138030762,0.6894878536298978,0.06957132817990162,0.11060786650774732
catboost,raw,1,18028,3,True,81.0241129398346,White men,2662,0.29676934635612323,0.3088842897488552,0.1832624946576915,0.717248864005193,0.05929487179487179,0.11269722013523667
catboost,raw,1,18028,3,True,81.0241129398346,Black women,339,0.23008849557522124,0.21298537615692859,0.15068344474962062,0.7601925532960017,0.0038314176245210726,0.017699115044247787
catboost,raw,1,18028,3,True,81.0241129398346,White women,611,0.2127659574468085,0.21508607235840982,0.15729466978886933,0.6840236686390533,0.008316008316008316,0.009819967266775777
catboost,raw,1,18028,4,True,74.53354120254517,All,7807,0.30062764185986934,0.29726048300390434,0.187418640655408,0.7047996741222136,0.05201465201465202,0.09043166389137954
catboost,raw,1,18028,4,True,74.53354120254517,Men,6857,0.31194399883330903,0.3088154376942153,0.19194579877615942,0.7002495689075151,0.059559135226791016,0.10179378737057022
catboost,raw,1,18028,4,True,74.53354120254517,Women,950,0.21894736842105264,0.21385803636025977,0.15474208988278434,0.715633423180593,0.004043126684636119,0.008421052631578947
catboost,raw,1,18028,4,True,74.53354120254517,Black,4534,0.31473312748125276,0.30252090259783876,0.1938622744599964,0.6969034138389048,0.05728999034438365,0.09285399205999118
catboost,raw,1,18028,4,True,74.53354120254517,White,3273,0.281087687137183,0.2899733634075406,0.1784924458280314,0.7147466693767438,0.04504887377815554,0.08707607699358387
catboost,raw,1,18028,4,True,74.53354120254517,Black men,4195,0.3215733015494637,0.30995568287220115,0.19726616121142435,0.6903580747718177,0.06254392129304287,0.09940405244338499
catboost,raw,1,18028,4,True,74.53354120254517,White men,2662,0.29676934635612323,0.3070185449362699,0.1835615311518408,0.7165402196256627,0.05502136752136752,0.10555972952667167
catboost,raw,1,18028,4,True,74.53354120254517,Black women,339,0.23008849557522124,0.2105182381407583,0.1517404310315594,0.7590136555653798,0.0,0.011799410029498525
catboost,raw,1,18028,4,True,74.53354120254517,White women,611,0.2127659574468085,0.21571105042967223,0.15640749471186002,0.6900367823444745,0.006237006237006237,0.006546644844517185
catboost,raw,1,18028,4,True,74.10110974311829,All,7807,0.30062764185986934,0.29726048300390434,0.187418640655408,0.7047996741222136,0.05201465201465202,0.09043166389137954
catboost,raw,1,18028,4,True,74.10110974311829,Men,6857,0.31194399883330903,0.3088154376942153,0.19194579877615942,0.7002495689075151,0.059559135226791016,0.10179378737057022
catboost,raw,1,18028,4,True,74.10110974311829,Women,950,0.21894736842105264,0.21385803636025977,0.15474208988278434,0.715633423180593,0.004043126684636119,0.008421052631578947
catboost,raw,1,18028,4,True,74.10110974311829,Black,4534,0.31473312748125276,0.30252090259783876,0.1938622744599964,0.6969034138389048,0.05728999034438365,0.09285399205999118
catboost,raw,1,18028,4,True,74.10110974311829,White,3273,0.281087687137183,0.2899733634075406,0.1784924458280314,0.7147466693767438,0.04504887377815554,0.08707607699358387
catboost,raw,1,18028,4,True,74.10110974311829,Black men,4195,0.3215733015494637,0.30995568287220115,0.19726616121142435,0.6903580747718177,0.06254392129304287,0.09940405244338499
catboost,raw,1,18028,4,True,74.10110974311829,White men,2662,0.29676934635612323,0.3070185449362699,0.1835615311518408,0.7165402196256627,0.05502136752136752,0.10555972952667167
catboost,raw,1,18028,4,True,74.10110974311829,Black women,339,0.23008849557522124,0.2105182381407583,0.1517404310315594,0.7590136555653798,0.0,0.011799410029498525
catboost,raw,1,18028,4,True,74.10110974311829,White women,611,0.2127659574468085,0.21571105042967223,0.15640749471186002,0.6900367823444745,0.006237006237006237,0.006546644844517185
catboost,raw,1,18028,5,True,69.84506869316101,All,7807,0.30062764185986934,0.2997233444129997,0.18749623769299242,0.7047628411923257,0.051831501831501835,0.09120020494428077
catboost,raw,1,18028,5,True,69.84506869316101,Men,6857,0.31194399883330903,0.31092999673687044,0.19207237266380695,0.6999877722531616,0.059559135226791016,0.10266880560011667
catboost,raw,1,18028,5,True,69.84506869316101,Women,950,0.21894736842105264,0.21883490758691374,0.15446617717207117,0.7161906489736678,0.0026954177897574125,0.008421052631578947
catboost,raw,1,18028,5,True,69.84506869316101,Black,4534,0.31473312748125276,0.3048178086305339,0.19401563663966334,0.6961970043455913,0.057611844222722884,0.09439788266431408
catboost,raw,1,18028,5,True,69.84506869316101,White,3273,0.281087687137183,0.29266611839335405,0.17846508742589617,0.7158590328720043,0.04419889502762431,0.08677054689886954
catboost,raw,1,18028,5,True,69.84506869316101,Black men,4195,0.3215733015494637,0.3120629759574041,0.19747400774674348,0.689335219810932,0.0628952916373858,0.10083432657926103
catboost,raw,1,18028,5,True,69.84506869316101,White men,2662,0.29676934635612323,0.3091445542762623,0.1835600288723273,0.7177289570485772,0.05448717948717949,0.10555972952667167
catboost,raw,1,18028,5,True,69.84506869316101,Black women,339,0.23008849557522124,0.21516153448239134,0.15121956940013215,0.7625012280184694,0.0,0.014749262536873156
catboost,raw,1,18028,5,True,69.84506869316101,White women,611,0.2127659574468085,0.22087299839285993,0.1562674865578115,0.689061250599712,0.004158004158004158,0.004909983633387889
catboost,raw,1,18028,5,True,70.26337122917175,All,7807,0.30062764185986934,0.2997233444129997,0.18749623769299242,0.7047628411923257,0.051831501831501835,0.09120020494428077
catboost,raw,1,18028,5,True,70.26337122917175,Men,6857,0.31194399883330903,0.31092999673687044,0.19207237266380695,0.6999877722531616,0.059559135226791016,0.10266880560011667
catboost,raw,1,18028,5,True,70.26337122917175,Women,950,0.21894736842105264,0.21883490758691374,0.15446617717207117,0.7161906489736678,0.0026954177897574125,0.008421052631578947
catboost,raw,1,18028,5,True,70.26337122917175,Black,4534,0.31473312748125276,0.3048178086305339,0.19401563663966334,0.6961970043455913,0.057611844222722884,0.09439788266431408
catboost,raw,1,18028,5,True,70.26337122917175,White,3273,0.281087687137183,0.29266611839335405,0.17846508742589617,0.7158590328720043,0.04419889502762431,0.08677054689886954
catboost,raw,1,18028,5,True,70.26337122917175,Black men,4195,0.3215733015494637,0.3120629759574041,0.19747400774674348,0.689335219810932,0.0628952916373858,0.10083432657926103
catboost,raw,1,18028,5,True,70.26337122917175,White men,2662,0.29676934635612323,0.3091445542762623,0.1835600288723273,0.7177289570485772,0.05448717948717949,0.10555972952667167
catboost,raw,1,18028,5,True,70.26337122917175,Black women,339,0.23008849557522124,0.21516153448239134,0.15121956940013215,0.7625012280184694,0.0,0.014749262536873156
catboost,raw,1,18028,5,True,70.26337122917175,White women,611,0.2127659574468085,0.22087299839285993,0.1562674865578115,0.689061250599712,0.004158004158004158,0.004909983633387889
catboost,raw,1,18028,6,True,96.23088765144348,All,7807,0.30062764185986934,0.2976389432946258,0.18727110095774413,0.7047771997921125,0.05567765567765568,0.09914179582426028
catboost,raw,1,18028,6,True,96.23088765144348,Men,6857,0.31194399883330903,0.31015277788033885,0.19191213182110184,0.6996114271762368,0.06379821958456973,0.11156482426717224
catboost,raw,1,18028,6,True,96.23088765144348,Women,950,0.21894736842105264,0.20731540250069483,0.1537726287155928,0.7207910014513789,0.004043126684636119,0.009473684210526316
catboost,raw,1,18028,6,True,96.23088765144348,Black,4534,0.31473312748125276,0.30303125819034726,0.19359053377516483,0.6971246742836497,0.05986482137109752,0.10101455668284076
catboost,raw,1,18028,6,True,96.23088765144348,White,3273,0.281087687137183,0.29016911263859135,0.17851695846028454,0.7142953491380106,0.050148746281342964,0.09654750992972808
catboost,raw,1,18028,6,True,96.23088765144348,Black men,4195,0.3215733015494637,0.31107849929018777,0.1971139255458177,0.6900944818967434,0.06535488404778636,0.10798569725864124
catboost,raw,1,18028,6,True,96.23088765144348,White men,2662,0.29676934635612323,0.30869394943769574,0.1837147145877499,0.7151465974250785,0.06143162393162393,0.11720510894064613
catboost,raw,1,18028,6,True,96.23088765144348,Black women,339,0.23008849557522124,0.20344961685161284,0.14998985979909174,0.764367816091954,0.0,0.014749262536873156
catboost,raw,1,18028,6,True,96.23088765144348,White women,611,0.2127659574468085,0.209460249202886,0.15587141539757954,0.6937470014393091,0.006237006237006237,0.006546644844517185
catboost,raw,1,18028,6,True,96.32426953315735,All,7807,0.30062764185986934,0.2976389432946258,0.18727110095774413,0.7047771997921125,0.05567765567765568,0.09914179582426028
catboost,raw,1,18028,6,True,96.32426953315735,Men,6857,0.31194399883330903,0.31015277788033885,0.19191213182110184,0.6996114271762368,0.06379821958456973,0.11156482426717224
catboost,raw,1,18028,6,True,96.32426953315735,Women,950,0.21894736842105264,0.20731540250069483,0.1537726287155928,0.7207910014513789,0.004043126684636119,0.009473684210526316
catboost,raw,1,18028,6,True,96.32426953315735,Black,4534,0.31473312748125276,0.30303125819034726,0.19359053377516483,0.6971246742836497,0.05986482137109752,0.10101455668284076
catboost,raw,1,18028,6,True,96.32426953315735,White,3273,0.281087687137183,0.29016911263859135,0.17851695846028454,0.7142953491380106,0.050148746281342964,0.09654750992972808
catboost,raw,1,18028,6,True,96.32426953315735,Black men,4195,0.3215733015494637,0.31107849929018777,0.1971139255458177,0.6900944818967434,0.06535488404778636,0.10798569725864124
catboost,raw,1,18028,6,True,96.32426953315735,White men,2662,0.29676934635612323,0.30869394943769574,0.1837147145877499,0.7151465974250785,0.06143162393162393,0.11720510894064613
catboost,raw,1,18028,6,True,96.32426953315735,Black women,339,0.23008849557522124,0.20344961685161284,0.14998985979909174,0.764367816091954,0.0,0.014749262536873156
catboost,raw,1,18028,6,True,96.32426953315735,White women,611,0.2127659574468085,0.209460249202886,0.15587141539757954,0.6937470014393091,0.006237006237006237,0.006546644844517185
catboost,raw,1,18028,7,True,83.40465569496155,All,7807,0.30062764185986934,0.30326883590415443,0.1873282761592247,0.7047146150256505,0.05695970695970696,0.1008069681055463
catboost,raw,1,18028,7,True,83.40465569496155,Men,6857,0.31194399883330903,0.315195738663688,0.19184518840348186,0.7002806832714317,0.06464603645612547,0.1128773516114919
catboost,raw,1,18028,7,True,83.40465569496155,Women,950,0.21894736842105264,0.21718170724929,0.1547256790446234,0.714849419448476,0.008086253369272238,0.01368421052631579
catboost,raw,1,18028,7,True,83.40465569496155,Black,4534,0.31473312748125276,0.3092719439436547,0.1933137961474429,0.6982733791206376,0.06308336015448986,0.10542567269519189
catboost,raw,1,18028,7,True,83.40465569496155,White,3273,0.281087687137183,0.29495288972294637,0.17903669423848492,0.7124027605831593,0.04887377815554611,0.09440879926672777
catboost,raw,1,18028,7,True,83.40465569496155,Black men,4195,0.3215733015494637,0.3168508733921224,0.19675963635029564,0.6916799461562064,0.06851721714687281,0.11227651966626936
catboost,raw,1,18028,7,True,83.40465569496155,White men,2662,0.29676934635612323,0.31258744032192143,0.18410059443771032,0.7142729633235962,0.05876068376068376,0.11382419233658903
catboost,raw,1,18028,7,True,83.40465569496155,Black women,339,0.23008849557522124,0.21548548660937114,0.1506727942271854,0.7608802436388643,0.0038314176245210726,0.02064896755162242
catboost,raw,1,18028,7,True,83.40465569496155,White women,611,0.2127659574468085,0.21812281820989965,0.1569743336323672,0.6871261794338718,0.010395010395010396,0.009819967266775777
catboost,raw,1,18028,7,True,84.01752781867981,All,7807,0.30062764185986934,0.30326883590415443,0.1873282761592247,0.7047146150256505,0.05695970695970696,0.1008069681055463
catboost,raw,1,18028,7,True,84.01752781867981,Men,6857,0.31194399883330903,0.315195738663688,0.19184518840348186,0.7002806832714317,0.06464603645612547,0.1128773516114919
catboost,raw,1,18028,7,True,84.01752781867981,Women,950,0.21894736842105264,0.21718170724929,0.1547256790446234,0.714849419448476,0.008086253369272238,0.01368421052631579
catboost,raw,1,18028,7,True,84.01752781867981,Black,4534,0.31473312748125276,0.3092719439436547,0.1933137961474429,0.6982733791206376,0.06308336015448986,0.10542567269519189
catboost,raw,1,18028,7,True,84.01752781867981,White,3273,0.281087687137183,0.29495288972294637,0.17903669423848492,0.7124027605831593,0.04887377815554611,0.09440879926672777
catboost,raw,1,18028,7,True,84.01752781867981,Black men,4195,0.3215733015494637,0.3168508733921224,0.19675963635029564,0.6916799461562064,0.06851721714687281,0.11227651966626936
catboost,raw,1,18028,7,True,84.01752781867981,White men,2662,0.29676934635612323,0.31258744032192143,0.18410059443771032,0.7142729633235962,0.05876068376068376,0.11382419233658903
catboost,raw,1,18028,7,True,84.01752781867981,Black women,339,0.23008849557522124,0.21548548660937114,0.1506727942271854,0.7608802436388643,0.0038314176245210726,0.02064896755162242
catboost,raw,1,18028,7,True,84.01752781867981,White women,611,0.2127659574468085,0.21812281820989965,0.1569743336323672,0.6871261794338718,0.010395010395010396,0.009819967266775777
catboost,raw,1,18028,8,True,162.78680419921875,All,7807,0.30062764185986934,0.30198355516736664,0.18690247032709734,0.7053815875929212,0.06098901098901099,0.10836428845907518
catboost,raw,1,18028,8,True,162.78680419921875,Men,6857,0.31194399883330903,0.31426498641584333,0.19130526553003704,0.7013644342209647,0.0688851208139042,0.12119002479218317
catboost,raw,1,18028,8,True,162.78680419921875,Women,950,0.21894736842105264,0.2133374771980988,0.1551235580044051,0.7108386896122745,0.01078167115902965,0.015789473684210527
catboost,raw,1,18028,8,True,162.78680419921875,Black,4534,0.31473312748125276,0.30765954470295315,0.1931770644771855,0.6980893337354064,0.06404892178950757,0.11005734450816057
catboost,raw,1,18028,8,True,162.78680419921875,White,3273,0.281087687137183,0.294120757564449,0.17821044164500147,0.7144676546129825,0.05694857628559286,0.10601894286587228
catboost,raw,1,18028,8,True,162.78680419921875,Black men,4195,0.3215733015494637,0.31560850599419427,0.1965428625075023,0.691992767344906,0.06957132817990162,0.11728247914183552
catboost,raw,1,18028,8,True,162.78680419921875,White men,2662,0.29676934635612323,0.3121477570277207,0.1830514265666761,0.7166450286703452,0.06784188034188034,0.12734785875281743
catboost,raw,1,18028,8,True,162.78680419921875,Black women,339,0.23008849557522124,0.20929407975676934,0.15152655492798467,0.7518911484428725,0.0038314176245210726,0.02064896755162242
catboost,raw,1,18028,8,True,162.78680419921875,White women,611,0.2127659574468085,0.21558086792250253,0.15711927656890026,0.6868862945786023,0.014553014553014554,0.01309328968903437
catboost,raw,1,18028,8,True,162.803377866745,All,7807,0.30062764185986934,0.30198355516736664,0.18690247032709734,0.7053815875929212,0.06098901098901099,0.10836428845907518
catboost,raw,1,18028,8,True,162.803377866745,Men,6857,0.31194399883330903,0.31426498641584333,0.19130526553003704,0.7013644342209647,0.0688851208139042,0.12119002479218317
catboost,raw,1,18028,8,True,162.803377866745,Women,950,0.21894736842105264,0.2133374771980988,0.1551235580044051,0.7108386896122745,0.01078167115902965,0.015789473684210527
catboost,raw,1,18028,8,True,162.803377866745,Black,4534,0.31473312748125276,0.30765954470295315,0.1931770644771855,0.6980893337354064,0.06404892178950757,0.11005734450816057
catboost,raw,1,18028,8,True,162.803377866745,White,3273,0.281087687137183,0.294120757564449,0.17821044164500147,0.7144676546129825,0.05694857628559286,0.10601894286587228
catboost,raw,1,18028,8,True,162.803377866745,Black men,4195,0.3215733015494637,0.31560850599419427,0.1965428625075023,0.691992767344906,0.06957132817990162,0.11728247914183552
catboost,raw,1,18028,8,True,162.803377866745,White men,2662,0.29676934635612323,0.3121477570277207,0.1830514265666761,0.7166450286703452,0.06784188034188034,0.12734785875281743
catboost,raw,1,18028,8,True,162.803377866745,Black women,339,0.23008849557522124,0.20929407975676934,0.15152655492798467,0.7518911484428725,0.0038314176245210726,0.02064896755162242
catboost,raw,1,18028,8,True,162.803377866745,White women,611,0.2127659574468085,0.21558086792250253,0.15711927656890026,0.6868862945786023,0.014553014553014554,0.01309328968903437
catboost,raw,1,18028,9,True,94.97267127037048,All,7807,0.30062764185986934,0.30553876274846586,0.1871233937887412,0.7059208154436104,0.059157509157509156,0.10516203407198668
catboost,raw,1,18028,9,True,94.97267127037048,Men,6857,0.31194399883330903,0.3166670394099999,0.19172973054481043,0.7009424085014747,0.06740144128868164,0.11783578824558845
catboost,raw,1,18028,9,True,94.97267127037048,Women,950,0.21894736842105264,0.22521603320305664,0.15387533996098687,0.7177262595894672,0.006738544474393531,0.01368421052631579
catboost,raw,1,18028,9,True,94.97267127037048,Black,4534,0.31473312748125276,0.31097850728053517,0.19332320071282566,0.6986863535083313,0.06372706791116833,0.10961623290692545
catboost,raw,1,18028,9,True,94.97267127037048,White,3273,0.281087687137183,0.2980032290764823,0.17853496586518516,0.7149277518062048,0.053123671908202295,0.09899175068744272
catboost,raw,1,18028,9,True,94.97267127037048,Black men,4195,0.3215733015494637,0.3181926185847397,0.19685950146053924,0.6917906447450469,0.06921995783555868,0.11680572109654351
catboost,raw,1,18028,9,True,94.97267127037048,White men,2662,0.29676934635612323,0.3142629054362833,0.18364581281698084,0.7159478794763604,0.06463675213675214,0.11945905334335086
catboost,raw,1,18028,9,True,94.97267127037048,Black women,339,0.23008849557522124,0.22170653996154369,0.14956278290557387,0.7617152961980548,0.0038314176245210726,0.02064896755162242
catboost,raw,1,18028,9,True,94.97267127037048,White women,611,0.2127659574468085,0.22716319884769315,0.1562680680162815,0.6916839916839916,0.008316008316008316,0.009819967266775777
catboost,raw,1,18028,9,True,95.28694033622742,All,7807,0.30062764185986934,0.30553876274846586,0.1871233937887412,0.7059208154436104,0.059157509157509156,0.10516203407198668
catboost,raw,1,18028,9,True,95.28694033622742,Men,6857,0.31194399883330903,0.3166670394099999,0.19172973054481043,0.7009424085014747,0.06740144128868164,0.11783578824558845
catboost,raw,1,18028,9,True,95.28694033622742,Women,950,0.21894736842105264,0.22521603320305664,0.15387533996098687,0.7177262595894672,0.006738544474393531,0.01368421052631579
catboost,raw,1,18028,9,True,95.28694033622742,Black,4534,0.31473312748125276,0.31097850728053517,0.19332320071282566,0.6986863535083313,0.06372706791116833,0.10961623290692545
catboost,raw,1,18028,9,True,95.28694033622742,White,3273,0.281087687137183,0.2980032290764823,0.17853496586518516,0.7149277518062048,0.053123671908202295,0.09899175068744272
catboost,raw,1,18028,9,True,95.28694033622742,Black men,4195,0.3215733015494637,0.3181926185847397,0.19685950146053924,0.6917906447450469,0.06921995783555868,0.11680572109654351
catboost,raw,1,18028,9,True,95.28694033622742,White men,2662,0.29676934635612323,0.3142629054362833,0.18364581281698084,0.7159478794763604,0.06463675213675214,0.11945905334335086
catboost,raw,1,18028,9,True,95.28694033622742,Black women,339,0.23008849557522124,0.22170653996154369,0.14956278290557387,0.7617152961980548,0.0038314176245210726,0.02064896755162242
catboost,raw,1,18028,9,True,95.28694033622742,White women,611,0.2127659574468085,0.22716319884769315,0.1562680680162815,0.6916839916839916,0.008316008316008316,0.009819967266775777
catboost,raw,2,500,0,False,11.629820585250854,All,5460,0.24065934065934066,0.26308458232168735,0.17297960070589524,0.6612278178303197,0.005306319343945972,0.010256410256410256
catboost,raw,2,500,0,False,11.629820585250854,Men,4718,0.2507418397626113,0.2671722252605447,0.17837275129948726,0.6511491772290381,0.006223479490806223,0.011869436201780416
catboost,raw,2,500,0,False,11.629820585250854,Women,742,0.1765498652291105,0.2370933432576322,0.1386873035353198,0.7205931959870565,0.0,0.0
catboost,raw,2,500,0,False,11.629820585250854,Black,3107,0.24074670099774703,0.2630777803314347,0.17683381123386324,0.6288891332092589,0.005086901229334464,0.009333762471837787
catboost,raw,2,500,0,False,11.629820585250854,White,2353,0.24054398640034,0.2630935639552253,0.16789033929051214,0.7042450283852164,0.005595970900951315,0.011474713132171696
catboost,raw,2,500,0,False,11.629820585250854,Black men,2846,0.2501756851721715,0.2669639115202208,0.18246644129449124,0.615159983361941,0.005623242736644799,0.010189739985945186
catboost,raw,2,500,0,False,11.629820585250854,White men,1872,0.2516025641025641,0.267488924461913,0.17214911789896298,0.7054560664129808,0.007137758743754461,0.014423076923076924
catboost,raw,2,500,0,False,11.629820585250854,Black women,261,0.13793103448275862,0.2207025720429853,0.11541440451912251,0.772716049382716,0.0,0.0
catboost,raw,2,500,0,False,11.629820585250854,White women,481,0.19750519750519752,0.2459872960373055,0.1513156333549196,0.690400872647941,0.0,0.0
catboost,raw,2,500,0,False,12.267835140228271,All,5460,0.24065934065934066,0.26308458232168735,0.17297960070589524,0.6612278178303197,0.005306319343945972,0.010256410256410256
catboost,raw,2,500,0,False,12.267835140228271,Men,4718,0.2507418397626113,0.2671722252605447,0.17837275129948726,0.6511491772290381,0.006223479490806223,0.011869436201780416
catboost,raw,2,500,0,False,12.267835140228271,Women,742,0.1765498652291105,0.2370933432576322,0.1386873035353198,0.7205931959870565,0.0,0.0
catboost,raw,2,500,0,False,12.267835140228271,Black,3107,0.24074670099774703,0.2630777803314347,0.17683381123386324,0.6288891332092589,0.005086901229334464,0.009333762471837787
catboost,raw,2,500,0,False,12.267835140228271,White,2353,0.24054398640034,0.2630935639552253,0.16789033929051214,0.7042450283852164,0.005595970900951315,0.011474713132171696
catboost,raw,2,500,0,False,12.267835140228271,Black men,2846,0.2501756851721715,0.2669639115202208,0.18246644129449124,0.615159983361941,0.005623242736644799,0.010189739985945186
catboost,raw,2,500,0,False,12.267835140228271,White men,1872,0.2516025641025641,0.267488924461913,0.17214911789896298,0.7054560664129808,0.007137758743754461,0.014423076923076924
catboost,raw,2,500,0,False,12.267835140228271,Black women,261,0.13793103448275862,0.2207025720429853,0.11541440451912251,0.772716049382716,0.0,0.0
catboost,raw,2,500,0,False,12.267835140228271,White women,481,0.19750519750519752,0.2459872960373055,0.1513156333549196,0.690400872647941,0.0,0.0
catboost,raw,2,500,1,False,27.785457849502563,All,5460,0.24065934065934066,0.20791744993416197,0.17714589648963341,0.6344120720049986,0.01326579835986493,0.0184981684981685
catboost,raw,2,500,1,False,27.785457849502563,Men,4718,0.2507418397626113,0.2116967479154978,0.18341013998743996,0.6263917999093715,0.014144271570014143,0.01907587961000424
catboost,raw,2,500,1,False,27.785457849502563,Women,742,0.1765498652291105,0.1838868193735927,0.13731476330546716,0.6669082095426094,0.008183306055646482,0.014824797843665768
catboost,raw,2,500,1,False,27.785457849502563,Black,3107,0.24074670099774703,0.2041823528186949,0.17974637514739739,0.6132424914934953,0.006782534972445952,0.008690054715159318
catboost,raw,2,500,1,False,27.785457849502563,White,2353,0.24054398640034,0.21284942899823178,0.17371211527855282,0.6624344253056527,0.02182428651371013,0.03144921376965576
catboost,raw,2,500,1,False,27.785457849502563,Black men,2846,0.2501756851721715,0.20713914810850467,0.18518094802832832,0.608962832892811,0.007029053420805998,0.009135628952916374
catboost,raw,2,500,1,False,27.785457849502563,White men,1872,0.2516025641025641,0.218625663006685,0.1807179820363885,0.6529185249844287,0.024982155603140613,0.03418803418803419
catboost,raw,2,500,1,False,27.785457849502563,Black women,261,0.13793103448275862,0.17194082257042437,0.12048662641510036,0.5925925925925926,0.0044444444444444444,0.0038314176245210726
catboost,raw,2,500,1,False,27.785457849502563,White women,481,0.19750519750519752,0.19036895069506246,0.1464460392480571,0.6912189800927189,0.010362694300518135,0.02079002079002079
catboost,raw,2,500,1,False,28.661686897277832,All,5460,0.24065934065934066,0.20791744993416197,0.17714589648963341,0.6344120720049986,0.01326579835986493,0.0184981684981685
catboost,raw,2,500,1,False,28.661686897277832,Men,4718,0.2507418397626113,0.2116967479154978,0.18341013998743996,0.6263917999093715,0.014144271570014143,0.01907587961000424
catboost,raw,2,500,1,False,28.661686897277832,Women,742,0.1765498652291105,0.1838868193735927,0.13731476330546716,0.6669082095426094,0.008183306055646482,0.014824797843665768
catboost,raw,2,500,1,False,28.661686897277832,Black,3107,0.24074670099774703,0.2041823528186949,0.17974637514739739,0.6132424914934953,0.006782534972445952,0.008690054715159318
catboost,raw,2,500,1,False,28.661686897277832,White,2353,0.24054398640034,0.21284942899823178,0.17371211527855282,0.6624344253056527,0.02182428651371013,0.03144921376965576
catboost,raw,2,500,1,False,28.661686897277832,Black men,2846,0.2501756851721715,0.20713914810850467,0.18518094802832832,0.608962832892811,0.007029053420805998,0.009135628952916374
catboost,raw,2,500,1,False,28.661686897277832,White men,1872,0.2516025641025641,0.218625663006685,0.1807179820363885,0.6529185249844287,0.024982155603140613,0.03418803418803419
catboost,raw,2,500,1,False,28.661686897277832,Black women,261,0.13793103448275862,0.17194082257042437,0.12048662641510036,0.5925925925925926,0.0044444444444444444,0.0038314176245210726
catboost,raw,2,500,1,False,28.661686897277832,White women,481,0.19750519750519752,0.19036895069506246,0.1464460392480571,0.6912189800927189,0.010362694300518135,0.02079002079002079
catboost,raw,2,500,2,False,8.63468623161316,All,5460,0.24065934065934066,0.2589484954467469,0.17398243762568497,0.659751821087388,0.000241196333815726,0.0007326007326007326
catboost,raw,2,500,2,False,8.63468623161316,Men,4718,0.2507418397626113,0.26177529378322967,0.17879719537805602,0.65581858028817,0.0002828854314002829,0.000847816871555744
catboost,raw,2,500,2,False,8.63468623161316,Women,742,0.1765498652291105,0.24097432489212997,0.14336784587947637,0.6725053410127311,0.0,0.0
catboost,raw,2,500,2,False,8.63468623161316,Black,3107,0.24074670099774703,0.26658362031333527,0.17536173914586023,0.6498765678378177,0.000423908435777872,0.0009655616350177019
catboost,raw,2,500,2,False,8.63468623161316,White,2353,0.24054398640034,0.24886675598202518,0.1721611499830225,0.6743659053114267,0.0,0.00042498937526561835
catboost,raw,2,500,2,False,8.63468623161316,Black men,2846,0.2501756851721715,0.26931718490928364,0.179991127636636,0.6447458483830545,0.00046860356138706655,0.0010541110330288123
catboost,raw,2,500,2,False,8.63468623161316,White men,1872,0.2516025641025641,0.25030936315035063,0.1769820611857918,0.674571241954867,0.0,0.0005341880341880342
catboost,raw,2,500,2,False,8.63468623161316,Black women,261,0.13793103448275862,0.23677624544717088,0.12488189376368479,0.6658024691358024,0.0,0.0
catboost,raw,2,500,2,False,8.63468623161316,White women,481,0.19750519750519752,0.24325228484043424,0.15339868476143398,0.6733296973002455,0.0,0.0
catboost,raw,2,500,2,False,9.079558849334717,All,5460,0.24065934065934066,0.2589484954467469,0.17398243762568497,0.659751821087388,0.000241196333815726,0.0007326007326007326
catboost,raw,2,500,2,False,9.079558849334717,Men,4718,0.2507418397626113,0.26177529378322967,0.17879719537805602,0.65581858028817,0.0002828854314002829,0.000847816871555744
catboost,raw,2,500,2,False,9.079558849334717,Women,742,0.1765498652291105,0.24097432489212997,0.14336784587947637,0.6725053410127311,0.0,0.0
catboost,raw,2,500,2,False,9.079558849334717,Black,3107,0.24074670099774703,0.26658362031333527,0.17536173914586023,0.6498765678378177,0.000423908435777872,0.0009655616350177019
catboost,raw,2,500,2,False,9.079558849334717,White,2353,0.24054398640034,0.24886675598202518,0.1721611499830225,0.6743659053114267,0.0,0.00042498937526561835
catboost,raw,2,500,2,False,9.079558849334717,Black men,2846,0.2501756851721715,0.26931718490928364,0.179991127636636,0.6447458483830545,0.00046860356138706655,0.0010541110330288123
catboost,raw,2,500,2,False,9.079558849334717,White men,1872,0.2516025641025641,0.25030936315035063,0.1769820611857918,0.674571241954867,0.0,0.0005341880341880342
catboost,raw,2,500,2,False,9.079558849334717,Black women,261,0.13793103448275862,0.23677624544717088,0.12488189376368479,0.6658024691358024,0.0,0.0
catboost,raw,2,500,2,False,9.079558849334717,White women,481,0.19750519750519752,0.24325228484043424,0.15339868476143398,0.6733296973002455,0.0,0.0
catboost,raw,2,500,3,False,10.803673505783081,All,5460,0.24065934065934066,0.23585808379699855,0.1755765094916688,0.6341791358196013,0.000482392667631452,0.0005494505494505495
catboost,raw,2,500,3,False,10.803673505783081,Men,4718,0.2507418397626113,0.2484833890226105,0.18067013628881284,0.6322628084569114,0.0005657708628005657,0.000635862653666808
catboost,raw,2,500,3,False,10.803673505783081,Women,742,0.1765498652291105,0.1555801996265979,0.1431887315551115,0.5981309578840844,0.0,0.0
catboost,raw,2,500,3,False,10.803673505783081,Black,3107,0.24074670099774703,0.24006513344078254,0.17626122267050717,0.6260351186603587,0.0,0.000321853878339234
catboost,raw,2,500,3,False,10.803673505783081,White,2353,0.24054398640034,0.23030291879774786,0.174672385459943,0.6448229359666695,0.001119194180190263,0.0008499787505312367
catboost,raw,2,500,3,False,10.803673505783081,Black men,2846,0.2501756851721715,0.24833245984904534,0.18162013431884527,0.6171469414403504,0.0,0.00035137034434293746
catboost,raw,2,500,3,False,10.803673505783081,White men,1872,0.2516025641025641,0.24871284651618233,0.17922585509571862,0.6545764247860567,0.0014275517487508922,0.0010683760683760685
catboost,raw,2,500,3,False,10.803673505783081,Black women,261,0.13793103448275862,0.14991643245259856,0.11782650025223015,0.5895061728395061,0.0,0.0
catboost,raw,2,500,3,False,10.803673505783081,White women,481,0.19750519750519752,0.15865347038005692,0.15695077390449205,0.5942187073902372,0.0,0.0
catboost,raw,2,500,3,False,11.306369066238403,All,5460,0.24065934065934066,0.23585808379699855,0.1755765094916688,0.6341791358196013,0.000482392667631452,0.0005494505494505495
catboost,raw,2,500,3,False,11.306369066238403,Men,4718,0.2507418397626113,0.2484833890226105,0.18067013628881284,0.6322628084569114,0.0005657708628005657,0.000635862653666808
catboost,raw,2,500,3,False,11.306369066238403,Women,742,0.1765498652291105,0.1555801996265979,0.1431887315551115,0.5981309578840844,0.0,0.0
catboost,raw,2,500,3,False,11.306369066238403,Black,3107,0.24074670099774703,0.24006513344078254,0.17626122267050717,0.6260351186603587,0.0,0.000321853878339234
catboost,raw,2,500,3,False,11.306369066238403,White,2353,0.24054398640034,0.23030291879774786,0.174672385459943,0.6448229359666695,0.001119194180190263,0.0008499787505312367
catboost,raw,2,500,3,False,11.306369066238403,Black men,2846,0.2501756851721715,0.24833245984904534,0.18162013431884527,0.6171469414403504,0.0,0.00035137034434293746
catboost,raw,2,500,3,False,11.306369066238403,White men,1872,0.2516025641025641,0.24871284651618233,0.17922585509571862,0.6545764247860567,0.0014275517487508922,0.0010683760683760685
catboost,raw,2,500,3,False,11.306369066238403,Black women,261,0.13793103448275862,0.14991643245259856,0.11782650025223015,0.5895061728395061,0.0,0.0
catboost,raw,2,500,3,False,11.306369066238403,White women,481,0.19750519750519752,0.15865347038005692,0.15695077390449205,0.5942187073902372,0.0,0.0
catboost,raw,2,500,4,False,8.705394744873047,All,5460,0.24065934065934066,0.27069789270766276,0.17253994857860802,0.6797219230212906,0.019778099372889532,0.028388278388278388
catboost,raw,2,500,4,False,8.705394744873047,Men,4718,0.2507418397626113,0.2740659046919888,0.17760461976962202,0.6733591509132799,0.023196605374823195,0.03285290377278508
catboost,raw,2,500,4,False,8.705394744873047,Women,742,0.1765498652291105,0.24928242027902292,0.14033628459046238,0.7138341599930036,0.0,0.0
catboost,raw,2,500,4,False,8.705394744873047,Black,3107,0.24074670099774703,0.27455466644415694,0.1758507762060157,0.6546036002747471,0.022891055532005086,0.031219826198905697
catboost,raw,2,500,4,False,8.705394744873047,White,2353,0.24054398640034,0.26560524672411506,0.16816819276120235,0.7122365889492428,0.01566871852266368,0.024649383765405864
catboost,raw,2,500,4,False,8.705394744873047,Black men,2846,0.2501756851721715,0.27764918777465103,0.18070591995544671,0.6478766730200183,0.02530459231490159,0.03408292340126493
catboost,raw,2,500,4,False,8.705394744873047,White men,1872,0.2516025641025641,0.26861824248405264,0.17288971574779669,0.7110571611724109,0.01998572448251249,0.030982905982905984
catboost,raw,2,500,4,False,8.705394744873047,Black women,261,0.13793103448275862,0.24081134189784986,0.12290924704555316,0.7039506172839506,0.0,0.0
catboost,raw,2,500,4,False,8.705394744873047,White women,481,0.19750519750519752,0.2538789929557093,0.14979253573229462,0.7138532860649033,0.0,0.0
catboost,raw,2,500,4,False,9.03121280670166,All,5460,0.24065934065934066,0.27069789270766276,0.17253994857860802,0.6797219230212906,0.019778099372889532,0.028388278388278388
catboost,raw,2,500,4,False,9.03121280670166,Men,4718,0.2507418397626113,0.2740659046919888,0.17760461976962202,0.6733591509132799,0.023196605374823195,0.03285290377278508
catboost,raw,2,500,4,False,9.03121280670166,Women,742,0.1765498652291105,0.24928242027902292,0.14033628459046238,0.7138341599930036,0.0,0.0
catboost,raw,2,500,4,False,9.03121280670166,Black,3107,0.24074670099774703,0.27455466644415694,0.1758507762060157,0.6546036002747471,0.022891055532005086,0.031219826198905697
catboost,raw,2,500,4,False,9.03121280670166,White,2353,0.24054398640034,0.26560524672411506,0.16816819276120235,0.7122365889492428,0.01566871852266368,0.024649383765405864
catboost,raw,2,500,4,False,9.03121280670166,Black men,2846,0.2501756851721715,0.27764918777465103,0.18070591995544671,0.6478766730200183,0.02530459231490159,0.03408292340126493
catboost,raw,2,500,4,False,9.03121280670166,White men,1872,0.2516025641025641,0.26861824248405264,0.17288971574779669,0.7110571611724109,0.01998572448251249,0.030982905982905984
catboost,raw,2,500,4,False,9.03121280670166,Black women,261,0.13793103448275862,0.24081134189784986,0.12290924704555316,0.7039506172839506,0.0,0.0
catboost,raw,2,500,4,False,9.03121280670166,White women,481,0.19750519750519752,0.2538789929557093,0.14979253573229462,0.7138532860649033,0.0,0.0
catboost,raw,2,500,5,False,6.7636401653289795,All,5460,0.24065934065934066,0.3051909527567953,0.18007744164949244,0.6448158207173333,0.000964785335262904,0.0014652014652014652
catboost,raw,2,500,5,False,6.7636401653289795,Men,4718,0.2507418397626113,0.3050003215139285,0.18422429452820427,0.6375041996410727,0.0011315417256011315,0.001483679525222552
catboost,raw,2,500,5,False,6.7636401653289795,Women,742,0.1765498652291105,0.3064030797161562,0.1537097167414568,0.7091990354943092,0.0,0.0013477088948787063
catboost,raw,2,500,5,False,6.7636401653289795,Black,3107,0.24074670099774703,0.3039608840027872,0.18124321192299514,0.6267831923705549,0.0,0.000643707756678468
catboost,raw,2,500,5,False,6.7636401653289795,White,2353,0.24054398640034,0.3068151871888834,0.17853810963088942,0.6691703528229993,0.002238388360380526,0.0025499362515937103
catboost,raw,2,500,5,False,6.7636401653289795,Black men,2846,0.2501756851721715,0.3045164720906645,0.18489316954028864,0.6239548561018502,0.0,0.0007027406886858749
catboost,raw,2,500,5,False,6.7636401653289795,White men,1872,0.2516025641025641,0.3057359173785701,0.18320740441902048,0.6586257010839998,0.0028551034975017845,0.002670940170940171
catboost,raw,2,500,5,False,6.7636401653289795,Black women,261,0.13793103448275862,0.2979026322859332,0.14144329093135796,0.6543209876543209,0.0,0.0
catboost,raw,2,500,5,False,6.7636401653289795,White women,481,0.19750519750519752,0.31101558861280526,0.16036571910410918,0.7274884101445324,0.0,0.002079002079002079
catboost,raw,2,500,5,False,7.126349925994873,All,5460,0.24065934065934066,0.3051909527567953,0.18007744164949244,0.6448158207173333,0.000964785335262904,0.0014652014652014652
catboost,raw,2,500,5,False,7.126349925994873,Men,4718,0.2507418397626113,0.3050003215139285,0.18422429452820427,0.6375041996410727,0.0011315417256011315,0.001483679525222552
catboost,raw,2,500,5,False,7.126349925994873,Women,742,0.1765498652291105,0.3064030797161562,0.1537097167414568,0.7091990354943092,0.0,0.0013477088948787063
catboost,raw,2,500,5,False,7.126349925994873,Black,3107,0.24074670099774703,0.3039608840027872,0.18124321192299514,0.6267831923705549,0.0,0.000643707756678468
catboost,raw,2,500,5,False,7.126349925994873,White,2353,0.24054398640034,0.3068151871888834,0.17853810963088942,0.6691703528229993,0.002238388360380526,0.0025499362515937103
catboost,raw,2,500,5,False,7.126349925994873,Black men,2846,0.2501756851721715,0.3045164720906645,0.18489316954028864,0.6239548561018502,0.0,0.0007027406886858749
catboost,raw,2,500,5,False,7.126349925994873,White men,1872,0.2516025641025641,0.3057359173785701,0.18320740441902048,0.6586257010839998,0.0028551034975017845,0.002670940170940171
catboost,raw,2,500,5,False,7.126349925994873,Black women,261,0.13793103448275862,0.2979026322859332,0.14144329093135796,0.6543209876543209,0.0,0.0
catboost,raw,2,500,5,False,7.126349925994873,White women,481,0.19750519750519752,0.31101558861280526,0.16036571910410918,0.7274884101445324,0.0,0.002079002079002079
catboost,raw,2,500,6,False,26.299387216567993,All,5460,0.24065934065934066,0.24314926514988175,0.17476861429636517,0.6731020565199738,0.0694645441389291,0.09047619047619047
catboost,raw,2,500,6,False,26.299387216567993,Men,4718,0.2507418397626113,0.2493873798608605,0.18134904450326417,0.6636229182633273,0.07609618104667609,0.09686307757524375
catboost,raw,2,500,6,False,26.299387216567993,Women,742,0.1765498652291105,0.2034842716102624,0.13292701090532838,0.7229669794230457,0.031096563011456628,0.04986522911051213
catboost,raw,2,500,6,False,26.299387216567993,Black,3107,0.24074670099774703,0.2482891591903742,0.1795494670945587,0.6505277319991929,0.07799915218312845,0.0965561635017702
catboost,raw,2,500,6,False,26.299387216567993,White,2353,0.24054398640034,0.23636233324006026,0.16845577551864002,0.70292809671736,0.058198097369893675,0.08244793880152997
catboost,raw,2,500,6,False,26.299387216567993,Black men,2846,0.2501756851721715,0.2531138423256495,0.18555996872315828,0.6422192064277665,0.08294283036551078,0.10189739985945186
catboost,raw,2,500,6,False,26.299387216567993,White men,1872,0.2516025641025641,0.24372204216065246,0.17494718001083973,0.6961193930328806,0.06566738044254104,0.08920940170940171
catboost,raw,2,500,6,False,26.299387216567993,Black women,261,0.13793103448275862,0.19567977910227702,0.11400966772676457,0.7323456790123457,0.03111111111111111,0.038314176245210725
catboost,raw,2,500,6,False,26.299387216567993,White women,481,0.19750519750519752,0.20771914176532308,0.14319193100845762,0.7190891737114807,0.031088082901554404,0.056133056133056136
catboost,raw,2,500,6,False,27.209311485290527,All,5460,0.24065934065934066,0.24314926514988175,0.17476861429636517,0.6731020565199738,0.0694645441389291,0.09047619047619047
catboost,raw,2,500,6,False,27.209311485290527,Men,4718,0.2507418397626113,0.2493873798608605,0.18134904450326417,0.6636229182633273,0.07609618104667609,0.09686307757524375
catboost,raw,2,500,6,False,27.209311485290527,Women,742,0.1765498652291105,0.2034842716102624,0.13292701090532838,0.7229669794230457,0.031096563011456628,0.04986522911051213
catboost,raw,2,500,6,False,27.209311485290527,Black,3107,0.24074670099774703,0.2482891591903742,0.1795494670945587,0.6505277319991929,0.07799915218312845,0.0965561635017702
catboost,raw,2,500,6,False,27.209311485290527,White,2353,0.24054398640034,0.23636233324006026,0.16845577551864002,0.70292809671736,0.058198097369893675,0.08244793880152997
catboost,raw,2,500,6,False,27.209311485290527,Black men,2846,0.2501756851721715,0.2531138423256495,0.18555996872315828,0.6422192064277665,0.08294283036551078,0.10189739985945186
catboost,raw,2,500,6,False,27.209311485290527,White men,1872,0.2516025641025641,0.24372204216065246,0.17494718001083973,0.6961193930328806,0.06566738044254104,0.08920940170940171
catboost,raw,2,500,6,False,27.209311485290527,Black women,261,0.13793103448275862,0.19567977910227702,0.11400966772676457,0.7323456790123457,0.03111111111111111,0.038314176245210725
catboost,raw,2,500,6,False,27.209311485290527,White women,481,0.19750519750519752,0.20771914176532308,0.14319193100845762,0.7190891737114807,0.031088082901554404,0.056133056133056136
catboost,raw,2,500,7,False,14.893067121505737,All,5460,0.24065934065934066,0.26229780486553345,0.17535456650190998,0.6491942500556184,0.007959479015918957,0.008791208791208791
catboost,raw,2,500,7,False,14.893067121505737,Men,4718,0.2507418397626113,0.2654858758401596,0.18097777232172604,0.6388853883576983,0.008203677510608205,0.008902077151335312
catboost,raw,2,500,7,False,14.893067121505737,Women,742,0.1765498652291105,0.2420264856495142,0.1395994653457211,0.7023525443210354,0.006546644844517185,0.008086253369272238
catboost,raw,2,500,7,False,14.893067121505737,Black,3107,0.24074670099774703,0.2625358540499136,0.1785036105017567,0.6209584184361633,0.009325985587113183,0.008690054715159318
catboost,raw,2,500,7,False,14.893067121505737,White,2353,0.24054398640034,0.2619834747270425,0.17119643657946043,0.6869153149661572,0.006155567991046447,0.008924776880577986
catboost,raw,2,500,7,False,14.893067121505737,Black men,2846,0.2501756851721715,0.26556731962315794,0.18393510861149137,0.6091925276160189,0.009840674789128397,0.009135628952916374
catboost,raw,2,500,7,False,14.893067121505737,White men,1872,0.2516025641025641,0.26536205692647724,0.17648173648803364,0.6846898863565758,0.005710206995003569,0.008547008547008548
catboost,raw,2,500,7,False,14.893067121505737,Black women,261,0.13793103448275862,0.2294801030098622,0.11927738973430535,0.7235802469135802,0.0044444444444444444,0.0038314176245210726
catboost,raw,2,500,7,False,14.893067121505737,White women,481,0.19750519750519752,0.248834398058972,0.15062662071906724,0.6879192800654486,0.007772020725388601,0.010395010395010396
catboost,raw,2,500,7,False,15.969376802444458,All,5460,0.24065934065934066,0.26229780486553345,0.17535456650190998,0.6491942500556184,0.007959479015918957,0.008791208791208791
catboost,raw,2,500,7,False,15.969376802444458,Men,4718,0.2507418397626113,0.2654858758401596,0.18097777232172604,0.6388853883576983,0.008203677510608205,0.008902077151335312
catboost,raw,2,500,7,False,15.969376802444458,Women,742,0.1765498652291105,0.2420264856495142,0.1395994653457211,0.7023525443210354,0.006546644844517185,0.008086253369272238
catboost,raw,2,500,7,False,15.969376802444458,Black,3107,0.24074670099774703,0.2625358540499136,0.1785036105017567,0.6209584184361633,0.009325985587113183,0.008690054715159318
catboost,raw,2,500,7,False,15.969376802444458,White,2353,0.24054398640034,0.2619834747270425,0.17119643657946043,0.6869153149661572,0.006155567991046447,0.008924776880577986
catboost,raw,2,500,7,False,15.969376802444458,Black men,2846,0.2501756851721715,0.26556731962315794,0.18393510861149137,0.6091925276160189,0.009840674789128397,0.009135628952916374
catboost,raw,2,500,7,False,15.969376802444458,White men,1872,0.2516025641025641,0.26536205692647724,0.17648173648803364,0.6846898863565758,0.005710206995003569,0.008547008547008548
catboost,raw,2,500,7,False,15.969376802444458,Black women,261,0.13793103448275862,0.2294801030098622,0.11927738973430535,0.7235802469135802,0.0044444444444444444,0.0038314176245210726
catboost,raw,2,500,7,False,15.969376802444458,White women,481,0.19750519750519752,0.248834398058972,0.15062662071906724,0.6879192800654486,0.007772020725388601,0.010395010395010396
catboost,raw,2,500,8,False,14.551491975784302,All,5460,0.24065934065934066,0.2065734612570932,0.176498245369413,0.6398400908689749,0.002894356005788712,0.004212454212454212
catboost,raw,2,500,8,False,14.551491975784302,Men,4718,0.2507418397626113,0.20546926022507317,0.18271082826985685,0.6349343182114371,0.0011315417256011315,0.002543450614667232
catboost,raw,2,500,8,False,14.551491975784302,Women,742,0.1765498652291105,0.2135945131022015,0.1369955956062136,0.6895840881548205,0.01309328968903437,0.014824797843665768
catboost,raw,2,500,8,False,14.551491975784302,Black,3107,0.24074670099774703,0.20112810573165718,0.18022510355819296,0.607145124032888,0.000423908435777872,0.0016092693916961698
catboost,raw,2,500,8,False,14.551491975784302,White,2353,0.24054398640034,0.2137637373376413,0.17157714533008478,0.6804661068059266,0.006155567991046447,0.00764980875478113
catboost,raw,2,500,8,False,14.551491975784302,Black men,2846,0.2501756851721715,0.2026936903842042,0.18600773426377876,0.6019061371270916,0.00046860356138706655,0.0014054813773717498
catboost,raw,2,500,8,False,14.551491975784302,White men,1872,0.2516025641025641,0.20968895668186435,0.17769854490516573,0.6811679858639037,0.0021413276231263384,0.004273504273504274
catboost,raw,2,500,8,False,14.551491975784302,Black women,261,0.13793103448275862,0.18405663476940082,0.11717005762678648,0.6453086419753086,0.0,0.0038314176245210726
catboost,raw,2,500,8,False,14.551491975784302,White women,481,0.19750519750519752,0.22962234313309754,0.14775331995679672,0.6979547313880556,0.02072538860103627,0.02079002079002079
catboost,raw,2,500,8,False,16.108757257461548,All,5460,0.24065934065934066,0.2065734612570932,0.176498245369413,0.6398400908689749,0.002894356005788712,0.004212454212454212
catboost,raw,2,500,8,False,16.108757257461548,Men,4718,0.2507418397626113,0.20546926022507317,0.18271082826985685,0.6349343182114371,0.0011315417256011315,0.002543450614667232
catboost,raw,2,500,8,False,16.108757257461548,Women,742,0.1765498652291105,0.2135945131022015,0.1369955956062136,0.6895840881548205,0.01309328968903437,0.014824797843665768
catboost,raw,2,500,8,False,16.108757257461548,Black,3107,0.24074670099774703,0.20112810573165718,0.18022510355819296,0.607145124032888,0.000423908435777872,0.0016092693916961698
catboost,raw,2,500,8,False,16.108757257461548,White,2353,0.24054398640034,0.2137637373376413,0.17157714533008478,0.6804661068059266,0.006155567991046447,0.00764980875478113
catboost,raw,2,500,8,False,16.108757257461548,Black men,2846,0.2501756851721715,0.2026936903842042,0.18600773426377876,0.6019061371270916,0.00046860356138706655,0.0014054813773717498
catboost,raw,2,500,8,False,16.108757257461548,White men,1872,0.2516025641025641,0.20968895668186435,0.17769854490516573,0.6811679858639037,0.0021413276231263384,0.004273504273504274
catboost,raw,2,500,8,False,16.108757257461548,Black women,261,0.13793103448275862,0.18405663476940082,0.11717005762678648,0.6453086419753086,0.0,0.0038314176245210726
catboost,raw,2,500,8,False,16.108757257461548,White women,481,0.19750519750519752,0.22962234313309754,0.14775331995679672,0.6979547313880556,0.02072538860103627,0.02079002079002079
catboost,raw,2,500,9,False,7.240468263626099,All,5460,0.24065934065934066,0.29451211552646833,0.18135768080273196,0.619886509231909,0.0,0.0
catboost,raw,2,500,9,False,7.240468263626099,Men,4718,0.2507418397626113,0.2959406158030504,0.18577568823910265,0.6152722264135603,0.0,0.0
catboost,raw,2,500,9,False,7.240468263626099,Women,742,0.1765498652291105,0.2854290099942388,0.15326582219788437,0.6241176397096488,0.0,0.0
catboost,raw,2,500,9,False,7.240468263626099,Black,3107,0.24074670099774703,0.2997948924315037,0.1823183412672569,0.6119084267103119,0.0,0.0
catboost,raw,2,500,9,False,7.240468263626099,White,2353,0.24054398640034,0.28753651508280287,0.18008918438824875,0.6351308330087142,0.0,0.0
catboost,raw,2,500,9,False,7.240468263626099,Black men,2846,0.2501756851721715,0.3012147002172465,0.1863410824046441,0.6081309299411349,0.0,0.0
catboost,raw,2,500,9,False,7.240468263626099,White men,1872,0.2516025641025641,0.28792242977591265,0.18491611997247284,0.632982810276554,0.0,0.0
catboost,raw,2,500,9,False,7.240468263626099,Black women,261,0.13793103448275862,0.2843130037026762,0.13845350878831458,0.5833333333333334,0.0,0.0
catboost,raw,2,500,9,False,7.240468263626099,White women,481,0.19750519750519752,0.28603457681772715,0.16130327292532246,0.6412053449686391,0.0,0.0
catboost,raw,2,500,9,False,8.859372615814209,All,5460,0.24065934065934066,0.29451211552646833,0.18135768080273196,0.619886509231909,0.0,0.0
catboost,raw,2,500,9,False,8.859372615814209,Men,4718,0.2507418397626113,0.2959406158030504,0.18577568823910265,0.6152722264135603,0.0,0.0
catboost,raw,2,500,9,False,8.859372615814209,Women,742,0.1765498652291105,0.2854290099942388,0.15326582219788437,0.6241176397096488,0.0,0.0
catboost,raw,2,500,9,False,8.859372615814209,Black,3107,0.24074670099774703,0.2997948924315037,0.1823183412672569,0.6119084267103119,0.0,0.0
catboost,raw,2,500,9,False,8.859372615814209,White,2353,0.24054398640034,0.28753651508280287,0.18008918438824875,0.6351308330087142,0.0,0.0
catboost,raw,2,500,9,False,8.859372615814209,Black men,2846,0.2501756851721715,0.3012147002172465,0.1863410824046441,0.6081309299411349,0.0,0.0
catboost,raw,2,500,9,False,8.859372615814209,White men,1872,0.2516025641025641,0.28792242977591265,0.18491611997247284,0.632982810276554,0.0,0.0
catboost,raw,2,500,9,False,8.859372615814209,Black women,261,0.13793103448275862,0.2843130037026762,0.13845350878831458,0.5833333333333334,0.0,0.0
catboost,raw,2,500,9,False,8.859372615814209,White women,481,0.19750519750519752,0.28603457681772715,0.16130327292532246,0.6412053449686391,0.0,0.0
catboost,raw,2,1000,0,False,43.377020835876465,All,5460,0.24065934065934066,0.25125030737715687,0.1692124744600302,0.6898901657242755,0.029184756391702846,0.041758241758241756
catboost,raw,2,1000,0,False,43.377020835876465,Men,4718,0.2507418397626113,0.2655743980275474,0.17535155862886392,0.6784446322907862,0.033946251768033946,0.0476896990250106
catboost,raw,2,1000,0,False,43.377020835876465,Women,742,0.1765498652291105,0.1601707121095796,0.13017716568838947,0.7380467510400919,0.0016366612111292963,0.004043126684636119
catboost,raw,2,1000,0,False,43.377020835876465,Black,3107,0.24074670099774703,0.25530460031430036,0.17273706239652797,0.6705744072649291,0.03221704111911827,0.04377212745413582
catboost,raw,2,1000,0,False,43.377020835876465,White,2353,0.24054398640034,0.24589684874744816,0.164558460554931,0.7153539204422993,0.02518186905428092,0.03909902252443689
catboost,raw,2,1000,0,False,43.377020835876465,Black men,2846,0.2501756851721715,0.26561577512073575,0.1790020558800085,0.656357607699841,0.03561387066541706,0.04778636683063949
catboost,raw,2,1000,0,False,43.377020835876465,White men,1872,0.2516025641025641,0.26551149246813815,0.16980171077803194,0.7121649534530234,0.03140613847251963,0.04754273504273504
catboost,raw,2,1000,0,False,43.377020835876465,Black women,261,0.13793103448275862,0.14286933786558334,0.10442222923949476,0.7745679012345679,0.0,0.0
catboost,raw,2,1000,0,False,43.377020835876465,White women,481,0.19750519750519752,0.16955877588854631,0.14415229752448414,0.7146986637578402,0.0025906735751295338,0.006237006237006237
catboost,raw,2,1000,0,False,44.98914885520935,All,5460,0.24065934065934066,0.25125030737715687,0.1692124744600302,0.6898901657242755,0.029184756391702846,0.041758241758241756
catboost,raw,2,1000,0,False,44.98914885520935,Men,4718,0.2507418397626113,0.2655743980275474,0.17535155862886392,0.6784446322907862,0.033946251768033946,0.0476896990250106
catboost,raw,2,1000,0,False,44.98914885520935,Women,742,0.1765498652291105,0.1601707121095796,0.13017716568838947,0.7380467510400919,0.0016366612111292963,0.004043126684636119
catboost,raw,2,1000,0,False,44.98914885520935,Black,3107,0.24074670099774703,0.25530460031430036,0.17273706239652797,0.6705744072649291,0.03221704111911827,0.04377212745413582
catboost,raw,2,1000,0,False,44.98914885520935,White,2353,0.24054398640034,0.24589684874744816,0.164558460554931,0.7153539204422993,0.02518186905428092,0.03909902252443689
catboost,raw,2,1000,0,False,44.98914885520935,Black men,2846,0.2501756851721715,0.26561577512073575,0.1790020558800085,0.656357607699841,0.03561387066541706,0.04778636683063949
catboost,raw,2,1000,0,False,44.98914885520935,White men,1872,0.2516025641025641,0.26551149246813815,0.16980171077803194,0.7121649534530234,0.03140613847251963,0.04754273504273504
catboost,raw,2,1000,0,False,44.98914885520935,Black women,261,0.13793103448275862,0.14286933786558334,0.10442222923949476,0.7745679012345679,0.0,0.0
catboost,raw,2,1000,0,False,44.98914885520935,White women,481,0.19750519750519752,0.16955877588854631,0.14415229752448414,0.7146986637578402,0.0025906735751295338,0.006237006237006237
catboost,raw,2,1000,1,False,16.12511920928955,All,5460,0.24065934065934066,0.2425893873685628,0.1723323887846557,0.6750989932898225,0.009165460684997588,0.014102564102564103
catboost,raw,2,1000,1,False,16.12511920928955,Men,4718,0.2507418397626113,0.2411503558831535,0.17779037957139748,0.6693193652175264,0.009335219236209336,0.012929207291225096
catboost,raw,2,1000,1,False,16.12511920928955,Women,742,0.1765498652291105,0.2517394554927692,0.13762780585763698,0.7432066066141103,0.008183306055646482,0.0215633423180593
catboost,raw,2,1000,1,False,16.12511920928955,Black,3107,0.24074670099774703,0.23942506175761644,0.17502325510316974,0.6461412997894058,0.001271725307333616,0.002574831026713872
catboost,raw,2,1000,1,False,16.12511920928955,White,2353,0.24054398640034,0.24676769577196714,0.16877925591103768,0.7110966323328476,0.019585898153329603,0.029324266893327667
catboost,raw,2,1000,1,False,16.12511920928955,Black men,2846,0.2501756851721715,0.23971269547455765,0.1799331149286593,0.6417736381538073,0.0014058106841611997,0.0028109627547434997
catboost,raw,2,1000,1,False,16.12511920928955,White men,1872,0.2516025641025641,0.24333602977357216,0.17453278083915016,0.7080186885012374,0.021413276231263382,0.028311965811965812
catboost,raw,2,1000,1,False,16.12511920928955,Black women,261,0.13793103448275862,0.23628864199357547,0.12148509010951766,0.7179012345679012,0.0,0.0
catboost,raw,2,1000,1,False,16.12511920928955,White women,481,0.19750519750519752,0.2601233688468015,0.14638715889351878,0.7500954458685574,0.012953367875647668,0.033264033264033266
catboost,raw,2,1000,1,False,15.390209436416626,All,5460,0.24065934065934066,0.2425893873685628,0.1723323887846557,0.6750989932898225,0.009165460684997588,0.014102564102564103
catboost,raw,2,1000,1,False,15.390209436416626,Men,4718,0.2507418397626113,0.2411503558831535,0.17779037957139748,0.6693193652175264,0.009335219236209336,0.012929207291225096
catboost,raw,2,1000,1,False,15.390209436416626,Women,742,0.1765498652291105,0.2517394554927692,0.13762780585763698,0.7432066066141103,0.008183306055646482,0.0215633423180593
catboost,raw,2,1000,1,False,15.390209436416626,Black,3107,0.24074670099774703,0.23942506175761644,0.17502325510316974,0.6461412997894058,0.001271725307333616,0.002574831026713872
catboost,raw,2,1000,1,False,15.390209436416626,White,2353,0.24054398640034,0.24676769577196714,0.16877925591103768,0.7110966323328476,0.019585898153329603,0.029324266893327667
catboost,raw,2,1000,1,False,15.390209436416626,Black men,2846,0.2501756851721715,0.23971269547455765,0.1799331149286593,0.6417736381538073,0.0014058106841611997,0.0028109627547434997
catboost,raw,2,1000,1,False,15.390209436416626,White men,1872,0.2516025641025641,0.24333602977357216,0.17453278083915016,0.7080186885012374,0.021413276231263382,0.028311965811965812
catboost,raw,2,1000,1,False,15.390209436416626,Black women,261,0.13793103448275862,0.23628864199357547,0.12148509010951766,0.7179012345679012,0.0,0.0
catboost,raw,2,1000,1,False,15.390209436416626,White women,481,0.19750519750519752,0.2601233688468015,0.14638715889351878,0.7500954458685574,0.012953367875647668,0.033264033264033266
catboost,raw,2,1000,2,False,35.02739596366882,All,5460,0.24065934065934066,0.2481845551597844,0.1705794585407037,0.685671616147599,0.0361794500723589,0.04963369963369963
catboost,raw,2,1000,2,False,35.02739596366882,Men,4718,0.2507418397626113,0.2542585689785395,0.17570540821603803,0.6812318787729515,0.04045261669024045,0.055320050869012295
catboost,raw,2,1000,2,False,35.02739596366882,Women,742,0.1765498652291105,0.2095629955952474,0.13798615588810617,0.6904961207381217,0.011456628477905073,0.013477088948787063
catboost,raw,2,1000,2,False,35.02739596366882,Black,3107,0.24074670099774703,0.2610501567730627,0.17391576877693637,0.6720450521724741,0.04832556167867741,0.059221113614419056
catboost,raw,2,1000,2,False,35.02739596366882,White,2353,0.24054398640034,0.2311962745765054,0.1661740544166175,0.7051734058898088,0.020145495243424735,0.0369740756481088
catboost,raw,2,1000,2,False,35.02739596366882,Black men,2846,0.2501756851721715,0.2661141951718136,0.17907111715800725,0.6656605730652991,0.05248359887535145,0.06394940267041462
catboost,raw,2,1000,2,False,35.02739596366882,White men,1872,0.2516025641025641,0.23623447060991876,0.17058852378823655,0.7064138293696798,0.02212705210563883,0.042200854700854704
catboost,raw,2,1000,2,False,35.02739596366882,Black women,261,0.13793103448275862,0.20583079553610864,0.11770074390135125,0.6925925925925925,0.008888888888888889,0.007662835249042145
catboost,raw,2,1000,2,False,35.02739596366882,White women,481,0.19750519750519752,0.2115881602843019,0.14899341686220813,0.6891737114807744,0.012953367875647668,0.016632016632016633
catboost,raw,2,1000,2,False,36.143165588378906,All,5460,0.24065934065934066,0.2481845551597844,0.1705794585407037,0.685671616147599,0.0361794500723589,0.04963369963369963
catboost,raw,2,1000,2,False,36.143165588378906,Men,4718,0.2507418397626113,0.2542585689785395,0.17570540821603803,0.6812318787729515,0.04045261669024045,0.055320050869012295
catboost,raw,2,1000,2,False,36.143165588378906,Women,742,0.1765498652291105,0.2095629955952474,0.13798615588810617,0.6904961207381217,0.011456628477905073,0.013477088948787063
catboost,raw,2,1000,2,False,36.143165588378906,Black,3107,0.24074670099774703,0.2610501567730627,0.17391576877693637,0.6720450521724741,0.04832556167867741,0.059221113614419056
catboost,raw,2,1000,2,False,36.143165588378906,White,2353,0.24054398640034,0.2311962745765054,0.1661740544166175,0.7051734058898088,0.020145495243424735,0.0369740756481088
catboost,raw,2,1000,2,False,36.143165588378906,Black men,2846,0.2501756851721715,0.2661141951718136,0.17907111715800725,0.6656605730652991,0.05248359887535145,0.06394940267041462
catboost,raw,2,1000,2,False,36.143165588378906,White men,1872,0.2516025641025641,0.23623447060991876,0.17058852378823655,0.7064138293696798,0.02212705210563883,0.042200854700854704
catboost,raw,2,1000,2,False,36.143165588378906,Black women,261,0.13793103448275862,0.20583079553610864,0.11770074390135125,0.6925925925925925,0.008888888888888889,0.007662835249042145
catboost,raw,2,1000,2,False,36.143165588378906,White women,481,0.19750519750519752,0.2115881602843019,0.14899341686220813,0.6891737114807744,0.012953367875647668,0.016632016632016633
catboost,raw,2,1000,3,False,9.714645624160767,All,5460,0.24065934065934066,0.2674135596105451,0.1747808539850949,0.6646120924167431,0.0,0.0
catboost,raw,2,1000,3,False,9.714645624160767,Men,4718,0.2507418397626113,0.27481098209510635,0.17997771245565222,0.659012818320837,0.0,0.0
catboost,raw,2,1000,3,False,9.714645624160767,Women,742,0.1765498652291105,0.2203771185294668,0.14173667842702303,0.6587124098899314,0.0,0.0
catboost,raw,2,1000,3,False,9.714645624160767,Black,3107,0.24074670099774703,0.2716513227195257,0.17615899532439297,0.6499802780567312,0.0,0.0
catboost,raw,2,1000,3,False,9.714645624160767,White,2353,0.24054398640034,0.2618178392622226,0.17296109829397768,0.6843921846235375,0.0,0.0
catboost,raw,2,1000,3,False,9.714645624160767,Black men,2846,0.2501756851721715,0.2771036274008444,0.1811391341770929,0.6419579204532291,0.0,0.0
catboost,raw,2,1000,3,False,9.714645624160767,White men,1872,0.2516025641025641,0.2713254753963188,0.17821200400521411,0.6850884491059616,0.0,0.0
catboost,raw,2,1000,3,False,9.714645624160767,Black women,261,0.13793103448275862,0.2121982226312773,0.1218544927390133,0.6360493827160494,0.0,0.0
catboost,raw,2,1000,3,False,9.714645624160767,White women,481,0.19750519750519752,0.2248151472808752,0.15252514093132769,0.6629670029997272,0.0,0.0
catboost,raw,2,1000,3,False,12.24184775352478,All,5460,0.24065934065934066,0.2674135596105451,0.1747808539850949,0.6646120924167431,0.0,0.0
catboost,raw,2,1000,3,False,12.24184775352478,Men,4718,0.2507418397626113,0.27481098209510635,0.17997771245565222,0.659012818320837,0.0,0.0
catboost,raw,2,1000,3,False,12.24184775352478,Women,742,0.1765498652291105,0.2203771185294668,0.14173667842702303,0.6587124098899314,0.0,0.0
catboost,raw,2,1000,3,False,12.24184775352478,Black,3107,0.24074670099774703,0.2716513227195257,0.17615899532439297,0.6499802780567312,0.0,0.0
catboost,raw,2,1000,3,False,12.24184775352478,White,2353,0.24054398640034,0.2618178392622226,0.17296109829397768,0.6843921846235375,0.0,0.0
catboost,raw,2,1000,3,False,12.24184775352478,Black men,2846,0.2501756851721715,0.2771036274008444,0.1811391341770929,0.6419579204532291,0.0,0.0
catboost,raw,2,1000,3,False,12.24184775352478,White men,1872,0.2516025641025641,0.2713254753963188,0.17821200400521411,0.6850884491059616,0.0,0.0
catboost,raw,2,1000,3,False,12.24184775352478,Black women,261,0.13793103448275862,0.2121982226312773,0.1218544927390133,0.6360493827160494,0.0,0.0
catboost,raw,2,1000,3,False,12.24184775352478,White women,481,0.19750519750519752,0.2248151472808752,0.15252514093132769,0.6629670029997272,0.0,0.0
catboost,raw,2,1000,4,False,32.52436971664429,All,5460,0.24065934065934066,0.26674824285962084,0.1675990131795984,0.7028490536806855,0.04703328509406657,0.06996336996336996
catboost,raw,2,1000,4,False,32.52436971664429,Men,4718,0.2507418397626113,0.27037437536636877,0.17308351917741305,0.6959015090012806,0.053182461103253184,0.07630351844001695
catboost,raw,2,1000,4,False,32.52436971664429,Women,742,0.1765498652291105,0.24369151352426152,0.1327258335331164,0.7449682037955548,0.011456628477905073,0.029649595687331536
catboost,raw,2,1000,4,False,32.52436971664429,Black,3107,0.24074670099774703,0.2741337083213236,0.17238915521219877,0.6793285698417484,0.05807545570156846,0.07692307692307693
catboost,raw,2,1000,4,False,32.52436971664429,White,2353,0.24054398640034,0.25699616415604637,0.1612739085067173,0.733666389175059,0.032456631225517625,0.06077348066298342
catboost,raw,2,1000,4,False,32.52436971664429,Black men,2846,0.2501756851721715,0.27782636148489276,0.17743035310796307,0.6723105314701515,0.06232427366447985,0.08116654954321856
catboost,raw,2,1000,4,False,32.52436971664429,White men,1872,0.2516025641025641,0.2590451272395955,0.16647503126804056,0.731517220790124,0.039257673090649536,0.06891025641025642
catboost,raw,2,1000,4,False,32.52436971664429,Black women,261,0.13793103448275862,0.23386822593236675,0.11741885172045409,0.7471604938271605,0.017777777777777778,0.03065134099616858
catboost,raw,2,1000,4,False,32.52436971664429,White women,481,0.19750519750519752,0.2490218213443957,0.1410317010031889,0.7428415598581947,0.007772020725388601,0.029106029106029108
catboost,raw,2,1000,4,False,33.64276194572449,All,5460,0.24065934065934066,0.26674824285962084,0.1675990131795984,0.7028490536806855,0.04703328509406657,0.06996336996336996
catboost,raw,2,1000,4,False,33.64276194572449,Men,4718,0.2507418397626113,0.27037437536636877,0.17308351917741305,0.6959015090012806,0.053182461103253184,0.07630351844001695
catboost,raw,2,1000,4,False,33.64276194572449,Women,742,0.1765498652291105,0.24369151352426152,0.1327258335331164,0.7449682037955548,0.011456628477905073,0.029649595687331536
catboost,raw,2,1000,4,False,33.64276194572449,Black,3107,0.24074670099774703,0.2741337083213236,0.17238915521219877,0.6793285698417484,0.05807545570156846,0.07692307692307693
catboost,raw,2,1000,4,False,33.64276194572449,White,2353,0.24054398640034,0.25699616415604637,0.1612739085067173,0.733666389175059,0.032456631225517625,0.06077348066298342
catboost,raw,2,1000,4,False,33.64276194572449,Black men,2846,0.2501756851721715,0.27782636148489276,0.17743035310796307,0.6723105314701515,0.06232427366447985,0.08116654954321856
catboost,raw,2,1000,4,False,33.64276194572449,White men,1872,0.2516025641025641,0.2590451272395955,0.16647503126804056,0.731517220790124,0.039257673090649536,0.06891025641025642
catboost,raw,2,1000,4,False,33.64276194572449,Black women,261,0.13793103448275862,0.23386822593236675,0.11741885172045409,0.7471604938271605,0.017777777777777778,0.03065134099616858
catboost,raw,2,1000,4,False,33.64276194572449,White women,481,0.19750519750519752,0.2490218213443957,0.1410317010031889,0.7428415598581947,0.007772020725388601,0.029106029106029108
catboost,raw,2,1000,5,False,28.081812620162964,All,5460,0.24065934065934066,0.2614094247407795,0.16958925217616902,0.6863283897262844,0.010371442354076218,0.014835164835164835
catboost,raw,2,1000,5,False,28.081812620162964,Men,4718,0.2507418397626113,0.26154911169428696,0.17482633333154296,0.6782047894440452,0.010183875530410185,0.01420093259855871
catboost,raw,2,1000,5,False,28.081812620162964,Women,742,0.1765498652291105,0.26052122656470367,0.13628932105615008,0.7554003573168752,0.011456628477905073,0.018867924528301886
catboost,raw,2,1000,5,False,28.081812620162964,Black,3107,0.24074670099774703,0.2558940011115083,0.17218188045704796,0.6659952894025158,0.0072064434082238235,0.00965561635017702
catboost,raw,2,1000,5,False,28.081812620162964,White,2353,0.24054398640034,0.2686922216877176,0.16616583693235654,0.7130225954627156,0.014549524342473419,0.021674458138546536
catboost,raw,2,1000,5,False,28.081812620162964,Black men,2846,0.2501756851721715,0.2576589967227539,0.1771218768638427,0.6590520781778166,0.007497656982193065,0.010189739985945186
catboost,raw,2,1000,5,False,28.081812620162964,White men,1872,0.2516025641025641,0.26746325016062406,0.17133642046139064,0.7064956635463598,0.014275517487508922,0.0202991452991453
catboost,raw,2,1000,5,False,28.081812620162964,Black women,261,0.13793103448275862,0.23664811027011018,0.11831509971475744,0.7516049382716048,0.0044444444444444444,0.0038314176245210726
catboost,raw,2,1000,5,False,28.081812620162964,White women,481,0.19750519750519752,0.2734752460093791,0.14604248481935894,0.750477229342787,0.015544041450777202,0.02702702702702703
catboost,raw,2,1000,5,False,28.814624786376953,All,5460,0.24065934065934066,0.2614094247407795,0.16958925217616902,0.6863283897262844,0.010371442354076218,0.014835164835164835
catboost,raw,2,1000,5,False,28.814624786376953,Men,4718,0.2507418397626113,0.26154911169428696,0.17482633333154296,0.6782047894440452,0.010183875530410185,0.01420093259855871
catboost,raw,2,1000,5,False,28.814624786376953,Women,742,0.1765498652291105,0.26052122656470367,0.13628932105615008,0.7554003573168752,0.011456628477905073,0.018867924528301886
catboost,raw,2,1000,5,False,28.814624786376953,Black,3107,0.24074670099774703,0.2558940011115083,0.17218188045704796,0.6659952894025158,0.0072064434082238235,0.00965561635017702
catboost,raw,2,1000,5,False,28.814624786376953,White,2353,0.24054398640034,0.2686922216877176,0.16616583693235654,0.7130225954627156,0.014549524342473419,0.021674458138546536
catboost,raw,2,1000,5,False,28.814624786376953,Black men,2846,0.2501756851721715,0.2576589967227539,0.1771218768638427,0.6590520781778166,0.007497656982193065,0.010189739985945186
catboost,raw,2,1000,5,False,28.814624786376953,White men,1872,0.2516025641025641,0.26746325016062406,0.17133642046139064,0.7064956635463598,0.014275517487508922,0.0202991452991453
catboost,raw,2,1000,5,False,28.814624786376953,Black women,261,0.13793103448275862,0.23664811027011018,0.11831509971475744,0.7516049382716048,0.0044444444444444444,0.0038314176245210726
catboost,raw,2,1000,5,False,28.814624786376953,White women,481,0.19750519750519752,0.2734752460093791,0.14604248481935894,0.750477229342787,0.015544041450777202,0.02702702702702703
catboost,raw,2,1000,6,False,18.964184999465942,All,5460,0.24065934065934066,0.2604388313406343,0.16824468770217937,0.6969454338266661,0.028219971056439943,0.040293040293040296
catboost,raw,2,1000,6,False,18.964184999465942,Men,4718,0.2507418397626113,0.2667107659407786,0.17409317314784079,0.6862432312546555,0.03281471004243282,0.046206019499788045
catboost,raw,2,1000,6,False,18.964184999465942,Women,742,0.1765498652291105,0.22055879435481077,0.13105714817033237,0.7563748578853338,0.0016366612111292963,0.0026954177897574125
catboost,raw,2,1000,6,False,18.964184999465942,Black,3107,0.24074670099774703,0.26574573389438,0.1728768461347129,0.6722519058877935,0.03730394234845273,0.0482780817508851
catboost,raw,2,1000,6,False,18.964184999465942,White,2353,0.24054398640034,0.253431374377401,0.16212819120839203,0.7300843745859872,0.016228315612758813,0.029749256268593285
catboost,raw,2,1000,6,False,18.964184999465942,Black men,2846,0.2501756851721715,0.2711536439274177,0.17829820160706533,0.6627857691943178,0.041237113402061855,0.05270555165144062
catboost,raw,2,1000,6,False,18.964184999465942,White men,1872,0.2516025641025641,0.25995626233502295,0.16770027197532308,0.7221184140536558,0.01998572448251249,0.03632478632478633
catboost,raw,2,1000,6,False,18.964184999465942,Black women,261,0.13793103448275862,0.20677672257627583,0.11376122286147503,0.7534567901234568,0.0,0.0
catboost,raw,2,1000,6,False,18.964184999465942,White women,481,0.19750519750519752,0.2280372158396291,0.1404422552506063,0.7566403054267794,0.0025906735751295338,0.004158004158004158
catboost,raw,2,1000,6,False,19.401222705841064,All,5460,0.24065934065934066,0.2604388313406343,0.16824468770217937,0.6969454338266661,0.028219971056439943,0.040293040293040296
catboost,raw,2,1000,6,False,19.401222705841064,Men,4718,0.2507418397626113,0.2667107659407786,0.17409317314784079,0.6862432312546555,0.03281471004243282,0.046206019499788045
catboost,raw,2,1000,6,False,19.401222705841064,Women,742,0.1765498652291105,0.22055879435481077,0.13105714817033237,0.7563748578853338,0.0016366612111292963,0.0026954177897574125
catboost,raw,2,1000,6,False,19.401222705841064,Black,3107,0.24074670099774703,0.26574573389438,0.1728768461347129,0.6722519058877935,0.03730394234845273,0.0482780817508851
catboost,raw,2,1000,6,False,19.401222705841064,White,2353,0.24054398640034,0.253431374377401,0.16212819120839203,0.7300843745859872,0.016228315612758813,0.029749256268593285
catboost,raw,2,1000,6,False,19.401222705841064,Black men,2846,0.2501756851721715,0.2711536439274177,0.17829820160706533,0.6627857691943178,0.041237113402061855,0.05270555165144062
catboost,raw,2,1000,6,False,19.401222705841064,White men,1872,0.2516025641025641,0.25995626233502295,0.16770027197532308,0.7221184140536558,0.01998572448251249,0.03632478632478633
catboost,raw,2,1000,6,False,19.401222705841064,Black women,261,0.13793103448275862,0.20677672257627583,0.11376122286147503,0.7534567901234568,0.0,0.0
catboost,raw,2,1000,6,False,19.401222705841064,White women,481,0.19750519750519752,0.2280372158396291,0.1404422552506063,0.7566403054267794,0.0025906735751295338,0.004158004158004158
catboost,raw,2,1000,7,False,37.408745527267456,All,5460,0.24065934065934066,0.24102249302147816,0.16812220167018335,0.700329524854236,0.021466473709599615,0.027106227106227107
catboost,raw,2,1000,7,False,37.408745527267456,Men,4718,0.2507418397626113,0.24721068508896,0.17383422087832845,0.6909367859862909,0.023762376237623763,0.029885544722339976
catboost,raw,2,1000,7,False,37.408745527267456,Women,742,0.1765498652291105,0.20167493213956517,0.13180238142216655,0.7441436263914744,0.008183306055646482,0.009433962264150943
catboost,raw,2,1000,7,False,37.408745527267456,Black,3107,0.24074670099774703,0.24685480440936455,0.17249484006903493,0.6775734302353259,0.02628232301822806,0.028644995172191826
catboost,raw,2,1000,7,False,37.408745527267456,White,2353,0.24054398640034,0.23332126417228008,0.1623483863258434,0.7291223817084915,0.01510912143256855,0.025074373140671482
catboost,raw,2,1000,7,False,37.408745527267456,Black men,2846,0.2501756851721715,0.2522574377580957,0.1785455895421264,0.6637453534534503,0.028116213683223992,0.03056921995783556
catboost,raw,2,1000,7,False,37.408745527267456,White men,1872,0.2516025641025641,0.2395381113195368,0.16667153112556715,0.7304215520912419,0.017130620985010708,0.028846153846153848
catboost,raw,2,1000,7,False,37.408745527267456,Black women,261,0.13793103448275862,0.18794333118910034,0.10651616956934784,0.8007407407407406,0.008888888888888889,0.007662835249042145
catboost,raw,2,1000,7,False,37.408745527267456,White women,481,0.19750519750519752,0.20912596716674042,0.14552317413232388,0.7156803926915735,0.007772020725388601,0.010395010395010396
catboost,raw,2,1000,7,False,38.2242693901062,All,5460,0.24065934065934066,0.24102249302147816,0.16812220167018335,0.700329524854236,0.021466473709599615,0.027106227106227107
catboost,raw,2,1000,7,False,38.2242693901062,Men,4718,0.2507418397626113,0.24721068508896,0.17383422087832845,0.6909367859862909,0.023762376237623763,0.029885544722339976
catboost,raw,2,1000,7,False,38.2242693901062,Women,742,0.1765498652291105,0.20167493213956517,0.13180238142216655,0.7441436263914744,0.008183306055646482,0.009433962264150943
catboost,raw,2,1000,7,False,38.2242693901062,Black,3107,0.24074670099774703,0.24685480440936455,0.17249484006903493,0.6775734302353259,0.02628232301822806,0.028644995172191826
catboost,raw,2,1000,7,False,38.2242693901062,White,2353,0.24054398640034,0.23332126417228008,0.1623483863258434,0.7291223817084915,0.01510912143256855,0.025074373140671482
catboost,raw,2,1000,7,False,38.2242693901062,Black men,2846,0.2501756851721715,0.2522574377580957,0.1785455895421264,0.6637453534534503,0.028116213683223992,0.03056921995783556
catboost,raw,2,1000,7,False,38.2242693901062,White men,1872,0.2516025641025641,0.2395381113195368,0.16667153112556715,0.7304215520912419,0.017130620985010708,0.028846153846153848
catboost,raw,2,1000,7,False,38.2242693901062,Black women,261,0.13793103448275862,0.18794333118910034,0.10651616956934784,0.8007407407407406,0.008888888888888889,0.007662835249042145
catboost,raw,2,1000,7,False,38.2242693901062,White women,481,0.19750519750519752,0.20912596716674042,0.14552317413232388,0.7156803926915735,0.007772020725388601,0.010395010395010396
catboost,raw,2,1000,8,False,49.11943197250366,All,5460,0.24065934065934066,0.20424485765320108,0.1724629976053898,0.6812309603578958,0.01881331403762663,0.028388278388278388
catboost,raw,2,1000,8,False,49.11943197250366,Men,4718,0.2507418397626113,0.20463842897004567,0.1789538886028822,0.6738283150860672,0.01867043847241867,0.028189910979228485
catboost,raw,2,1000,8,False,49.11943197250366,Women,742,0.1765498652291105,0.2017423381479818,0.13119072843265522,0.7419197661198637,0.019639934533551555,0.029649595687331536
catboost,raw,2,1000,8,False,49.11943197250366,Black,3107,0.24074670099774703,0.20129308552446945,0.1769868319534658,0.6539093652027846,0.013988978380669776,0.01931123270035404
catboost,raw,2,1000,8,False,49.11943197250366,White,2353,0.24054398640034,0.2081425015137914,0.16648953678113484,0.7156149339260185,0.02518186905428092,0.04037399065023375
catboost,raw,2,1000,8,False,49.11943197250366,Black men,2846,0.2501756851721715,0.2038565382345206,0.18330854869647964,0.644153512420627,0.01499531396438613,0.02073085031623331
catboost,raw,2,1000,8,False,49.11943197250366,White men,1872,0.2516025641025641,0.20582713678698172,0.1723335025845177,0.716247569600725,0.02426837972876517,0.03952991452991453
catboost,raw,2,1000,8,False,49.11943197250366,Black women,261,0.13793103448275862,0.17334064716123013,0.10805347620397343,0.7638271604938272,0.0044444444444444444,0.0038314176245210726
catboost,raw,2,1000,8,False,49.11943197250366,White women,481,0.19750519750519752,0.21715365072083453,0.14374545365445554,0.7245432233433324,0.02849740932642487,0.04365904365904366
catboost,raw,2,1000,8,False,50.898526668548584,All,5460,0.24065934065934066,0.20424485765320108,0.1724629976053898,0.6812309603578958,0.01881331403762663,0.028388278388278388
catboost,raw,2,1000,8,False,50.898526668548584,Men,4718,0.2507418397626113,0.20463842897004567,0.1789538886028822,0.6738283150860672,0.01867043847241867,0.028189910979228485
catboost,raw,2,1000,8,False,50.898526668548584,Women,742,0.1765498652291105,0.2017423381479818,0.13119072843265522,0.7419197661198637,0.019639934533551555,0.029649595687331536
catboost,raw,2,1000,8,False,50.898526668548584,Black,3107,0.24074670099774703,0.20129308552446945,0.1769868319534658,0.6539093652027846,0.013988978380669776,0.01931123270035404
catboost,raw,2,1000,8,False,50.898526668548584,White,2353,0.24054398640034,0.2081425015137914,0.16648953678113484,0.7156149339260185,0.02518186905428092,0.04037399065023375
catboost,raw,2,1000,8,False,50.898526668548584,Black men,2846,0.2501756851721715,0.2038565382345206,0.18330854869647964,0.644153512420627,0.01499531396438613,0.02073085031623331
catboost,raw,2,1000,8,False,50.898526668548584,White men,1872,0.2516025641025641,0.20582713678698172,0.1723335025845177,0.716247569600725,0.02426837972876517,0.03952991452991453
catboost,raw,2,1000,8,False,50.898526668548584,Black women,261,0.13793103448275862,0.17334064716123013,0.10805347620397343,0.7638271604938272,0.0044444444444444444,0.0038314176245210726
catboost,raw,2,1000,8,False,50.898526668548584,White women,481,0.19750519750519752,0.21715365072083453,0.14374545365445554,0.7245432233433324,0.02849740932642487,0.04365904365904366
catboost,raw,2,1000,9,False,11.8898024559021,All,5460,0.24065934065934066,0.2600517078929517,0.17197265233866785,0.6890784684730327,0.0,0.0005494505494505495
catboost,raw,2,1000,9,False,11.8898024559021,Men,4718,0.2507418397626113,0.2605697990793443,0.1765886427268054,0.6861478201919938,0.0,0.000423908435777872
catboost,raw,2,1000,9,False,11.8898024559021,Women,742,0.1765498652291105,0.2567574299719268,0.1426219210027743,0.7122724603640633,0.0,0.0013477088948787063
catboost,raw,2,1000,9,False,11.8898024559021,Black,3107,0.24074670099774703,0.2626398991554382,0.173717987393214,0.6710425200563095,0.0,0.000643707756678468
catboost,raw,2,1000,9,False,11.8898024559021,White,2353,0.24054398640034,0.25663415147453034,0.16966803864785826,0.7125687879285219,0.0,0.00042498937526561835
catboost,raw,2,1000,9,False,11.8898024559021,Black men,2846,0.2501756851721715,0.2638018273139474,0.17808997244545838,0.6678581394859051,0.0,0.0007027406886858749
catboost,raw,2,1000,9,False,11.8898024559021,White men,1872,0.2516025641025641,0.25565614931669456,0.17430617243872507,0.7134439913255772,0.0,0.0
catboost,raw,2,1000,9,False,11.8898024559021,Black women,261,0.13793103448275862,0.24996998521245983,0.12604492433310852,0.6954320987654321,0.0,0.0
catboost,raw,2,1000,9,False,11.8898024559021,White women,481,0.19750519750519752,0.2604404301428642,0.151616923353674,0.718271066266703,0.0,0.002079002079002079
catboost,raw,2,1000,9,False,12.315314531326294,All,5460,0.24065934065934066,0.2600517078929517,0.17197265233866785,0.6890784684730327,0.0,0.0005494505494505495
catboost,raw,2,1000,9,False,12.315314531326294,Men,4718,0.2507418397626113,0.2605697990793443,0.1765886427268054,0.6861478201919938,0.0,0.000423908435777872
catboost,raw,2,1000,9,False,12.315314531326294,Women,742,0.1765498652291105,0.2567574299719268,0.1426219210027743,0.7122724603640633,0.0,0.0013477088948787063
catboost,raw,2,1000,9,False,12.315314531326294,Black,3107,0.24074670099774703,0.2626398991554382,0.173717987393214,0.6710425200563095,0.0,0.000643707756678468
catboost,raw,2,1000,9,False,12.315314531326294,White,2353,0.24054398640034,0.25663415147453034,0.16966803864785826,0.7125687879285219,0.0,0.00042498937526561835
catboost,raw,2,1000,9,False,12.315314531326294,Black men,2846,0.2501756851721715,0.2638018273139474,0.17808997244545838,0.6678581394859051,0.0,0.0007027406886858749
catboost,raw,2,1000,9,False,12.315314531326294,White men,1872,0.2516025641025641,0.25565614931669456,0.17430617243872507,0.7134439913255772,0.0,0.0
catboost,raw,2,1000,9,False,12.315314531326294,Black women,261,0.13793103448275862,0.24996998521245983,0.12604492433310852,0.6954320987654321,0.0,0.0
catboost,raw,2,1000,9,False,12.315314531326294,White women,481,0.19750519750519752,0.2604404301428642,0.151616923353674,0.718271066266703,0.0,0.002079002079002079
catboost,raw,2,2000,0,False,42.315622091293335,All,5460,0.24065934065934066,0.27899399999293234,0.16697755489192956,0.7104002978058843,0.048962855764592375,0.06593406593406594
catboost,raw,2,2000,0,False,42.315622091293335,Men,4718,0.2507418397626113,0.29158349991548105,0.17300930782060917,0.700201463208753,0.056011315417256013,0.07376006782534972
catboost,raw,2,2000,0,False,42.315622091293335,Women,742,0.1765498652291105,0.19894378350427325,0.1286247107982501,0.7495783411001862,0.008183306055646482,0.016172506738544475
catboost,raw,2,2000,0,False,42.315622091293335,Black,3107,0.24074670099774703,0.2829412973389619,0.17194868726084053,0.6845911550484776,0.05383637134378974,0.0653363373028645
catboost,raw,2,2000,0,False,42.315622091293335,White,2353,0.24054398640034,0.27378182283436286,0.16041346297938971,0.7435067952487637,0.042529378847229994,0.06672333191670209
catboost,raw,2,2000,0,False,42.315622091293335,Black men,2846,0.2501756851721715,0.29328950627981715,0.17759431971152093,0.6744725577330117,0.05951265229615745,0.0713281799016163
catboost,raw,2,2000,0,False,42.315622091293335,White men,1872,0.2516025641025641,0.28898985989790604,0.16603871816166954,0.7380215223884667,0.05067808708065667,0.07745726495726496
catboost,raw,2,2000,0,False,42.315622091293335,Black women,261,0.13793103448275862,0.17010220674250937,0.11038749969518379,0.7260493827160494,0.0,0.0
catboost,raw,2,2000,0,False,42.315622091293335,White women,481,0.19750519750519752,0.21459378669516804,0.13852057794565198,0.7541587128442869,0.012953367875647668,0.02494802494802495
catboost,raw,2,2000,0,False,43.3763108253479,All,5460,0.24065934065934066,0.27899399999293234,0.16697755489192956,0.7104002978058843,0.048962855764592375,0.06593406593406594
catboost,raw,2,2000,0,False,43.3763108253479,Men,4718,0.2507418397626113,0.29158349991548105,0.17300930782060917,0.700201463208753,0.056011315417256013,0.07376006782534972
catboost,raw,2,2000,0,False,43.3763108253479,Women,742,0.1765498652291105,0.19894378350427325,0.1286247107982501,0.7495783411001862,0.008183306055646482,0.016172506738544475
catboost,raw,2,2000,0,False,43.3763108253479,Black,3107,0.24074670099774703,0.2829412973389619,0.17194868726084053,0.6845911550484776,0.05383637134378974,0.0653363373028645
catboost,raw,2,2000,0,False,43.3763108253479,White,2353,0.24054398640034,0.27378182283436286,0.16041346297938971,0.7435067952487637,0.042529378847229994,0.06672333191670209
catboost,raw,2,2000,0,False,43.3763108253479,Black men,2846,0.2501756851721715,0.29328950627981715,0.17759431971152093,0.6744725577330117,0.05951265229615745,0.0713281799016163
catboost,raw,2,2000,0,False,43.3763108253479,White men,1872,0.2516025641025641,0.28898985989790604,0.16603871816166954,0.7380215223884667,0.05067808708065667,0.07745726495726496
catboost,raw,2,2000,0,False,43.3763108253479,Black women,261,0.13793103448275862,0.17010220674250937,0.11038749969518379,0.7260493827160494,0.0,0.0
catboost,raw,2,2000,0,False,43.3763108253479,White women,481,0.19750519750519752,0.21459378669516804,0.13852057794565198,0.7541587128442869,0.012953367875647668,0.02494802494802495
catboost,raw,2,2000,1,False,38.55443263053894,All,5460,0.24065934065934066,0.225941687765319,0.16599611290760968,0.7149545765260533,0.010130246020260492,0.015201465201465201
catboost,raw,2,2000,1,False,38.55443263053894,Men,4718,0.2507418397626113,0.2312738154490392,0.17182425520981337,0.704580089695964,0.010466760961810467,0.016108520559559136
catboost,raw,2,2000,1,False,38.55443263053894,Women,742,0.1765498652291105,0.19203740419147586,0.12893792506152202,0.7647705550905161,0.008183306055646482,0.009433962264150943
catboost,raw,2,2000,1,False,38.55443263053894,Black,3107,0.24074670099774703,0.22806105982824684,0.16836411095276704,0.6931770010405025,0.005510809665112336,0.009977470228516253
catboost,raw,2,2000,1,False,38.55443263053894,White,2353,0.24054398640034,0.22314317990322097,0.1628693088590317,0.7430559537768848,0.016228315612758813,0.022099447513812154
catboost,raw,2,2000,1,False,38.55443263053894,Black men,2846,0.2501756851721715,0.23242892939611864,0.17376438435168082,0.6840545791518803,0.005623242736644799,0.010541110330288124
catboost,raw,2,2000,1,False,38.55443263053894,White men,1872,0.2516025641025641,0.2295176967025711,0.16887467853366234,0.7348557521091243,0.017844396859386154,0.024572649572649572
catboost,raw,2,2000,1,False,38.55443263053894,Black women,261,0.13793103448275862,0.18043287289275578,0.10947837113166133,0.7595061728395062,0.0044444444444444444,0.0038314176245210726
catboost,raw,2,2000,1,False,38.55443263053894,White women,481,0.19750519750519752,0.19833424965710159,0.13949705931452336,0.7654213253340606,0.010362694300518135,0.012474012474012475
catboost,raw,2,2000,1,False,39.59885215759277,All,5460,0.24065934065934066,0.225941687765319,0.16599611290760968,0.7149545765260533,0.010130246020260492,0.015201465201465201
catboost,raw,2,2000,1,False,39.59885215759277,Men,4718,0.2507418397626113,0.2312738154490392,0.17182425520981337,0.704580089695964,0.010466760961810467,0.016108520559559136
catboost,raw,2,2000,1,False,39.59885215759277,Women,742,0.1765498652291105,0.19203740419147586,0.12893792506152202,0.7647705550905161,0.008183306055646482,0.009433962264150943
catboost,raw,2,2000,1,False,39.59885215759277,Black,3107,0.24074670099774703,0.22806105982824684,0.16836411095276704,0.6931770010405025,0.005510809665112336,0.009977470228516253
catboost,raw,2,2000,1,False,39.59885215759277,White,2353,0.24054398640034,0.22314317990322097,0.1628693088590317,0.7430559537768848,0.016228315612758813,0.022099447513812154
catboost,raw,2,2000,1,False,39.59885215759277,Black men,2846,0.2501756851721715,0.23242892939611864,0.17376438435168082,0.6840545791518803,0.005623242736644799,0.010541110330288124
catboost,raw,2,2000,1,False,39.59885215759277,White men,1872,0.2516025641025641,0.2295176967025711,0.16887467853366234,0.7348557521091243,0.017844396859386154,0.024572649572649572
catboost,raw,2,2000,1,False,39.59885215759277,Black women,261,0.13793103448275862,0.18043287289275578,0.10947837113166133,0.7595061728395062,0.0044444444444444444,0.0038314176245210726
catboost,raw,2,2000,1,False,39.59885215759277,White women,481,0.19750519750519752,0.19833424965710159,0.13949705931452336,0.7654213253340606,0.010362694300518135,0.012474012474012475
catboost,raw,2,2000,2,False,47.736443519592285,All,5460,0.24065934065934066,0.24713804936023767,0.16466250457137888,0.7136535113707367,0.02653159671972986,0.04120879120879121
catboost,raw,2,2000,2,False,47.736443519592285,Men,4718,0.2507418397626113,0.24948002153678722,0.16978356379164494,0.7078233484500485,0.028288543140028287,0.04323866044934294
catboost,raw,2,2000,2,False,47.736443519592285,Women,742,0.1765498652291105,0.23224664136972445,0.13210029783119648,0.7491285716070514,0.016366612111292964,0.02830188679245283
catboost,raw,2,2000,2,False,47.736443519592285,Black,3107,0.24074670099774703,0.24859859842719867,0.16908020048577485,0.6916043460815673,0.03052140737600678,0.03958802703572578
catboost,raw,2,2000,2,False,47.736443519592285,White,2353,0.24054398640034,0.2452094790453002,0.1588291933915963,0.7420059677173777,0.021264689423614997,0.04334891627709307
catboost,raw,2,2000,2,False,47.736443519592285,Black men,2846,0.2501756851721715,0.25219687964138326,0.17433022054558725,0.6835122626707244,0.03280224929709466,0.0421644413211525
catboost,raw,2,2000,2,False,47.736443519592285,White men,1872,0.2516025641025641,0.24534958448247082,0.16287128541465787,0.7434574333468209,0.021413276231263382,0.04487179487179487
catboost,raw,2,2000,2,False,47.736443519592285,Black women,261,0.13793103448275862,0.20936216802271856,0.11183285531249518,0.7654320987654322,0.008888888888888889,0.011494252873563218
catboost,raw,2,2000,2,False,47.736443519592285,White women,481,0.19750519750519752,0.24466420383036588,0.143097808220762,0.7353967821107172,0.02072538860103627,0.037422037422037424
catboost,raw,2,2000,2,False,48.95418620109558,All,5460,0.24065934065934066,0.24713804936023767,0.16466250457137888,0.7136535113707367,0.02653159671972986,0.04120879120879121
catboost,raw,2,2000,2,False,48.95418620109558,Men,4718,0.2507418397626113,0.24948002153678722,0.16978356379164494,0.7078233484500485,0.028288543140028287,0.04323866044934294
catboost,raw,2,2000,2,False,48.95418620109558,Women,742,0.1765498652291105,0.23224664136972445,0.13210029783119648,0.7491285716070514,0.016366612111292964,0.02830188679245283
catboost,raw,2,2000,2,False,48.95418620109558,Black,3107,0.24074670099774703,0.24859859842719867,0.16908020048577485,0.6916043460815673,0.03052140737600678,0.03958802703572578
catboost,raw,2,2000,2,False,48.95418620109558,White,2353,0.24054398640034,0.2452094790453002,0.1588291933915963,0.7420059677173777,0.021264689423614997,0.04334891627709307
catboost,raw,2,2000,2,False,48.95418620109558,Black men,2846,0.2501756851721715,0.25219687964138326,0.17433022054558725,0.6835122626707244,0.03280224929709466,0.0421644413211525
catboost,raw,2,2000,2,False,48.95418620109558,White men,1872,0.2516025641025641,0.24534958448247082,0.16287128541465787,0.7434574333468209,0.021413276231263382,0.04487179487179487
catboost,raw,2,2000,2,False,48.95418620109558,Black women,261,0.13793103448275862,0.20936216802271856,0.11183285531249518,0.7654320987654322,0.008888888888888889,0.011494252873563218
catboost,raw,2,2000,2,False,48.95418620109558,White women,481,0.19750519750519752,0.24466420383036588,0.143097808220762,0.7353967821107172,0.02072538860103627,0.037422037422037424
catboost,raw,2,2000,3,False,70.30636715888977,All,5460,0.24065934065934066,0.24481017065886998,0.167457798506099,0.700366236624984,0.031596719729860105,0.04322344322344322
catboost,raw,2,2000,3,False,70.30636715888977,Men,4718,0.2507418397626113,0.25354095484486733,0.17288623702555972,0.6928581591403918,0.03592644978783593,0.04853751589656634
catboost,raw,2,2000,3,False,70.30636715888977,Women,742,0.1765498652291105,0.1892955617780945,0.13294112339179195,0.7252658012768456,0.006546644844517185,0.009433962264150943
catboost,raw,2,2000,3,False,70.30636715888977,Black,3107,0.24074670099774703,0.2529824070297017,0.17195369300216712,0.6774821879115822,0.03984739296311997,0.04956549726424203
catboost,raw,2,2000,3,False,70.30636715888977,White,2353,0.24054398640034,0.23401920661119707,0.16152123063560017,0.7302821120736532,0.020705092333519866,0.03484912877178071
catboost,raw,2,2000,3,False,70.30636715888977,Black men,2846,0.2501756851721715,0.2597125683258038,0.1772352298554539,0.6689322420311069,0.04358013120899719,0.05375966268446943
catboost,raw,2,2000,3,False,70.30636715888977,White men,1872,0.2516025641025641,0.2441582561446828,0.16627446694335948,0.7284181302102986,0.02426837972876517,0.0405982905982906
catboost,raw,2,2000,3,False,70.30636715888977,Black women,261,0.13793103448275862,0.1795952842377226,0.11436268195061866,0.7196296296296296,0.0044444444444444444,0.0038314176245210726
catboost,raw,2,2000,3,False,70.30636715888977,White women,481,0.19750519750519752,0.19455912194033378,0.14302214878918532,0.725224979547314,0.007772020725388601,0.012474012474012475
catboost,raw,2,2000,3,False,71.97710847854614,All,5460,0.24065934065934066,0.24481017065886998,0.167457798506099,0.700366236624984,0.031596719729860105,0.04322344322344322
catboost,raw,2,2000,3,False,71.97710847854614,Men,4718,0.2507418397626113,0.25354095484486733,0.17288623702555972,0.6928581591403918,0.03592644978783593,0.04853751589656634
catboost,raw,2,2000,3,False,71.97710847854614,Women,742,0.1765498652291105,0.1892955617780945,0.13294112339179195,0.7252658012768456,0.006546644844517185,0.009433962264150943
catboost,raw,2,2000,3,False,71.97710847854614,Black,3107,0.24074670099774703,0.2529824070297017,0.17195369300216712,0.6774821879115822,0.03984739296311997,0.04956549726424203
catboost,raw,2,2000,3,False,71.97710847854614,White,2353,0.24054398640034,0.23401920661119707,0.16152123063560017,0.7302821120736532,0.020705092333519866,0.03484912877178071
catboost,raw,2,2000,3,False,71.97710847854614,Black men,2846,0.2501756851721715,0.2597125683258038,0.1772352298554539,0.6689322420311069,0.04358013120899719,0.05375966268446943
catboost,raw,2,2000,3,False,71.97710847854614,White men,1872,0.2516025641025641,0.2441582561446828,0.16627446694335948,0.7284181302102986,0.02426837972876517,0.0405982905982906
catboost,raw,2,2000,3,False,71.97710847854614,Black women,261,0.13793103448275862,0.1795952842377226,0.11436268195061866,0.7196296296296296,0.0044444444444444444,0.0038314176245210726
catboost,raw,2,2000,3,False,71.97710847854614,White women,481,0.19750519750519752,0.19455912194033378,0.14302214878918532,0.725224979547314,0.007772020725388601,0.012474012474012475
catboost,raw,2,2000,4,False,59.612804651260376,All,5460,0.24065934065934066,0.25627422351752566,0.16553374215788033,0.7137351950606514,0.049927641099855286,0.07326007326007326
catboost,raw,2,2000,4,False,59.612804651260376,Men,4718,0.2507418397626113,0.26103079833896686,0.17082734757439924,0.7066650246717704,0.053465346534653464,0.0777871979652395
catboost,raw,2,2000,4,False,59.612804651260376,Women,742,0.1765498652291105,0.22602958738873935,0.13187440205661854,0.7485163853525068,0.029459901800327332,0.0444743935309973
catboost,raw,2,2000,4,False,59.612804651260376,Black,3107,0.24074670099774703,0.26029891950102685,0.16947917114321018,0.6946079753725067,0.052988554472233995,0.07306083038300612
catboost,raw,2,2000,4,False,59.612804651260376,White,2353,0.24054398640034,0.2509598459481512,0.16032403206122928,0.7382934463864463,0.04588696138780078,0.07352316192095197
catboost,raw,2,2000,4,False,59.612804651260376,Black men,2846,0.2501756851721715,0.2658207987354506,0.17459559977252445,0.6872538515000578,0.05576382380506092,0.07659873506676036
catboost,raw,2,2000,4,False,59.612804651260376,White men,1872,0.2516025641025641,0.2537485648302101,0.16509847697831787,0.7354498076139123,0.049964311206281226,0.07959401709401709
catboost,raw,2,2000,4,False,59.612804651260376,Black women,261,0.13793103448275862,0.2000871635578471,0.11368853559137733,0.7429629629629629,0.02666666666666667,0.034482758620689655
catboost,raw,2,2000,4,False,59.612804651260376,White women,481,0.19750519750519752,0.24010645354230042,0.1417424086001278,0.744341423506954,0.031088082901554404,0.0498960498960499
catboost,raw,2,2000,4,False,61.32505464553833,All,5460,0.24065934065934066,0.25627422351752566,0.16553374215788033,0.7137351950606514,0.049927641099855286,0.07326007326007326
catboost,raw,2,2000,4,False,61.32505464553833,Men,4718,0.2507418397626113,0.26103079833896686,0.17082734757439924,0.7066650246717704,0.053465346534653464,0.0777871979652395
catboost,raw,2,2000,4,False,61.32505464553833,Women,742,0.1765498652291105,0.22602958738873935,0.13187440205661854,0.7485163853525068,0.029459901800327332,0.0444743935309973
catboost,raw,2,2000,4,False,61.32505464553833,Black,3107,0.24074670099774703,0.26029891950102685,0.16947917114321018,0.6946079753725067,0.052988554472233995,0.07306083038300612
catboost,raw,2,2000,4,False,61.32505464553833,White,2353,0.24054398640034,0.2509598459481512,0.16032403206122928,0.7382934463864463,0.04588696138780078,0.07352316192095197
catboost,raw,2,2000,4,False,61.32505464553833,Black men,2846,0.2501756851721715,0.2658207987354506,0.17459559977252445,0.6872538515000578,0.05576382380506092,0.07659873506676036
catboost,raw,2,2000,4,False,61.32505464553833,White men,1872,0.2516025641025641,0.2537485648302101,0.16509847697831787,0.7354498076139123,0.049964311206281226,0.07959401709401709
catboost,raw,2,2000,4,False,61.32505464553833,Black women,261,0.13793103448275862,0.2000871635578471,0.11368853559137733,0.7429629629629629,0.02666666666666667,0.034482758620689655
catboost,raw,2,2000,4,False,61.32505464553833,White women,481,0.19750519750519752,0.24010645354230042,0.1417424086001278,0.744341423506954,0.031088082901554404,0.0498960498960499
catboost,raw,2,2000,5,False,25.486531496047974,All,5460,0.24065934065934066,0.24668270471750461,0.16719363237820176,0.7011421398997475,0.009165460684997588,0.015018315018315019
catboost,raw,2,2000,5,False,25.486531496047974,Men,4718,0.2507418397626113,0.24998862779210676,0.1727495643689735,0.6925530350402508,0.009900990099009901,0.015684612123781264
catboost,raw,2,2000,5,False,25.486531496047974,Women,742,0.1765498652291105,0.22566202403560026,0.1318662912293322,0.7526642595669719,0.004909983633387889,0.01078167115902965
catboost,raw,2,2000,5,False,25.486531496047974,Black,3107,0.24074670099774703,0.25056922849444985,0.17019870579912388,0.6802965318849417,0.011445527766002543,0.017380109430318636
catboost,raw,2,2000,5,False,25.486531496047974,White,2353,0.24054398640034,0.24155077553137244,0.1632256072533377,0.7288336849764989,0.006155567991046447,0.011899702507437314
catboost,raw,2,2000,5,False,25.486531496047974,Black men,2846,0.2501756851721715,0.2545715538116452,0.17547074496634535,0.6711903583500942,0.01218369259606373,0.018622628250175684
catboost,raw,2,2000,5,False,25.486531496047974,White men,1872,0.2516025641025641,0.2430212092816332,0.16861255583258447,0.7254584608203725,0.006423982869379015,0.011217948717948718
catboost,raw,2,2000,5,False,25.486531496047974,Black women,261,0.13793103448275862,0.2069270144992849,0.1127112595542491,0.7659259259259258,0.0044444444444444444,0.0038314176245210726
catboost,raw,2,2000,5,False,25.486531496047974,White women,481,0.19750519750519752,0.23582800634116846,0.14226018575572863,0.7419143714207799,0.0051813471502590676,0.014553014553014554
catboost,raw,2,2000,5,False,26.170072317123413,All,5460,0.24065934065934066,0.24668270471750461,0.16719363237820176,0.7011421398997475,0.009165460684997588,0.015018315018315019
catboost,raw,2,2000,5,False,26.170072317123413,Men,4718,0.2507418397626113,0.24998862779210676,0.1727495643689735,0.6925530350402508,0.009900990099009901,0.015684612123781264
catboost,raw,2,2000,5,False,26.170072317123413,Women,742,0.1765498652291105,0.22566202403560026,0.1318662912293322,0.7526642595669719,0.004909983633387889,0.01078167115902965
catboost,raw,2,2000,5,False,26.170072317123413,Black,3107,0.24074670099774703,0.25056922849444985,0.17019870579912388,0.6802965318849417,0.011445527766002543,0.017380109430318636
catboost,raw,2,2000,5,False,26.170072317123413,White,2353,0.24054398640034,0.24155077553137244,0.1632256072533377,0.7288336849764989,0.006155567991046447,0.011899702507437314
catboost,raw,2,2000,5,False,26.170072317123413,Black men,2846,0.2501756851721715,0.2545715538116452,0.17547074496634535,0.6711903583500942,0.01218369259606373,0.018622628250175684
catboost,raw,2,2000,5,False,26.170072317123413,White men,1872,0.2516025641025641,0.2430212092816332,0.16861255583258447,0.7254584608203725,0.006423982869379015,0.011217948717948718
catboost,raw,2,2000,5,False,26.170072317123413,Black women,261,0.13793103448275862,0.2069270144992849,0.1127112595542491,0.7659259259259258,0.0044444444444444444,0.0038314176245210726
catboost,raw,2,2000,5,False,26.170072317123413,White women,481,0.19750519750519752,0.23582800634116846,0.14226018575572863,0.7419143714207799,0.0051813471502590676,0.014553014553014554
catboost,raw,2,2000,6,False,61.58205437660217,All,5460,0.24065934065934066,0.24558684841393225,0.1636791797985784,0.723002163791768,0.04438012542209358,0.06263736263736264
catboost,raw,2,2000,6,False,61.58205437660217,Men,4718,0.2507418397626113,0.25482119966643896,0.16973756392669365,0.7122691691944223,0.05148514851485148,0.07079270877490462
catboost,raw,2,2000,6,False,61.58205437660217,Women,742,0.1765498652291105,0.18687031309138968,0.1251570014745249,0.7766394722704614,0.0032733224222585926,0.01078167115902965
catboost,raw,2,2000,6,False,61.58205437660217,Black,3107,0.24074670099774703,0.2558250230412152,0.16707177078734856,0.7086626935640724,0.06019499788045782,0.07885420019311233
catboost,raw,2,2000,6,False,61.58205437660217,White,2353,0.24054398640034,0.23206793274586254,0.15919946020567188,0.7431528451458413,0.023503077783995522,0.04122396940076498
catboost,raw,2,2000,6,False,61.58205437660217,Black men,2846,0.2501756851721715,0.2635881169813462,0.1727841796265697,0.6978869401767004,0.06560449859418932,0.08503162333099086
catboost,raw,2,2000,6,False,61.58205437660217,White men,1872,0.2516025641025641,0.24149286276567714,0.16510579668211703,0.7353907051529769,0.029978586723768737,0.049145299145299144
catboost,raw,2,2000,6,False,61.58205437660217,Black women,261,0.13793103448275862,0.1711745810733495,0.10478243915354249,0.792962962962963,0.008888888888888889,0.011494252873563218
catboost,raw,2,2000,6,False,61.58205437660217,White women,481,0.19750519750519752,0.1953871240200975,0.13621263716220972,0.7632942459776383,0.0,0.010395010395010396
catboost,raw,2,2000,6,False,63.7544424533844,All,5460,0.24065934065934066,0.24558684841393225,0.1636791797985784,0.723002163791768,0.04438012542209358,0.06263736263736264
catboost,raw,2,2000,6,False,63.7544424533844,Men,4718,0.2507418397626113,0.25482119966643896,0.16973756392669365,0.7122691691944223,0.05148514851485148,0.07079270877490462
catboost,raw,2,2000,6,False,63.7544424533844,Women,742,0.1765498652291105,0.18687031309138968,0.1251570014745249,0.7766394722704614,0.0032733224222585926,0.01078167115902965
catboost,raw,2,2000,6,False,63.7544424533844,Black,3107,0.24074670099774703,0.2558250230412152,0.16707177078734856,0.7086626935640724,0.06019499788045782,0.07885420019311233
catboost,raw,2,2000,6,False,63.7544424533844,White,2353,0.24054398640034,0.23206793274586254,0.15919946020567188,0.7431528451458413,0.023503077783995522,0.04122396940076498
catboost,raw,2,2000,6,False,63.7544424533844,Black men,2846,0.2501756851721715,0.2635881169813462,0.1727841796265697,0.6978869401767004,0.06560449859418932,0.08503162333099086
catboost,raw,2,2000,6,False,63.7544424533844,White men,1872,0.2516025641025641,0.24149286276567714,0.16510579668211703,0.7353907051529769,0.029978586723768737,0.049145299145299144
catboost,raw,2,2000,6,False,63.7544424533844,Black women,261,0.13793103448275862,0.1711745810733495,0.10478243915354249,0.792962962962963,0.008888888888888889,0.011494252873563218
catboost,raw,2,2000,6,False,63.7544424533844,White women,481,0.19750519750519752,0.1953871240200975,0.13621263716220972,0.7632942459776383,0.0,0.010395010395010396
catboost,raw,2,2000,7,False,56.31053829193115,All,5460,0.24065934065934066,0.25226934626475306,0.1637320842629299,0.7207662333943483,0.029908345393150026,0.04523809523809524
catboost,raw,2,2000,7,False,56.31053829193115,Men,4718,0.2507418397626113,0.26096826427608,0.1691648054032797,0.7123789277853035,0.03338048090523338,0.04959728698601102
catboost,raw,2,2000,7,False,56.31053829193115,Women,742,0.1765498652291105,0.19695735815499515,0.12918817814410197,0.7468047625591884,0.009819967266775777,0.01752021563342318
catboost,raw,2,2000,7,False,56.31053829193115,Black,3107,0.24074670099774703,0.2621237421977261,0.1680947246148287,0.6969904767949802,0.03857566765578635,0.053427743804312845
catboost,raw,2,2000,7,False,56.31053829193115,White,2353,0.24054398640034,0.2392571880991146,0.15797147075959395,0.753501436562848,0.01846670397313934,0.034424139396515084
catboost,raw,2,2000,7,False,56.31053829193115,Black men,2846,0.2501756851721715,0.2692964280812663,0.17323630933439485,0.6885945052283521,0.04170571696344892,0.05727336612789881
catboost,raw,2,2000,7,False,56.31053829193115,White men,1872,0.2516025641025641,0.24830696396114385,0.16297490145672325,0.7499662812883123,0.02069950035688794,0.037927350427350424
catboost,raw,2,2000,7,False,56.31053829193115,Black women,261,0.13793103448275862,0.1839112363565175,0.11202978165741367,0.7235802469135802,0.008888888888888889,0.011494252873563218
catboost,raw,2,2000,7,False,56.31053829193115,White women,481,0.19750519750519752,0.20403643879824396,0.13849865939779352,0.7533406053995092,0.010362694300518135,0.02079002079002079
catboost,raw,2,2000,7,False,57.42005634307861,All,5460,0.24065934065934066,0.25226934626475306,0.1637320842629299,0.7207662333943483,0.029908345393150026,0.04523809523809524
catboost,raw,2,2000,7,False,57.42005634307861,Men,4718,0.2507418397626113,0.26096826427608,0.1691648054032797,0.7123789277853035,0.03338048090523338,0.04959728698601102
catboost,raw,2,2000,7,False,57.42005634307861,Women,742,0.1765498652291105,0.19695735815499515,0.12918817814410197,0.7468047625591884,0.009819967266775777,0.01752021563342318
catboost,raw,2,2000,7,False,57.42005634307861,Black,3107,0.24074670099774703,0.2621237421977261,0.1680947246148287,0.6969904767949802,0.03857566765578635,0.053427743804312845
catboost,raw,2,2000,7,False,57.42005634307861,White,2353,0.24054398640034,0.2392571880991146,0.15797147075959395,0.753501436562848,0.01846670397313934,0.034424139396515084
catboost,raw,2,2000,7,False,57.42005634307861,Black men,2846,0.2501756851721715,0.2692964280812663,0.17323630933439485,0.6885945052283521,0.04170571696344892,0.05727336612789881
catboost,raw,2,2000,7,False,57.42005634307861,White men,1872,0.2516025641025641,0.24830696396114385,0.16297490145672325,0.7499662812883123,0.02069950035688794,0.037927350427350424
catboost,raw,2,2000,7,False,57.42005634307861,Black women,261,0.13793103448275862,0.1839112363565175,0.11202978165741367,0.7235802469135802,0.008888888888888889,0.011494252873563218
catboost,raw,2,2000,7,False,57.42005634307861,White women,481,0.19750519750519752,0.20403643879824396,0.13849865939779352,0.7533406053995092,0.010362694300518135,0.02079002079002079
catboost,raw,2,2000,8,False,45.90284729003906,All,5460,0.24065934065934066,0.23929959757192001,0.16435966736682936,0.7181483170222935,0.025084418716835505,0.038461538461538464
catboost,raw,2,2000,8,False,45.90284729003906,Men,4718,0.2507418397626113,0.24069992398148443,0.16992397115515945,0.7123294288129453,0.028005657708628007,0.04048325561678678
catboost,raw,2,2000,8,False,45.90284729003906,Women,742,0.1765498652291105,0.23039563530733098,0.12897909422216447,0.7616346622356043,0.008183306055646482,0.025606469002695417
catboost,raw,2,2000,8,False,45.90284729003906,Black,3107,0.24074670099774703,0.24143060669077696,0.16884208443949922,0.6941211607383714,0.027130139889783807,0.035725780495654974
catboost,raw,2,2000,8,False,45.90284729003906,White,2353,0.24054398640034,0.23648572365254533,0.15844089565208846,0.7487181667362046,0.02238388360380526,0.04207394815129622
catboost,raw,2,2000,8,False,45.90284729003906,Black men,2846,0.2501756851721715,0.243987118821041,0.17416895723376927,0.6868372418731507,0.029053420805998126,0.03759662684469431
catboost,raw,2,2000,8,False,45.90284729003906,White men,1872,0.2516025641025641,0.23570240447647486,0.16347032244804213,0.7493055460840072,0.026409707351891507,0.04487179487179487
catboost,raw,2,2000,8,False,45.90284729003906,Black women,261,0.13793103448275862,0.21355384989870266,0.11075672056021736,0.7709876543209876,0.008888888888888889,0.01532567049808429
catboost,raw,2,2000,8,False,45.90284729003906,White women,481,0.19750519750519752,0.23953431720265744,0.13886691028405262,0.7535314971366238,0.007772020725388601,0.031185031185031187
catboost,raw,2,2000,8,False,48.66623377799988,All,5460,0.24065934065934066,0.23929959757192001,0.16435966736682936,0.7181483170222935,0.025084418716835505,0.038461538461538464
catboost,raw,2,2000,8,False,48.66623377799988,Men,4718,0.2507418397626113,0.24069992398148443,0.16992397115515945,0.7123294288129453,0.028005657708628007,0.04048325561678678
catboost,raw,2,2000,8,False,48.66623377799988,Women,742,0.1765498652291105,0.23039563530733098,0.12897909422216447,0.7616346622356043,0.008183306055646482,0.025606469002695417
catboost,raw,2,2000,8,False,48.66623377799988,Black,3107,0.24074670099774703,0.24143060669077696,0.16884208443949922,0.6941211607383714,0.027130139889783807,0.035725780495654974
catboost,raw,2,2000,8,False,48.66623377799988,White,2353,0.24054398640034,0.23648572365254533,0.15844089565208846,0.7487181667362046,0.02238388360380526,0.04207394815129622
catboost,raw,2,2000,8,False,48.66623377799988,Black men,2846,0.2501756851721715,0.243987118821041,0.17416895723376927,0.6868372418731507,0.029053420805998126,0.03759662684469431
catboost,raw,2,2000,8,False,48.66623377799988,White men,1872,0.2516025641025641,0.23570240447647486,0.16347032244804213,0.7493055460840072,0.026409707351891507,0.04487179487179487
catboost,raw,2,2000,8,False,48.66623377799988,Black women,261,0.13793103448275862,0.21355384989870266,0.11075672056021736,0.7709876543209876,0.008888888888888889,0.01532567049808429
catboost,raw,2,2000,8,False,48.66623377799988,White women,481,0.19750519750519752,0.23953431720265744,0.13886691028405262,0.7535314971366238,0.007772020725388601,0.031185031185031187
catboost,raw,2,2000,9,False,49.406872034072876,All,5460,0.24065934065934066,0.25565131668954316,0.16628927979691516,0.709028929609585,0.04076218041485769,0.05622710622710623
catboost,raw,2,2000,9,False,49.406872034072876,Men,4718,0.2507418397626113,0.26112899410084667,0.17151081896879639,0.7025501535783334,0.044695898161244696,0.06104281475201356
catboost,raw,2,2000,9,False,49.406872034072876,Women,742,0.1765498652291105,0.2208215565459719,0.13308817223231195,0.7356604740070715,0.01800327332242226,0.025606469002695417
catboost,raw,2,2000,9,False,49.406872034072876,Black,3107,0.24074670099774703,0.2672398589825296,0.17010762279730013,0.6915080032552542,0.05426027977956761,0.06855487608625684
catboost,raw,2,2000,9,False,49.406872034072876,White,2353,0.24054398640034,0.24034931885515776,0.1612473793709924,0.7337069253600306,0.02294348069390039,0.03994900127496812
catboost,raw,2,2000,9,False,49.406872034072876,Black men,2846,0.2501756851721715,0.27258719986434166,0.17516705326874837,0.6841796278550593,0.05857544517338332,0.07308503162333099
catboost,raw,2,2000,9,False,49.406872034072876,White men,1872,0.2516025641025641,0.24370909367194352,0.16595224908756592,0.7323325316614916,0.023554603854389723,0.042735042735042736
catboost,raw,2,2000,9,False,49.406872034072876,Black women,261,0.13793103448275862,0.2089313066850698,0.11493850738832836,0.7360493827160494,0.013333333333333334,0.019157088122605363
catboost,raw,2,2000,9,False,49.406872034072876,White women,481,0.19750519750519752,0.22727343848712667,0.14293653506865228,0.7323425143168804,0.02072538860103627,0.029106029106029108
catboost,raw,2,2000,9,False,50.7396125793457,All,5460,0.24065934065934066,0.25565131668954316,0.16628927979691516,0.709028929609585,0.04076218041485769,0.05622710622710623
catboost,raw,2,2000,9,False,50.7396125793457,Men,4718,0.2507418397626113,0.26112899410084667,0.17151081896879639,0.7025501535783334,0.044695898161244696,0.06104281475201356
catboost,raw,2,2000,9,False,50.7396125793457,Women,742,0.1765498652291105,0.2208215565459719,0.13308817223231195,0.7356604740070715,0.01800327332242226,0.025606469002695417
catboost,raw,2,2000,9,False,50.7396125793457,Black,3107,0.24074670099774703,0.2672398589825296,0.17010762279730013,0.6915080032552542,0.05426027977956761,0.06855487608625684
catboost,raw,2,2000,9,False,50.7396125793457,White,2353,0.24054398640034,0.24034931885515776,0.1612473793709924,0.7337069253600306,0.02294348069390039,0.03994900127496812
catboost,raw,2,2000,9,False,50.7396125793457,Black men,2846,0.2501756851721715,0.27258719986434166,0.17516705326874837,0.6841796278550593,0.05857544517338332,0.07308503162333099
catboost,raw,2,2000,9,False,50.7396125793457,White men,1872,0.2516025641025641,0.24370909367194352,0.16595224908756592,0.7323325316614916,0.023554603854389723,0.042735042735042736
catboost,raw,2,2000,9,False,50.7396125793457,Black women,261,0.13793103448275862,0.2089313066850698,0.11493850738832836,0.7360493827160494,0.013333333333333334,0.019157088122605363
catboost,raw,2,2000,9,False,50.7396125793457,White women,481,0.19750519750519752,0.22727343848712667,0.14293653506865228,0.7323425143168804,0.02072538860103627,0.029106029106029108
catboost,raw,2,4000,0,False,74.32819557189941,All,5460,0.24065934065934066,0.2545788842472694,0.16141231084152435,0.7320218787468951,0.03569705740472745,0.05512820512820513
catboost,raw,2,4000,0,False,74.32819557189941,Men,4718,0.2507418397626113,0.26154378788997923,0.16728777650226775,0.7212454610996663,0.03818953323903819,0.057227638830012716
catboost,raw,2,4000,0,False,74.32819557189941,Women,742,0.1765498652291105,0.21029261014173703,0.12405321786660893,0.7813370647543134,0.02127659574468085,0.04177897574123989
catboost,raw,2,4000,0,False,74.32819557189941,Black,3107,0.24074670099774703,0.2582071896196005,0.1658882442266613,0.7082563535260341,0.035184400169563375,0.05053105889925973
catboost,raw,2,4000,0,False,74.32819557189941,White,2353,0.24054398640034,0.24978791748490956,0.15550210046004523,0.761417856881561,0.03637381085618355,0.06119847003824904
catboost,raw,2,4000,0,False,74.32819557189941,Black men,2846,0.2501756851721715,0.26469975651947647,0.17133250544890222,0.6980212029948507,0.038425492033739454,0.05375966268446943
catboost,raw,2,4000,0,False,74.32819557189941,White men,1872,0.2516025641025641,0.25674577147996364,0.16113857854173266,0.7548035903987295,0.03783012134189864,0.0625
catboost,raw,2,4000,0,False,74.32819557189941,Black women,261,0.13793103448275862,0.18741084710217817,0.10652285174199576,0.7892592592592592,0.0044444444444444444,0.01532567049808429
catboost,raw,2,4000,0,False,74.32819557189941,White women,481,0.19750519750519752,0.22270870193659126,0.13356553711509964,0.7746386692118898,0.031088082901554404,0.056133056133056136
catboost,raw,2,4000,0,False,75.6153302192688,All,5460,0.24065934065934066,0.2545788842472694,0.16141231084152435,0.7320218787468951,0.03569705740472745,0.05512820512820513
catboost,raw,2,4000,0,False,75.6153302192688,Men,4718,0.2507418397626113,0.26154378788997923,0.16728777650226775,0.7212454610996663,0.03818953323903819,0.057227638830012716
catboost,raw,2,4000,0,False,75.6153302192688,Women,742,0.1765498652291105,0.21029261014173703,0.12405321786660893,0.7813370647543134,0.02127659574468085,0.04177897574123989
catboost,raw,2,4000,0,False,75.6153302192688,Black,3107,0.24074670099774703,0.2582071896196005,0.1658882442266613,0.7082563535260341,0.035184400169563375,0.05053105889925973
catboost,raw,2,4000,0,False,75.6153302192688,White,2353,0.24054398640034,0.24978791748490956,0.15550210046004523,0.761417856881561,0.03637381085618355,0.06119847003824904
catboost,raw,2,4000,0,False,75.6153302192688,Black men,2846,0.2501756851721715,0.26469975651947647,0.17133250544890222,0.6980212029948507,0.038425492033739454,0.05375966268446943
catboost,raw,2,4000,0,False,75.6153302192688,White men,1872,0.2516025641025641,0.25674577147996364,0.16113857854173266,0.7548035903987295,0.03783012134189864,0.0625
catboost,raw,2,4000,0,False,75.6153302192688,Black women,261,0.13793103448275862,0.18741084710217817,0.10652285174199576,0.7892592592592592,0.0044444444444444444,0.01532567049808429
catboost,raw,2,4000,0,False,75.6153302192688,White women,481,0.19750519750519752,0.22270870193659126,0.13356553711509964,0.7746386692118898,0.031088082901554404,0.056133056133056136
catboost,raw,2,4000,1,False,57.64274978637695,All,5460,0.24065934065934066,0.23950702200412988,0.16341237692923102,0.7228202569677106,0.024360829715388325,0.037545787545787544
catboost,raw,2,4000,1,False,57.64274978637695,Men,4718,0.2507418397626113,0.24486425919749463,0.16859963393206662,0.716452669297844,0.028005657708628007,0.0423908435777872
catboost,raw,2,4000,1,False,57.64274978637695,Women,742,0.1765498652291105,0.20544307985009355,0.13042925221308788,0.7492784947714296,0.0032733224222585926,0.006738544474393531
catboost,raw,2,4000,1,False,57.64274978637695,Black,3107,0.24074670099774703,0.24575942135984638,0.16658436317417388,0.7037985142802738,0.028825773632895294,0.040875442549082715
catboost,raw,2,4000,1,False,57.64274978637695,White,2353,0.24054398640034,0.2312510913631562,0.15922395310303578,0.7477680381079687,0.01846670397313934,0.03314917127071823
catboost,raw,2,4000,1,False,57.64274978637695,Black men,2846,0.2501756851721715,0.2509969402445997,0.17165969858094213,0.6966015711382328,0.031865042174320526,0.044624033731553055
catboost,raw,2,4000,1,False,57.64274978637695,White men,1872,0.2516025641025641,0.2355407494431886,0.16394742026182105,0.7466080491490005,0.02212705210563883,0.038995726495726496
catboost,raw,2,4000,1,False,57.64274978637695,Black women,261,0.13793103448275862,0.18864839168165484,0.11124181693791964,0.7453086419753086,0.0,0.0
catboost,raw,2,4000,1,False,57.64274978637695,White women,481,0.19750519750519752,0.2145562058624896,0.14084072956614174,0.7440687210253614,0.0051813471502590676,0.010395010395010396
catboost,raw,2,4000,1,False,59.14167881011963,All,5460,0.24065934065934066,0.23950702200412988,0.16341237692923102,0.7228202569677106,0.024360829715388325,0.037545787545787544
catboost,raw,2,4000,1,False,59.14167881011963,Men,4718,0.2507418397626113,0.24486425919749463,0.16859963393206662,0.716452669297844,0.028005657708628007,0.0423908435777872
catboost,raw,2,4000,1,False,59.14167881011963,Women,742,0.1765498652291105,0.20544307985009355,0.13042925221308788,0.7492784947714296,0.0032733224222585926,0.006738544474393531
catboost,raw,2,4000,1,False,59.14167881011963,Black,3107,0.24074670099774703,0.24575942135984638,0.16658436317417388,0.7037985142802738,0.028825773632895294,0.040875442549082715
catboost,raw,2,4000,1,False,59.14167881011963,White,2353,0.24054398640034,0.2312510913631562,0.15922395310303578,0.7477680381079687,0.01846670397313934,0.03314917127071823
catboost,raw,2,4000,1,False,59.14167881011963,Black men,2846,0.2501756851721715,0.2509969402445997,0.17165969858094213,0.6966015711382328,0.031865042174320526,0.044624033731553055
catboost,raw,2,4000,1,False,59.14167881011963,White men,1872,0.2516025641025641,0.2355407494431886,0.16394742026182105,0.7466080491490005,0.02212705210563883,0.038995726495726496
catboost,raw,2,4000,1,False,59.14167881011963,Black women,261,0.13793103448275862,0.18864839168165484,0.11124181693791964,0.7453086419753086,0.0,0.0
catboost,raw,2,4000,1,False,59.14167881011963,White women,481,0.19750519750519752,0.2145562058624896,0.14084072956614174,0.7440687210253614,0.0051813471502590676,0.010395010395010396
catboost,raw,2,4000,2,False,62.32120633125305,All,5460,0.24065934065934066,0.257010815655667,0.1632900582133185,0.7242951523575198,0.04124457308248915,0.06263736263736264
catboost,raw,2,4000,2,False,62.32120633125305,Men,4718,0.2507418397626113,0.2637561618493972,0.1688591873513582,0.715144413849669,0.04667609618104668,0.0688851208139042
catboost,raw,2,4000,2,False,62.32120633125305,Women,742,0.1765498652291105,0.21412059551817517,0.12787880312804717,0.7692682500218637,0.009819967266775777,0.022911051212938006
catboost,raw,2,4000,2,False,62.32120633125305,Black,3107,0.24074670099774703,0.26098024179660073,0.16844860749945412,0.6988119229348065,0.04578211106401017,0.06147409076279369
catboost,raw,2,4000,2,False,62.32120633125305,White,2353,0.24054398640034,0.25176941870714126,0.1564784931338355,0.7571684782716162,0.035254616675993285,0.06417339566510838
catboost,raw,2,4000,2,False,62.32120633125305,Black men,2846,0.2501756851721715,0.26733330616872975,0.17375730446561977,0.6896791381906637,0.04967197750702906,0.0657062543921293
catboost,raw,2,4000,2,False,62.32120633125305,White men,1872,0.2516025641025641,0.25831783239810424,0.1614125840889712,0.7527410660568505,0.042112776588151324,0.07371794871794872
catboost,raw,2,4000,2,False,62.32120633125305,Black women,261,0.13793103448275862,0.1917050647733093,0.11056143674961749,0.7681481481481482,0.008888888888888889,0.01532567049808429
catboost,raw,2,4000,2,False,62.32120633125305,White women,481,0.19750519750519752,0.22628370055852856,0.13727554455168575,0.7665121352604308,0.010362694300518135,0.02702702702702703
catboost,raw,2,4000,2,False,63.39860224723816,All,5460,0.24065934065934066,0.257010815655667,0.1632900582133185,0.7242951523575198,0.04124457308248915,0.06263736263736264
catboost,raw,2,4000,2,False,63.39860224723816,Men,4718,0.2507418397626113,0.2637561618493972,0.1688591873513582,0.715144413849669,0.04667609618104668,0.0688851208139042
catboost,raw,2,4000,2,False,63.39860224723816,Women,742,0.1765498652291105,0.21412059551817517,0.12787880312804717,0.7692682500218637,0.009819967266775777,0.022911051212938006
catboost,raw,2,4000,2,False,63.39860224723816,Black,3107,0.24074670099774703,0.26098024179660073,0.16844860749945412,0.6988119229348065,0.04578211106401017,0.06147409076279369
catboost,raw,2,4000,2,False,63.39860224723816,White,2353,0.24054398640034,0.25176941870714126,0.1564784931338355,0.7571684782716162,0.035254616675993285,0.06417339566510838
catboost,raw,2,4000,2,False,63.39860224723816,Black men,2846,0.2501756851721715,0.26733330616872975,0.17375730446561977,0.6896791381906637,0.04967197750702906,0.0657062543921293
catboost,raw,2,4000,2,False,63.39860224723816,White men,1872,0.2516025641025641,0.25831783239810424,0.1614125840889712,0.7527410660568505,0.042112776588151324,0.07371794871794872
catboost,raw,2,4000,2,False,63.39860224723816,Black women,261,0.13793103448275862,0.1917050647733093,0.11056143674961749,0.7681481481481482,0.008888888888888889,0.01532567049808429
catboost,raw,2,4000,2,False,63.39860224723816,White women,481,0.19750519750519752,0.22628370055852856,0.13727554455168575,0.7665121352604308,0.010362694300518135,0.02702702702702703
catboost,raw,2,4000,3,False,69.48998641967773,All,5460,0.24065934065934066,0.24429253424538783,0.16211352568506734,0.7293679848395072,0.02291365171249397,0.03626373626373627
catboost,raw,2,4000,3,False,69.48998641967773,Men,4718,0.2507418397626113,0.2501350413415779,0.16734671084447128,0.7227469299278678,0.026591230551626592,0.04048325561678678
catboost,raw,2,4000,3,False,69.48998641967773,Women,742,0.1765498652291105,0.20714300799225469,0.12883836721866865,0.7538136704938718,0.0016366612111292963,0.009433962264150943
catboost,raw,2,4000,3,False,69.48998641967773,Black,3107,0.24074670099774703,0.25305342921521073,0.16595501778985614,0.7102874869937185,0.03052140737600678,0.04119729642742195
catboost,raw,2,4000,3,False,69.48998641967773,White,2353,0.24054398640034,0.2327242806664504,0.15704105820968328,0.7549261351614822,0.012870733072188025,0.029749256268593285
catboost,raw,2,4000,3,False,69.48998641967773,Black men,2846,0.2501756851721715,0.2585011001906519,0.17115135804246767,0.7018740193549067,0.033739456419868794,0.044624033731553055
catboost,raw,2,4000,3,False,69.48998641967773,White men,1872,0.2516025641025641,0.23741612922380825,0.1615625089611926,0.754806621294162,0.015703069236259814,0.03418803418803419
catboost,raw,2,4000,3,False,69.48998641967773,Black women,261,0.13793103448275862,0.19365085605005464,0.1092930087518006,0.7617283950617284,0.0,0.0038314176245210726
catboost,raw,2,4000,3,False,69.48998641967773,White women,481,0.19750519750519752,0.21446411330808465,0.13944406069029558,0.7461958003817833,0.0025906735751295338,0.012474012474012475
catboost,raw,2,4000,3,False,71.01429319381714,All,5460,0.24065934065934066,0.24429253424538783,0.16211352568506734,0.7293679848395072,0.02291365171249397,0.03626373626373627
catboost,raw,2,4000,3,False,71.01429319381714,Men,4718,0.2507418397626113,0.2501350413415779,0.16734671084447128,0.7227469299278678,0.026591230551626592,0.04048325561678678
catboost,raw,2,4000,3,False,71.01429319381714,Women,742,0.1765498652291105,0.20714300799225469,0.12883836721866865,0.7538136704938718,0.0016366612111292963,0.009433962264150943
catboost,raw,2,4000,3,False,71.01429319381714,Black,3107,0.24074670099774703,0.25305342921521073,0.16595501778985614,0.7102874869937185,0.03052140737600678,0.04119729642742195
catboost,raw,2,4000,3,False,71.01429319381714,White,2353,0.24054398640034,0.2327242806664504,0.15704105820968328,0.7549261351614822,0.012870733072188025,0.029749256268593285
catboost,raw,2,4000,3,False,71.01429319381714,Black men,2846,0.2501756851721715,0.2585011001906519,0.17115135804246767,0.7018740193549067,0.033739456419868794,0.044624033731553055
catboost,raw,2,4000,3,False,71.01429319381714,White men,1872,0.2516025641025641,0.23741612922380825,0.1615625089611926,0.754806621294162,0.015703069236259814,0.03418803418803419
catboost,raw,2,4000,3,False,71.01429319381714,Black women,261,0.13793103448275862,0.19365085605005464,0.1092930087518006,0.7617283950617284,0.0,0.0038314176245210726
catboost,raw,2,4000,3,False,71.01429319381714,White women,481,0.19750519750519752,0.21446411330808465,0.13944406069029558,0.7461958003817833,0.0025906735751295338,0.012474012474012475
catboost,raw,2,4000,4,False,114.52606391906738,All,5460,0.24065934065934066,0.25600833631901543,0.16428423996327357,0.7191426553330087,0.053545586107091175,0.08058608058608059
catboost,raw,2,4000,4,False,114.52606391906738,Men,4718,0.2507418397626113,0.2603315968798884,0.1695917026600042,0.71194874106418,0.056011315417256013,0.08287409919457397
catboost,raw,2,4000,4,False,114.52606391906738,Women,742,0.1765498652291105,0.22851892482818167,0.13053678847651434,0.758923551679764,0.03927986906710311,0.0660377358490566
catboost,raw,2,4000,4,False,114.52606391906738,Black,3107,0.24074670099774703,0.2602934410456097,0.16858634120842003,0.6988272244425151,0.057227638830012716,0.07885420019311233
catboost,raw,2,4000,4,False,114.52606391906738,White,2353,0.24054398640034,0.2503501041109711,0.15860356483846685,0.7456047899929011,0.04868494683827644,0.08287292817679558
catboost,raw,2,4000,4,False,114.52606391906738,Black men,2846,0.2501756851721715,0.26597849924586686,0.17356839274560698,0.6915114307677728,0.06091846298031865,0.08362614195361912
catboost,raw,2,4000,4,False,114.52606391906738,White men,1872,0.2516025641025641,0.25174661603930354,0.16354594412174273,0.7430528088065698,0.04853675945753034,0.08173076923076923
catboost,raw,2,4000,4,False,114.52606391906738,Black women,261,0.13793103448275862,0.1983023466474032,0.11426098230100949,0.759506172839506,0.022222222222222223,0.02681992337164751
catboost,raw,2,4000,4,False,114.52606391906738,White women,481,0.19750519750519752,0.24491503066016332,0.1393683589792311,0.755222252522498,0.04922279792746114,0.08731808731808732
catboost,raw,2,4000,4,False,116.73184394836426,All,5460,0.24065934065934066,0.25600833631901543,0.16428423996327357,0.7191426553330087,0.053545586107091175,0.08058608058608059
catboost,raw,2,4000,4,False,116.73184394836426,Men,4718,0.2507418397626113,0.2603315968798884,0.1695917026600042,0.71194874106418,0.056011315417256013,0.08287409919457397
catboost,raw,2,4000,4,False,116.73184394836426,Women,742,0.1765498652291105,0.22851892482818167,0.13053678847651434,0.758923551679764,0.03927986906710311,0.0660377358490566
catboost,raw,2,4000,4,False,116.73184394836426,Black,3107,0.24074670099774703,0.2602934410456097,0.16858634120842003,0.6988272244425151,0.057227638830012716,0.07885420019311233
catboost,raw,2,4000,4,False,116.73184394836426,White,2353,0.24054398640034,0.2503501041109711,0.15860356483846685,0.7456047899929011,0.04868494683827644,0.08287292817679558
catboost,raw,2,4000,4,False,116.73184394836426,Black men,2846,0.2501756851721715,0.26597849924586686,0.17356839274560698,0.6915114307677728,0.06091846298031865,0.08362614195361912
catboost,raw,2,4000,4,False,116.73184394836426,White men,1872,0.2516025641025641,0.25174661603930354,0.16354594412174273,0.7430528088065698,0.04853675945753034,0.08173076923076923
catboost,raw,2,4000,4,False,116.73184394836426,Black women,261,0.13793103448275862,0.1983023466474032,0.11426098230100949,0.759506172839506,0.022222222222222223,0.02681992337164751
catboost,raw,2,4000,4,False,116.73184394836426,White women,481,0.19750519750519752,0.24491503066016332,0.1393683589792311,0.755222252522498,0.04922279792746114,0.08731808731808732
catboost,raw,2,4000,5,False,44.03673601150513,All,5460,0.24065934065934066,0.25289013833999874,0.16354202487135283,0.7220505946939744,0.019536903039073805,0.031868131868131866
catboost,raw,2,4000,5,False,44.03673601150513,Men,4718,0.2507418397626113,0.2579750898005483,0.16921500470835923,0.7121668234931209,0.022347949080622348,0.03497244595167444
catboost,raw,2,4000,5,False,44.03673601150513,Women,742,0.1765498652291105,0.22055752244933516,0.12747043609642544,0.7742531952374408,0.0032733224222585926,0.012129380053908356
catboost,raw,2,4000,5,False,44.03673601150513,Black,3107,0.24074670099774703,0.25753991395136655,0.1672844123910758,0.7002105940838704,0.02161933022467147,0.031219826198905697
catboost,raw,2,4000,5,False,44.03673601150513,White,2353,0.24054398640034,0.24675037938355185,0.1586004192513871,0.7500262002171159,0.016787912702853944,0.03272418189545261
catboost,raw,2,4000,5,False,44.03673601150513,Black men,2846,0.2501756851721715,0.2626498913640288,0.17258200053518374,0.6904300885608079,0.023898781630740395,0.03408292340126493
catboost,raw,2,4000,5,False,44.03673601150513,White men,1872,0.2516025641025641,0.25086799297914564,0.16409616383061207,0.7442985068293652,0.01998572448251249,0.03632478632478633
catboost,raw,2,4000,5,False,44.03673601150513,Black women,261,0.13793103448275862,0.20181962385007612,0.10951837462045809,0.7839506172839505,0.0,0.0
catboost,raw,2,4000,5,False,44.03673601150513,White women,481,0.19750519750519752,0.23072507241691645,0.13721157548359278,0.7670029997272976,0.0051813471502590676,0.018711018711018712
catboost,raw,2,4000,5,False,44.76334190368652,All,5460,0.24065934065934066,0.25289013833999874,0.16354202487135283,0.7220505946939744,0.019536903039073805,0.031868131868131866
catboost,raw,2,4000,5,False,44.76334190368652,Men,4718,0.2507418397626113,0.2579750898005483,0.16921500470835923,0.7121668234931209,0.022347949080622348,0.03497244595167444
catboost,raw,2,4000,5,False,44.76334190368652,Women,742,0.1765498652291105,0.22055752244933516,0.12747043609642544,0.7742531952374408,0.0032733224222585926,0.012129380053908356
catboost,raw,2,4000,5,False,44.76334190368652,Black,3107,0.24074670099774703,0.25753991395136655,0.1672844123910758,0.7002105940838704,0.02161933022467147,0.031219826198905697
catboost,raw,2,4000,5,False,44.76334190368652,White,2353,0.24054398640034,0.24675037938355185,0.1586004192513871,0.7500262002171159,0.016787912702853944,0.03272418189545261
catboost,raw,2,4000,5,False,44.76334190368652,Black men,2846,0.2501756851721715,0.2626498913640288,0.17258200053518374,0.6904300885608079,0.023898781630740395,0.03408292340126493
catboost,raw,2,4000,5,False,44.76334190368652,White men,1872,0.2516025641025641,0.25086799297914564,0.16409616383061207,0.7442985068293652,0.01998572448251249,0.03632478632478633
catboost,raw,2,4000,5,False,44.76334190368652,Black women,261,0.13793103448275862,0.20181962385007612,0.10951837462045809,0.7839506172839505,0.0,0.0
catboost,raw,2,4000,5,False,44.76334190368652,White women,481,0.19750519750519752,0.23072507241691645,0.13721157548359278,0.7670029997272976,0.0051813471502590676,0.018711018711018712
catboost,raw,2,4000,6,False,55.3626229763031,All,5460,0.24065934065934066,0.24301754971469375,0.1613435082956641,0.7335731346198606,0.03256150506512301,0.05128205128205128
catboost,raw,2,4000,6,False,55.3626229763031,Men,4718,0.2507418397626113,0.25052943219991214,0.16684923309454547,0.7260236662477986,0.03762376237623762,0.05680373039423484
catboost,raw,2,4000,6,False,55.3626229763031,Women,742,0.1765498652291105,0.19525331579924848,0.12633540910277666,0.7587486413213228,0.0032733224222585926,0.016172506738544475
catboost,raw,2,4000,6,False,55.3626229763031,Black,3107,0.24074670099774703,0.2512384878724793,0.1653357572626083,0.7127572636823816,0.03857566765578635,0.057611844222722884
catboost,raw,2,4000,6,False,55.3626229763031,White,2353,0.24054398640034,0.23216227778259013,0.15607197512936757,0.7613021804512765,0.024622271964185788,0.042923926901827454
catboost,raw,2,4000,6,False,55.3626229763031,Black men,2846,0.2501756851721715,0.25766742004755083,0.17055144793447435,0.7047593536429978,0.04217432052483599,0.06184118060435699
catboost,raw,2,4000,6,False,55.3626229763031,White men,1872,0.2516025641025641,0.23967755537599125,0.16122075903768784,0.7585482617056969,0.030692362598144184,0.049145299145299144
catboost,raw,2,4000,6,False,55.3626229763031,Black women,261,0.13793103448275862,0.18113603204775278,0.10846274710118793,0.7560493827160494,0.0044444444444444444,0.011494252873563218
catboost,raw,2,4000,6,False,55.3626229763031,White women,481,0.19750519750519752,0.20291362985151537,0.13603346478347245,0.7561767112080721,0.0025906735751295338,0.018711018711018712
catboost,raw,2,4000,6,False,55.85258173942566,All,5460,0.24065934065934066,0.24301754971469375,0.1613435082956641,0.7335731346198606,0.03256150506512301,0.05128205128205128
catboost,raw,2,4000,6,False,55.85258173942566,Men,4718,0.2507418397626113,0.25052943219991214,0.16684923309454547,0.7260236662477986,0.03762376237623762,0.05680373039423484
catboost,raw,2,4000,6,False,55.85258173942566,Women,742,0.1765498652291105,0.19525331579924848,0.12633540910277666,0.7587486413213228,0.0032733224222585926,0.016172506738544475
catboost,raw,2,4000,6,False,55.85258173942566,Black,3107,0.24074670099774703,0.2512384878724793,0.1653357572626083,0.7127572636823816,0.03857566765578635,0.057611844222722884
catboost,raw,2,4000,6,False,55.85258173942566,White,2353,0.24054398640034,0.23216227778259013,0.15607197512936757,0.7613021804512765,0.024622271964185788,0.042923926901827454
catboost,raw,2,4000,6,False,55.85258173942566,Black men,2846,0.2501756851721715,0.25766742004755083,0.17055144793447435,0.7047593536429978,0.04217432052483599,0.06184118060435699
catboost,raw,2,4000,6,False,55.85258173942566,White men,1872,0.2516025641025641,0.23967755537599125,0.16122075903768784,0.7585482617056969,0.030692362598144184,0.049145299145299144
catboost,raw,2,4000,6,False,55.85258173942566,Black women,261,0.13793103448275862,0.18113603204775278,0.10846274710118793,0.7560493827160494,0.0044444444444444444,0.011494252873563218
catboost,raw,2,4000,6,False,55.85258173942566,White women,481,0.19750519750519752,0.20291362985151537,0.13603346478347245,0.7561767112080721,0.0025906735751295338,0.018711018711018712
catboost,raw,2,4000,7,False,68.61221551895142,All,5460,0.24065934065934066,0.256223846202278,0.16232479353545692,0.7285918980058899,0.043174143753014954,0.06831501831501831
catboost,raw,2,4000,7,False,68.61221551895142,Men,4718,0.2507418397626113,0.2635137890745997,0.16763093386857839,0.7211610498086399,0.04865629420084865,0.07545570156846121
catboost,raw,2,4000,7,False,68.61221551895142,Women,742,0.1765498652291105,0.20987081322166634,0.12858575028523186,0.7562749091090816,0.011456628477905073,0.022911051212938006
catboost,raw,2,4000,7,False,68.61221551895142,Black,3107,0.24074670099774703,0.26195575199532145,0.16710889253495648,0.7037667778198412,0.04959728698601102,0.07145156099130995
catboost,raw,2,4000,7,False,68.61221551895142,White,2353,0.24054398640034,0.248655197116436,0.1560076683372227,0.7612804293276332,0.03469501958589815,0.06417339566510838
catboost,raw,2,4000,7,False,68.61221551895142,Black men,2846,0.2501756851721715,0.26813336133737836,0.17254147105431777,0.6940538683487253,0.05435801312089972,0.07695010541110331
catboost,raw,2,4000,7,False,68.61221551895142,White men,1872,0.2516025641025641,0.2564906573118496,0.1601654483821391,0.7617685881028261,0.03997144896502498,0.07318376068376069
catboost,raw,2,4000,7,False,68.61221551895142,Black women,261,0.13793103448275862,0.19459377426545943,0.10787089074912397,0.7819753086419753,0.0044444444444444444,0.011494252873563218
catboost,raw,2,4000,7,False,68.61221551895142,White women,481,0.19750519750519752,0.21816043311266417,0.13982603789214282,0.7418598309244614,0.015544041450777202,0.029106029106029108
catboost,raw,2,4000,7,False,69.59656596183777,All,5460,0.24065934065934066,0.256223846202278,0.16232479353545692,0.7285918980058899,0.043174143753014954,0.06831501831501831
catboost,raw,2,4000,7,False,69.59656596183777,Men,4718,0.2507418397626113,0.2635137890745997,0.16763093386857839,0.7211610498086399,0.04865629420084865,0.07545570156846121
catboost,raw,2,4000,7,False,69.59656596183777,Women,742,0.1765498652291105,0.20987081322166634,0.12858575028523186,0.7562749091090816,0.011456628477905073,0.022911051212938006
catboost,raw,2,4000,7,False,69.59656596183777,Black,3107,0.24074670099774703,0.26195575199532145,0.16710889253495648,0.7037667778198412,0.04959728698601102,0.07145156099130995
catboost,raw,2,4000,7,False,69.59656596183777,White,2353,0.24054398640034,0.248655197116436,0.1560076683372227,0.7612804293276332,0.03469501958589815,0.06417339566510838
catboost,raw,2,4000,7,False,69.59656596183777,Black men,2846,0.2501756851721715,0.26813336133737836,0.17254147105431777,0.6940538683487253,0.05435801312089972,0.07695010541110331
catboost,raw,2,4000,7,False,69.59656596183777,White men,1872,0.2516025641025641,0.2564906573118496,0.1601654483821391,0.7617685881028261,0.03997144896502498,0.07318376068376069
catboost,raw,2,4000,7,False,69.59656596183777,Black women,261,0.13793103448275862,0.19459377426545943,0.10787089074912397,0.7819753086419753,0.0044444444444444444,0.011494252873563218
catboost,raw,2,4000,7,False,69.59656596183777,White women,481,0.19750519750519752,0.21816043311266417,0.13982603789214282,0.7418598309244614,0.015544041450777202,0.029106029106029108
catboost,raw,2,4000,8,False,47.795875787734985,All,5460,0.24065934065934066,0.24740477532639824,0.1626373287957592,0.7261494638980117,0.029184756391702846,0.04542124542124542
catboost,raw,2,4000,8,False,47.795875787734985,Men,4718,0.2507418397626113,0.2529046329737121,0.16808327014113628,0.7179280734497795,0.03253182461103253,0.04917337855023315
catboost,raw,2,4000,8,False,47.795875787734985,Women,742,0.1765498652291105,0.21243398236140287,0.12800936212798433,0.7645206831498857,0.009819967266775777,0.0215633423180593
catboost,raw,2,4000,8,False,47.795875787734985,Black,3107,0.24074670099774703,0.2514499471138089,0.16652776173621947,0.7059282574643022,0.032640949554896145,0.04345027357579659
catboost,raw,2,4000,8,False,47.795875787734985,White,2353,0.24054398640034,0.2420633606457841,0.15750023778598016,0.7518701022896024,0.024622271964185788,0.048023799405014875
catboost,raw,2,4000,8,False,47.795875787734985,Black men,2846,0.2501756851721715,0.25675063357891736,0.17197274141668956,0.6951523224834936,0.03561387066541706,0.04708362614195362
catboost,raw,2,4000,8,False,47.795875787734985,White men,1872,0.2516025641025641,0.24705756154079853,0.16217011028524703,0.7508028084277079,0.027837259100642397,0.05235042735042735
catboost,raw,2,4000,8,False,47.795875787734985,Black women,261,0.13793103448275862,0.1936501245862288,0.10715453502887151,0.798148148148148,0.0044444444444444444,0.0038314176245210726
catboost,raw,2,4000,8,False,47.795875787734985,White women,481,0.19750519750519752,0.2226264706759984,0.13932559886991458,0.7464412326152168,0.012953367875647668,0.031185031185031187
catboost,raw,2,4000,8,False,48.68696355819702,All,5460,0.24065934065934066,0.24740477532639824,0.1626373287957592,0.7261494638980117,0.029184756391702846,0.04542124542124542
catboost,raw,2,4000,8,False,48.68696355819702,Men,4718,0.2507418397626113,0.2529046329737121,0.16808327014113628,0.7179280734497795,0.03253182461103253,0.04917337855023315
catboost,raw,2,4000,8,False,48.68696355819702,Women,742,0.1765498652291105,0.21243398236140287,0.12800936212798433,0.7645206831498857,0.009819967266775777,0.0215633423180593
catboost,raw,2,4000,8,False,48.68696355819702,Black,3107,0.24074670099774703,0.2514499471138089,0.16652776173621947,0.7059282574643022,0.032640949554896145,0.04345027357579659
catboost,raw,2,4000,8,False,48.68696355819702,White,2353,0.24054398640034,0.2420633606457841,0.15750023778598016,0.7518701022896024,0.024622271964185788,0.048023799405014875
catboost,raw,2,4000,8,False,48.68696355819702,Black men,2846,0.2501756851721715,0.25675063357891736,0.17197274141668956,0.6951523224834936,0.03561387066541706,0.04708362614195362
catboost,raw,2,4000,8,False,48.68696355819702,White men,1872,0.2516025641025641,0.24705756154079853,0.16217011028524703,0.7508028084277079,0.027837259100642397,0.05235042735042735
catboost,raw,2,4000,8,False,48.68696355819702,Black women,261,0.13793103448275862,0.1936501245862288,0.10715453502887151,0.798148148148148,0.0044444444444444444,0.0038314176245210726
catboost,raw,2,4000,8,False,48.68696355819702,White women,481,0.19750519750519752,0.2226264706759984,0.13932559886991458,0.7464412326152168,0.012953367875647668,0.031185031185031187
catboost,raw,2,4000,9,False,40.32959866523743,All,5460,0.24065934065934066,0.24441097065518255,0.16191577991216305,0.7310914189172819,0.021466473709599615,0.03406593406593406
catboost,raw,2,4000,9,False,40.32959866523743,Men,4718,0.2507418397626113,0.24960020714578718,0.16723324575067616,0.7238005167501413,0.02347949080622348,0.037091988130563795
catboost,raw,2,4000,9,False,40.32959866523743,Women,742,0.1765498652291105,0.21141525938473446,0.12810472354274946,0.7608475656226183,0.009819967266775777,0.014824797843665768
catboost,raw,2,4000,9,False,40.32959866523743,Black,3107,0.24074670099774703,0.2530578193430979,0.16512955059631418,0.7130253234285352,0.02755404832556168,0.03926617315738655
catboost,raw,2,4000,9,False,40.32959866523743,White,2353,0.24054398640034,0.23299330857555958,0.15767218215795248,0.7556142616185604,0.013430330162283156,0.027199320016999574
catboost,raw,2,4000,9,False,40.32959866523743,Black men,2846,0.2501756851721715,0.2582047273617555,0.1699274735200818,0.7065679527816096,0.029522024367385193,0.0421644413211525
catboost,raw,2,4000,9,False,40.32959866523743,White men,1872,0.2516025641025641,0.23651876241574124,0.16313721357560756,0.751469605422878,0.014275517487508922,0.02938034188034188
catboost,raw,2,4000,9,False,40.32959866523743,Black women,261,0.13793103448275862,0.19693482999022574,0.11281196959615045,0.7475308641975309,0.008888888888888889,0.007662835249042145
catboost,raw,2,4000,9,False,40.32959866523743,White women,481,0.19750519750519752,0.21927262335971742,0.13640287069464624,0.7640578129260976,0.010362694300518135,0.018711018711018712
catboost,raw,2,4000,9,False,41.18661689758301,All,5460,0.24065934065934066,0.24441097065518255,0.16191577991216305,0.7310914189172819,0.021466473709599615,0.03406593406593406
catboost,raw,2,4000,9,False,41.18661689758301,Men,4718,0.2507418397626113,0.24960020714578718,0.16723324575067616,0.7238005167501413,0.02347949080622348,0.037091988130563795
catboost,raw,2,4000,9,False,41.18661689758301,Women,742,0.1765498652291105,0.21141525938473446,0.12810472354274946,0.7608475656226183,0.009819967266775777,0.014824797843665768
catboost,raw,2,4000,9,False,41.18661689758301,Black,3107,0.24074670099774703,0.2530578193430979,0.16512955059631418,0.7130253234285352,0.02755404832556168,0.03926617315738655
catboost,raw,2,4000,9,False,41.18661689758301,White,2353,0.24054398640034,0.23299330857555958,0.15767218215795248,0.7556142616185604,0.013430330162283156,0.027199320016999574
catboost,raw,2,4000,9,False,41.18661689758301,Black men,2846,0.2501756851721715,0.2582047273617555,0.1699274735200818,0.7065679527816096,0.029522024367385193,0.0421644413211525
catboost,raw,2,4000,9,False,41.18661689758301,White men,1872,0.2516025641025641,0.23651876241574124,0.16313721357560756,0.751469605422878,0.014275517487508922,0.02938034188034188
catboost,raw,2,4000,9,False,41.18661689758301,Black women,261,0.13793103448275862,0.19693482999022574,0.11281196959615045,0.7475308641975309,0.008888888888888889,0.007662835249042145
catboost,raw,2,4000,9,False,41.18661689758301,White women,481,0.19750519750519752,0.21927262335971742,0.13640287069464624,0.7640578129260976,0.010362694300518135,0.018711018711018712
catboost,raw,2,8000,0,False,96.3181562423706,All,5460,0.24065934065934066,0.2534513990080895,0.15900157605014148,0.7435572677925433,0.03642064640617462,0.06227106227106227
catboost,raw,2,8000,0,False,96.3181562423706,Men,4718,0.2507418397626113,0.2604437202022979,0.16425491700463518,0.7361243261145338,0.04101838755304102,0.06930902924968207
catboost,raw,2,8000,0,False,96.3181562423706,Women,742,0.1765498652291105,0.20899079066000964,0.1255982571508137,0.7759898052248222,0.009819967266775777,0.01752021563342318
catboost,raw,2,8000,0,False,96.3181562423706,Black,3107,0.24074670099774703,0.25862946248164564,0.16294416239307363,0.7239216970845527,0.03899957609156422,0.06179594464113292
catboost,raw,2,8000,0,False,96.3181562423706,White,2353,0.24054398640034,0.24661406657615623,0.153795619497872,0.7688112615453976,0.03301622831561276,0.06289842753931152
catboost,raw,2,8000,0,False,96.3181562423706,Black men,2846,0.2501756851721715,0.26510298037840585,0.16792870641774654,0.7162598854290618,0.042642924086223055,0.06711173576950105
catboost,raw,2,8000,0,False,96.3181562423706,White men,1872,0.2516025641025641,0.25336025093883474,0.15866965809987293,0.7656784432108701,0.03854389721627409,0.07264957264957266
catboost,raw,2,8000,0,False,96.3181562423706,Black women,261,0.13793103448275862,0.18804083438134087,0.10859162486733001,0.7761728395061729,0.0044444444444444444,0.0038314176245210726
catboost,raw,2,8000,0,False,96.3181562423706,White women,481,0.19750519750519752,0.2203586463538403,0.13482638818197631,0.7719661848922825,0.012953367875647668,0.02494802494802495
catboost,raw,2,8000,0,False,97.55650901794434,All,5460,0.24065934065934066,0.2534513990080895,0.15900157605014148,0.7435572677925433,0.03642064640617462,0.06227106227106227
catboost,raw,2,8000,0,False,97.55650901794434,Men,4718,0.2507418397626113,0.2604437202022979,0.16425491700463518,0.7361243261145338,0.04101838755304102,0.06930902924968207
catboost,raw,2,8000,0,False,97.55650901794434,Women,742,0.1765498652291105,0.20899079066000964,0.1255982571508137,0.7759898052248222,0.009819967266775777,0.01752021563342318
catboost,raw,2,8000,0,False,97.55650901794434,Black,3107,0.24074670099774703,0.25862946248164564,0.16294416239307363,0.7239216970845527,0.03899957609156422,0.06179594464113292
catboost,raw,2,8000,0,False,97.55650901794434,White,2353,0.24054398640034,0.24661406657615623,0.153795619497872,0.7688112615453976,0.03301622831561276,0.06289842753931152
catboost,raw,2,8000,0,False,97.55650901794434,Black men,2846,0.2501756851721715,0.26510298037840585,0.16792870641774654,0.7162598854290618,0.042642924086223055,0.06711173576950105
catboost,raw,2,8000,0,False,97.55650901794434,White men,1872,0.2516025641025641,0.25336025093883474,0.15866965809987293,0.7656784432108701,0.03854389721627409,0.07264957264957266
catboost,raw,2,8000,0,False,97.55650901794434,Black women,261,0.13793103448275862,0.18804083438134087,0.10859162486733001,0.7761728395061729,0.0044444444444444444,0.0038314176245210726
catboost,raw,2,8000,0,False,97.55650901794434,White women,481,0.19750519750519752,0.2203586463538403,0.13482638818197631,0.7719661848922825,0.012953367875647668,0.02494802494802495
catboost,raw,2,8000,1,False,80.01756477355957,All,5460,0.24065934065934066,0.24629712794148056,0.15953176349924464,0.7420006887128192,0.029184756391702846,0.04908424908424908
catboost,raw,2,8000,1,False,80.01756477355957,Men,4718,0.2507418397626113,0.25288899703422935,0.1647404586849603,0.7348629392585436,0.03281471004243282,0.05341246290801187
catboost,raw,2,8000,1,False,80.01756477355957,Women,742,0.1765498652291105,0.20438279050268143,0.12641232429950533,0.7711297959795604,0.008183306055646482,0.0215633423180593
catboost,raw,2,8000,1,False,80.01756477355957,Black,3107,0.24074670099774703,0.2548381242121567,0.16310055522525993,0.7240038718481727,0.03603221704111912,0.05374959768265208
catboost,raw,2,8000,1,False,80.01756477355957,White,2353,0.24054398640034,0.23501923783821202,0.1548193810543957,0.7662475950178063,0.020145495243424735,0.042923926901827454
catboost,raw,2,8000,1,False,80.01756477355957,Black men,2846,0.2501756851721715,0.2608613682956802,0.16832173523868152,0.715162089445363,0.03936269915651359,0.05762473647224174
catboost,raw,2,8000,1,False,80.01756477355957,White men,1872,0.2516025641025641,0.24076860781943826,0.1592958470012581,0.7653010967295123,0.022840827980014276,0.04700854700854701
catboost,raw,2,8000,1,False,80.01756477355957,Black women,261,0.13793103448275862,0.18915937838185884,0.10616768810572808,0.7862962962962962,0.0044444444444444444,0.011494252873563218
catboost,raw,2,8000,1,False,80.01756477355957,White women,481,0.19750519750519752,0.21264331142479098,0.13739745953147184,0.7617943823288791,0.010362694300518135,0.02702702702702703
catboost,raw,2,8000,1,False,80.9733772277832,All,5460,0.24065934065934066,0.24629712794148056,0.15953176349924464,0.7420006887128192,0.029184756391702846,0.04908424908424908
catboost,raw,2,8000,1,False,80.9733772277832,Men,4718,0.2507418397626113,0.25288899703422935,0.1647404586849603,0.7348629392585436,0.03281471004243282,0.05341246290801187
catboost,raw,2,8000,1,False,80.9733772277832,Women,742,0.1765498652291105,0.20438279050268143,0.12641232429950533,0.7711297959795604,0.008183306055646482,0.0215633423180593
catboost,raw,2,8000,1,False,80.9733772277832,Black,3107,0.24074670099774703,0.2548381242121567,0.16310055522525993,0.7240038718481727,0.03603221704111912,0.05374959768265208
catboost,raw,2,8000,1,False,80.9733772277832,White,2353,0.24054398640034,0.23501923783821202,0.1548193810543957,0.7662475950178063,0.020145495243424735,0.042923926901827454
catboost,raw,2,8000,1,False,80.9733772277832,Black men,2846,0.2501756851721715,0.2608613682956802,0.16832173523868152,0.715162089445363,0.03936269915651359,0.05762473647224174
catboost,raw,2,8000,1,False,80.9733772277832,White men,1872,0.2516025641025641,0.24076860781943826,0.1592958470012581,0.7653010967295123,0.022840827980014276,0.04700854700854701
catboost,raw,2,8000,1,False,80.9733772277832,Black women,261,0.13793103448275862,0.18915937838185884,0.10616768810572808,0.7862962962962962,0.0044444444444444444,0.011494252873563218
catboost,raw,2,8000,1,False,80.9733772277832,White women,481,0.19750519750519752,0.21264331142479098,0.13739745953147184,0.7617943823288791,0.010362694300518135,0.02702702702702703
catboost,raw,2,8000,2,False,87.81634068489075,All,5460,0.24065934065934066,0.2499627012583173,0.15939841319058481,0.741997935330013,0.03135552339604438,0.055860805860805864
catboost,raw,2,8000,2,False,87.81634068489075,Men,4718,0.2507418397626113,0.2583272677476537,0.16482012571637514,0.7340697600734593,0.03620933521923621,0.06273844849512505
catboost,raw,2,8000,2,False,87.81634068489075,Women,742,0.1765498652291105,0.19677668414687652,0.1249245052435785,0.7720418285628615,0.0032733224222585926,0.012129380053908356
catboost,raw,2,8000,2,False,87.81634068489075,Black,3107,0.24074670099774703,0.2585772805441259,0.16351571927983913,0.7214915909714305,0.03857566765578635,0.06179594464113292
catboost,raw,2,8000,2,False,87.81634068489075,White,2353,0.24054398640034,0.23858764905219448,0.15396174934897272,0.7697070123645252,0.02182428651371013,0.048023799405014875
catboost,raw,2,8000,2,False,87.81634068489075,Black men,2846,0.2501756851721715,0.2659479221786951,0.16880724319617177,0.7122958415382833,0.04217432052483599,0.06676036542515812
catboost,raw,2,8000,2,False,87.81634068489075,White men,1872,0.2516025641025641,0.24674159332952125,0.158758514419633,0.7679273676218534,0.027123483226266953,0.056623931623931624
catboost,raw,2,8000,2,False,87.81634068489075,Black women,261,0.13793103448275862,0.17820622272043155,0.10581580715002073,0.7818518518518518,0.0044444444444444444,0.007662835249042145
catboost,raw,2,8000,2,False,87.81634068489075,White women,481,0.19750519750519752,0.20685337943232798,0.1352932582631597,0.7637032997000273,0.0025906735751295338,0.014553014553014554
catboost,raw,2,8000,2,False,89.71630620956421,All,5460,0.24065934065934066,0.2499627012583173,0.15939841319058481,0.741997935330013,0.03135552339604438,0.055860805860805864
catboost,raw,2,8000,2,False,89.71630620956421,Men,4718,0.2507418397626113,0.2583272677476537,0.16482012571637514,0.7340697600734593,0.03620933521923621,0.06273844849512505
catboost,raw,2,8000,2,False,89.71630620956421,Women,742,0.1765498652291105,0.19677668414687652,0.1249245052435785,0.7720418285628615,0.0032733224222585926,0.012129380053908356
catboost,raw,2,8000,2,False,89.71630620956421,Black,3107,0.24074670099774703,0.2585772805441259,0.16351571927983913,0.7214915909714305,0.03857566765578635,0.06179594464113292
catboost,raw,2,8000,2,False,89.71630620956421,White,2353,0.24054398640034,0.23858764905219448,0.15396174934897272,0.7697070123645252,0.02182428651371013,0.048023799405014875
catboost,raw,2,8000,2,False,89.71630620956421,Black men,2846,0.2501756851721715,0.2659479221786951,0.16880724319617177,0.7122958415382833,0.04217432052483599,0.06676036542515812
catboost,raw,2,8000,2,False,89.71630620956421,White men,1872,0.2516025641025641,0.24674159332952125,0.158758514419633,0.7679273676218534,0.027123483226266953,0.056623931623931624
catboost,raw,2,8000,2,False,89.71630620956421,Black women,261,0.13793103448275862,0.17820622272043155,0.10581580715002073,0.7818518518518518,0.0044444444444444444,0.007662835249042145
catboost,raw,2,8000,2,False,89.71630620956421,White women,481,0.19750519750519752,0.20685337943232798,0.1352932582631597,0.7637032997000273,0.0025906735751295338,0.014553014553014554
catboost,raw,2,8000,3,False,125.15757393836975,All,5460,0.24065934065934066,0.2521868961849846,0.15988692943131824,0.7396204810563591,0.034491075735648816,0.05714285714285714
catboost,raw,2,8000,3,False,125.15757393836975,Men,4718,0.2507418397626113,0.2614788011162671,0.16532741910469528,0.7309247818876804,0.039886845827439885,0.0642221280203476
catboost,raw,2,8000,3,False,125.15757393836975,Women,742,0.1765498652291105,0.19310440633890538,0.12529362716852457,0.7786509413925364,0.0032733224222585926,0.012129380053908356
catboost,raw,2,8000,3,False,125.15757393836975,Black,3107,0.24074670099774703,0.2603988697135679,0.16438152206343679,0.7187299521912893,0.04323866044934294,0.0634052140328291
catboost,raw,2,8000,3,False,125.15757393836975,White,2353,0.24054398640034,0.24134346152569494,0.15395208059664237,0.7671641082731387,0.02294348069390039,0.04887377815554611
catboost,raw,2,8000,3,False,125.15757393836975,Black men,2846,0.2501756851721715,0.2682856090586383,0.1699004343126043,0.7082817781662332,0.04779756326148079,0.06886858749121574
catboost,raw,2,8000,3,False,125.15757393836975,White men,1872,0.2516025641025641,0.2511304168192646,0.15837506799267123,0.7647646282379434,0.027837259100642397,0.057158119658119656
catboost,raw,2,8000,3,False,125.15757393836975,Black women,261,0.13793103448275862,0.1744001717209614,0.1042021187640853,0.7953086419753087,0.0,0.0038314176245210726
catboost,raw,2,8000,3,False,125.15757393836975,White women,481,0.19750519750519752,0.20325368957234274,0.13673829181209768,0.7660758112898827,0.0051813471502590676,0.016632016632016633
catboost,raw,2,8000,3,False,127.35164618492126,All,5460,0.24065934065934066,0.2521868961849846,0.15988692943131824,0.7396204810563591,0.034491075735648816,0.05714285714285714
catboost,raw,2,8000,3,False,127.35164618492126,Men,4718,0.2507418397626113,0.2614788011162671,0.16532741910469528,0.7309247818876804,0.039886845827439885,0.0642221280203476
catboost,raw,2,8000,3,False,127.35164618492126,Women,742,0.1765498652291105,0.19310440633890538,0.12529362716852457,0.7786509413925364,0.0032733224222585926,0.012129380053908356
catboost,raw,2,8000,3,False,127.35164618492126,Black,3107,0.24074670099774703,0.2603988697135679,0.16438152206343679,0.7187299521912893,0.04323866044934294,0.0634052140328291
catboost,raw,2,8000,3,False,127.35164618492126,White,2353,0.24054398640034,0.24134346152569494,0.15395208059664237,0.7671641082731387,0.02294348069390039,0.04887377815554611
catboost,raw,2,8000,3,False,127.35164618492126,Black men,2846,0.2501756851721715,0.2682856090586383,0.1699004343126043,0.7082817781662332,0.04779756326148079,0.06886858749121574
catboost,raw,2,8000,3,False,127.35164618492126,White men,1872,0.2516025641025641,0.2511304168192646,0.15837506799267123,0.7647646282379434,0.027837259100642397,0.057158119658119656
catboost,raw,2,8000,3,False,127.35164618492126,Black women,261,0.13793103448275862,0.1744001717209614,0.1042021187640853,0.7953086419753087,0.0,0.0038314176245210726
catboost,raw,2,8000,3,False,127.35164618492126,White women,481,0.19750519750519752,0.20325368957234274,0.13673829181209768,0.7660758112898827,0.0051813471502590676,0.016632016632016633
catboost,raw,2,8000,4,False,71.47176265716553,All,5460,0.24065934065934066,0.25633793274164746,0.16057493738577816,0.7370163315983351,0.03280270139893873,0.053296703296703295
catboost,raw,2,8000,4,False,71.47176265716553,Men,4718,0.2507418397626113,0.26368351179612237,0.16571099460789757,0.7301689062759676,0.03734087694483734,0.05892327257312421
catboost,raw,2,8000,4,False,71.47176265716553,Women,742,0.1765498652291105,0.20963113762168398,0.12791736599230166,0.7616096750415413,0.006546644844517185,0.01752021563342318
catboost,raw,2,8000,4,False,71.47176265716553,Black,3107,0.24074670099774703,0.2631062935195474,0.16408369072974555,0.7189651420319949,0.03857566765578635,0.05728999034438365
catboost,raw,2,8000,4,False,71.47176265716553,White,2353,0.24054398640034,0.24740070497414418,0.15594183214153393,0.7611459678360203,0.02518186905428092,0.048023799405014875
catboost,raw,2,8000,4,False,71.47176265716553,Black men,2846,0.2501756851721715,0.2696834212529166,0.1689977190969932,0.7115290955424745,0.04217432052483599,0.06219255094869993
catboost,raw,2,8000,4,False,71.47176265716553,White men,1872,0.2516025641025641,0.2545618545770859,0.16071419017629174,0.7591408017627688,0.029978586723768737,0.053952991452991456
catboost,raw,2,8000,4,False,71.47176265716553,Black women,261,0.13793103448275862,0.19138788153039465,0.11050007106236294,0.7660493827160494,0.0044444444444444444,0.0038314176245210726
catboost,raw,2,8000,4,False,71.47176265716553,White women,481,0.19750519750519752,0.21953028489783064,0.13736833060085468,0.7562857922007091,0.007772020725388601,0.02494802494802495
catboost,raw,2,8000,4,False,72.62086653709412,All,5460,0.24065934065934066,0.25633793274164746,0.16057493738577816,0.7370163315983351,0.03280270139893873,0.053296703296703295
catboost,raw,2,8000,4,False,72.62086653709412,Men,4718,0.2507418397626113,0.26368351179612237,0.16571099460789757,0.7301689062759676,0.03734087694483734,0.05892327257312421
catboost,raw,2,8000,4,False,72.62086653709412,Women,742,0.1765498652291105,0.20963113762168398,0.12791736599230166,0.7616096750415413,0.006546644844517185,0.01752021563342318
catboost,raw,2,8000,4,False,72.62086653709412,Black,3107,0.24074670099774703,0.2631062935195474,0.16408369072974555,0.7189651420319949,0.03857566765578635,0.05728999034438365
catboost,raw,2,8000,4,False,72.62086653709412,White,2353,0.24054398640034,0.24740070497414418,0.15594183214153393,0.7611459678360203,0.02518186905428092,0.048023799405014875
catboost,raw,2,8000,4,False,72.62086653709412,Black men,2846,0.2501756851721715,0.2696834212529166,0.1689977190969932,0.7115290955424745,0.04217432052483599,0.06219255094869993
catboost,raw,2,8000,4,False,72.62086653709412,White men,1872,0.2516025641025641,0.2545618545770859,0.16071419017629174,0.7591408017627688,0.029978586723768737,0.053952991452991456
catboost,raw,2,8000,4,False,72.62086653709412,Black women,261,0.13793103448275862,0.19138788153039465,0.11050007106236294,0.7660493827160494,0.0044444444444444444,0.0038314176245210726
catboost,raw,2,8000,4,False,72.62086653709412,White women,481,0.19750519750519752,0.21953028489783064,0.13736833060085468,0.7562857922007091,0.007772020725388601,0.02494802494802495
catboost,raw,2,8000,5,False,106.14162564277649,All,5460,0.24065934065934066,0.25216780346838036,0.15992408507860303,0.7396520531792026,0.03328509406657019,0.054212454212454214
catboost,raw,2,8000,5,False,106.14162564277649,Men,4718,0.2507418397626113,0.26114719030065764,0.16544251656960907,0.7308786306719066,0.03847241867043847,0.06104281475201356
catboost,raw,2,8000,5,False,106.14162564277649,Women,742,0.1765498652291105,0.19507245700654208,0.12483519050371573,0.7777888831973613,0.0032733224222585926,0.01078167115902965
catboost,raw,2,8000,5,False,106.14162564277649,Black,3107,0.24074670099774703,0.2596313096493981,0.16349688062304907,0.7217602174400918,0.03815175922000848,0.05600257483102671
catboost,raw,2,8000,5,False,106.14162564277649,White,2353,0.24054398640034,0.2423126765221746,0.15520641582378203,0.7635039873764389,0.026860660324566313,0.05184870378240544
catboost,raw,2,8000,5,False,106.14162564277649,Black men,2846,0.2501756851721715,0.2673040285044391,0.16878230845496198,0.7126163611090635,0.04217432052483599,0.06113843991567112
catboost,raw,2,8000,5,False,106.14162564277649,White men,1872,0.2516025641025641,0.2517869544417035,0.16036503382083003,0.7589922878865718,0.03283369022127052,0.060897435897435896
catboost,raw,2,8000,5,False,106.14162564277649,Black women,261,0.13793103448275862,0.17596633700017741,0.10586344150571571,0.7890123456790124,0.0,0.0
catboost,raw,2,8000,5,False,106.14162564277649,White women,481,0.19750519750519752,0.20543981110562978,0.13512963226770325,0.7672757022088902,0.0051813471502590676,0.016632016632016633
catboost,raw,2,8000,5,False,107.76610255241394,All,5460,0.24065934065934066,0.25216780346838036,0.15992408507860303,0.7396520531792026,0.03328509406657019,0.054212454212454214
catboost,raw,2,8000,5,False,107.76610255241394,Men,4718,0.2507418397626113,0.26114719030065764,0.16544251656960907,0.7308786306719066,0.03847241867043847,0.06104281475201356
catboost,raw,2,8000,5,False,107.76610255241394,Women,742,0.1765498652291105,0.19507245700654208,0.12483519050371573,0.7777888831973613,0.0032733224222585926,0.01078167115902965
catboost,raw,2,8000,5,False,107.76610255241394,Black,3107,0.24074670099774703,0.2596313096493981,0.16349688062304907,0.7217602174400918,0.03815175922000848,0.05600257483102671
catboost,raw,2,8000,5,False,107.76610255241394,White,2353,0.24054398640034,0.2423126765221746,0.15520641582378203,0.7635039873764389,0.026860660324566313,0.05184870378240544
catboost,raw,2,8000,5,False,107.76610255241394,Black men,2846,0.2501756851721715,0.2673040285044391,0.16878230845496198,0.7126163611090635,0.04217432052483599,0.06113843991567112
catboost,raw,2,8000,5,False,107.76610255241394,White men,1872,0.2516025641025641,0.2517869544417035,0.16036503382083003,0.7589922878865718,0.03283369022127052,0.060897435897435896
catboost,raw,2,8000,5,False,107.76610255241394,Black women,261,0.13793103448275862,0.17596633700017741,0.10586344150571571,0.7890123456790124,0.0,0.0
catboost,raw,2,8000,5,False,107.76610255241394,White women,481,0.19750519750519752,0.20543981110562978,0.13512963226770325,0.7672757022088902,0.0051813471502590676,0.016632016632016633
catboost,raw,2,8000,6,False,141.28322196006775,All,5460,0.24065934065934066,0.25286928098721634,0.1597290118097443,0.7398078946460287,0.04510371442354076,0.07362637362637363
catboost,raw,2,8000,6,False,141.28322196006775,Men,4718,0.2507418397626113,0.25974864881907267,0.16518365003429006,0.7315606165132875,0.050353606789250355,0.07969478592623994
catboost,raw,2,8000,6,False,141.28322196006775,Women,742,0.1765498652291105,0.20912688552805417,0.12504574611782124,0.7730038355342888,0.014729950900163666,0.03504043126684636
catboost,raw,2,8000,6,False,141.28322196006775,Black,3107,0.24074670099774703,0.2592003136769136,0.16423572112582838,0.7184726601727823,0.048749470114455275,0.07499195365304152
catboost,raw,2,8000,6,False,141.28322196006775,White,2353,0.24054398640034,0.2445095195903233,0.1537781635967935,0.7677701736728354,0.04029099048684947,0.0718232044198895
catboost,raw,2,8000,6,False,141.28322196006775,Black men,2846,0.2501756851721715,0.2658060160498884,0.16928893561692782,0.7106063677432264,0.053420805998125584,0.08116654954321856
catboost,raw,2,8000,6,False,141.28322196006775,White men,1872,0.2516025641025641,0.2505396385953006,0.15894238787179696,0.7631825008221303,0.04568165596002855,0.07745726495726496
catboost,raw,2,8000,6,False,141.28322196006775,Black women,261,0.13793103448275862,0.18717031768654468,0.10913438610027675,0.7620987654320988,0.0044444444444444444,0.007662835249042145
catboost,raw,2,8000,6,False,141.28322196006775,White women,481,0.19750519750519752,0.22104094832770896,0.13367956101299605,0.7739569130079085,0.02072538860103627,0.0498960498960499
catboost,raw,2,8000,6,False,143.82789540290833,All,5460,0.24065934065934066,0.25286928098721634,0.1597290118097443,0.7398078946460287,0.04510371442354076,0.07362637362637363
catboost,raw,2,8000,6,False,143.82789540290833,Men,4718,0.2507418397626113,0.25974864881907267,0.16518365003429006,0.7315606165132875,0.050353606789250355,0.07969478592623994
catboost,raw,2,8000,6,False,143.82789540290833,Women,742,0.1765498652291105,0.20912688552805417,0.12504574611782124,0.7730038355342888,0.014729950900163666,0.03504043126684636
catboost,raw,2,8000,6,False,143.82789540290833,Black,3107,0.24074670099774703,0.2592003136769136,0.16423572112582838,0.7184726601727823,0.048749470114455275,0.07499195365304152
catboost,raw,2,8000,6,False,143.82789540290833,White,2353,0.24054398640034,0.2445095195903233,0.1537781635967935,0.7677701736728354,0.04029099048684947,0.0718232044198895
catboost,raw,2,8000,6,False,143.82789540290833,Black men,2846,0.2501756851721715,0.2658060160498884,0.16928893561692782,0.7106063677432264,0.053420805998125584,0.08116654954321856
catboost,raw,2,8000,6,False,143.82789540290833,White men,1872,0.2516025641025641,0.2505396385953006,0.15894238787179696,0.7631825008221303,0.04568165596002855,0.07745726495726496
catboost,raw,2,8000,6,False,143.82789540290833,Black women,261,0.13793103448275862,0.18717031768654468,0.10913438610027675,0.7620987654320988,0.0044444444444444444,0.007662835249042145
catboost,raw,2,8000,6,False,143.82789540290833,White women,481,0.19750519750519752,0.22104094832770896,0.13367956101299605,0.7739569130079085,0.02072538860103627,0.0498960498960499
catboost,raw,2,8000,7,False,136.63286423683167,All,5460,0.24065934065934066,0.25029283083688075,0.1596982152602192,0.7427374939517358,0.03979739507959479,0.062454212454212454
catboost,raw,2,8000,7,False,136.63286423683167,Men,4718,0.2507418397626113,0.258569406199397,0.16524412446484826,0.7341051506430682,0.044978783592644976,0.06930902924968207
catboost,raw,2,8000,7,False,136.63286423683167,Women,742,0.1765498652291105,0.19766630447522088,0.1244346039024835,0.7820616933821416,0.009819967266775777,0.018867924528301886
catboost,raw,2,8000,7,False,136.63286423683167,Black,3107,0.24074670099774703,0.2588358737944009,0.16389312427674488,0.7224697540197628,0.04917337855023315,0.06919858384293531
catboost,raw,2,8000,7,False,136.63286423683167,White,2353,0.24054398640034,0.23901223820236522,0.1541590812549726,0.7701183063388707,0.027420257414661444,0.05354866128346791
catboost,raw,2,8000,7,False,136.63286423683167,Black men,2846,0.2501756851721715,0.26580955393204275,0.16916864951108818,0.7133831071048725,0.053420805998125584,0.07484188334504568
catboost,raw,2,8000,7,False,136.63286423683167,White men,1872,0.2516025641025641,0.24756221578961607,0.1592776723913446,0.7662027881207085,0.032119914346895075,0.060897435897435896
catboost,raw,2,8000,7,False,136.63286423683167,Black women,261,0.13793103448275862,0.1827933693050189,0.1063676652080052,0.801604938271605,0.008888888888888889,0.007662835249042145
catboost,raw,2,8000,7,False,136.63286423683167,White women,481,0.19750519750519752,0.20573664975468603,0.1342380779134166,0.7724570493591492,0.010362694300518135,0.02494802494802495
catboost,raw,2,8000,7,False,138.07268953323364,All,5460,0.24065934065934066,0.25029283083688075,0.1596982152602192,0.7427374939517358,0.03979739507959479,0.062454212454212454
catboost,raw,2,8000,7,False,138.07268953323364,Men,4718,0.2507418397626113,0.258569406199397,0.16524412446484826,0.7341051506430682,0.044978783592644976,0.06930902924968207
catboost,raw,2,8000,7,False,138.07268953323364,Women,742,0.1765498652291105,0.19766630447522088,0.1244346039024835,0.7820616933821416,0.009819967266775777,0.018867924528301886
catboost,raw,2,8000,7,False,138.07268953323364,Black,3107,0.24074670099774703,0.2588358737944009,0.16389312427674488,0.7224697540197628,0.04917337855023315,0.06919858384293531
catboost,raw,2,8000,7,False,138.07268953323364,White,2353,0.24054398640034,0.23901223820236522,0.1541590812549726,0.7701183063388707,0.027420257414661444,0.05354866128346791
catboost,raw,2,8000,7,False,138.07268953323364,Black men,2846,0.2501756851721715,0.26580955393204275,0.16916864951108818,0.7133831071048725,0.053420805998125584,0.07484188334504568
catboost,raw,2,8000,7,False,138.07268953323364,White men,1872,0.2516025641025641,0.24756221578961607,0.1592776723913446,0.7662027881207085,0.032119914346895075,0.060897435897435896
catboost,raw,2,8000,7,False,138.07268953323364,Black women,261,0.13793103448275862,0.1827933693050189,0.1063676652080052,0.801604938271605,0.008888888888888889,0.007662835249042145
catboost,raw,2,8000,7,False,138.07268953323364,White women,481,0.19750519750519752,0.20573664975468603,0.1342380779134166,0.7724570493591492,0.010362694300518135,0.02494802494802495
catboost,raw,2,8000,8,False,92.65732216835022,All,5460,0.24065934065934066,0.24397770020049311,0.16038516549448423,0.737759194279425,0.02942595272551857,0.0478021978021978
catboost,raw,2,8000,8,False,92.65732216835022,Men,4718,0.2507418397626113,0.2522577978236787,0.16592804752963158,0.7287915435668673,0.034229137199434226,0.05426027977956761
catboost,raw,2,8000,8,False,92.65732216835022,Women,742,0.1765498652291105,0.1913287775775959,0.12514080236533964,0.7782761334815907,0.0016366612111292963,0.006738544474393531
catboost,raw,2,8000,8,False,92.65732216835022,Black,3107,0.24074670099774703,0.2501192236422071,0.16505627572277265,0.7157648600308751,0.0347604917337855,0.0482780817508851
catboost,raw,2,8000,8,False,92.65732216835022,White,2353,0.24054398640034,0.2358681747719315,0.15421723541403715,0.7663375655746943,0.02238388360380526,0.04717382065448364
catboost,raw,2,8000,8,False,92.65732216835022,Black men,2846,0.2501756851721715,0.25735219380143365,0.17062235590756447,0.705070659098807,0.038425492033739454,0.05270555165144062
catboost,raw,2,8000,8,False,92.65732216835022,White men,1872,0.2516025641025641,0.24451279197288248,0.15879129451488963,0.7641872426580347,0.027837259100642397,0.056623931623931624
catboost,raw,2,8000,8,False,92.65732216835022,Black women,261,0.13793103448275862,0.17124936512435793,0.10436254313304993,0.8006172839506173,0.0,0.0
catboost,raw,2,8000,8,False,92.65732216835022,White women,481,0.19750519750519752,0.20222425917904102,0.13641549188639499,0.7643032451595309,0.0025906735751295338,0.010395010395010396
catboost,raw,2,8000,8,False,94.1784508228302,All,5460,0.24065934065934066,0.24397770020049311,0.16038516549448423,0.737759194279425,0.02942595272551857,0.0478021978021978
catboost,raw,2,8000,8,False,94.1784508228302,Men,4718,0.2507418397626113,0.2522577978236787,0.16592804752963158,0.7287915435668673,0.034229137199434226,0.05426027977956761
catboost,raw,2,8000,8,False,94.1784508228302,Women,742,0.1765498652291105,0.1913287775775959,0.12514080236533964,0.7782761334815907,0.0016366612111292963,0.006738544474393531
catboost,raw,2,8000,8,False,94.1784508228302,Black,3107,0.24074670099774703,0.2501192236422071,0.16505627572277265,0.7157648600308751,0.0347604917337855,0.0482780817508851
catboost,raw,2,8000,8,False,94.1784508228302,White,2353,0.24054398640034,0.2358681747719315,0.15421723541403715,0.7663375655746943,0.02238388360380526,0.04717382065448364
catboost,raw,2,8000,8,False,94.1784508228302,Black men,2846,0.2501756851721715,0.25735219380143365,0.17062235590756447,0.705070659098807,0.038425492033739454,0.05270555165144062
catboost,raw,2,8000,8,False,94.1784508228302,White men,1872,0.2516025641025641,0.24451279197288248,0.15879129451488963,0.7641872426580347,0.027837259100642397,0.056623931623931624
catboost,raw,2,8000,8,False,94.1784508228302,Black women,261,0.13793103448275862,0.17124936512435793,0.10436254313304993,0.8006172839506173,0.0,0.0
catboost,raw,2,8000,8,False,94.1784508228302,White women,481,0.19750519750519752,0.20222425917904102,0.13641549188639499,0.7643032451595309,0.0025906735751295338,0.010395010395010396
catboost,raw,2,8000,9,False,136.32918739318848,All,5460,0.24065934065934066,0.24477794219072077,0.15990082175163403,0.7396799541249713,0.0371442354076218,0.05824175824175824
catboost,raw,2,8000,9,False,136.32918739318848,Men,4718,0.2507418397626113,0.25474727734101105,0.1653521150086724,0.7314542056789908,0.042432814710042434,0.06485799067401442
catboost,raw,2,8000,9,False,136.32918739318848,Women,742,0.1765498652291105,0.18138801868793156,0.12523882500405054,0.7689059357079497,0.006546644844517185,0.016172506738544475
catboost,raw,2,8000,9,False,136.32918739318848,Black,3107,0.24074670099774703,0.25487536370805175,0.16397598351169795,0.7206392403198129,0.0453582026282323,0.0634052140328291
catboost,raw,2,8000,9,False,136.32918739318848,White,2353,0.24054398640034,0.23144488283910697,0.1545198070518811,0.7650918194023978,0.02630106323447118,0.051423714407139824
catboost,raw,2,8000,9,False,136.32918739318848,Black men,2846,0.2501756851721715,0.26357710899926845,0.16925361539363856,0.7115883291387172,0.05014058106841612,0.06921995783555868
catboost,raw,2,8000,9,False,136.32918739318848,White men,1872,0.2516025641025641,0.2413232918178271,0.159420667308024,0.7622944484603809,0.030692362598144184,0.05822649572649573
catboost,raw,2,8000,9,False,136.32918739318848,Black women,261,0.13793103448275862,0.15998966601148976,0.10642755310555638,0.7748148148148148,0.0,0.0
catboost,raw,2,8000,9,False,136.32918739318848,White women,481,0.19750519750519752,0.19299918303003413,0.13544618875770328,0.7613035178620126,0.010362694300518135,0.02494802494802495
catboost,raw,2,8000,9,False,136.39389991760254,All,5460,0.24065934065934066,0.24477794219072077,0.15990082175163403,0.7396799541249713,0.0371442354076218,0.05824175824175824
catboost,raw,2,8000,9,False,136.39389991760254,Men,4718,0.2507418397626113,0.25474727734101105,0.1653521150086724,0.7314542056789908,0.042432814710042434,0.06485799067401442
catboost,raw,2,8000,9,False,136.39389991760254,Women,742,0.1765498652291105,0.18138801868793156,0.12523882500405054,0.7689059357079497,0.006546644844517185,0.016172506738544475
catboost,raw,2,8000,9,False,136.39389991760254,Black,3107,0.24074670099774703,0.25487536370805175,0.16397598351169795,0.7206392403198129,0.0453582026282323,0.0634052140328291
catboost,raw,2,8000,9,False,136.39389991760254,White,2353,0.24054398640034,0.23144488283910697,0.1545198070518811,0.7650918194023978,0.02630106323447118,0.051423714407139824
catboost,raw,2,8000,9,False,136.39389991760254,Black men,2846,0.2501756851721715,0.26357710899926845,0.16925361539363856,0.7115883291387172,0.05014058106841612,0.06921995783555868
catboost,raw,2,8000,9,False,136.39389991760254,White men,1872,0.2516025641025641,0.2413232918178271,0.159420667308024,0.7622944484603809,0.030692362598144184,0.05822649572649573
catboost,raw,2,8000,9,False,136.39389991760254,Black women,261,0.13793103448275862,0.15998966601148976,0.10642755310555638,0.7748148148148148,0.0,0.0
catboost,raw,2,8000,9,False,136.39389991760254,White women,481,0.19750519750519752,0.19299918303003413,0.13544618875770328,0.7613035178620126,0.010362694300518135,0.02494802494802495
catboost,raw,2,12651,0,True,138.29445457458496,All,5460,0.24065934065934066,0.2510756301212058,0.15872983662673004,0.7455277720874534,0.03473227206946455,0.05567765567765568
catboost,raw,2,12651,0,True,138.29445457458496,Men,4718,0.2507418397626113,0.2601400425485519,0.16414572944579525,0.7371793476896296,0.04016973125884017,0.06316235693090293
catboost,raw,2,12651,0,True,138.29445457458496,Women,742,0.1765498652291105,0.19343964921525056,0.12429293323003232,0.7793380892292701,0.0032733224222585926,0.008086253369272238
catboost,raw,2,12651,0,True,138.29445457458496,Black,3107,0.24074670099774703,0.25939054848029414,0.1630379607019705,0.7243348377926837,0.0423908435777872,0.06276150627615062
catboost,raw,2,12651,0,True,138.29445457458496,White,2353,0.24054398640034,0.240096262785172,0.15304120870417498,0.7741541284621363,0.024622271964185788,0.046323841903952404
catboost,raw,2,12651,0,True,138.29445457458496,Black men,2846,0.2501756851721715,0.2674516728268142,0.16837640288131978,0.7148395954213747,0.046860356138706656,0.06851721714687281
catboost,raw,2,12651,0,True,138.29445457458496,White men,1872,0.2516025641025641,0.24902417728576634,0.15771384023772753,0.7719690666812149,0.029978586723768737,0.05502136752136752
catboost,raw,2,12651,0,True,138.29445457458496,Black women,261,0.13793103448275862,0.17149031901594156,0.10482644176546431,0.7912345679012346,0.0,0.0
catboost,raw,2,12651,0,True,138.29445457458496,White women,481,0.19750519750519752,0.20534978472880494,0.13485583192494344,0.7697572947913827,0.0051813471502590676,0.012474012474012475
catboost,raw,2,12651,0,True,139.62869238853455,All,5460,0.24065934065934066,0.2510756301212058,0.15872983662673004,0.7455277720874534,0.03473227206946455,0.05567765567765568
catboost,raw,2,12651,0,True,139.62869238853455,Men,4718,0.2507418397626113,0.2601400425485519,0.16414572944579525,0.7371793476896296,0.04016973125884017,0.06316235693090293
catboost,raw,2,12651,0,True,139.62869238853455,Women,742,0.1765498652291105,0.19343964921525056,0.12429293323003232,0.7793380892292701,0.0032733224222585926,0.008086253369272238
catboost,raw,2,12651,0,True,139.62869238853455,Black,3107,0.24074670099774703,0.25939054848029414,0.1630379607019705,0.7243348377926837,0.0423908435777872,0.06276150627615062
catboost,raw,2,12651,0,True,139.62869238853455,White,2353,0.24054398640034,0.240096262785172,0.15304120870417498,0.7741541284621363,0.024622271964185788,0.046323841903952404
catboost,raw,2,12651,0,True,139.62869238853455,Black men,2846,0.2501756851721715,0.2674516728268142,0.16837640288131978,0.7148395954213747,0.046860356138706656,0.06851721714687281
catboost,raw,2,12651,0,True,139.62869238853455,White men,1872,0.2516025641025641,0.24902417728576634,0.15771384023772753,0.7719690666812149,0.029978586723768737,0.05502136752136752
catboost,raw,2,12651,0,True,139.62869238853455,Black women,261,0.13793103448275862,0.17149031901594156,0.10482644176546431,0.7912345679012346,0.0,0.0
catboost,raw,2,12651,0,True,139.62869238853455,White women,481,0.19750519750519752,0.20534978472880494,0.13485583192494344,0.7697572947913827,0.0051813471502590676,0.012474012474012475
catboost,raw,2,12651,1,True,156.3009490966797,All,5460,0.24065934065934066,0.2593690943522385,0.15820149880159415,0.7480669417112532,0.041726965750120595,0.06813186813186813
catboost,raw,2,12651,1,True,156.3009490966797,Men,4718,0.2507418397626113,0.2679295163509396,0.16340590744674677,0.7403809986118767,0.04639321074964639,0.07503179313268334
catboost,raw,2,12651,1,True,156.3009490966797,Women,742,0.1765498652291105,0.20493773183219563,0.1251093155295858,0.7789882685123874,0.014729950900163666,0.02425876010781671
catboost,raw,2,12651,1,True,156.3009490966797,Black,3107,0.24074670099774703,0.2660999390828296,0.16211987854185433,0.7303233945318078,0.04705383637134379,0.06952043772127454
catboost,raw,2,12651,1,True,156.3009490966797,White,2353,0.24054398640034,0.2504814043488613,0.15302750566390244,0.7713867923222489,0.03469501958589815,0.06629834254143646
catboost,raw,2,12651,1,True,156.3009490966797,Black men,2846,0.2501756851721715,0.2738074583300315,0.1672850565524721,0.7214757326537704,0.05107778819119025,0.07484188334504568
catboost,raw,2,12651,1,True,156.3009490966797,White men,1872,0.2516025641025641,0.25899328618400813,0.15750844037682463,0.7692245908670028,0.039257673090649536,0.07532051282051282
catboost,raw,2,12651,1,True,156.3009490966797,Black women,261,0.13793103448275862,0.18205549549073458,0.10579766927665055,0.7982716049382715,0.008888888888888889,0.011494252873563218
catboost,raw,2,12651,1,True,156.3009490966797,White women,481,0.19750519750519752,0.2173540804499115,0.1355881921865839,0.7655849468230161,0.018134715025906734,0.031185031185031187
catboost,raw,2,12651,1,True,158.80924153327942,All,5460,0.24065934065934066,0.2593690943522385,0.15820149880159415,0.7480669417112532,0.041726965750120595,0.06813186813186813
catboost,raw,2,12651,1,True,158.80924153327942,Men,4718,0.2507418397626113,0.2679295163509396,0.16340590744674677,0.7403809986118767,0.04639321074964639,0.07503179313268334
catboost,raw,2,12651,1,True,158.80924153327942,Women,742,0.1765498652291105,0.20493773183219563,0.1251093155295858,0.7789882685123874,0.014729950900163666,0.02425876010781671
catboost,raw,2,12651,1,True,158.80924153327942,Black,3107,0.24074670099774703,0.2660999390828296,0.16211987854185433,0.7303233945318078,0.04705383637134379,0.06952043772127454
catboost,raw,2,12651,1,True,158.80924153327942,White,2353,0.24054398640034,0.2504814043488613,0.15302750566390244,0.7713867923222489,0.03469501958589815,0.06629834254143646
catboost,raw,2,12651,1,True,158.80924153327942,Black men,2846,0.2501756851721715,0.2738074583300315,0.1672850565524721,0.7214757326537704,0.05107778819119025,0.07484188334504568
catboost,raw,2,12651,1,True,158.80924153327942,White men,1872,0.2516025641025641,0.25899328618400813,0.15750844037682463,0.7692245908670028,0.039257673090649536,0.07532051282051282
catboost,raw,2,12651,1,True,158.80924153327942,Black women,261,0.13793103448275862,0.18205549549073458,0.10579766927665055,0.7982716049382715,0.008888888888888889,0.011494252873563218
catboost,raw,2,12651,1,True,158.80924153327942,White women,481,0.19750519750519752,0.2173540804499115,0.1355881921865839,0.7655849468230161,0.018134715025906734,0.031185031185031187
catboost,raw,2,12651,2,True,117.19140815734863,All,5460,0.24065934065934066,0.2541685016392137,0.15876991571553128,0.7455628318285177,0.03135552339604438,0.0510989010989011
catboost,raw,2,12651,2,True,117.19140815734863,Men,4718,0.2507418397626113,0.2622559893602052,0.16392780603515694,0.7383037156511207,0.03564356435643564,0.057227638830012716
catboost,raw,2,12651,2,True,117.19140815734863,Women,742,0.1765498652291105,0.20274428726234284,0.12597351877753415,0.773491085818518,0.006546644844517185,0.012129380053908356
catboost,raw,2,12651,2,True,117.19140815734863,Black,3107,0.24074670099774703,0.2617154703739408,0.1625819775822307,0.7261336150322012,0.03645612547689699,0.05374959768265208
catboost,raw,2,12651,2,True,117.19140815734863,White,2353,0.24054398640034,0.2442031672325851,0.15373630916226522,0.7717743577980746,0.024622271964185788,0.04759881002974926
catboost,raw,2,12651,2,True,117.19140815734863,Black men,2846,0.2501756851721715,0.26891760092762373,0.16772319423173304,0.7173333298231943,0.039831302717900655,0.05832747716092762
catboost,raw,2,12651,2,True,117.19140815734863,White men,1872,0.2516025641025641,0.25212834698794395,0.1581576806038238,0.7707809556716388,0.02926481084939329,0.05555555555555555
catboost,raw,2,12651,2,True,117.19140815734863,Black women,261,0.13793103448275862,0.1831818935318654,0.10652104813976412,0.7874074074074074,0.0044444444444444444,0.0038314176245210726
catboost,raw,2,12651,2,True,117.19140815734863,White women,481,0.19750519750519752,0.21335922440091795,0.136528809497821,0.764412326152168,0.007772020725388601,0.016632016632016633
catboost,raw,2,12651,2,True,118.57260632514954,All,5460,0.24065934065934066,0.2541685016392137,0.15876991571553128,0.7455628318285177,0.03135552339604438,0.0510989010989011
catboost,raw,2,12651,2,True,118.57260632514954,Men,4718,0.2507418397626113,0.2622559893602052,0.16392780603515694,0.7383037156511207,0.03564356435643564,0.057227638830012716
catboost,raw,2,12651,2,True,118.57260632514954,Women,742,0.1765498652291105,0.20274428726234284,0.12597351877753415,0.773491085818518,0.006546644844517185,0.012129380053908356
catboost,raw,2,12651,2,True,118.57260632514954,Black,3107,0.24074670099774703,0.2617154703739408,0.1625819775822307,0.7261336150322012,0.03645612547689699,0.05374959768265208
catboost,raw,2,12651,2,True,118.57260632514954,White,2353,0.24054398640034,0.2442031672325851,0.15373630916226522,0.7717743577980746,0.024622271964185788,0.04759881002974926
catboost,raw,2,12651,2,True,118.57260632514954,Black men,2846,0.2501756851721715,0.26891760092762373,0.16772319423173304,0.7173333298231943,0.039831302717900655,0.05832747716092762
catboost,raw,2,12651,2,True,118.57260632514954,White men,1872,0.2516025641025641,0.25212834698794395,0.1581576806038238,0.7707809556716388,0.02926481084939329,0.05555555555555555
catboost,raw,2,12651,2,True,118.57260632514954,Black women,261,0.13793103448275862,0.1831818935318654,0.10652104813976412,0.7874074074074074,0.0044444444444444444,0.0038314176245210726
catboost,raw,2,12651,2,True,118.57260632514954,White women,481,0.19750519750519752,0.21335922440091795,0.136528809497821,0.764412326152168,0.007772020725388601,0.016632016632016633
catboost,raw,2,12651,3,True,174.39120292663574,All,5460,0.24065934065934066,0.25304721231400507,0.15804546953656012,0.7482227831780792,0.038832609744331885,0.06318681318681318
catboost,raw,2,12651,3,True,174.39120292663574,Men,4718,0.2507418397626113,0.26149282333865786,0.16344808611459039,0.7400031803687555,0.04413012729844413,0.06930902924968207
catboost,raw,2,12651,3,True,174.39120292663574,Women,742,0.1765498652291105,0.19934587428932632,0.12369298299323533,0.782286578128709,0.008183306055646482,0.02425876010781671
catboost,raw,2,12651,3,True,174.39120292663574,Black,3107,0.24074670099774703,0.26016398905177024,0.1620506890623836,0.7288572834043248,0.04578211106401017,0.06726746057289991
catboost,raw,2,12651,3,True,174.39120292663574,White,2353,0.24054398640034,0.24364992148347542,0.15275680949969928,0.7742618953929142,0.02965864577504197,0.0577985550361241
catboost,raw,2,12651,3,True,174.39120292663574,Black men,2846,0.2501756851721715,0.26769496728166775,0.1672486558028313,0.720121915904089,0.05014058106841612,0.07238229093464511
catboost,raw,2,12651,3,True,174.39120292663574,White men,1872,0.2516025641025641,0.25206370920307763,0.15767008326590795,0.7709976646950691,0.03497501784439686,0.06463675213675214
catboost,raw,2,12651,3,True,174.39120292663574,Black women,261,0.13793103448275862,0.17804458659089603,0.10537094445198426,0.7877777777777778,0.0044444444444444444,0.011494252873563218
catboost,raw,2,12651,3,True,174.39120292663574,White women,481,0.19750519750519752,0.21090436927745587,0.13363487916634664,0.7748022907008454,0.010362694300518135,0.031185031185031187
catboost,raw,2,12651,4,True,160.2116141319275,All,5460,0.24065934065934066,0.252616776353056,0.1577378796127917,0.7490454939605466,0.03545586107091172,0.05952380952380952
catboost,raw,2,12651,4,True,160.2116141319275,Men,4718,0.2507418397626113,0.26126067795211433,0.16298623341389165,0.7413647607968138,0.039321074964639324,0.06528189910979229
catboost,raw,2,12651,4,True,160.2116141319275,Women,742,0.1765498652291105,0.19765460958168554,0.12436627148126932,0.7797378843342787,0.01309328968903437,0.022911051212938006
catboost,raw,2,12651,4,True,160.2116141319275,Black,3107,0.24074670099774703,0.2603776451992995,0.16205683265732698,0.7290539361145052,0.03984739296311997,0.06211779851947216
catboost,raw,2,12651,4,True,160.2116141319275,White,2353,0.24054398640034,0.24236899925774008,0.15203495266448266,0.7750459245315104,0.02965864577504197,0.05609859753506162
catboost,raw,2,12651,4,True,160.2116141319275,Black men,2846,0.2501756851721715,0.26800820919745216,0.16715742499881597,0.7209024830723544,0.04358013120899719,0.06711173576950105
catboost,raw,2,12651,4,True,160.2116141319275,White men,1872,0.2516025641025641,0.2510024119669479,0.15664477441245225,0.7721494049594542,0.03283369022127052,0.0625
catboost,raw,2,12651,4,True,160.2116141319275,Black women,261,0.13793103448275862,0.1771723381543093,0.10643887938576506,0.779753086419753,0.0044444444444444444,0.007662835249042145
catboost,raw,2,12651,4,True,160.2116141319275,White women,481,0.19750519750519752,0.20876869033541776,0.13409402478049304,0.7747477502045269,0.018134715025906734,0.031185031185031187
catboost,raw,2,12651,5,True,130.94837999343872,All,5460,0.24065934065934066,0.25420187380204384,0.15846316638376848,0.7474608303762001,0.03473227206946455,0.05714285714285714
catboost,raw,2,12651,5,True,130.94837999343872,Men,4718,0.2507418397626113,0.26299214220250766,0.1637712974108124,0.7395777761570385,0.039321074964639324,0.06379821958456973
catboost,raw,2,12651,5,True,130.94837999343872,Women,742,0.1765498652291105,0.19830903510475467,0.12471146532501773,0.7798253395134993,0.008183306055646482,0.014824797843665768
catboost,raw,2,12651,5,True,130.94837999343872,Black,3107,0.24074670099774703,0.2619607032720332,0.16244627635321832,0.7284424425286704,0.04027130139889784,0.06115223688445446
catboost,raw,2,12651,5,True,130.94837999343872,White,2353,0.24054398640034,0.24395678958476497,0.15320370073350048,0.7727818302977334,0.027420257414661444,0.05184870378240544
catboost,raw,2,12651,5,True,130.94837999343872,Black men,2846,0.2501756851721715,0.26969240062046407,0.16772640434695502,0.7193301601676443,0.044048734770384255,0.06640899508081517
catboost,raw,2,12651,5,True,130.94837999343872,White men,1872,0.2516025641025641,0.2528057450564052,0.15775835171622798,0.7705369685893153,0.032119914346895075,0.05982905982905983
catboost,raw,2,12651,5,True,130.94837999343872,Black women,261,0.13793103448275862,0.1776526164764997,0.10487062780848774,0.7928395061728395,0.0044444444444444444,0.0038314176245210726
catboost,raw,2,12651,5,True,130.94837999343872,White women,481,0.19750519750519752,0.2095176115329762,0.1354774915034259,0.7694027815653122,0.010362694300518135,0.02079002079002079
catboost,raw,2,12651,6,True,129.86124682426453,All,5460,0.24065934065934066,0.25757707045888983,0.15870825248267906,0.7453258573483381,0.034491075735648816,0.05879120879120879
catboost,raw,2,12651,6,True,129.86124682426453,Men,4718,0.2507418397626113,0.26595860755518264,0.16401822775033367,0.7370184162480975,0.039321074964639324,0.06612971598134802
catboost,raw,2,12651,6,True,129.86124682426453,Women,742,0.1765498652291105,0.20428314590321647,0.12494482483740346,0.7805374745442961,0.006546644844517185,0.012129380053908356
catboost,raw,2,12651,6,True,129.86124682426453,Black,3107,0.24074670099774703,0.2657061957522432,0.16291377968758614,0.7262089891257285,0.04027130139889784,0.06276150627615062
catboost,raw,2,12651,6,True,129.86124682426453,White,2353,0.24054398640034,0.24684303208810826,0.15315509777564704,0.7709468264121918,0.026860660324566313,0.05354866128346791
catboost,raw,2,12651,6,True,129.86124682426453,Black men,2846,0.2501756851721715,0.2732445119336051,0.16812855430756762,0.7169733211882523,0.044048734770384255,0.06816584680252986
catboost,raw,2,12651,6,True,129.86124682426453,White men,1872,0.2516025641025641,0.2548818533559357,0.15776930179847046,0.7680910359752133,0.032119914346895075,0.06303418803418803
catboost,raw,2,12651,6,True,129.86124682426453,Black women,261,0.13793103448275862,0.1835067786941739,0.10605075835246236,0.7909876543209876,0.0044444444444444444,0.0038314176245210726
catboost,raw,2,12651,6,True,129.86124682426453,White women,481,0.19750519750519752,0.21555680877548275,0.13519711455168545,0.7709571857103898,0.007772020725388601,0.016632016632016633
catboost,raw,2,12651,7,True,150.28806734085083,All,5460,0.24065934065934066,0.2577201791098543,0.1585283454949404,0.7467618382611543,0.03931500241196334,0.06135531135531135
catboost,raw,2,12651,7,True,150.28806734085083,Men,4718,0.2507418397626113,0.266025284158756,0.16390277295147196,0.7379715703728323,0.044695898161244696,0.06846121237812633
catboost,raw,2,12651,7,True,150.28806734085083,Women,742,0.1765498652291105,0.20491224700646088,0.12435509921473031,0.787508901687885,0.008183306055646482,0.016172506738544475
catboost,raw,2,12651,7,True,150.28806734085083,Black,3107,0.24074670099774703,0.26513075897758975,0.16274366529421228,0.7263092990095957,0.04323866044934294,0.06469262954618603
catboost,raw,2,12651,7,True,150.28806734085083,White,2353,0.24054398640034,0.24793493829002686,0.15296226023512843,0.774090852466083,0.03413542249580302,0.05694857628559286
catboost,raw,2,12651,7,True,150.28806734085083,Black men,2846,0.2501756851721715,0.27257985279126373,0.1679661785368382,0.717077967208281,0.04732895970009372,0.06992269852424456
catboost,raw,2,12651,7,True,150.28806734085083,White men,1872,0.2516025641025641,0.25606037906894985,0.15772518091303592,0.7701474985262271,0.04068522483940043,0.06623931623931624
catboost,raw,2,12651,7,True,150.28806734085083,Black women,261,0.13793103448275862,0.18390424176028666,0.1057962603573789,0.7987654320987654,0.0044444444444444444,0.007662835249042145
catboost,raw,2,12651,7,True,150.28806734085083,White women,481,0.19750519750519752,0.2163116012044889,0.13442548786705613,0.7793564221434415,0.010362694300518135,0.02079002079002079
catboost,raw,2,12651,8,True,153.34526801109314,All,5460,0.24065934065934066,0.25620964742475494,0.15862565454578306,0.7474476141387308,0.03931500241196334,0.06025641025641026
catboost,raw,2,12651,8,True,153.34526801109314,Men,4718,0.2507418397626113,0.26515077045168023,0.16394889707208515,0.7392666739201393,0.04413012729844413,0.06740144128868164
catboost,raw,2,12651,8,True,153.34526801109314,Women,742,0.1765498652291105,0.19935760100826816,0.12477786716156043,0.7817618470533851,0.011456628477905073,0.014824797843665768
catboost,raw,2,12651,8,True,153.34526801109314,Black,3107,0.24074670099774703,0.2639469737487217,0.16317245163455255,0.7257102733189311,0.04578211106401017,0.06404892178950757
catboost,raw,2,12651,8,True,153.34526801109314,White,2353,0.24054398640034,0.24599295686437903,0.15262187275453504,0.7761819263981524,0.03077783995523223,0.055248618784530384
catboost,raw,2,12651,8,True,153.34526801109314,Black men,2846,0.2501756851721715,0.2719063312117361,0.16848208528048,0.7162144730052757,0.05014058106841612,0.06957132817990162
catboost,raw,2,12651,8,True,153.34526801109314,White men,1872,0.2516025641025641,0.2548802972021508,0.15705709491338235,0.7745044107105782,0.03497501784439686,0.0641025641025641
catboost,raw,2,12651,8,True,153.34526801109314,Black women,261,0.13793103448275862,0.17715643221715485,0.10527506712761937,0.7928395061728395,0.0044444444444444444,0.0038314176245210726
catboost,raw,2,12651,8,True,153.34526801109314,White women,481,0.19750519750519752,0.21140438906332132,0.13536046759577797,0.7719934551404418,0.015544041450777202,0.02079002079002079
catboost,raw,2,12651,9,True,145.83267831802368,All,5460,0.24065934065934066,0.2531248840804886,0.15816048704066682,0.7486264290974558,0.03569705740472745,0.05934065934065934
catboost,raw,2,12651,9,True,145.83267831802368,Men,4718,0.2507418397626113,0.261803186333022,0.16350683940666944,0.7405094089894437,0.04045261669024045,0.06612971598134802
catboost,raw,2,12651,9,True,145.83267831802368,Women,742,0.1765498652291105,0.19794398107853117,0.12416575595872568,0.7815494559038492,0.008183306055646482,0.016172506738544475
catboost,raw,2,12651,9,True,145.83267831802368,Black,3107,0.24074670099774703,0.26063368068462694,0.16206794253160212,0.72968526498811,0.041966935142009325,0.06469262954618603
catboost,raw,2,12651,9,True,145.83267831802368,White,2353,0.24054398640034,0.24320995375789722,0.15300091874048158,0.7737764498606939,0.027420257414661444,0.05227369315767106
catboost,raw,2,12651,9,True,145.83267831802368,Black men,2846,0.2501756851721715,0.26834230406458937,0.16728469157488746,0.7207629550456494,0.04592314901593252,0.07027406886858749
catboost,raw,2,12651,9,True,145.83267831802368,White men,1872,0.2516025641025641,0.2518617712347098,0.15776337398426102,0.7707536776127455,0.032119914346895075,0.05982905982905983
catboost,raw,2,12651,9,True,145.83267831802368,Black women,261,0.13793103448275862,0.17657719739201042,0.10518339166114174,0.7911111111111111,0.0044444444444444444,0.0038314176245210726
catboost,raw,2,12651,9,True,145.83267831802368,White women,481,0.19750519750519752,0.20953801546976178,0.13446595779171827,0.7718843741478048,0.010362694300518135,0.02286902286902287
catboost,raw,3,500,0,False,12.718861103057861,All,4146,0.19826338639652677,0.17898201939432187,0.15432926153434995,0.62677577508996,0.0015042117930204573,0.001447178002894356
catboost,raw,3,500,0,False,12.718861103057861,Men,3535,0.2065063649222065,0.18179420959987258,0.15998952051494744,0.616840280321344,0.0017825311942959,0.0016973125884016972
catboost,raw,3,500,0,False,12.718861103057861,Women,611,0.15057283142389524,0.16271181910525215,0.12158128199848682,0.6743528524754963,0.0,0.0
catboost,raw,3,500,0,False,12.718861103057861,Black,2359,0.19584569732937684,0.17912383935149928,0.1547273424179883,0.6069779807260038,0.0021085925144965737,0.00211954217888936
catboost,raw,3,500,0,False,12.718861103057861,White,1787,0.20145495243424735,0.17879480435292205,0.15380375912556263,0.6522560928132057,0.000700770847932726,0.0005595970900951316
catboost,raw,3,500,0,False,12.718861103057861,Black men,2134,0.20290534208059982,0.1814418393789184,0.15944259025061389,0.598581462066194,0.0023515579071134627,0.0023430178069353325
catboost,raw,3,500,0,False,12.718861103057861,White men,1401,0.21199143468950749,0.18233093911558715,0.16082260344434635,0.6435764651344361,0.0009057971014492754,0.0007137758743754461
catboost,raw,3,500,0,False,12.718861103057861,Black women,225,0.1288888888888889,0.15713889686922192,0.11000583630766379,0.6648486980999295,0.0,0.0
catboost,raw,3,500,0,False,12.718861103057861,White women,386,0.16321243523316062,0.16596028413920758,0.12832862728458838,0.6735466116271069,0.0,0.0
catboost,raw,3,500,1,False,40.660194873809814,All,4146,0.19826338639652677,0.14567712258128263,0.1579148619395053,0.6350445480923227,0.0024067388688327317,0.003135552339604438
catboost,raw,3,500,1,False,40.660194873809814,Men,3535,0.2065063649222065,0.15014548798362803,0.16356914571906858,0.6296456914023392,0.00285204991087344,0.0036775106082036777
catboost,raw,3,500,1,False,40.660194873809814,Women,611,0.15057283142389524,0.1198249594105935,0.12520145251109885,0.6442992376644048,0.0,0.0
catboost,raw,3,500,1,False,40.660194873809814,Black,2359,0.19584569732937684,0.1463265173769531,0.15713012366464357,0.621586373563179,0.0021085925144965737,0.002543450614667232
catboost,raw,3,500,1,False,40.660194873809814,White,1787,0.20145495243424735,0.14481986330708752,0.15895078672428353,0.650895429416803,0.002803083391730904,0.00391717963066592
catboost,raw,3,500,1,False,40.660194873809814,Black men,2134,0.20290534208059982,0.14924340967297164,0.16199794358961567,0.6168155398332458,0.0023515579071134627,0.0028116213683223993
catboost,raw,3,500,1,False,40.660194873809814,White men,1401,0.21199143468950749,0.15151953160599835,0.16596239721389555,0.6461993119601814,0.0036231884057971015,0.004996431120628123
catboost,raw,3,500,1,False,40.660194873809814,Black women,225,0.1288888888888889,0.11866141444493726,0.1109615560206862,0.6337086558761436,0.0,0.0
catboost,raw,3,500,1,False,40.660194873809814,White women,386,0.16321243523316062,0.12050319157969365,0.1335019103099145,0.649515946729569,0.0,0.0
catboost,raw,3,500,2,False,7.694730997085571,All,4146,0.19826338639652677,0.1985712211104802,0.15685206633557036,0.5820893392008573,0.0,0.0
catboost,raw,3,500,2,False,7.694730997085571,Men,3535,0.2065063649222065,0.2038260255775676,0.16218667019764138,0.570566747246844,0.0,0.0
catboost,raw,3,500,2,False,7.694730997085571,Women,611,0.15057283142389524,0.168169038146235,0.12598819620067497,0.6229580296556925,0.0,0.0
catboost,raw,3,500,2,False,7.694730997085571,Black,2359,0.19584569732937684,0.20569936015720094,0.15569475195850685,0.5759378558535122,0.0,0.0
catboost,raw,3,500,2,False,7.694730997085571,White,1787,0.20145495243424735,0.18916143934706994,0.15837982493405545,0.5980689869968077,0.0,0.0
catboost,raw,3,500,2,False,7.694730997085571,Black men,2134,0.20290534208059982,0.20962037521199015,0.16031209756141432,0.5645028803868937,0.0,0.0
catboost,raw,3,500,2,False,7.694730997085571,White men,1401,0.21199143468950749,0.19500008544918943,0.16504201495546333,0.5873651978724442,0.0,0.0
catboost,raw,3,500,2,False,7.694730997085571,Black women,225,0.1288888888888889,0.16851071070422227,0.11190179410693099,0.622624912033779,0.0,0.0
catboost,raw,3,500,2,False,7.694730997085571,White women,386,0.16321243523316062,0.167969876681087,0.13419918187708016,0.6250429996560029,0.0,0.0
catboost,raw,3,500,3,False,7.309455156326294,All,4146,0.19826338639652677,0.18513717916033082,0.15485700757164084,0.6186984139532297,0.0,0.0
catboost,raw,3,500,3,False,7.309455156326294,Men,3535,0.2065063649222065,0.18813424274597,0.16008618476875008,0.6112729226186115,0.0,0.0
catboost,raw,3,500,3,False,7.309455156326294,Women,611,0.15057283142389524,0.16779737592754107,0.12460309367347178,0.637555499706794,0.0,0.0
catboost,raw,3,500,3,False,7.309455156326294,Black,2359,0.19584569732937684,0.18877060083378844,0.15352720614882848,0.6070042240311087,0.0,0.0
catboost,raw,3,500,3,False,7.309455156326294,White,1787,0.20145495243424735,0.18034073723101546,0.15661246451423422,0.6380888421708324,0.0,0.0
catboost,raw,3,500,3,False,7.309455156326294,Black men,2134,0.20290534208059982,0.1909464613127833,0.15790985985579334,0.6025093240900272,0.0,0.0
catboost,raw,3,500,3,False,7.309455156326294,White men,1401,0.21199143468950749,0.18385067784834,0.16340115790525955,0.6282297613819353,0.0,0.0
catboost,raw,3,500,3,False,7.309455156326294,Black women,225,0.1288888888888889,0.16813377300189913,0.11196017054588159,0.5942997888810696,0.0,0.0
catboost,raw,3,500,3,False,7.309455156326294,White women,386,0.16321243523316062,0.16760128955000075,0.1319726732167562,0.6617032778023489,0.0,0.0
catboost,raw,3,500,4,False,18.77098298072815,All,4146,0.19826338639652677,0.18223081606133,0.1558274270538759,0.6214378361602267,0.003309265944645006,0.004341534008683068
catboost,raw,3,500,4,False,18.77098298072815,Men,3535,0.2065063649222065,0.18585338702139964,0.16147041578259325,0.6123063023465924,0.0032085561497326204,0.004526166902404526
catboost,raw,3,500,4,False,18.77098298072815,Women,611,0.15057283142389524,0.16127207900102522,0.12317936624206591,0.6646561112507331,0.0038535645472061657,0.0032733224222585926
catboost,raw,3,500,4,False,18.77098298072815,Black,2359,0.19584569732937684,0.18769373923398563,0.1555331048336716,0.6103610850579748,0.0031628887717448603,0.005510809665112336
catboost,raw,3,500,4,False,18.77098298072815,White,1787,0.20145495243424735,0.1750192683476788,0.15621595873684285,0.6371252822549248,0.00350385423966363,0.0027979854504756574
catboost,raw,3,500,4,False,18.77098298072815,Black men,2134,0.20290534208059982,0.19124245344556595,0.1601703735022207,0.6045567544156202,0.003527336860670194,0.006091846298031865
catboost,raw,3,500,4,False,18.77098298072815,White men,1401,0.21199143468950749,0.1776447733531834,0.1634506372146526,0.6259728931830382,0.002717391304347826,0.0021413276231263384
catboost,raw,3,500,4,False,18.77098298072815,Black women,225,0.1288888888888889,0.15403615644504182,0.11155118777285511,0.6386347642505277,0.0,0.0
catboost,raw,3,500,4,False,18.77098298072815,White women,386,0.16321243523316062,0.16548990950645592,0.12995744954665767,0.6753157403312202,0.006191950464396285,0.0051813471502590676
catboost,raw,3,500,5,False,7.572707414627075,All,4146,0.19826338639652677,0.19664915501777044,0.1565586317632559,0.5983377544716447,0.0,0.0
catboost,raw,3,500,5,False,7.572707414627075,Men,3535,0.2065063649222065,0.1978141430041485,0.1618464503586217,0.5922950699582448,0.0,0.0
catboost,raw,3,500,5,False,7.572707414627075,Women,611,0.15057283142389524,0.18990900357448653,0.12596544234489568,0.6342674038703191,0.0,0.0
catboost,raw,3,500,5,False,7.572707414627075,Black,2359,0.19584569732937684,0.19891832503864101,0.15684230474674524,0.5755955518738861,0.0,0.0
catboost,raw,3,500,5,False,7.572707414627075,White,1787,0.20145495243424735,0.19365364741887076,0.15618415802623772,0.6288503464922527,0.0,0.0
catboost,raw,3,500,5,False,7.572707414627075,Black men,2134,0.20290534208059982,0.20076911059055264,0.1614098546168754,0.568457896659077,0.0,0.0
catboost,raw,3,500,5,False,7.572707414627075,White men,1401,0.21199143468950749,0.19331314312592837,0.1625114719952288,0.6291569072366174,0.0,0.0
catboost,raw,3,500,5,False,7.572707414627075,Black women,225,0.1288888888888889,0.18136465229295476,0.11352163175626638,0.6296622097114708,0.0,0.0
catboost,raw,3,500,5,False,7.572707414627075,White women,386,0.16321243523316062,0.19488951921786643,0.13321895887971846,0.6322669418644651,0.0,0.0
catboost,raw,3,500,6,False,8.334644079208374,All,4146,0.19826338639652677,0.2033522523280379,0.15758797158735074,0.5957604650686154,0.0,0.0
catboost,raw,3,500,6,False,8.334644079208374,Men,3535,0.2065063649222065,0.20769529004440088,0.16374010207620165,0.5788318316118477,0.0,0.0
catboost,raw,3,500,6,False,8.334644079208374,Women,611,0.15057283142389524,0.17822518468917867,0.12199422154138012,0.6739339867638435,0.0,0.0
catboost,raw,3,500,6,False,8.334644079208374,Black,2359,0.19584569732937684,0.20299639599065117,0.15655457836661116,0.595028148797258,0.0,0.0
catboost,raw,3,500,6,False,8.334644079208374,White,1787,0.20145495243424735,0.20382201455517582,0.15895214316414122,0.5973331776064782,0.0,0.0
catboost,raw,3,500,6,False,8.334644079208374,Black men,2134,0.20290534208059982,0.2050356303473805,0.16174443205805816,0.5828822333826182,0.0,0.0
catboost,raw,3,500,6,False,8.334644079208374,White men,1401,0.21199143468950749,0.21174647762001936,0.16677990208956223,0.5726864051139413,0.0,0.0
catboost,raw,3,500,6,False,8.334644079208374,Black women,225,0.1288888888888889,0.1836553910250491,0.10733169935528684,0.6988036593947924,0.0,0.0
catboost,raw,3,500,6,False,8.334644079208374,White women,386,0.16321243523316062,0.1750599089752645,0.13054102851513918,0.6717774829229938,0.0,0.0
catboost,raw,3,500,7,False,9.971771478652954,All,4146,0.19826338639652677,0.22005215601352915,0.155610927963989,0.6222137312943394,0.003309265944645006,0.004100337674867342
catboost,raw,3,500,7,False,9.971771478652954,Men,3535,0.2065063649222065,0.2224337199781945,0.16047111856940505,0.6178585207432911,0.00392156862745098,0.004809052333804809
catboost,raw,3,500,7,False,9.971771478652954,Women,611,0.15057283142389524,0.20627338577606258,0.12749182192447073,0.6369690877104801,0.0,0.0
catboost,raw,3,500,7,False,9.971771478652954,Black,2359,0.19584569732937684,0.22409609719657927,0.1562995908295931,0.6084841182363585,0.005271481286241434,0.005934718100890208
catboost,raw,3,500,7,False,9.971771478652954,White,1787,0.20145495243424735,0.214713791575468,0.15470183132159396,0.6410087207038854,0.000700770847932726,0.0016787912702853946
catboost,raw,3,500,7,False,9.971771478652954,Black men,2134,0.20290534208059982,0.22585805248167712,0.1609394095060777,0.5996526971636029,0.005878894767783657,0.006560449859418931
catboost,raw,3,500,7,False,9.971771478652954,White men,1401,0.21199143468950749,0.21721778453034885,0.1597578188842805,0.6460681696188942,0.0009057971014492754,0.0021413276231263384
catboost,raw,3,500,7,False,9.971771478652954,Black women,225,0.1288888888888889,0.20738493018147372,0.11229348836017887,0.697396199859254,0.0,0.0
catboost,raw,3,500,7,False,9.971771478652954,White women,386,0.16321243523316062,0.20562546481435917,0.13635095418344914,0.6064671482628139,0.0,0.0
catboost,raw,3,500,8,False,10.528270959854126,All,4146,0.19826338639652677,0.17660222345398857,0.15306348995090682,0.6530811820542776,0.0069193742478941035,0.00964785335262904
catboost,raw,3,500,8,False,10.528270959854126,Men,3535,0.2065063649222065,0.1847946496208352,0.15799447103795783,0.6483344321539326,0.00819964349376114,0.011315417256011316
catboost,raw,3,500,8,False,10.528270959854126,Women,611,0.15057283142389524,0.12920414407624248,0.12453481868621731,0.6545405043143169,0.0,0.0
catboost,raw,3,500,8,False,10.528270959854126,Black,2359,0.19584569732937684,0.18089491419994536,0.1532647985714992,0.6363796105493522,0.00790722192936215,0.0105977108944468
catboost,raw,3,500,8,False,10.528270959854126,White,1787,0.20145495243424735,0.1709354873209655,0.15279774454744993,0.6762925328972981,0.005606166783461808,0.008393956351426972
catboost,raw,3,500,8,False,10.528270959854126,Black men,2134,0.20290534208059982,0.1871676964435093,0.15772231496116781,0.6312683885175545,0.008818342151675485,0.011715089034676664
catboost,raw,3,500,8,False,10.528270959854126,White men,1401,0.21199143468950749,0.18118003012077333,0.1584090185524974,0.675508100326941,0.007246376811594203,0.010706638115631691
catboost,raw,3,500,8,False,10.528270959854126,Black women,225,0.1288888888888889,0.12140105949876545,0.110987732013487,0.6356439127375089,0.0,0.0
catboost,raw,3,500,8,False,10.528270959854126,White women,386,0.16321243523316062,0.13375257420560085,0.1324314365653995,0.6629318394024275,0.0,0.0
catboost,raw,3,500,9,False,8.092572450637817,All,4146,0.19826338639652677,0.177663738117555,0.1555739280310615,0.6089462904892824,0.0,0.0
catboost,raw,3,500,9,False,8.092572450637817,Men,3535,0.2065063649222065,0.18009030332520481,0.16085397404694313,0.6031851146436158,0.0,0.0
catboost,raw,3,500,9,False,8.092572450637817,Women,611,0.15057283142389524,0.16362460880652044,0.12502570762821108,0.6239423640780766,0.0,0.0
catboost,raw,3,500,9,False,8.092572450637817,Black,2359,0.19584569732937684,0.18157484007810748,0.15533131397769567,0.5844726350788555,0.0,0.0
catboost,raw,3,500,9,False,8.092572450637817,White,1787,0.20145495243424735,0.17250073334702157,0.15589420030408327,0.6417406369228374,0.0,0.0
catboost,raw,3,500,9,False,8.092572450637817,Black men,2134,0.20290534208059982,0.18371986184025363,0.16007643183999523,0.5754093842366873,0.0,0.0
catboost,raw,3,500,9,False,8.092572450637817,White men,1401,0.21199143468950749,0.1745617680852947,0.16203832456059536,0.6449488849851169,0.0,0.0
catboost,raw,3,500,9,False,8.092572450637817,Black women,225,0.1288888888888889,0.1612305003429081,0.11032650723037449,0.6277269528501056,0.0,0.0
catboost,raw,3,500,9,False,8.092572450637817,White women,386,0.16321243523316062,0.1650201383513722,0.13359389438860808,0.6189984765836158,0.0,0.0
catboost,raw,3,1000,0,False,11.737885475158691,All,4146,0.19826338639652677,0.20366636156684373,0.15142838369726735,0.6591551233966053,0.00030084235860409147,0.000241196333815726
catboost,raw,3,1000,0,False,11.737885475158691,Men,3535,0.2065063649222065,0.2050225360927469,0.1564997338322545,0.6531423827314239,0.00035650623885918,0.0002828854314002829
catboost,raw,3,1000,0,False,11.737885475158691,Women,611,0.15057283142389524,0.19582008178113536,0.1220875936364171,0.6932436960710396,0.0,0.0
catboost,raw,3,1000,0,False,11.737885475158691,Black,2359,0.19584569732937684,0.20398815605324178,0.15046181327456667,0.6578340829790487,0.0,0.0
catboost,raw,3,1000,0,False,11.737885475158691,White,1787,0.20145495243424735,0.20324156403275698,0.15270434319763157,0.6608522152145138,0.000700770847932726,0.0005595970900951316
catboost,raw,3,1000,0,False,11.737885475158691,Black men,2134,0.20290534208059982,0.2052662188121461,0.15487112640265743,0.653301345628777,0.0,0.0
catboost,raw,3,1000,0,False,11.737885475158691,White men,1401,0.21199143468950749,0.20465135913114962,0.15898042494914247,0.6532322012394476,0.0009057971014492754,0.0007137758743754461
catboost,raw,3,1000,0,False,11.737885475158691,Black women,225,0.1288888888888889,0.1918664408199004,0.1086419278730303,0.6989795918367346,0.0,0.0
catboost,raw,3,1000,0,False,11.737885475158691,White women,386,0.16321243523316062,0.19812466524299513,0.1299250931098939,0.6911396137402329,0.0,0.0
catboost,raw,3,1000,1,False,88.46487045288086,All,4146,0.19826338639652677,0.18755884484053933,0.1531330108693229,0.6459312351957746,0.0015042117930204573,0.002653159671972986
catboost,raw,3,1000,1,False,88.46487045288086,Men,3535,0.2065063649222065,0.19660829289103868,0.15838602908951688,0.6362239640563573,0.0017825311942959,0.0031117397454031117
catboost,raw,3,1000,1,False,88.46487045288086,Women,611,0.15057283142389524,0.13520238189697945,0.12274116241042665,0.6746670017592359,0.0,0.0
catboost,raw,3,1000,1,False,88.46487045288086,Black,2359,0.19584569732937684,0.1937166444289016,0.152934240466071,0.6308103248008361,0.0015814443858724301,0.003391267486222976
catboost,raw,3,1000,1,False,88.46487045288086,White,1787,0.20145495243424735,0.17942999804202417,0.1533954055986298,0.6670228918476991,0.001401541695865452,0.0016787912702853946
catboost,raw,3,1000,1,False,88.46487045288086,Black men,2134,0.20290534208059982,0.20076975910459322,0.1574757695592977,0.6226143295683968,0.001763668430335097,0.0037488284910965324
catboost,raw,3,1000,1,False,88.46487045288086,White men,1401,0.21199143468950749,0.19026955705968573,0.15977253432683863,0.6574379056263114,0.0018115942028985507,0.0021413276231263384
catboost,raw,3,1000,1,False,88.46487045288086,Black women,225,0.1288888888888889,0.12682177012700888,0.10986036008853381,0.6558761435608726,0.0,0.0
catboost,raw,3,1000,1,False,88.46487045288086,White women,386,0.16321243523316062,0.14008745352455293,0.13024940210583053,0.6822939702196668,0.0,0.0
catboost,raw,3,1000,2,False,33.04082703590393,All,4146,0.19826338639652677,0.1799162469943519,0.1536946742305098,0.6459546584451061,0.003910950661853189,0.005306319343945972
catboost,raw,3,1000,2,False,33.04082703590393,Men,3535,0.2065063649222065,0.18637324528103497,0.15967983874592206,0.6328102947281029,0.004634581105169341,0.005940594059405941
catboost,raw,3,1000,2,False,33.04082703590393,Women,611,0.15057283142389524,0.14255865461558787,0.11906692208323903,0.7074013571249057,0.0,0.0016366612111292963
catboost,raw,3,1000,2,False,33.04082703590393,Black,2359,0.19584569732937684,0.19181461902364544,0.15291333521165743,0.6361639590421879,0.005798629414865577,0.008054260279779568
catboost,raw,3,1000,2,False,33.04082703590393,White,1787,0.20145495243424735,0.16420933058858606,0.1547261116930016,0.6637020166627735,0.001401541695865452,0.0016787912702853946
catboost,raw,3,1000,2,False,33.04082703590393,Black men,2134,0.20290534208059982,0.1969171146529876,0.1578767910267318,0.6262339908734571,0.006466784244562022,0.008903467666354265
catboost,raw,3,1000,2,False,33.04082703590393,White men,1401,0.21199143468950749,0.1703128475367474,0.16242623691348249,0.648352486214805,0.0018115942028985507,0.0014275517487508922
catboost,raw,3,1000,2,False,33.04082703590393,Black women,225,0.1288888888888889,0.14342028269912893,0.10583771428112934,0.7040816326530612,0.0,0.0
catboost,raw,3,1000,2,False,33.04082703590393,White women,386,0.16321243523316062,0.1420564102663735,0.12677824787462422,0.7105508870214752,0.0,0.0025906735751295338
catboost,raw,3,1000,3,False,9.793546676635742,All,4146,0.19826338639652677,0.18204899564442598,0.15437183066815924,0.6388658316278281,0.0,0.000241196333815726
catboost,raw,3,1000,3,False,9.793546676635742,Men,3535,0.2065063649222065,0.18652572518571414,0.15942241878921193,0.6326198324909041,0.0,0.0002828854314002829
catboost,raw,3,1000,3,False,9.793546676635742,Women,611,0.15057283142389524,0.15614844093337266,0.12515116126075956,0.6433149032420206,0.0,0.0
catboost,raw,3,1000,3,False,9.793546676635742,Black,2359,0.19584569732937684,0.18612631097966872,0.1531520651566212,0.6305444687099933,0.0,0.000423908435777872
catboost,raw,3,1000,3,False,9.793546676635742,White,1787,0.20145495243424735,0.1766665743372981,0.15598203035574643,0.6514385268239508,0.0,0.0
catboost,raw,3,1000,3,False,9.793546676635742,Black men,2134,0.20290534208059982,0.18933605285572877,0.15771843960700885,0.6208275800269641,0.0,0.00046860356138706655
catboost,raw,3,1000,3,False,9.793546676635742,White men,1401,0.21199143468950749,0.18224504049776905,0.1620179159875141,0.6522410091250671,0.0,0.0
catboost,raw,3,1000,3,False,9.793546676635742,Black women,225,0.1288888888888889,0.15568369247517058,0.10984254036938892,0.6780436312456016,0.0,0.0
catboost,raw,3,1000,3,False,9.793546676635742,White women,386,0.16321243523316062,0.15641934353206555,0.13407458017412327,0.6260258489360657,0.0,0.0
catboost,raw,3,1000,4,False,25.407070636749268,All,4146,0.19826338639652677,0.19904851626908582,0.1526278893849897,0.6527613083055914,0.006618531889290012,0.009165460684997588
catboost,raw,3,1000,4,False,25.407070636749268,Men,3535,0.2065063649222065,0.2040390371248794,0.1583327693132947,0.642518985178131,0.0074866310160427805,0.010466760961810467
catboost,raw,3,1000,4,False,25.407070636749268,Women,611,0.15057283142389524,0.17017537187427367,0.11962175101091697,0.6988146100360224,0.0019267822736030828,0.0016366612111292963
catboost,raw,3,1000,4,False,25.407070636749268,Black,2359,0.19584569732937684,0.20846150810737815,0.1519701473851738,0.6482952120801356,0.010015814443858724,0.01483679525222552
catboost,raw,3,1000,4,False,25.407070636749268,White,1787,0.20145495243424735,0.18662252424528525,0.15349616771602811,0.6617223390173635,0.002102312543798178,0.0016787912702853946
catboost,raw,3,1000,4,False,25.407070636749268,Black men,2134,0.20290534208059982,0.21308400872868272,0.15685260740021342,0.6394038013232266,0.010582010582010581,0.015932521087160263
catboost,raw,3,1000,4,False,25.407070636749268,White men,1401,0.21199143468950749,0.19026175703743015,0.16058734855848789,0.6513596105987411,0.002717391304347826,0.0021413276231263384
catboost,raw,3,1000,4,False,25.407070636749268,Black women,225,0.1288888888888889,0.16461965777020507,0.10566272662030915,0.7054890921885997,0.00510204081632653,0.0044444444444444444
catboost,raw,3,1000,4,False,25.407070636749268,White women,386,0.16321243523316062,0.17341380626136033,0.12775848802616765,0.6937441643323996,0.0,0.0
catboost,raw,3,1000,5,False,25.54548168182373,All,4146,0.19826338639652677,0.17549172776710342,0.1549866279020896,0.6322498616564336,0.00421179302045728,0.005788712011577424
catboost,raw,3,1000,5,False,25.54548168182373,Men,3535,0.2065063649222065,0.17788911325871068,0.16101747383204126,0.6220618758088541,0.004634581105169341,0.005940594059405941
catboost,raw,3,1000,5,False,25.54548168182373,Women,611,0.15057283142389524,0.16162142054479256,0.12009458148248403,0.6885942866716931,0.0019267822736030828,0.004909983633387889
catboost,raw,3,1000,5,False,25.54548168182373,Black,2359,0.19584569732937684,0.17593418277325548,0.1552921106580761,0.6118558124356753,0.0010542962572482868,0.002543450614667232
catboost,raw,3,1000,5,False,25.54548168182373,White,1787,0.20145495243424735,0.1749076475435372,0.15458336331262565,0.6576500817565989,0.008409250175192713,0.010072747621712367
catboost,raw,3,1000,5,False,25.54548168182373,Black men,2134,0.20290534208059982,0.17825229217838306,0.1602958477255418,0.6036579487952338,0.0011757789535567313,0.0028116213683223993
catboost,raw,3,1000,5,False,25.54548168182373,White men,1401,0.21199143468950749,0.17733591995779652,0.16211665306920742,0.6480353047382033,0.009963768115942028,0.010706638115631691
catboost,raw,3,1000,5,False,25.54548168182373,Black women,225,0.1288888888888889,0.15394820290417885,0.1078344444270902,0.6806826178747362,0.0,0.0
catboost,raw,3,1000,5,False,25.54548168182373,White women,386,0.16321243523316062,0.16609415103478767,0.12724103442928095,0.6919750356282863,0.0030959752321981426,0.007772020725388601
catboost,raw,3,1000,6,False,7.862075567245483,All,4146,0.19826338639652677,0.2197268981600472,0.1554324909005144,0.6291934936069168,0.0,0.0
catboost,raw,3,1000,6,False,7.862075567245483,Men,3535,0.2065063649222065,0.22207730121244093,0.16038965248628173,0.6191453617561594,0.0,0.0
catboost,raw,3,1000,6,False,7.862075567245483,Women,611,0.15057283142389524,0.20612841241501986,0.12675234981100938,0.66272932897713,0.0,0.0
catboost,raw,3,1000,6,False,7.862075567245483,Black,2359,0.19584569732937684,0.22149531632703925,0.1544464435507514,0.6259085318125908,0.0,0.0
catboost,raw,3,1000,6,False,7.862075567245483,White,1787,0.20145495243424735,0.21739242784335203,0.15673416168847795,0.6333761582184847,0.0,0.0
catboost,raw,3,1000,6,False,7.862075567245483,Black men,2134,0.20290534208059982,0.2231107804990633,0.15854513130230669,0.6201595855175532,0.0,0.0
catboost,raw,3,1000,6,False,7.862075567245483,White men,1401,0.21199143468950749,0.22050310792360991,0.16319922294067343,0.6176560288879129,0.0,0.0
catboost,raw,3,1000,6,False,7.862075567245483,Black women,225,0.1288888888888889,0.206173536135487,0.11557266727600062,0.6328289936664321,0.0,0.0
catboost,raw,3,1000,6,False,7.862075567245483,White women,386,0.16321243523316062,0.20610210972821913,0.1332690041384109,0.6768391567153177,0.0,0.0
catboost,raw,3,1000,7,False,27.0596706867218,All,4146,0.19826338639652677,0.1844510909354313,0.1508785932864939,0.6696886318187274,0.005415162454873646,0.007718282682103232
catboost,raw,3,1000,7,False,27.0596706867218,Men,3535,0.2065063649222065,0.18821905194448887,0.15630703356898823,0.6617581129587576,0.006417112299465241,0.009052333804809052
catboost,raw,3,1000,7,False,27.0596706867218,Women,611,0.15057283142389524,0.16265118558842878,0.11947182340332257,0.7104590768199716,0.0,0.0
catboost,raw,3,1000,7,False,27.0596706867218,Black,2359,0.19584569732937684,0.19062385117010563,0.1503732033810538,0.6624220973193033,0.005798629414865577,0.008902077151335312
catboost,raw,3,1000,7,False,27.0596706867218,White,1787,0.20145495243424735,0.17630249474427476,0.15154575321203,0.6793467258428715,0.004905395935529082,0.006155567991046447
catboost,raw,3,1000,7,False,27.0596706867218,Black men,2134,0.20290534208059982,0.19301559665351828,0.15499369260263982,0.6558619912481858,0.006466784244562022,0.009840674789128397
catboost,raw,3,1000,7,False,27.0596706867218,White men,1401,0.21199143468950749,0.18091296599940054,0.15830751152915068,0.6710157126823794,0.006340579710144928,0.007851534618129907
catboost,raw,3,1000,7,False,27.0596706867218,Black women,225,0.1288888888888889,0.16793947400742726,0.10655043005276689,0.727304714989444,0.0,0.0
catboost,raw,3,1000,7,False,27.0596706867218,White women,386,0.16321243523316062,0.15956863404885713,0.12700372367242888,0.7062263501891984,0.0,0.0
catboost,raw,3,1000,8,False,9.459404468536377,All,4146,0.19826338639652677,0.1938036047458909,0.15125868317799362,0.6681218360313989,0.0018050541516245488,0.001688374336710082
catboost,raw,3,1000,8,False,9.459404468536377,Men,3535,0.2065063649222065,0.20129536157510833,0.15614723024571367,0.6639479403218324,0.0021390374331550803,0.0019801980198019802
catboost,raw,3,1000,8,False,9.459404468536377,Women,611,0.15057283142389524,0.15045931605311896,0.12297551806442503,0.6674625115188071,0.0,0.0
catboost,raw,3,1000,8,False,9.459404468536377,Black,2359,0.19584569732937684,0.19708316591780253,0.1504668524272611,0.6583623721209383,0.0010542962572482868,0.000847816871555744
catboost,raw,3,1000,8,False,9.459404468536377,White,1787,0.20145495243424735,0.18947429036170538,0.15230397066595,0.6816183913415869,0.002803083391730904,0.0027979854504756574
catboost,raw,3,1000,8,False,9.459404468536377,Black men,2134,0.20290534208059982,0.2027998439484574,0.15495878888699605,0.6505261814474028,0.0011757789535567313,0.0009372071227741331
catboost,raw,3,1000,8,False,9.459404468536377,White men,1401,0.21199143468950749,0.19900373746038533,0.15795746140881392,0.6842854877275167,0.0036231884057971015,0.0035688793718772305
catboost,raw,3,1000,8,False,9.459404468536377,Black women,225,0.1288888888888889,0.1428636507292804,0.10786333062693036,0.6688951442646023,0.0,0.0
catboost,raw,3,1000,8,False,9.459404468536377,White women,386,0.16321243523316062,0.1548868411771181,0.13178443561218747,0.6612118531623176,0.0,0.0
catboost,raw,3,1000,9,False,15.435012340545654,All,4146,0.19826338639652677,0.18482751493471433,0.15242892893112478,0.6546249205805452,0.0018050541516245488,0.002894356005788712
catboost,raw,3,1000,9,False,15.435012340545654,Men,3535,0.2065063649222065,0.18875148858928253,0.15747355049793665,0.6503084023148488,0.0021390374331550803,0.0033946251768033945
catboost,raw,3,1000,9,False,15.435012340545654,Women,611,0.15057283142389524,0.16212498323438929,0.12324277960431611,0.6574306777247214,0.0,0.0
catboost,raw,3,1000,9,False,15.435012340545654,Black,2359,0.19584569732937684,0.18965077078054327,0.15116850653315117,0.6489558587608141,0.002635740643120717,0.00423908435777872
catboost,raw,3,1000,9,False,15.435012340545654,White,1787,0.20145495243424735,0.17846038536543032,0.15409279934904288,0.66379739936152,0.000700770847932726,0.001119194180190263
catboost,raw,3,1000,9,False,15.435012340545654,Black men,2134,0.20290534208059982,0.19307174113014683,0.15568278038749647,0.6423717606678858,0.0029394473838918285,0.004686035613870665
catboost,raw,3,1000,9,False,15.435012340545654,White men,1401,0.21199143468950749,0.18217088978685247,0.16020124743989195,0.6644036988239888,0.0009057971014492754,0.0014275517487508922
catboost,raw,3,1000,9,False,15.435012340545654,Black women,225,0.1288888888888889,0.1572047675536365,0.10835312695460503,0.6805066854327937,0.0,0.0
catboost,raw,3,1000,9,False,15.435012340545654,White women,386,0.16321243523316062,0.16499298460270378,0.1319219812783705,0.6432748538011696,0.0,0.0
catboost,raw,3,2000,0,False,12.589399576187134,All,4146,0.19826338639652677,0.18872496707192682,0.14946673625813128,0.6837561229837705,0.0006016847172081829,0.000482392667631452
catboost,raw,3,2000,0,False,12.589399576187134,Men,3535,0.2065063649222065,0.19254980062082838,0.15452845498438247,0.6764149146582669,0.00071301247771836,0.0005657708628005657
catboost,raw,3,2000,0,False,12.589399576187134,Women,611,0.15057283142389524,0.1665960201073327,0.12018166965044234,0.7146686772220826,0.0,0.0
catboost,raw,3,2000,0,False,12.589399576187134,Black,2359,0.19584569732937684,0.19337318320991087,0.14846519261379443,0.6778098022167606,0.0,0.0
catboost,raw,3,2000,0,False,12.589399576187134,White,1787,0.20145495243424735,0.18258890558927193,0.15078886354240145,0.6926808378104805,0.001401541695865452,0.001119194180190263
catboost,raw,3,2000,0,False,12.589399576187134,Black men,2134,0.20290534208059982,0.19684143011897132,0.1529084574432665,0.6707941124158727,0.0,0.0
catboost,raw,3,2000,0,False,12.589399576187134,White men,1401,0.21199143468950749,0.18601280037169413,0.15699603153880182,0.6862526228468258,0.0018115942028985507,0.0014275517487508922
catboost,raw,3,2000,0,False,12.589399576187134,Black women,225,0.1288888888888889,0.16047878808131052,0.10632329418671237,0.7149894440534835,0.0,0.0
catboost,raw,3,2000,0,False,12.589399576187134,White women,386,0.16321243523316062,0.17016176416395185,0.1282597382497668,0.712516585581601,0.0,0.0
catboost,raw,3,2000,1,False,37.30446910858154,All,4146,0.19826338639652677,0.19090734458932923,0.14942123189207646,0.6789126342078989,0.004512635379061372,0.006994693680656054
catboost,raw,3,2000,1,False,37.30446910858154,Men,3535,0.2065063649222065,0.19671531678637236,0.15443676754519786,0.6720806778502185,0.0053475935828877,0.008203677510608205
catboost,raw,3,2000,1,False,37.30446910858154,Women,611,0.15057283142389524,0.157304755855209,0.12040336195134957,0.7050766524252324,0.0,0.0
catboost,raw,3,2000,1,False,37.30446910858154,Black,2359,0.19584569732937684,0.1980290376875838,0.14932267902350085,0.6706784693078842,0.007380073800738007,0.010173802458668928
catboost,raw,3,2000,1,False,37.30446910858154,White,1787,0.20145495243424735,0.18150607205503577,0.14955133050258002,0.6909931480183757,0.000700770847932726,0.0027979854504756574
catboost,raw,3,2000,1,False,37.30446910858154,Black men,2134,0.20290534208059982,0.20299710964451806,0.15375630092959694,0.6636946341847548,0.00823045267489712,0.011246485473289597
catboost,raw,3,2000,1,False,37.30446910858154,White men,1401,0.21199143468950749,0.18714690425297992,0.15547325273983903,0.6865362562826332,0.0009057971014492754,0.0035688793718772305
catboost,raw,3,2000,1,False,37.30446910858154,Black women,225,0.1288888888888889,0.15090963521603842,0.10727223836746032,0.7146375791695989,0.0,0.0
catboost,raw,3,2000,1,False,37.30446910858154,White women,386,0.16321243523316062,0.16103248161638362,0.12805751429947151,0.6984126984126984,0.0,0.0
catboost,raw,3,2000,2,False,39.239471673965454,All,4146,0.19826338639652677,0.1837752100400428,0.1510919562611192,0.6639250485300446,0.0030084235860409147,0.004582730342498794
catboost,raw,3,2000,2,False,39.239471673965454,Men,3535,0.2065063649222065,0.19042873235831145,0.1565298072317518,0.6527897834102507,0.0035650623885918,0.005374823196605375
catboost,raw,3,2000,2,False,39.239471673965454,Women,611,0.15057283142389524,0.14528060873876686,0.11963073992529875,0.7076526765518973,0.0,0.0
catboost,raw,3,2000,2,False,39.239471673965454,Black,2359,0.19584569732937684,0.1895586660382186,0.15010392600403338,0.6566942107268939,0.0036900369003690036,0.005510809665112336
catboost,raw,3,2000,2,False,39.239471673965454,White,1787,0.20145495243424735,0.17614053029762722,0.15239624466428953,0.6752316436969557,0.002102312543798178,0.003357582540570789
catboost,raw,3,2000,2,False,39.239471673965454,Black men,2134,0.20290534208059982,0.19462817638702345,0.15455999619509794,0.6494413692258189,0.00411522633744856,0.006091846298031865
catboost,raw,3,2000,2,False,39.239471673965454,White men,1401,0.21199143468950749,0.18403214880565524,0.1595302189035715,0.6603108378470698,0.002717391304347826,0.004282655246252677
catboost,raw,3,2000,2,False,39.239471673965454,Black women,225,0.1288888888888889,0.14147717677444277,0.10784057583633663,0.6849049964813512,0.0,0.0
catboost,raw,3,2000,2,False,39.239471673965454,White women,386,0.16321243523316062,0.14749763514284178,0.12650324489943474,0.7174799744459187,0.0,0.0
catboost,raw,3,2000,3,False,22.889535427093506,All,4146,0.19826338639652677,0.1770345946869408,0.15130565862715908,0.6679930081600745,0.0,0.000723589001447178
catboost,raw,3,2000,3,False,22.889535427093506,Men,3535,0.2065063649222065,0.1822364322138105,0.15672788596017204,0.6571875076306986,0.0,0.0008486562942008486
catboost,raw,3,2000,3,False,22.889535427093506,Women,611,0.15057283142389524,0.14693885711331664,0.1199348343682381,0.7124696322359052,0.0,0.0
catboost,raw,3,2000,3,False,22.889535427093506,Black,2359,0.19584569732937684,0.182190742986884,0.1504392318769116,0.6589385838199755,0.0,0.001271725307333616
catboost,raw,3,2000,3,False,22.889535427093506,White,1787,0.20145495243424735,0.17022801727252224,0.15244941951346785,0.6814860235147551,0.0,0.0
catboost,raw,3,2000,3,False,22.889535427093506,Black men,2134,0.20290534208059982,0.18630980166096467,0.15527588225052819,0.6480782259586468,0.0,0.0014058106841611997
catboost,raw,3,2000,3,False,22.889535427093506,White men,1401,0.21199143468950749,0.1760318851758184,0.15893957469420475,0.6724857268335529,0.0,0.0
catboost,raw,3,2000,3,False,22.889535427093506,Black women,225,0.1288888888888889,0.14312375982915912,0.10456629011114331,0.7324067558057706,0.0,0.0
catboost,raw,3,2000,3,False,22.889535427093506,White women,386,0.16321243523316062,0.14916268325045506,0.12889318270462752,0.7005258243648338,0.0,0.0
catboost,raw,3,2000,4,False,10.186457395553589,All,4146,0.19826338639652677,0.20970039548987807,0.15124144535731743,0.66302142348942,0.0,0.0
catboost,raw,3,2000,4,False,10.186457395553589,Men,3535,0.2065063649222065,0.2127715852265495,0.15622070297588003,0.655275071423339,0.0,0.0
catboost,raw,3,2000,4,False,10.186457395553589,Women,611,0.15057283142389524,0.19193172819178725,0.12243346551833431,0.6963642456228534,0.0,0.0
catboost,raw,3,2000,4,False,10.186457395553589,Black,2359,0.19584569732937684,0.21118672398766158,0.15048947719757527,0.6573423062616527,0.0,0.0
catboost,raw,3,2000,4,False,10.186457395553589,White,1787,0.20145495243424735,0.20773830879358748,0.15223411065604814,0.6714552674608736,0.0,0.0
catboost,raw,3,2000,4,False,10.186457395553589,Black men,2134,0.20290534208059982,0.21413852995229174,0.1547774178738748,0.6505411162839954,0.0,0.0
catboost,raw,3,2000,4,False,10.186457395553589,White men,1401,0.21199143468950749,0.2106894581425138,0.15841911154667168,0.6633942077782659,0.0,0.0
catboost,raw,3,2000,4,False,10.186457395553589,Black women,225,0.1288888888888889,0.18319048430534682,0.10982074207213875,0.692646023926812,0.0,0.0
catboost,raw,3,2000,4,False,10.186457395553589,White women,386,0.16321243523316062,0.19702701284061916,0.12978544162039132,0.6947270136124626,0.0,0.0
catboost,raw,3,2000,5,False,31.87561535835266,All,4146,0.19826338639652677,0.20321360089647114,0.15147145513889498,0.6646588550130145,0.009626955475330927,0.012301013024602027
catboost,raw,3,2000,5,False,31.87561535835266,Men,3535,0.2065063649222065,0.20943524574899144,0.15690240726789956,0.657180182160037,0.01140819964349376,0.014144271570014143
catboost,raw,3,2000,5,False,31.87561535835266,Women,611,0.15057283142389524,0.1672176687300895,0.12005015272313184,0.6893063583815029,0.0,0.0016366612111292963
catboost,raw,3,2000,5,False,31.87561535835266,Black,2359,0.19584569732937684,0.2046021283995226,0.15160116381811248,0.6515984454835271,0.006852925672113864,0.00847816871555744
catboost,raw,3,2000,5,False,31.87561535835266,White,1787,0.20145495243424735,0.20138062026989126,0.1513002280687919,0.6822704975473022,0.013314646110721794,0.017347509792949075
catboost,raw,3,2000,5,False,31.87561535835266,Black men,2134,0.20290534208059982,0.20968079185147723,0.15649904630835249,0.6417730094917675,0.007642563198118754,0.00937207122774133
catboost,raw,3,2000,5,False,31.87561535835266,White men,1401,0.21199143468950749,0.20906123048653275,0.15751680576017185,0.6801285804908994,0.017210144927536232,0.021413276231263382
catboost,raw,3,2000,5,False,31.87561535835266,Black women,225,0.1288888888888889,0.15643382703742842,0.10514746944401425,0.7135819845179451,0.0,0.0
catboost,raw,3,2000,5,False,31.87561535835266,White women,386,0.16321243523316062,0.1735035868151899,0.12873694997132218,0.6726129048110472,0.0,0.0025906735751295338
catboost,raw,3,2000,6,False,27.738447427749634,All,4146,0.19826338639652677,0.18210640388833021,0.1514018652211499,0.6659540875034037,0.0015042117930204573,0.00120598166907863
catboost,raw,3,2000,6,False,27.738447427749634,Men,3535,0.2065063649222065,0.18649338715946442,0.15707880953851333,0.6547154054648011,0.0017825311942959,0.0014144271570014145
catboost,raw,3,2000,6,False,27.738447427749634,Women,611,0.15057283142389524,0.15672508496286455,0.11855735104458731,0.7109407723883723,0.0,0.0
catboost,raw,3,2000,6,False,27.738447427749634,Black,2359,0.19584569732937684,0.1841321080974151,0.15037554553579785,0.6598411253129228,0.0010542962572482868,0.000847816871555744
catboost,raw,3,2000,6,False,27.738447427749634,White,1787,0.20145495243424735,0.1794322929598293,0.1527566990978961,0.6739410573853462,0.002102312543798178,0.0016787912702853946
catboost,raw,3,2000,6,False,27.738447427749634,Black men,2134,0.20290534208059982,0.18758523905643026,0.15501913609625115,0.6520956970020352,0.0011757789535567313,0.0009372071227741331
catboost,raw,3,2000,6,False,27.738447427749634,White men,1401,0.21199143468950749,0.18483028084388628,0.16021609942130244,0.6585297418630751,0.002717391304347826,0.0021413276231263384
catboost,raw,3,2000,6,False,27.738447427749634,Black women,225,0.1288888888888889,0.15138107935724426,0.10633366884243199,0.696164672765658,0.0,0.0
catboost,raw,3,2000,6,False,27.738447427749634,White women,386,0.16321243523316062,0.15984011413712512,0.1256825544007659,0.7182171114059658,0.0,0.0
catboost,raw,3,2000,7,False,42.55998945236206,All,4146,0.19826338639652677,0.18862376798913957,0.1502922560932475,0.6763602320072847,0.005415162454873646,0.00723589001447178
catboost,raw,3,2000,7,False,42.55998945236206,Men,3535,0.2065063649222065,0.19377077126123632,0.15523717438663384,0.6712841550069591,0.006417112299465241,0.008486562942008486
catboost,raw,3,2000,7,False,42.55998945236206,Women,611,0.15057283142389524,0.1588452793363379,0.12168294976408119,0.6897252240931557,0.0,0.0
catboost,raw,3,2000,7,False,42.55998945236206,Black,2359,0.19584569732937684,0.1943017353707667,0.14917682341374858,0.6746571825644045,0.0063257775434897206,0.00847816871555744
catboost,raw,3,2000,7,False,42.55998945236206,White,1787,0.20145495243424735,0.18112834266554798,0.15176472710104713,0.6797496690804328,0.004204625087596356,0.005595970900951315
catboost,raw,3,2000,7,False,42.55998945236206,Black men,2134,0.20290534208059982,0.19818946588772487,0.15366928270564065,0.6680026556854886,0.007054673721340388,0.00937207122774133
catboost,raw,3,2000,7,False,42.55998945236206,White men,1401,0.21199143468950749,0.18704022569883333,0.1576253834139282,0.6777771678133997,0.005434782608695652,0.007137758743754461
catboost,raw,3,2000,7,False,42.55998945236206,Black women,225,0.1288888888888889,0.15742877126770566,0.1065683428408699,0.7169247009148487,0.0,0.0
catboost,raw,3,2000,7,False,42.55998945236206,White women,386,0.16321243523316062,0.1596709640913697,0.13049327763382867,0.6755123101872328,0.0,0.0
catboost,raw,3,2000,8,False,39.74875283241272,All,4146,0.19826338639652677,0.19433486181544962,0.14934390510436887,0.683961076415423,0.009927797833935019,0.012783405692233478
catboost,raw,3,2000,8,False,39.74875283241272,Men,3535,0.2065063649222065,0.20576431295882988,0.15428639005372005,0.6780768197690035,0.011764705882352941,0.014992927864214993
catboost,raw,3,2000,8,False,39.74875283241272,Women,611,0.15057283142389524,0.12820865921013197,0.12074867712408022,0.7018094998743404,0.0,0.0
catboost,raw,3,2000,8,False,39.74875283241272,Black,2359,0.19584569732937684,0.20174443198423975,0.14989658659811442,0.6711063492824167,0.013178703215603585,0.01695633743111488
catboost,raw,3,2000,8,False,39.74875283241272,White,1787,0.20145495243424735,0.18455356577282186,0.14861431604799186,0.7026395701938799,0.005606166783461808,0.007274762171236709
catboost,raw,3,2000,8,False,39.74875283241272,Black men,2134,0.20290534208059982,0.21043782339217393,0.154520595542067,0.6638860716356226,0.014697236919459141,0.01874414245548266
catboost,raw,3,2000,8,False,39.74875283241272,White men,1401,0.21199143468950749,0.198645632541445,0.15392964878881463,0.7005440882252477,0.007246376811594203,0.009279086366880799
catboost,raw,3,2000,8,False,39.74875283241272,Black women,225,0.1288888888888889,0.11929244414187748,0.1060404306585816,0.6785714285714286,0.0,0.0
catboost,raw,3,2000,8,False,39.74875283241272,White women,386,0.16321243523316062,0.13340593483281918,0.12932213685137864,0.7088800432453682,0.0,0.0
catboost,raw,3,2000,9,False,34.83700227737427,All,4146,0.19826338639652677,0.17917260104231325,0.15045197334027985,0.6729305559215438,0.0009025270758122744,0.000723589001447178
catboost,raw,3,2000,9,False,34.83700227737427,Men,3535,0.2065063649222065,0.1835736221820295,0.15579863636656416,0.6664952506531878,0.0010695187165775401,0.0008486562942008486
catboost,raw,3,2000,9,False,34.83700227737427,Women,611,0.15057283142389524,0.15371006466113973,0.11951833373649093,0.6840705369858423,0.0,0.0
catboost,raw,3,2000,9,False,34.83700227737427,Black,2359,0.19584569732937684,0.1841705870307381,0.14905980905948193,0.6696675315547218,0.0005271481286241434,0.000423908435777872
catboost,raw,3,2000,9,False,34.83700227737427,White,1787,0.20145495243424735,0.17257481204024594,0.152289754839106,0.6786420618235616,0.001401541695865452,0.001119194180190263
catboost,raw,3,2000,9,False,34.83700227737427,Black men,2134,0.20290534208059982,0.18792341566136936,0.15378019145329092,0.6618875189570596,0.0005878894767783657,0.00046860356138706655
catboost,raw,3,2000,9,False,34.83700227737427,White men,1401,0.21199143468950749,0.1769480266895875,0.15887312704816667,0.6753129117259552,0.0018115942028985507,0.0014275517487508922
catboost,raw,3,2000,9,False,34.83700227737427,Black women,225,0.1288888888888889,0.1485770923739955,0.10428960448886673,0.7028501055594651,0.0,0.0
catboost,raw,3,2000,9,False,34.83700227737427,White women,386,0.16321243523316062,0.1567020821860295,0.1283951836865309,0.6740871787311417,0.0,0.0
catboost,raw,3,4000,0,False,37.58010292053223,All,4146,0.19826338639652677,0.18804181191735747,0.148798352955768,0.6871115034505375,0.0024067388688327317,0.003135552339604438
catboost,raw,3,4000,0,False,37.58010292053223,Men,3535,0.2065063649222065,0.19324098469143375,0.15427257012304954,0.6771875076306986,0.00285204991087344,0.0036775106082036777
catboost,raw,3,4000,0,False,37.58010292053223,Women,611,0.15057283142389524,0.15796149153051695,0.11712673644784642,0.7256429588673871,0.0,0.0
catboost,raw,3,4000,0,False,37.58010292053223,Black,2359,0.19584569732937684,0.19689184205328933,0.14761945351238442,0.6837658914622541,0.0021085925144965737,0.0038151759220008477
catboost,raw,3,4000,0,False,37.58010292053223,White,1787,0.20145495243424735,0.17635897974574963,0.15035460577442605,0.6956513275714398,0.002803083391730904,0.002238388360380526
catboost,raw,3,4000,0,False,37.58010292053223,Black men,2134,0.20290534208059982,0.2014152091577706,0.15215693008936568,0.6762018809747832,0.0023515579071134627,0.004217432052483599
catboost,raw,3,4000,0,False,37.58010292053223,White men,1401,0.21199143468950749,0.18079002465491487,0.15749510819005974,0.6843129361245303,0.0036231884057971015,0.0028551034975017845
catboost,raw,3,4000,0,False,37.58010292053223,Black women,225,0.1288888888888889,0.1539902180490088,0.10458400900003764,0.7250175932441942,0.0,0.0
catboost,raw,3,4000,0,False,37.58010292053223,White women,386,0.16321243523316062,0.16027635301585194,0.12443791177364168,0.7256867659344439,0.0,0.0
catboost,raw,3,4000,1,False,103.08300471305847,All,4146,0.19826338639652677,0.1838058799572127,0.15080099062411842,0.6859612023153882,0.016245487364620937,0.021948866377231067
catboost,raw,3,4000,1,False,103.08300471305847,Men,3535,0.2065063649222065,0.19235874563558317,0.155683143563084,0.6811637731057554,0.018538324420677363,0.025176803394625177
catboost,raw,3,4000,1,False,103.08300471305847,Women,611,0.15057283142389524,0.13432244268546217,0.12255481936512798,0.6899556002345648,0.0038535645472061657,0.0032733224222585926
catboost,raw,3,4000,1,False,103.08300471305847,Black,2359,0.19584569732937684,0.19147439117962958,0.1488032475663193,0.6837544813295999,0.014232999472851872,0.020771513353115726
catboost,raw,3,4000,1,False,103.08300471305847,White,1787,0.20145495243424735,0.17368275853937198,0.15343819032940564,0.6916627734952893,0.0189208128941836,0.023503077783995522
catboost,raw,3,4000,1,False,103.08300471305847,Black men,2134,0.20290534208059982,0.19863206611407594,0.1533677369554921,0.6767612584907939,0.015873015873015872,0.02296157450796626
catboost,raw,3,4000,1,False,103.08300471305847,White men,1401,0.21199143468950749,0.18280323821152641,0.15920996561918752,0.6908700531888937,0.022644927536231884,0.028551034975017844
catboost,raw,3,4000,1,False,103.08300471305847,Black women,225,0.1288888888888889,0.12358782091248105,0.10551160153745341,0.7067206192821957,0.0,0.0
catboost,raw,3,4000,1,False,103.08300471305847,White women,386,0.16321243523316062,0.14057967040287342,0.13248933752892791,0.6767408717873113,0.006191950464396285,0.0051813471502590676
catboost,raw,3,4000,2,False,40.73159694671631,All,4146,0.19826338639652677,0.19847035848048555,0.1481807971797631,0.687794437563865,0.002707581227436823,0.004582730342498794
catboost,raw,3,4000,2,False,40.73159694671631,Men,3535,0.2065063649222065,0.20374840371912165,0.1530612395929981,0.6819383195370302,0.0032085561497326204,0.005374823196605375
catboost,raw,3,4000,2,False,40.73159694671631,Women,611,0.15057283142389524,0.16793371376922756,0.11994452233395965,0.701767613303175,0.0,0.0
catboost,raw,3,4000,2,False,40.73159694671631,Black,2359,0.19584569732937684,0.20424526808588092,0.14866755456165254,0.6727756516897265,0.0021085925144965737,0.0046629927935565915
catboost,raw,3,4000,2,False,40.73159694671631,White,1787,0.20145495243424735,0.19084696074174587,0.14753823385358666,0.7078272210542709,0.00350385423966363,0.004476776720761052
catboost,raw,3,4000,2,False,40.73159694671631,Black men,2134,0.20290534208059982,0.20889743296582075,0.15295806018563726,0.6668662503920395,0.0023515579071134627,0.005154639175257732
catboost,raw,3,4000,2,False,40.73159694671631,White men,1401,0.21199143468950749,0.19590541413135865,0.15321840223061986,0.7051554189235348,0.004528985507246377,0.005710206995003569
catboost,raw,3,4000,2,False,40.73159694671631,Black women,225,0.1288888888888889,0.1601220687356964,0.107974492332393,0.6849049964813512,0.0,0.0
catboost,raw,3,4000,2,False,40.73159694671631,White women,386,0.16321243523316062,0.1724871338017263,0.1269218714281371,0.7074549117892771,0.0,0.0
catboost,raw,3,4000,3,False,17.29697012901306,All,4146,0.19826338639652677,0.18359691193666422,0.15028127547454484,0.6805687311333046,0.0006016847172081829,0.000482392667631452
catboost,raw,3,4000,3,False,17.29697012901306,Men,3535,0.2065063649222065,0.18742247948199836,0.15519472654009636,0.6751036554098601,0.00071301247771836,0.0005657708628005657
catboost,raw,3,4000,3,False,17.29697012901306,Women,611,0.15057283142389524,0.16146371836423162,0.1218540258563374,0.6878193851051353,0.0,0.0
catboost,raw,3,4000,3,False,17.29697012901306,Black,2359,0.19584569732937684,0.18733281278681213,0.14924466649231996,0.6735446946306198,0.0005271481286241434,0.000423908435777872
catboost,raw,3,4000,3,False,17.29697012901306,White,1787,0.20145495243424735,0.17866518831858982,0.15164969214442087,0.6901113447013938,0.000700770847932726,0.0005595970900951316
catboost,raw,3,4000,3,False,17.29697012901306,Black men,2134,0.20290534208059982,0.19035776818611463,0.1536228624562428,0.6668540309802818,0.0005878894767783657,0.00046860356138706655
catboost,raw,3,4000,3,False,17.29697012901306,White men,1401,0.21199143468950749,0.18295145443233102,0.15758898632235446,0.6882533060069292,0.0009057971014492754,0.0007137758743754461
catboost,raw,3,4000,3,False,17.29697012901306,Black women,225,0.1288888888888889,0.15864279135520534,0.10771991010560308,0.7056650246305419,0.0,0.0
catboost,raw,3,4000,3,False,17.29697012901306,White women,386,0.16321243523316062,0.16310804110265367,0.13009282389756854,0.6784117155634183,0.0,0.0
catboost,raw,3,4000,4,False,33.31417369842529,All,4146,0.19826338639652677,0.19245409029618232,0.14882160811338402,0.6833612216395688,0.00210589651022864,0.003135552339604438
catboost,raw,3,4000,4,False,33.31417369842529,Men,3535,0.2065063649222065,0.19973899964790162,0.15391819808938098,0.6750548189387835,0.0024955436720142605,0.0036775106082036777
catboost,raw,3,4000,4,False,33.31417369842529,Women,611,0.15057283142389524,0.15030653782756093,0.11933479049448184,0.7087626706877774,0.0,0.0
catboost,raw,3,4000,4,False,33.31417369842529,Black,2359,0.19584569732937684,0.19871797494620674,0.14766717080658948,0.6767463778533889,0.0015814443858724301,0.0038151759220008477
catboost,raw,3,4000,4,False,33.31417369842529,White,1787,0.20145495243424735,0.18418520171789055,0.15034556872151408,0.6943782605310286,0.002803083391730904,0.002238388360380526
catboost,raw,3,4000,4,False,33.31417369842529,Black men,2134,0.20290534208059982,0.20438566865364396,0.15225704707192125,0.6673170109146501,0.001763668430335097,0.004217432052483599
catboost,raw,3,4000,4,False,33.31417369842529,White men,1401,0.21199143468950749,0.1926612040317317,0.15644845952496922,0.6887473771531744,0.0036231884057971015,0.0028551034975017845
catboost,raw,3,4000,4,False,33.31417369842529,Black women,225,0.1288888888888889,0.14496304884989097,0.10413474436117603,0.7288881069669246,0.0,0.0
catboost,raw,3,4000,4,False,33.31417369842529,White women,386,0.16321243523316062,0.1534212658585862,0.12819492101260052,0.6966927121725883,0.0,0.0
catboost,raw,3,4000,5,False,38.82532596588135,All,4146,0.19826338639652677,0.1846227044637647,0.1486538646775948,0.6897952954403717,0.003910950661853189,0.004582730342498794
catboost,raw,3,4000,5,False,38.82532596588135,Men,3535,0.2065063649222065,0.19263368309926182,0.15379968631228666,0.681327375283862,0.004634581105169341,0.005374823196605375
catboost,raw,3,4000,5,False,38.82532596588135,Women,611,0.15057283142389524,0.13827440744824535,0.11888221250306832,0.7221873167462511,0.0,0.0
catboost,raw,3,4000,5,False,38.82532596588135,Black,2359,0.19584569732937684,0.19004714700778683,0.148018160645864,0.6797848961792029,0.0036900369003690036,0.0046629927935565915
catboost,raw,3,4000,5,False,38.82532596588135,White,1787,0.20145495243424735,0.17746195462529346,0.14949305091757975,0.7040625243323212,0.004204625087596356,0.004476776720761052
catboost,raw,3,4000,5,False,38.82532596588135,Black men,2134,0.20290534208059982,0.19633422328510164,0.1526470080391779,0.6706230406512675,0.00411522633744856,0.005154639175257732
catboost,raw,3,4000,5,False,38.82532596588135,White men,1401,0.21199143468950749,0.1869970287405309,0.15555544322507325,0.6983390669984872,0.005434782608695652,0.005710206995003569
catboost,raw,3,4000,5,False,38.82532596588135,Black women,225,0.1288888888888889,0.13041772133761015,0.10411611470216652,0.7352216748768473,0.0,0.0
catboost,raw,3,4000,5,False,38.82532596588135,White women,386,0.16321243523316062,0.14285408199460006,0.12748939386369762,0.711140596589513,0.0,0.0
catboost,raw,3,4000,6,False,62.533299684524536,All,4146,0.19826338639652677,0.1837888305243682,0.14882112729130573,0.6910641767752627,0.00421179302045728,0.004582730342498794
catboost,raw,3,4000,6,False,62.533299684524536,Men,3535,0.2065063649222065,0.190208308653542,0.15405554200709815,0.6817444387468561,0.004991087344028521,0.005374823196605375
catboost,raw,3,4000,6,False,62.533299684524536,Women,611,0.15057283142389524,0.14664831467063766,0.11853691121875873,0.7199882717600737,0.0,0.0
catboost,raw,3,4000,6,False,62.533299684524536,Black,2359,0.19584569732937684,0.1890242921903539,0.1474679161492005,0.686627552731928,0.0036900369003690036,0.0046629927935565915
catboost,raw,3,4000,6,False,62.533299684524536,White,1787,0.20145495243424735,0.17687755236540892,0.1506074871593674,0.6988709803005528,0.004905395935529082,0.004476776720761052
catboost,raw,3,4000,6,False,62.533299684524536,Black men,2134,0.20290534208059982,0.19407076342474794,0.15169189383356346,0.6814236429324959,0.00411522633744856,0.005154639175257732
catboost,raw,3,4000,6,False,62.533299684524536,White men,1401,0.21199143468950749,0.18432502636820758,0.15765584550625802,0.684273288439955,0.006340579710144928,0.005710206995003569
catboost,raw,3,4000,6,False,62.533299684524536,Black women,225,0.1288888888888889,0.14116131612725638,0.10740583446728674,0.6725897255453906,0.0,0.0
catboost,raw,3,4000,6,False,62.533299684524536,White women,386,0.16321243523316062,0.14984669465058792,0.12502523315938358,0.7392992284633152,0.0,0.0
catboost,raw,3,4000,7,False,48.49478220939636,All,4146,0.19826338639652677,0.18205446792169877,0.1487878503825607,0.6909763395902688,0.00631768953068592,0.00964785335262904
catboost,raw,3,4000,7,False,48.49478220939636,Men,3535,0.2065063649222065,0.1907004066893947,0.1536206142152291,0.68581447024638,0.0074866310160427805,0.011315417256011316
catboost,raw,3,4000,7,False,48.49478220939636,Women,611,0.15057283142389524,0.13203254722807342,0.12082742460762946,0.7061447599899472,0.0,0.0
catboost,raw,3,4000,7,False,48.49478220939636,Black,2359,0.19584569732937684,0.19207987023589956,0.14712368407348844,0.6921489159232965,0.008961518186610437,0.013565069944891903
catboost,raw,3,4000,7,False,48.49478220939636,White,1787,0.20145495243424735,0.1688200392371998,0.15098469891255584,0.6922194970022579,0.002803083391730904,0.004476776720761052
catboost,raw,3,4000,7,False,48.49478220939636,Black men,2134,0.20290534208059982,0.19885896915040882,0.15139598329761694,0.6870825882886442,0.009994121105232217,0.01499531396438613
catboost,raw,3,4000,7,False,48.49478220939636,White men,1401,0.21199143468950749,0.1782733029836101,0.1570091669476947,0.6871218220855901,0.0036231884057971015,0.005710206995003569
catboost,raw,3,4000,7,False,48.49478220939636,Black women,225,0.1288888888888889,0.12778388319784267,0.10660329943219816,0.717100633356791,0.0,0.0
catboost,raw,3,4000,7,False,48.49478220939636,White women,386,0.16321243523316062,0.1345091000954359,0.12911868928242748,0.699297262764755,0.0,0.0
catboost,raw,3,4000,8,False,49.2768816947937,All,4146,0.19826338639652677,0.1915595760110664,0.14768417294105302,0.699429204692848,0.0048134777376654635,0.00602990834539315
catboost,raw,3,4000,8,False,49.2768816947937,Men,3535,0.2065063649222065,0.20124510074525706,0.152562977731348,0.6935931433594609,0.00570409982174688,0.007072135785007072
catboost,raw,3,4000,8,False,49.2768816947937,Women,611,0.15057283142389524,0.13552302947200928,0.11945737272224327,0.7176426237748177,0.0,0.0
catboost,raw,3,4000,8,False,49.2768816947937,Black,2359,0.19584569732937684,0.1998476021766857,0.14646194975775703,0.6965840344859849,0.005798629414865577,0.008054260279779568
catboost,raw,3,4000,8,False,49.2768816947937,White,1787,0.20145495243424735,0.18061863939959694,0.14929761697540964,0.7059954839212023,0.00350385423966363,0.003357582540570789
catboost,raw,3,4000,8,False,49.2768816947937,Black men,2134,0.20290534208059982,0.20727543225779882,0.1507443836874931,0.6911054901817026,0.006466784244562022,0.008903467666354265
catboost,raw,3,4000,8,False,49.2768816947937,White men,1401,0.21199143468950749,0.1920597135591299,0.15533305602512845,0.6998731274093593,0.004528985507246377,0.004282655246252677
catboost,raw,3,4000,8,False,49.2768816947937,Black women,225,0.1288888888888889,0.12939876042959517,0.10584544306417133,0.7169247009148486,0.0,0.0
catboost,raw,3,4000,8,False,49.2768816947937,White women,386,0.16321243523316062,0.13909287541642162,0.12739178767837328,0.7168411224138779,0.0,0.0
catboost,raw,3,4000,9,False,46.4772675037384,All,4146,0.19826338639652677,0.1817670569369788,0.1483647182041346,0.6911699473855262,0.003910950661853189,0.004341534008683068
catboost,raw,3,4000,9,False,46.4772675037384,Men,3535,0.2065063649222065,0.1873178417674504,0.15355483463747793,0.683178765902376,0.004634581105169341,0.005091937765205092
catboost,raw,3,4000,9,False,46.4772675037384,Women,611,0.15057283142389524,0.14965245075740913,0.11833679415852306,0.7191714836223506,0.0,0.0
catboost,raw,3,4000,9,False,46.4772675037384,Black,2359,0.19584569732937684,0.18905262830623332,0.14731514523255793,0.6869538825258383,0.005271481286241434,0.005510809665112336
catboost,raw,3,4000,9,False,46.4772675037384,White,1787,0.20145495243424735,0.17214945041203678,0.14975024850069266,0.697928832827221,0.002102312543798178,0.0027979854504756574
catboost,raw,3,4000,9,False,46.4772675037384,Black men,2134,0.20290534208059982,0.19375812977616677,0.151826940553516,0.6792146448292202,0.005878894767783657,0.006091846298031865
catboost,raw,3,4000,9,False,46.4772675037384,White men,1401,0.21199143468950749,0.17750800978272466,0.15618675895951553,0.6912787293222077,0.002717391304347826,0.0035688793718772305
catboost,raw,3,4000,9,False,46.4772675037384,Black women,225,0.1288888888888889,0.14442356103139767,0.10452327316622681,0.733286418015482,0.0,0.0
catboost,raw,3,4000,9,False,46.4772675037384,White women,386,0.16321243523316062,0.15270037870650907,0.12638871701672685,0.7087326158533589,0.0,0.0
catboost,raw,3,8000,0,False,61.408568143844604,All,4146,0.19826338639652677,0.18934177287445136,0.14662531376063626,0.704624774185237,0.003309265944645006,0.00482392667631452
catboost,raw,3,8000,0,False,61.408568143844604,Men,3535,0.2065063649222065,0.19782003245919688,0.15131920882534655,0.6991917564036823,0.00392156862745098,0.005657708628005658
catboost,raw,3,8000,0,False,61.408568143844604,Women,611,0.15057283142389524,0.14028997642260957,0.11946832676595404,0.7145430175085868,0.0,0.0
catboost,raw,3,8000,0,False,61.408568143844604,Black,2359,0.19584569732937684,0.19747424027577123,0.14539921740365314,0.6995700662015897,0.0031628887717448603,0.005510809665112336
catboost,raw,3,8000,0,False,61.408568143844604,White,1787,0.20145495243424735,0.1786061877598943,0.14824387073104656,0.7143307638402242,0.00350385423966363,0.00391717963066592
catboost,raw,3,8000,0,False,61.408568143844604,Black men,2134,0.20290534208059982,0.20412513071409316,0.14957536031809035,0.694049010702847,0.003527336860670194,0.006091846298031865
catboost,raw,3,8000,0,False,61.408568143844604,White men,1401,0.21199143468950749,0.18821612119870537,0.15397543488850482,0.7101022300297664,0.004528985507246377,0.004996431120628123
catboost,raw,3,8000,0,False,61.408568143844604,Black women,225,0.1288888888888889,0.13439423940742,0.10579082193961306,0.7144616467276566,0.0,0.0
catboost,raw,3,8000,0,False,61.408568143844604,White women,386,0.16321243523316062,0.14372661069312162,0.12744096558959836,0.7120743034055728,0.0,0.0
catboost,raw,3,8000,1,False,63.83117961883545,All,4146,0.19826338639652677,0.19318199332091726,0.14710601325205655,0.6981423899326874,0.0030084235860409147,0.004100337674867342
catboost,raw,3,8000,1,False,63.83117961883545,Men,3535,0.2065063649222065,0.2018979610693769,0.15189699615720564,0.6920440504969111,0.0035650623885918,0.004809052333804809
catboost,raw,3,8000,1,False,63.83117961883545,Women,611,0.15057283142389524,0.14275491313956734,0.11938731510197166,0.7134958532294545,0.0,0.0
catboost,raw,3,8000,1,False,63.83117961883545,Black,2359,0.19584569732937684,0.20026527789247436,0.14643449541571713,0.6895907641822244,0.002635740643120717,0.0046629927935565915
catboost,raw,3,8000,1,False,63.83117961883545,White,1787,0.20145495243424735,0.18383142348079237,0.147992476920733,0.711654208518259,0.00350385423966363,0.003357582540570789
catboost,raw,3,8000,1,False,63.83117961883545,Black men,2134,0.20290534208059982,0.2071008179547356,0.1507326869965174,0.6829524271146031,0.0029394473838918285,0.005154639175257732
catboost,raw,3,8000,1,False,63.83117961883545,White men,1401,0.21199143468950749,0.19397298134535446,0.15367046921138747,0.7076349241204314,0.004528985507246377,0.004282655246252677
catboost,raw,3,8000,1,False,63.83117961883545,Black women,225,0.1288888888888889,0.1354339779241833,0.10566853615603813,0.7114707952146376,0.0,0.0
catboost,raw,3,8000,1,False,63.83117961883545,White women,386,0.16321243523316062,0.14702229765630673,0.12738401267408317,0.7107474568774879,0.0,0.0
catboost,raw,3,8000,2,False,112.05766701698303,All,4146,0.19826338639652677,0.18743076903346934,0.1479119515684214,0.6983198942440292,0.006618531889290012,0.00844187168355041
catboost,raw,3,8000,2,False,112.05766701698303,Men,3535,0.2065063649222065,0.1963718491673463,0.1528976730402783,0.6914926867384563,0.00784313725490196,0.009900990099009901
catboost,raw,3,8000,2,False,112.05766701698303,Women,611,0.15057283142389524,0.13570127922454134,0.11906657447674548,0.7201348747591523,0.0,0.0
catboost,raw,3,8000,2,False,112.05766701698303,Black,2359,0.19584569732937684,0.19485390242341477,0.14665943818506788,0.6928574851611226,0.006852925672113864,0.0105977108944468
catboost,raw,3,8000,2,False,112.05766701698303,White,1787,0.20145495243424735,0.1776315683245263,0.1495653813789032,0.7086992914428094,0.006306937631394534,0.005595970900951315
catboost,raw,3,8000,2,False,112.05766701698303,Black men,2134,0.20290534208059982,0.20139112203006146,0.15090268607963028,0.6872550177656671,0.007642563198118754,0.011715089034676664
catboost,raw,3,8000,2,False,112.05766701698303,White men,1401,0.21199143468950749,0.1887265042072934,0.15593643262202192,0.700919216317767,0.008152173913043478,0.007137758743754461
catboost,raw,3,8000,2,False,112.05766701698303,Black women,225,0.1288888888888889,0.13285200624304142,0.10641458926508499,0.7220267417311752,0.0,0.0
catboost,raw,3,8000,2,False,112.05766701698303,White women,386,0.16321243523316062,0.13736212487437935,0.12644143632292063,0.7187085360459974,0.0,0.0
catboost,raw,3,8000,3,False,59.9642231464386,All,4146,0.19826338639652677,0.18978498638900712,0.14716812255717993,0.6999880687823717,0.003910950661853189,0.004582730342498794
catboost,raw,3,8000,3,False,59.9642231464386,Men,3535,0.2065063649222065,0.19762813282190758,0.15207661384676596,0.6929978267770371,0.004634581105169341,0.005374823196605375
catboost,raw,3,8000,3,False,59.9642231464386,Women,611,0.15057283142389524,0.14440769892533575,0.11876956820581064,0.723716176593784,0.0,0.0
catboost,raw,3,8000,3,False,59.9642231464386,Black,2359,0.19584569732937684,0.19810815914118807,0.1464581449354528,0.6919903150794031,0.004217185028993147,0.005086901229334464
catboost,raw,3,8000,3,False,59.9642231464386,White,1787,0.20145495243424735,0.17879765313640783,0.14810535658608553,0.7140640816008721,0.00350385423966363,0.00391717963066592
catboost,raw,3,8000,3,False,59.9642231464386,Black men,2134,0.20290534208059982,0.20434668881561674,0.1507528784156124,0.6855836737797221,0.004703115814226925,0.005623242736644799
catboost,raw,3,8000,3,False,59.9642231464386,White men,1401,0.21199143468950749,0.18739444367802796,0.15409292463197774,0.7078240130776363,0.004528985507246377,0.004996431120628123
catboost,raw,3,8000,3,False,59.9642231464386,Black women,225,0.1288888888888889,0.13893917102905126,0.10572498383918331,0.7207952146375791,0.0,0.0
catboost,raw,3,8000,3,False,59.9642231464386,White women,386,0.16321243523316062,0.1475953123363824,0.12637327670967374,0.7240650646223402,0.0,0.0
catboost,raw,3,8000,4,False,64.02960467338562,All,4146,0.19826338639652677,0.19099856725666586,0.14725216943365366,0.6971326282935283,0.0024067388688327317,0.003135552339604438
catboost,raw,3,8000,4,False,64.02960467338562,Men,3535,0.2065063649222065,0.20027815890058828,0.15205305441431421,0.6907303494249507,0.00285204991087344,0.0036775106082036777
catboost,raw,3,8000,4,False,64.02960467338562,Women,611,0.15057283142389524,0.1373105861416647,0.11947618186141953,0.7176007372036526,0.0,0.0
catboost,raw,3,8000,4,False,64.02960467338562,Black,2359,0.19584569732937684,0.1987153968170553,0.1464585280623865,0.689538277572015,0.0021085925144965737,0.0038151759220008477
catboost,raw,3,8000,4,False,64.02960467338562,White,1787,0.20145495243424735,0.18081166130649318,0.14829984710283065,0.7095421630460172,0.002803083391730904,0.002238388360380526
catboost,raw,3,8000,4,False,64.02960467338562,Black men,2134,0.20290534208059982,0.2057083053540098,0.15095278721124014,0.6808832733903302,0.0023515579071134627,0.004217432052483599
catboost,raw,3,8000,4,False,64.02960467338562,White men,1401,0.21199143468950749,0.1920069722256407,0.15372897890493525,0.7075342799980481,0.0036231884057971015,0.0028551034975017845
catboost,raw,3,8000,4,False,64.02960467338562,Black women,225,0.1288888888888889,0.13239154429322905,0.10383297684614803,0.74155524278677,0.0,0.0
catboost,raw,3,8000,4,False,64.02960467338562,White women,386,0.16321243523316062,0.14017790328129692,0.12859463038068403,0.7047520762691042,0.0,0.0
catboost,raw,3,8000,5,False,67.19992518424988,All,4146,0.19826338639652677,0.18252269319611894,0.14728927319520121,0.7035165617012307,0.003309265944645006,0.004100337674867342
catboost,raw,3,8000,5,False,67.19992518424988,Men,3535,0.2065063649222065,0.19048492465039152,0.15212734167709532,0.6972500183136767,0.00392156862745098,0.004809052333804809
catboost,raw,3,8000,5,False,67.19992518424988,Women,611,0.15057283142389524,0.13645642774464,0.11929815685560122,0.7173703610622434,0.0,0.0
catboost,raw,3,8000,5,False,67.19992518424988,Black,2359,0.19584569732937684,0.1900334749334386,0.1458461673550803,0.6984153607769844,0.002635740643120717,0.00423908435777872
catboost,raw,3,8000,5,False,67.19992518424988,White,1787,0.20145495243424735,0.17260778882100028,0.14919430211341345,0.713522930779413,0.004204625087596356,0.00391717963066592
catboost,raw,3,8000,5,False,67.19992518424988,Black men,2134,0.20290534208059982,0.19619845607090414,0.15006667121492254,0.6928107769780851,0.0029394473838918285,0.004686035613870665
catboost,raw,3,8000,5,False,67.19992518424988,White men,1401,0.21199143468950749,0.18178208664084558,0.15526615021833493,0.7073939881910897,0.005434782608695652,0.004996431120628123
catboost,raw,3,8000,5,False,67.19992518424988,Black women,225,0.1288888888888889,0.13156205383409875,0.10581703296884346,0.7200914848698099,0.0,0.0
catboost,raw,3,8000,5,False,67.19992518424988,White women,386,0.16321243523316062,0.1393093659049296,0.12715632492430717,0.7155634183497961,0.0,0.0
catboost,raw,3,8000,6,False,60.60677242279053,All,4146,0.19826338639652677,0.18762821216375103,0.14746604288049464,0.6995477848925897,0.003910950661853189,0.00482392667631452
catboost,raw,3,8000,6,False,60.60677242279053,Men,3535,0.2065063649222065,0.19517015660511322,0.1526305904343874,0.6905315849876689,0.004634581105169341,0.005657708628005658
catboost,raw,3,8000,6,False,60.60677242279053,Women,611,0.15057283142389524,0.1439935581535788,0.1175860500768762,0.7283865292787133,0.0,0.0
catboost,raw,3,8000,6,False,60.60677242279053,Black,2359,0.19584569732937684,0.19510500787024437,0.1467279665175081,0.6892792675607646,0.004217185028993147,0.00635862653666808
catboost,raw,3,8000,6,False,60.60677242279053,White,1787,0.20145495243424735,0.1777581723922806,0.14844036976369845,0.7148582885618625,0.00350385423966363,0.0027979854504756574
catboost,raw,3,8000,6,False,60.60677242279053,Black men,2134,0.20290534208059982,0.20106624497605394,0.15119962543487123,0.6811059382268004,0.004703115814226925,0.007029053420805998
catboost,raw,3,8000,6,False,60.60677242279053,White men,1401,0.21199143468950749,0.1861892482656503,0.15481023305320793,0.7071347533304054,0.004528985507246377,0.0035688793718772305
catboost,raw,3,8000,6,False,60.60677242279053,Black women,225,0.1288888888888889,0.13856598572003243,0.10431676594127344,0.7348698099929627,0.0,0.0
catboost,raw,3,8000,6,False,60.60677242279053,White women,386,0.16321243523316062,0.14715729856173407,0.1253207364253493,0.721951938670205,0.0,0.0
catboost,raw,3,8000,7,False,50.43357443809509,All,4146,0.19826338639652677,0.19601355578978716,0.14755829649199848,0.6983521012118603,0.003309265944645006,0.003376748673420164
catboost,raw,3,8000,7,False,50.43357443809509,Men,3535,0.2065063649222065,0.20298850446829098,0.15234568722702094,0.6929275022586868,0.00392156862745098,0.0039603960396039604
catboost,raw,3,8000,7,False,50.43357443809509,Women,611,0.15057283142389524,0.15565931098044022,0.11986038119199113,0.7084904079752032,0.0,0.0
catboost,raw,3,8000,7,False,50.43357443809509,Black,2359,0.19584569732937684,0.20394841471412625,0.14684143163467409,0.6920507887824705,0.0036900369003690036,0.00423908435777872
catboost,raw,3,8000,7,False,50.43357443809509,White,1787,0.20145495243424735,0.18553883155782527,0.14850462228854475,0.7094078486334967,0.002803083391730904,0.002238388360380526
catboost,raw,3,8000,7,False,50.43357443809509,Black men,2134,0.20290534208059982,0.20967764501949984,0.15127844455815256,0.6843943177019902,0.00411522633744856,0.004686035613870665
catboost,raw,3,8000,7,False,50.43357443809509,White men,1401,0.21199143468950749,0.1927996208592405,0.15397130882257065,0.7089127994925096,0.0036231884057971015,0.0028551034975017845
catboost,raw,3,8000,7,False,50.43357443809509,Black women,225,0.1288888888888889,0.1496098481733827,0.1047588290626605,0.7322308233638283,0.0,0.0
catboost,raw,3,8000,7,False,50.43357443809509,White women,386,0.16321243523316062,0.1591855522539841,0.12866309940209317,0.6946287286844562,0.0,0.0
catboost,raw,3,8000,8,False,61.52960395812988,All,4146,0.19826338639652677,0.19548844546914726,0.14692288630467562,0.7018447272801801,0.005114320096269555,0.006271104679208876
catboost,raw,3,8000,8,False,61.52960395812988,Men,3535,0.2065063649222065,0.2059775526399571,0.15181403044987932,0.6952193978463117,0.006060606060606061,0.007355021216407355
catboost,raw,3,8000,8,False,61.52960395812988,Women,611,0.15057283142389524,0.13480269448909366,0.11862469554641862,0.7273812515707465,0.0,0.0
catboost,raw,3,8000,8,False,61.52960395812988,Black,2359,0.19584569732937684,0.2029489417148364,0.14621732278650532,0.6949615136225573,0.004744333157617291,0.006782534972445952
catboost,raw,3,8000,8,False,61.52960395812988,White,1787,0.20145495243424735,0.18563992244531918,0.14785429332166716,0.7134878922370163,0.005606166783461808,0.005595970900951315
catboost,raw,3,8000,8,False,61.52960395812988,Black men,2134,0.20290534208059982,0.21088124016897566,0.15059907080709634,0.6881239537128683,0.005291005291005291,0.007497656982193065
catboost,raw,3,8000,8,False,61.52960395812988,White men,1401,0.21199143468950749,0.19850826699618423,0.15366465420269795,0.7079795539940467,0.007246376811594203,0.007137758743754461
catboost,raw,3,8000,8,False,61.52960395812988,Black women,225,0.1288888888888889,0.1277154977097999,0.10465887711565516,0.7308233638282899,0.0,0.0
catboost,raw,3,8000,8,False,61.52960395812988,White women,386,0.16321243523316062,0.13893383250811203,0.12676539281823668,0.7232296427342866,0.0,0.0
catboost,raw,3,8000,9,False,77.77246928215027,All,4146,0.19826338639652677,0.18886881673592987,0.14689428290044826,0.703654905267596,0.005716004813477738,0.007718282682103232
catboost,raw,3,8000,9,False,77.77246928215027,Men,3535,0.2065063649222065,0.19682126772159675,0.15171406126139886,0.6978253119429592,0.006773618538324421,0.009052333804809052
catboost,raw,3,8000,9,False,77.77246928215027,Women,611,0.15057283142389524,0.14285913713800436,0.11900898583668353,0.7182290357711318,0.0,0.0
catboost,raw,3,8000,9,False,77.77246928215027,Black,2359,0.19584569732937684,0.19762824151687952,0.146052272253389,0.6976189335177211,0.006852925672113864,0.0105977108944468
catboost,raw,3,8000,9,False,77.77246928215027,White,1787,0.20145495243424735,0.1773055917452974,0.14800581234443982,0.7146032858366425,0.004204625087596356,0.00391717963066592
catboost,raw,3,8000,9,False,77.77246928215027,Black men,2134,0.20290534208059982,0.20394309947620665,0.15022309327156452,0.69274289135721,0.007642563198118754,0.011715089034676664
catboost,raw,3,8000,9,False,77.77246928215027,White men,1401,0.21199143468950749,0.1859733098598284,0.1539851002980201,0.7087694578636607,0.005434782608695652,0.004996431120628123
catboost,raw,3,8000,9,False,77.77246928215027,Black women,225,0.1288888888888889,0.13773532202708372,0.10649435201878144,0.7060168895144265,0.0,0.0
catboost,raw,3,8000,9,False,77.77246928215027,White women,386,0.16321243523316062,0.14584581693063947,0.12630378534193737,0.722001081134208,0.0,0.0
catboost,raw,3,9398,0,True,82.86958956718445,All,4146,0.19826338639652677,0.19131879931895998,0.14674821556406828,0.7029529397641864,0.004512635379061372,0.005788712011577424
catboost,raw,3,9398,0,True,82.86958956718445,Men,3535,0.2065063649222065,0.19963981333394698,0.15154822753892316,0.6973105755378117,0.0053475935828877,0.006789250353606789
catboost,raw,3,9398,0,True,82.86958956718445,Women,611,0.15057283142389524,0.14317676242374053,0.11897727885193737,0.7146267906509173,0.0,0.0
catboost,raw,3,9398,0,True,82.86958956718445,Black,2359,0.19584569732937684,0.1986292477592591,0.14601135075058627,0.6955422893746563,0.005798629414865577,0.008054260279779568
catboost,raw,3,9398,0,True,82.86958956718445,White,1787,0.20145495243424735,0.18166835283285723,0.1477209430934494,0.71531184302733,0.002803083391730904,0.0027979854504756574
catboost,raw,3,9398,0,True,82.86958956718445,Black men,2134,0.20290534208059982,0.20513074958853303,0.1502100917873137,0.6902691393325214,0.006466784244562022,0.008903467666354265
catboost,raw,3,9398,0,True,82.86958956718445,White men,1401,0.21199143468950749,0.19127603177271457,0.15358647285936183,0.7103889132874641,0.0036231884057971015,0.0035688793718772305
catboost,raw,3,9398,0,True,82.86958956718445,Black women,225,0.1288888888888889,0.13696611485405646,0.10618862465113596,0.7097114707952147,0.0,0.0
catboost,raw,3,9398,0,True,82.86958956718445,White women,386,0.16321243523316062,0.14679695854596572,0.12643180526432166,0.7162022703818369,0.0,0.0
catboost,raw,3,9398,1,True,99.68572354316711,All,4146,0.19826338639652677,0.1883987588582001,0.1467405871218116,0.7032720815363309,0.004512635379061372,0.005788712011577424
catboost,raw,3,9398,1,True,99.68572354316711,Men,3535,0.2065063649222065,0.1979173423308335,0.15156670359751925,0.696848582521427,0.0053475935828877,0.006789250353606789
catboost,raw,3,9398,1,True,99.68572354316711,Women,611,0.15057283142389524,0.13332806724484636,0.1188186202779057,0.7194228030493424,0.0,0.0
catboost,raw,3,9398,1,True,99.68572354316711,Black,2359,0.19584569732937684,0.19645706342521996,0.14564164391718445,0.6980034549881676,0.004744333157617291,0.0072064434082238235
catboost,raw,3,9398,1,True,99.68572354316711,White,1787,0.20145495243424735,0.17776107532512803,0.1481912905463866,0.7131686521840691,0.004204625087596356,0.00391717963066592
catboost,raw,3,9398,1,True,99.68572354316711,Black men,2134,0.20290534208059982,0.20367295888474846,0.14999567196069874,0.6910783359333528,0.005291005291005291,0.007966260543580132
catboost,raw,3,9398,1,True,99.68572354316711,White men,1401,0.21199143468950749,0.18915040034221506,0.15395969539835797,0.7084858244278535,0.005434782608695652,0.004996431120628123
catboost,raw,3,9398,1,True,99.68572354316711,Black women,225,0.1288888888888889,0.1280183038224028,0.10434610682892011,0.7309992962702322,0.0,0.0
catboost,raw,3,9398,1,True,99.68572354316711,White women,386,0.16321243523316062,0.13642313659730698,0.1272546708634543,0.7126640129736105,0.0,0.0
catboost,raw,3,9398,2,True,70.34553599357605,All,4146,0.19826338639652677,0.19481177420384713,0.14675993830183162,0.7031556972662141,0.00631768953068592,0.007718282682103232
catboost,raw,3,9398,2,True,70.34553599357605,Men,3535,0.2065063649222065,0.2038849198747852,0.15139993133068586,0.6988132737528386,0.0074866310160427805,0.009052333804809052
catboost,raw,3,9398,2,True,70.34553599357605,Women,611,0.15057283142389524,0.1423182063695331,0.11991480678464704,0.7040504314316831,0.0,0.0
catboost,raw,3,9398,2,True,70.34553599357605,Black,2359,0.19584569732937684,0.20322688611911316,0.14556475792995072,0.7008605522047799,0.006852925672113864,0.009749894022891056
catboost,raw,3,9398,2,True,70.34553599357605,White,1787,0.20145495243424735,0.1837030730241535,0.14833768340382775,0.7097173557580005,0.005606166783461808,0.005036373810856184
catboost,raw,3,9398,2,True,70.34553599357605,Black men,2134,0.20290534208059982,0.21033381884822205,0.1497434756556834,0.6957040621397819,0.007642563198118754,0.01077788191190253
catboost,raw,3,9398,2,True,70.34553599357605,White men,1401,0.21199143468950749,0.19406197168826525,0.15392304083136774,0.7070341092080221,0.007246376811594203,0.006423982869379015
catboost,raw,3,9398,2,True,70.34553599357605,Black women,225,0.1288888888888889,0.13582157747947568,0.10593194181122383,0.7144616467276566,0.0,0.0
catboost,raw,3,9398,2,True,70.34553599357605,White women,386,0.16321243523316062,0.14610510144793443,0.12806544051267868,0.6971349943486167,0.0,0.0
catboost,raw,3,9398,3,True,72.11168003082275,All,4146,0.19826338639652677,0.19206832651009628,0.14702952385136064,0.7007500563621938,0.003910950661853189,0.005547515677761698
catboost,raw,3,9398,3,True,72.11168003082275,Men,3535,0.2065063649222065,0.20052583545676025,0.15187623154427693,0.6942153200009766,0.004634581105169341,0.006506364922206506
catboost,raw,3,9398,3,True,72.11168003082275,Women,611,0.15057283142389524,0.14313658489559994,0.11898842451509369,0.7195694060484208,0.0,0.0
catboost,raw,3,9398,3,True,72.11168003082275,Black,2359,0.19584569732937684,0.19977472131460988,0.14648946388893214,0.6920644809416555,0.0036900369003690036,0.00635862653666808
catboost,raw,3,9398,3,True,72.11168003082275,White,1787,0.20145495243424735,0.18189519537196105,0.1477424513563236,0.7148621817332399,0.004204625087596356,0.004476776720761052
catboost,raw,3,9398,3,True,72.11168003082275,Black men,2134,0.20290534208059982,0.2064241439126018,0.15077724510783136,0.6857832575050948,0.00411522633744856,0.007029053420805998
catboost,raw,3,9398,3,True,72.11168003082275,White men,1401,0.21199143468950749,0.19154154548904734,0.15355020517409487,0.7095258136924802,0.005434782608695652,0.005710206995003569
catboost,raw,3,9398,3,True,72.11168003082275,Black women,225,0.1288888888888889,0.13670864209632216,0.10582224112835048,0.7193877551020408,0.0,0.0
catboost,raw,3,9398,3,True,72.11168003082275,White women,386,0.16321243523316062,0.1468834427449199,0.12666301327679633,0.7187085360459973,0.0,0.0
catboost,raw,3,9398,4,True,162.43643045425415,All,4146,0.19826338639652677,0.18573063268925447,0.14762566449411932,0.700248652431187,0.007521058965102286,0.009406657018813314
catboost,raw,3,9398,4,True,162.43643045425415,Men,3535,0.2065063649222065,0.195510083789156,0.15237778187274323,0.6948155202305082,0.008912655971479501,0.011032531824611032
catboost,raw,3,9398,4,True,162.43643045425415,Women,611,0.15057283142389524,0.12915066601470127,0.12013182663252248,0.7090768199715172,0.0,0.0
catboost,raw,3,9398,4,True,162.43643045425415,Black,2359,0.19584569732937684,0.1945140897129917,0.14631179973557729,0.6969582868370428,0.008961518186610437,0.011869436201780416
catboost,raw,3,9398,4,True,162.43643045425415,White,1787,0.20145495243424735,0.17413568298640267,0.14936008361297806,0.708407303589504,0.005606166783461808,0.006155567991046447
catboost,raw,3,9398,4,True,162.43643045425415,Black men,2134,0.20290534208059982,0.20197029285071727,0.15046187012948822,0.6924944299848073,0.009994121105232217,0.013120899718837863
catboost,raw,3,9398,4,True,162.43643045425415,White men,1401,0.21199143468950749,0.18566990810223832,0.15529609426396823,0.7018585614600108,0.007246376811594203,0.007851534618129907
catboost,raw,3,9398,4,True,162.43643045425415,Black women,225,0.1288888888888889,0.12379614528674122,0.10695068764399533,0.7016185784658691,0.0,0.0
catboost,raw,3,9398,4,True,162.43643045425415,White women,386,0.16321243523316062,0.13227182447011837,0.127815133037752,0.7128114403656198,0.0,0.0
catboost,raw,3,9398,5,True,96.85965871810913,All,4146,0.19826338639652677,0.18744956385295047,0.14688919778874607,0.7013403954430069,0.005114320096269555,0.006753497346840328
catboost,raw,3,9398,5,True,96.85965871810913,Men,3535,0.2065063649222065,0.19646219368897563,0.15159639162181898,0.6960652455253583,0.006060606060606061,0.007920792079207921
catboost,raw,3,9398,5,True,96.85965871810913,Women,611,0.15057283142389524,0.13530611627463818,0.11965526947465,0.7107732261037112,0.0,0.0
catboost,raw,3,9398,5,True,96.85965871810913,Black,2359,0.19584569732937684,0.1947428540075187,0.1458304451267253,0.695015141246032,0.004744333157617291,0.008054260279779568
catboost,raw,3,9398,5,True,96.85965871810913,White,1787,0.20145495243424735,0.17782176784028886,0.14828684609859888,0.7127988009032158,0.005606166783461808,0.005036373810856184
catboost,raw,3,9398,5,True,96.85965871810913,Black men,2134,0.20290534208059982,0.2018918097834662,0.15010345602522973,0.6889412965882045,0.005291005291005291,0.008903467666354265
catboost,raw,3,9398,5,True,96.85965871810913,White men,1401,0.21199143468950749,0.18819181485554035,0.15387042771255519,0.7094861660079052,0.007246376811594203,0.006423982869379015
catboost,raw,3,9398,5,True,96.85965871810913,Black women,225,0.1288888888888889,0.12693898011475452,0.10530331064935441,0.7220267417311752,0.0,0.0
catboost,raw,3,9398,5,True,96.85965871810913,White women,386,0.16321243523316062,0.14018333294814553,0.12802104858265909,0.7044572214850853,0.0,0.0
catboost,raw,3,9398,6,True,63.700796604156494,All,4146,0.19826338639652677,0.1937518457546476,0.14695047515720613,0.7018198400777652,0.00421179302045728,0.005306319343945972
catboost,raw,3,9398,6,True,63.700796604156494,Men,3535,0.2065063649222065,0.2020853965167763,0.1518606616730476,0.6952819085292896,0.004991087344028521,0.006223479490806223
catboost,raw,3,9398,6,True,63.700796604156494,Women,611,0.15057283142389524,0.14553727628799484,0.11854211290925269,0.71686772220826,0.0,0.0
catboost,raw,3,9398,6,True,63.700796604156494,Black,2359,0.19584569732937684,0.2014657087279538,0.1461236181586783,0.6955913529450694,0.005271481286241434,0.0072064434082238235
catboost,raw,3,9398,6,True,63.700796604156494,White,1787,0.20145495243424735,0.18356885596503972,0.14804200042834612,0.7124523086506267,0.002803083391730904,0.0027979854504756574
catboost,raw,3,9398,6,True,63.700796604156494,Black men,2134,0.20290534208059982,0.2080881866439841,0.1504544487370978,0.6887634362615116,0.005878894767783657,0.007966260543580132
catboost,raw,3,9398,6,True,63.700796604156494,White men,1401,0.21199143468950749,0.19294196030588298,0.15400260200517962,0.7075281803542673,0.0036231884057971015,0.0035688793718772305
catboost,raw,3,9398,6,True,63.700796604156494,Black women,225,0.1288888888888889,0.13865518484880415,0.10504809613935767,0.7257213230119635,0.0,0.0
catboost,raw,3,9398,6,True,63.700796604156494,White women,386,0.16321243523316062,0.1495488580854505,0.12640779625958012,0.7118777335495602,0.0,0.0
catboost,raw,3,9398,7,True,80.09902095794678,All,4146,0.19826338639652677,0.18667152654926913,0.14680061081131227,0.7036380698071388,0.003910950661853189,0.005306319343945972
catboost,raw,3,9398,7,True,80.09902095794678,Men,3535,0.2065063649222065,0.19530330116172295,0.1515040665580001,0.6983346763362879,0.004634581105169341,0.006223479490806223
catboost,raw,3,9398,7,True,80.09902095794678,Women,611,0.15057283142389524,0.13673155395512127,0.11958830956001683,0.714291698081595,0.0,0.0
catboost,raw,3,9398,7,True,80.09902095794678,Black,2359,0.19584569732937684,0.19513052089794605,0.14539142975780808,0.700594696113937,0.0036900369003690036,0.005934718100890208
catboost,raw,3,9398,7,True,80.09902095794678,White,1787,0.20145495243424735,0.17550489662843596,0.1486608559737165,0.7119111578291677,0.004204625087596356,0.004476776720761052
catboost,raw,3,9398,7,True,80.09902095794678,Black men,2134,0.20290534208059982,0.2018054588626095,0.14958622555543008,0.6951609771727811,0.00411522633744856,0.006560449859418931
catboost,raw,3,9398,7,True,80.09902095794678,White men,1401,0.21199143468950749,0.18539922940319914,0.1544253175926071,0.7072994437124872,0.005434782608695652,0.005710206995003569
catboost,raw,3,9398,7,True,80.09902095794678,Black women,225,0.1288888888888889,0.1318224426019824,0.10560612205947317,0.72009148486981,0.0,0.0
catboost,raw,3,9398,7,True,80.09902095794678,White women,386,0.16321243523316062,0.13959308259360897,0.12773854838805399,0.7101577473094501,0.0,0.0
catboost,raw,3,9398,8,True,96.41161775588989,All,4146,0.19826338639652677,0.19350172066240032,0.1467943176203962,0.7027648217929912,0.005114320096269555,0.006512301013024602
catboost,raw,3,9398,8,True,96.41161775588989,Men,3535,0.2065063649222065,0.20213922241111074,0.15153699939017545,0.697593827070056,0.006060606060606061,0.007637906647807638
catboost,raw,3,9398,8,True,96.41161775588989,Women,611,0.15057283142389524,0.1435286131637239,0.11935507039262255,0.7097051185389964,0.0,0.0
catboost,raw,3,9398,8,True,96.41161775588989,Black,2359,0.19584569732937684,0.20103887704650658,0.1457901238637587,0.6981746069779808,0.005271481286241434,0.007630351844001695
catboost,raw,3,9398,8,True,96.41161775588989,White,1787,0.20145495243424735,0.18355199939205522,0.14811994329018244,0.7117904695164681,0.004905395935529082,0.005036373810856184
catboost,raw,3,9398,8,True,96.41161775588989,Black men,2134,0.20290534208059982,0.20772238420460892,0.15004761519529708,0.6923057079587744,0.005878894767783657,0.008434864104967198
catboost,raw,3,9398,8,True,96.41161775588989,White men,1401,0.21199143468950749,0.19363496311965805,0.15380562599393746,0.7081686429512516,0.006340579710144928,0.006423982869379015
catboost,raw,3,9398,8,True,96.41161775588989,Black women,225,0.1288888888888889,0.13764952471143807,0.10541018385707902,0.7151653764954258,0.0,0.0
catboost,raw,3,9398,8,True,96.41161775588989,White women,386,0.16321243523316062,0.14695554296104077,0.12748356643018027,0.7077006241092928,0.0,0.0
catboost,raw,3,9398,9,True,134.33029747009277,All,4146,0.19826338639652677,0.1872298348620439,0.14711150552342955,0.7049947883270237,0.007821901323706379,0.00964785335262904
catboost,raw,3,9398,9,True,134.33029747009277,Men,3535,0.2065063649222065,0.1958897846047035,0.15199139734528613,0.6989241325421826,0.009269162210338681,0.011315417256011316
catboost,raw,3,9398,9,True,134.33029747009277,Women,611,0.15057283142389524,0.13712685230835847,0.11887841617766354,0.7167001759235989,0.0,0.0
catboost,raw,3,9398,9,True,134.33029747009277,Black,2359,0.19584569732937684,0.19572359154638688,0.1458150413079922,0.7012713169803313,0.008961518186610437,0.011021619330224672
catboost,raw,3,9398,9,True,134.33029747009277,White,1787,0.20145495243424735,0.17601731554566719,0.14882295436742324,0.7137273222767266,0.006306937631394534,0.00783435926133184
catboost,raw,3,9398,9,True,134.33029747009277,Black men,2134,0.20290534208059982,0.20247647612221012,0.15010407679060211,0.6953374797870564,0.009994121105232217,0.01218369259606373
catboost,raw,3,9398,9,True,134.33029747009277,White men,1401,0.21199143468950749,0.1858569511297862,0.15486615970338438,0.7084888742497438,0.008152173913043478,0.009992862241256246
catboost,raw,3,9398,9,True,134.33029747009277,Black women,225,0.1288888888888889,0.13167623294724545,0.10513592255292711,0.7211470795214637,0.0,0.0
catboost,raw,3,9398,9,True,134.33029747009277,White women,386,0.16321243523316062,0.1403040268064166,0.12688893707291143,0.7116320212295444,0.0,0.0
