model,features,round,size,rep,full,seconds,group,n,base_rate,mean_pred,brier,auc,fpr50,flag50
tabicl,raw,1,500,0,False,15.4338538646698,All,7807,0.30062764185986934,0.2775117754936218,0.19754956733272175,0.6612317025397554,0.046703296703296704,0.06442935826822083
tabicl,raw,1,500,0,False,15.4338538646698,Men,6857,0.31194399883330903,0.2864231765270233,0.20224962509648295,0.6569365907099645,0.05383637134378974,0.07320985853871956
tabicl,raw,1,500,0,False,15.4338538646698,Women,950,0.21894736842105264,0.2131904512643814,0.1636250451368158,0.6512414472320133,0.0013477088948787063,0.0010526315789473684
tabicl,raw,1,500,0,False,15.4338538646698,Black,4534,0.31473312748125276,0.2839288115501404,0.2038129011278746,0.6565025196850749,0.05246218216929514,0.07168063520070578
tabicl,raw,1,500,0,False,15.4338538646698,White,3273,0.281087687137183,0.268622487783432,0.18887313732134903,0.6663833404164896,0.03909902252443689,0.05438435685915063
tabicl,raw,1,500,0,False,15.4338538646698,Black men,4195,0.3215733015494637,0.29041677713394165,0.20697548189135198,0.6508382878548802,0.05727336612789881,0.07747318235995232
tabicl,raw,1,500,0,False,15.4338538646698,White men,2662,0.29676934635612323,0.28012967109680176,0.19480222868232988,0.6664384534242129,0.04861111111111111,0.06649135987978963
tabicl,raw,1,500,0,False,15.4338538646698,Black women,339,0.23008849557522124,0.20364230871200562,0.1646771303231914,0.7048334806955496,0.0,0.0
tabicl,raw,1,500,0,False,15.4338538646698,White women,611,0.2127659574468085,0.21848802268505096,0.16304131865861396,0.6214936830321446,0.002079002079002079,0.0016366612111292963
tabicl,raw,1,500,1,False,8.623577356338501,All,7807,0.30062764185986934,0.2860708236694336,0.1940826516513368,0.6745897264218526,0.03168498168498168,0.04982707826309722
tabicl,raw,1,500,1,False,8.623577356338501,Men,6857,0.31194399883330903,0.2937511205673218,0.1992009842374558,0.667494070930048,0.03560830860534125,0.05512614846142628
tabicl,raw,1,500,1,False,8.623577356338501,Women,950,0.21894736842105264,0.2306353747844696,0.15713906581658144,0.6981520837652913,0.006738544474393531,0.011578947368421053
tabicl,raw,1,500,1,False,8.623577356338501,Black,4534,0.31473312748125276,0.28767621517181396,0.2010817606415537,0.6637643055252634,0.027679433537174124,0.044993383325981476
tabicl,raw,1,500,1,False,8.623577356338501,White,3273,0.281087687137183,0.2838468849658966,0.18438697179748922,0.6901936011382326,0.0369740756481088,0.05652306752215093
tabicl,raw,1,500,1,False,8.623577356338501,Black men,4195,0.3215733015494637,0.29260310530662537,0.20496560524065727,0.6551659515103716,0.030217849613492623,0.04743742550655542
tabicl,raw,1,500,1,False,8.623577356338501,White men,2662,0.29676934635612323,0.29556024074554443,0.1901166171794429,0.688335429514227,0.0438034188034188,0.06724267468069121
tabicl,raw,1,500,1,False,8.623577356338501,Black women,339,0.23008849557522124,0.22670811414718628,0.15302061582373813,0.7445230376264859,0.0,0.014749262536873156
tabicl,raw,1,500,1,False,8.623577356338501,White women,611,0.2127659574468085,0.23281431198120117,0.15942409780933736,0.6705261474492243,0.010395010395010396,0.009819967266775777
tabicl,raw,1,500,2,False,8.10010051727295,All,7807,0.30062764185986934,0.282662570476532,0.20719959877246708,0.6562546138707195,0.1173992673992674,0.1565261944408864
tabicl,raw,1,500,2,False,8.10010051727295,Men,6857,0.31194399883330903,0.2971701920032501,0.21238310488043136,0.6497241523367185,0.12971598134802884,0.17179524573428612
tabicl,raw,1,500,2,False,8.10010051727295,Women,950,0.21894736842105264,0.17794816195964813,0.1697855973174026,0.6716385030064275,0.03908355795148248,0.04631578947368421
tabicl,raw,1,500,2,False,8.10010051727295,Black,4534,0.31473312748125276,0.29311802983283997,0.21087338735649727,0.6561971306512477,0.11972964274219504,0.16497573886193206
tabicl,raw,1,500,2,False,8.10010051727295,White,3273,0.281087687137183,0.26817893981933594,0.20211039698817346,0.6537232764833053,0.11432214194645134,0.14482126489459213
tabicl,raw,1,500,2,False,8.10010051727295,Black men,4195,0.3215733015494637,0.30103713274002075,0.21511589231704561,0.6473170308606828,0.12649332396345747,0.1730631704410012
tabicl,raw,1,500,2,False,8.10010051727295,White men,2662,0.29676934635612323,0.29107627272605896,0.20807655217697654,0.6521570377583036,0.1346153846153846,0.16979714500375656
tabicl,raw,1,500,2,False,8.10010051727295,Black women,339,0.23008849557522124,0.19512151181697845,0.15837395281519853,0.7463896256999705,0.04597701149425287,0.06489675516224189
tabicl,raw,1,500,2,False,8.10010051727295,White women,611,0.2127659574468085,0.16841989755630493,0.17611709893155506,0.6285622901007517,0.035343035343035345,0.03600654664484452
tabicl,raw,1,500,3,False,8.774683475494385,All,7807,0.30062764185986934,0.2947954833507538,0.19604031836078045,0.6647695756877691,0.06831501831501831,0.10272832073779942
tabicl,raw,1,500,3,False,8.774683475494385,Men,6857,0.31194399883330903,0.3094804584980011,0.20025961365496503,0.6622631419046866,0.0777871979652395,0.11564824267172233
tabicl,raw,1,500,3,False,8.774683475494385,Women,950,0.21894736842105264,0.18880070745944977,0.16558588906370292,0.6365721542608335,0.008086253369272238,0.009473684210526316
tabicl,raw,1,500,3,False,8.774683475494385,Black,4534,0.31473312748125276,0.30748623609542847,0.2022743734697294,0.6576716364183415,0.07692307692307693,0.11204234671371857
tabicl,raw,1,500,3,False,8.774683475494385,White,3273,0.281087687137183,0.27721530199050903,0.18740444733604028,0.6712670226722594,0.05694857628559286,0.08982584784601283
tabicl,raw,1,500,3,False,8.774683475494385,Black men,4195,0.3215733015494637,0.31684187054634094,0.20537588269197063,0.652509445845469,0.08362614195361912,0.12061978545887962
tabicl,raw,1,500,3,False,8.774683475494385,White men,2662,0.29676934635612323,0.29787972569465637,0.19219697330551402,0.6761900897976848,0.06891025641025642,0.10781367392937641
tabicl,raw,1,500,3,False,8.774683475494385,Black women,339,0.23008849557522124,0.19171328842639923,0.16389434046883847,0.6774241084585911,0.0038314176245210726,0.0058997050147492625
tabicl,raw,1,500,3,False,8.774683475494385,White women,611,0.2127659574468085,0.18718472123146057,0.16652440784219563,0.6118982888213658,0.010395010395010396,0.011456628477905073
tabicl,raw,1,500,4,False,7.867968797683716,All,7807,0.30062764185986934,0.32742199301719666,0.1988553772834747,0.6766375046626432,0.1445054945054945,0.20276674779044448
tabicl,raw,1,500,4,False,7.867968797683716,Men,6857,0.31194399883330903,0.34259727597236633,0.2037055177470975,0.6724213871813973,0.16002543450614667,0.2216712848184337
tabicl,raw,1,500,4,False,7.867968797683716,Women,950,0.21894736842105264,0.21788841485977173,0.16384757395814697,0.6739645967240308,0.04582210242587601,0.06631578947368422
tabicl,raw,1,500,4,False,7.867968797683716,Black,4534,0.31473312748125276,0.3307849168777466,0.2056648480435158,0.6655240139757209,0.14451239137431607,0.20136744596382886
tabicl,raw,1,500,4,False,7.867968797683716,White,3273,0.281087687137183,0.3227633833885193,0.18942239823488738,0.6911043256527283,0.14449638759031025,0.20470516345860068
tabicl,raw,1,500,4,False,7.867968797683716,Black men,4195,0.3215733015494637,0.33929330110549927,0.2096530120552936,0.6581193898606343,0.15390021082220662,0.21120381406436234
tabicl,raw,1,500,4,False,7.867968797683716,White men,2662,0.29676934635612323,0.34780392050743103,0.19433296379409876,0.6962228172671211,0.16933760683760685,0.23816679188580014
tabicl,raw,1,500,4,False,7.867968797683716,Black women,339,0.23008849557522124,0.2254968136548996,0.15631278895971704,0.7352883387366146,0.0421455938697318,0.07964601769911504
tabicl,raw,1,500,4,False,7.867968797683716,White women,611,0.2127659574468085,0.21366705000400543,0.16802808478378975,0.6321765552534784,0.04781704781704782,0.058919803600654665
tabicl,raw,1,500,5,False,7.7133097648620605,All,7807,0.30062764185986934,0.2762616276741028,0.20158770445442215,0.6460079190799259,0.07326007326007326,0.0995260663507109
tabicl,raw,1,500,5,False,7.7133097648620605,Men,6857,0.31194399883330903,0.2791169583797455,0.20640055844105673,0.6435604860261824,0.07609156422212802,0.10266880560011667
tabicl,raw,1,500,5,False,7.7133097648620605,Women,950,0.21894736842105264,0.25565198063850403,0.1668490309951027,0.6547338274932615,0.05525606469002695,0.07684210526315789
tabicl,raw,1,500,5,False,7.7133097648620605,Black,4534,0.31473312748125276,0.2763141989707947,0.20707785570015952,0.6461196308536751,0.07145156099130995,0.09770621967357741
tabicl,raw,1,500,5,False,7.7133097648620605,White,3273,0.281087687137183,0.2761887311935425,0.19398234370032091,0.6463741939060218,0.07564810879728007,0.10204705163458601
tabicl,raw,1,500,5,False,7.7133097648620605,Black men,4195,0.3215733015494637,0.27651670575141907,0.21112290809428547,0.6395261944117269,0.0713281799016163,0.09654350417163289
tabicl,raw,1,500,5,False,7.7133097648620605,White men,2662,0.29676934635612323,0.2832146883010864,0.19895868887107376,0.6513794222654982,0.08333333333333333,0.11232156273478587
tabicl,raw,1,500,5,False,7.7133097648620605,Black women,339,0.23008849557522124,0.2738087773323059,0.15702182386134386,0.7413793103448276,0.07279693486590039,0.11209439528023599
tabicl,raw,1,500,5,False,7.7133097648620605,White women,611,0.2127659574468085,0.2455781251192093,0.17230144215442225,0.5993603070526148,0.04573804573804574,0.057283142389525366
tabicl,raw,1,500,6,False,7.67068886756897,All,7807,0.30062764185986934,0.26152369379997253,0.19903586691282965,0.6617457248049493,0.07857142857142857,0.12027667477904445
tabicl,raw,1,500,6,False,7.67068886756897,Men,6857,0.31194399883330903,0.27420851588249207,0.20337022407060865,0.6607978931810196,0.09092835947435354,0.13679451655242816
tabicl,raw,1,500,6,False,7.67068886756897,Women,950,0.21894736842105264,0.16996626555919647,0.1677509331961028,0.6269956458635705,0.0,0.0010526315789473684
tabicl,raw,1,500,6,False,7.67068886756897,Black,4534,0.31473312748125276,0.27238333225250244,0.20684594216342295,0.6508575590213928,0.09526874798841325,0.14093515659461844
tabicl,raw,1,500,6,False,7.67068886756897,White,3273,0.281087687137183,0.24648018181324005,0.1882167770300953,0.675642334485116,0.056523586910327245,0.09165902841429881
tabicl,raw,1,500,6,False,7.67068886756897,Black men,4195,0.3215733015494637,0.28093603253364563,0.20986856429080528,0.6474718786514255,0.10400562192550948,0.15208581644815256
tabicl,raw,1,500,6,False,7.67068886756897,White men,2662,0.29676934635612323,0.2636066973209381,0.1931296015222523,0.6815610461971222,0.07104700854700854,0.11269722013523667
tabicl,raw,1,500,6,False,7.67068886756897,Black women,339,0.23008849557522124,0.16654683649539948,0.1694421078732494,0.6635229393850083,0.0,0.0029498525073746312
tabicl,raw,1,500,6,False,7.67068886756897,White women,611,0.2127659574468085,0.17186348140239716,0.16681262187768595,0.6057572365264673,0.0,0.0
tabicl,raw,1,500,7,False,7.674745321273804,All,7807,0.30062764185986934,0.269639253616333,0.19733383406980667,0.6614618693336205,0.02564102564102564,0.03727424106571026
tabicl,raw,1,500,7,False,7.674745321273804,Men,6857,0.31194399883330903,0.2693236470222473,0.20181494109414502,0.6631832451726659,0.027977956761339552,0.04010500218754558
tabicl,raw,1,500,7,False,7.674745321273804,Women,950,0.21894736842105264,0.27191728353500366,0.1649896752636089,0.6560037839518972,0.01078167115902965,0.016842105263157894
tabicl,raw,1,500,7,False,7.674745321273804,Black,4534,0.31473312748125276,0.2763254642486572,0.201498080128096,0.6674631441221971,0.028644995172191826,0.043228936921041024
tabicl,raw,1,500,7,False,7.674745321273804,White,3273,0.281087687137183,0.26037704944610596,0.19156521456834508,0.6510724052550859,0.021674458138546536,0.029025358997861288
tabicl,raw,1,500,7,False,7.674745321273804,Black men,4195,0.3215733015494637,0.2751995921134949,0.20454704456462713,0.6664669750946408,0.029515108924806747,0.043861740166865316
tabicl,raw,1,500,7,False,7.674745321273804,White men,2662,0.29676934635612323,0.26006385684013367,0.1975094662411501,0.6572639429838796,0.02564102564102564,0.034184823441021785
tabicl,raw,1,500,7,False,7.674745321273804,Black women,339,0.23008849557522124,0.29025742411613464,0.16376826947544715,0.7142646625405247,0.019157088122605363,0.035398230088495575
tabicl,raw,1,500,7,False,7.674745321273804,White women,611,0.2127659574468085,0.26174166798591614,0.16566734557815357,0.6224212378058531,0.006237006237006237,0.006546644844517185
tabicl,raw,1,500,8,False,7.717602968215942,All,7807,0.30062764185986934,0.31588831543922424,0.19831484647259828,0.6663807822627593,0.12307692307692308,0.16626104777763545
tabicl,raw,1,500,8,False,7.717602968215942,Men,6857,0.31194399883330903,0.3211962878704071,0.20241447988425237,0.6641375346048208,0.1295040271301399,0.17529531865247192
tabicl,raw,1,500,8,False,7.717602968215942,Women,950,0.21894736842105264,0.27757593989372253,0.16872412404763837,0.6639086149699358,0.08221024258760108,0.10105263157894737
tabicl,raw,1,500,8,False,7.717602968215942,Black,4534,0.31473312748125276,0.3173998296260834,0.20351676135196436,0.660091066378359,0.11876408110717734,0.16365240405822673
tabicl,raw,1,500,8,False,7.717602968215942,White,3273,0.281087687137183,0.31379440426826477,0.19110877190399286,0.6756698202110165,0.12877178070548237,0.16987473266116712
tabicl,raw,1,500,8,False,7.717602968215942,Black men,4195,0.3215733015494637,0.321054071187973,0.20728537904523947,0.6540211978681274,0.12508784258608574,0.1697258641239571
tabicl,raw,1,500,8,False,7.717602968215942,White men,2662,0.29676934635612323,0.3214204013347626,0.19473851370080353,0.6809017634967003,0.1362179487179487,0.18407212622088656
tabicl,raw,1,500,8,False,7.717602968215942,Black women,339,0.23008849557522124,0.2721802890300751,0.1568815070059787,0.7199626682385303,0.04980842911877394,0.08849557522123894
tabicl,raw,1,500,8,False,7.717602968215942,White women,611,0.2127659574468085,0.2805696129798889,0.17529474135880477,0.630369422677115,0.0997920997920998,0.10801963993453355
tabicl,raw,1,500,9,False,7.691799640655518,All,7807,0.30062764185986934,0.2474951297044754,0.20879216929992145,0.6151558532363817,0.035164835164835165,0.04316638913795312
tabicl,raw,1,500,9,False,7.691799640655518,Men,6857,0.31194399883330903,0.24993199110031128,0.2144954130967149,0.6121842759102885,0.038787621873675286,0.04695931165232609
tabicl,raw,1,500,9,False,7.691799640655518,Women,950,0.21894736842105264,0.2299060970544815,0.16762675591611834,0.6297234605017623,0.012129380053908356,0.015789473684210527
tabicl,raw,1,500,9,False,7.691799640655518,Black,4534,0.31473312748125276,0.23773987591266632,0.21891360089714104,0.6053102732284561,0.03186353395558417,0.038376709307454786
tabicl,raw,1,500,9,False,7.691799640655518,White,3273,0.281087687137183,0.2610088288784027,0.19477121883802298,0.6363603817513257,0.039524011899702505,0.049801405438435684
tabicl,raw,1,500,9,False,7.691799640655518,Black men,4195,0.3215733015494637,0.23924212157726288,0.22348887020576985,0.5983648125391026,0.03408292340126493,0.0400476758045292
tabicl,raw,1,500,9,False,7.691799640655518,White men,2662,0.29676934635612323,0.26677796244621277,0.20032277877196458,0.6410090744347073,0.045940170940170943,0.05785123966942149
tabicl,raw,1,500,9,False,7.691799640655518,Black women,339,0.23008849557522124,0.219150111079216,0.16229633024906479,0.6957952647607821,0.007662835249042145,0.017699115044247787
tabicl,raw,1,500,9,False,7.691799640655518,White women,611,0.2127659574468085,0.23587386310100555,0.17058422613073568,0.5902926595234288,0.014553014553014554,0.014729950900163666
tabicl,raw,1,1000,0,False,8.73914361000061,All,7807,0.30062764185986934,0.2776506841182709,0.19372878336496135,0.6787125564394418,0.04212454212454213,0.06468553861918791
tabicl,raw,1,1000,0,False,8.73914361000061,Men,6857,0.31194399883330903,0.2850669324398041,0.198692844525191,0.6732152989129196,0.0476896990250106,0.0717514948228088
tabicl,raw,1,1000,0,False,8.73914361000061,Women,950,0.21894736842105264,0.22412103414535522,0.15789871244317744,0.6875907111756168,0.006738544474393531,0.01368421052631579
tabicl,raw,1,1000,0,False,8.73914361000061,Black,4534,0.31473312748125276,0.28167060017585754,0.20013315231500803,0.6727040394578871,0.04119729642742195,0.06418173797970887
tabicl,raw,1,1000,0,False,8.73914361000061,White,3273,0.281087687137183,0.27208206057548523,0.18485698109807727,0.6864846449490937,0.04334891627709307,0.06538344026886649
tabicl,raw,1,1000,0,False,8.73914361000061,Black men,4195,0.3215733015494637,0.2859155237674713,0.20386828778102228,0.6650967870320641,0.044624033731553055,0.06769964243146603
tabicl,raw,1,1000,0,False,8.73914361000061,White men,2662,0.29676934635612323,0.283729612827301,0.19053695254239156,0.6865401520069241,0.05235042735042735,0.0781367392937641
tabicl,raw,1,1000,0,False,8.73914361000061,Black women,339,0.23008849557522124,0.22914066910743713,0.1539122281854216,0.7412810688672758,0.0038314176245210726,0.02064896755162242
tabicl,raw,1,1000,0,False,8.73914361000061,White women,611,0.2127659574468085,0.2213360071182251,0.16011052613119583,0.6559411482488406,0.008316008316008316,0.009819967266775777
tabicl,raw,1,1000,1,False,8.66512155532837,All,7807,0.30062764185986934,0.30204910039901733,0.1918209046809314,0.685618184542343,0.0641025641025641,0.09657999231458947
tabicl,raw,1,1000,1,False,8.66512155532837,Men,6857,0.31194399883330903,0.3123209476470947,0.19692209292429835,0.6779807511086722,0.07206443408223824,0.10689806037625783
tabicl,raw,1,1000,1,False,8.66512155532837,Women,950,0.21894736842105264,0.22790808975696564,0.15500106490749221,0.7098862222682977,0.013477088948787063,0.022105263157894735
tabicl,raw,1,1000,1,False,8.66512155532837,Black,4534,0.31473312748125276,0.3032293915748596,0.1979629352862741,0.6772217221370285,0.05439330543933055,0.08425231583590649
tabicl,raw,1,1000,1,False,8.66512155532837,White,3273,0.281087687137183,0.300414115190506,0.1833125127577344,0.6977953676158096,0.07692307692307693,0.11365719523373052
tabicl,raw,1,1000,1,False,8.66512155532837,Black men,4195,0.3215733015494637,0.3099001348018646,0.2017733372675123,0.6685779320670109,0.058678847505270554,0.08843861740166865
tabicl,raw,1,1000,1,False,8.66512155532837,White men,2662,0.29676934635612323,0.31613588333129883,0.1892771004300149,0.6943960970464136,0.09241452991452992,0.13598797896318557
tabicl,raw,1,1000,1,False,8.66512155532837,Black women,339,0.23008849557522124,0.22068142890930176,0.15081061578393104,0.7528244424796149,0.007662835249042145,0.032448377581120944
tabicl,raw,1,1000,1,False,8.66512155532837,White women,611,0.2127659574468085,0.231917604804039,0.15732604404478723,0.6845993922917,0.016632016632016633,0.016366612111292964
tabicl,raw,1,1000,2,False,8.68471646308899,All,7807,0.30062764185986934,0.2773602604866028,0.1946022391354734,0.684003154209801,0.07747252747252747,0.12078903548097861
tabicl,raw,1,1000,2,False,8.68471646308899,Men,6857,0.31194399883330903,0.2907484173774719,0.19911052129872814,0.6797982659588446,0.0877490462060195,0.1354819892081085
tabicl,raw,1,1000,2,False,8.68471646308899,Women,950,0.21894736842105264,0.18072587251663208,0.16206193303711786,0.6827182251710554,0.012129380053908356,0.014736842105263158
tabicl,raw,1,1000,2,False,8.68471646308899,Black,4534,0.31473312748125276,0.2819606363773346,0.20082368625642147,0.6797059965189259,0.0804634695848085,0.12659902955447727
tabicl,raw,1,1000,2,False,8.68471646308899,White,3273,0.281087687137183,0.2709874212741852,0.18598383362176166,0.6894099114913431,0.07352316192095197,0.11274060494958753
tabicl,raw,1,1000,2,False,8.68471646308899,Black men,4195,0.3215733015494637,0.28978872299194336,0.20463296775643805,0.671793009787839,0.08749121574139143,0.1361144219308701
tabicl,raw,1,1000,2,False,8.68471646308899,White men,2662,0.29676934635612323,0.2922607660293579,0.19040779294031598,0.6937641999350859,0.08814102564102565,0.13448534936138243
tabicl,raw,1,1000,2,False,8.68471646308899,Black women,339,0.23008849557522124,0.18509113788604736,0.153685232296039,0.7633362805776599,0.0038314176245210726,0.008849557522123894
tabicl,raw,1,1000,2,False,8.68471646308899,White women,611,0.2127659574468085,0.17830389738082886,0.16670956241719273,0.6345594114824883,0.016632016632016633,0.01800327332242226
tabicl,raw,1,1000,3,False,8.641967296600342,All,7807,0.30062764185986934,0.2836398184299469,0.19349989715121263,0.678785715066073,0.05934065934065934,0.09094402459331369
tabicl,raw,1,1000,3,False,8.641967296600342,Men,6857,0.31194399883330903,0.2977360188961029,0.1976868944500146,0.6759274012708533,0.06846121237812633,0.10339798745807205
tabicl,raw,1,1000,3,False,8.641967296600342,Women,950,0.21894736842105264,0.18189501762390137,0.16327859138501738,0.660526383993365,0.0013477088948787063,0.0010526315789473684
tabicl,raw,1,1000,3,False,8.641967296600342,Black,4534,0.31473312748125276,0.2951333224773407,0.19978794883715356,0.6721172820195552,0.06598004505954297,0.09770621967357741
tabicl,raw,1,1000,3,False,8.641967296600342,White,3273,0.281087687137183,0.26771819591522217,0.18478922610200516,0.6850685526340103,0.05057373565660858,0.08157653528872594
tabicl,raw,1,1000,3,False,8.641967296600342,Black men,4195,0.3215733015494637,0.3036172688007355,0.20291986817515056,0.6666141391009816,0.07203092059030218,0.10560190703218117
tabicl,raw,1,1000,3,False,8.641967296600342,White men,2662,0.29676934635612323,0.2884678840637207,0.189440341190456,0.6894447149193985,0.06303418803418803,0.09992486851990984
tabicl,raw,1,1000,3,False,8.641967296600342,Black women,339,0.23008849557522124,0.19014756381511688,0.16103160186695456,0.7108753315649867,0.0,0.0
tabicl,raw,1,1000,3,False,8.641967296600342,White women,611,0.2127659574468085,0.17731626331806183,0.16452528442368075,0.6319366703982088,0.002079002079002079,0.0016366612111292963
tabicl,raw,1,1000,4,False,8.624289512634277,All,7807,0.30062764185986934,0.31519797444343567,0.19339392062019709,0.6797185168190707,0.09139194139194139,0.13859356987319071
tabicl,raw,1,1000,4,False,8.624289512634277,Men,6857,0.31194399883330903,0.33146536350250244,0.19792424354246724,0.6757508718462768,0.10534124629080119,0.15706577220358758
tabicl,raw,1,1000,4,False,8.624289512634277,Women,950,0.21894736842105264,0.1977812647819519,0.16069452664334818,0.6763101285506945,0.0026954177897574125,0.005263157894736842
tabicl,raw,1,1000,4,False,8.624289512634277,Black,4534,0.31473312748125276,0.3187112510204315,0.200336300700995,0.6676063657148709,0.08786610878661087,0.12968681076312308
tabicl,raw,1,1000,4,False,8.624289512634277,White,3273,0.281087687137183,0.3103310465812683,0.1837768258183829,0.6960988747020456,0.09604759881002975,0.1509318667888787
tabicl,raw,1,1000,4,False,8.624289512634277,Black men,4195,0.3215733015494637,0.3285296559333801,0.20393903541344421,0.6603139568259876,0.09592410400562193,0.1394517282479142
tabicl,raw,1,1000,4,False,8.624289512634277,White men,2662,0.29676934635612323,0.33609169721603394,0.188445636518144,0.7020221383749865,0.11965811965811966,0.18482344102178813
tabicl,raw,1,1000,4,False,8.624289512634277,Black women,339,0.23008849557522124,0.19721199572086334,0.15575378707643914,0.7410354651733962,0.0,0.008849557522123894
tabicl,raw,1,1000,4,False,8.624289512634277,White women,611,0.2127659574468085,0.1980970948934555,0.16343578803971834,0.6361266592035822,0.004158004158004158,0.0032733224222585926
tabicl,raw,1,1000,5,False,8.620260953903198,All,7807,0.30062764185986934,0.27556443214416504,0.19388790107538814,0.6797943286652277,0.0510989010989011,0.07992826950172922
tabicl,raw,1,1000,5,False,8.620260953903198,Men,6857,0.31194399883330903,0.27909472584724426,0.19853672642442793,0.6771778221570339,0.05383637134378974,0.08546011375236984
tabicl,raw,1,1000,5,False,8.620260953903198,Women,950,0.21894736842105264,0.25008317828178406,0.16033316905605574,0.6874611237818786,0.03369272237196765,0.04
tabicl,raw,1,1000,5,False,8.620260953903198,Black,4534,0.31473312748125276,0.2730424404144287,0.20041984836951737,0.674938070757782,0.04473768908915352,0.0741067490074989
tabicl,raw,1,1000,5,False,8.620260953903198,White,3273,0.281087687137183,0.2790580689907074,0.18483936791572364,0.6885008037842533,0.05949851253718657,0.08799266727772685
tabicl,raw,1,1000,5,False,8.620260953903198,Black men,4195,0.3215733015494637,0.2748832702636719,0.2041783462593234,0.669170885802294,0.04673225579761068,0.07604290822407628
tabicl,raw,1,1000,5,False,8.620260953903198,White men,2662,0.29676934635612323,0.2857314348220825,0.1896461947913,0.6919655414908579,0.06463675213675214,0.10030052592036064
tabicl,raw,1,1000,5,False,8.620260953903198,Black women,339,0.23008849557522124,0.25026267766952515,0.15390982285997062,0.7447195205815895,0.022988505747126436,0.05014749262536873
tabicl,raw,1,1000,5,False,8.620260953903198,White women,611,0.2127659574468085,0.249983549118042,0.1638970223465187,0.6525187909803294,0.0395010395010395,0.03436988543371522
tabicl,raw,1,1000,6,False,8.676483154296875,All,7807,0.30062764185986934,0.2640364170074463,0.19456619873466607,0.6758739236902851,0.045787545787545784,0.08005635967721275
tabicl,raw,1,1000,6,False,8.676483154296875,Men,6857,0.31194399883330903,0.2812192738056183,0.19829278356745428,0.6740647012297705,0.052988554472233995,0.09114773224442176
tabicl,raw,1,1000,6,False,8.676483154296875,Women,950,0.21894736842105264,0.14001236855983734,0.16766810168368873,0.6689106883682355,0.0,0.0
tabicl,raw,1,1000,6,False,8.676483154296875,Black,4534,0.31473312748125276,0.2718638479709625,0.2008932766286689,0.6704336952817396,0.04956549726424203,0.08337009263343625
tabicl,raw,1,1000,6,False,8.676483154296875,White,3273,0.281087687137183,0.2531932294368744,0.18580146571559827,0.6825745117241635,0.040798980025499365,0.07546593339443936
tabicl,raw,1,1000,6,False,8.676483154296875,Black men,4195,0.3215733015494637,0.2826601266860962,0.20342782483036342,0.6665288360707575,0.054111033028812365,0.0901072705601907
tabicl,raw,1,1000,6,False,8.676483154296875,White men,2662,0.29676934635612323,0.2789486348628998,0.19020056039018,0.6867534891269068,0.05128205128205128,0.09278737791134485
tabicl,raw,1,1000,6,False,8.676483154296875,Black women,339,0.23008849557522124,0.1382642239332199,0.16952917720062013,0.7266430887120542,0.0,0.0
tabicl,raw,1,1000,6,False,8.676483154296875,White women,611,0.2127659574468085,0.14098230004310608,0.16663552459655329,0.6385255077562769,0.0,0.0
tabicl,raw,1,1000,7,False,8.622478723526001,All,7807,0.30062764185986934,0.2768005430698395,0.1936809873649826,0.6792892415069663,0.04377289377289377,0.06737543230434226
tabicl,raw,1,1000,7,False,8.622478723526001,Men,6857,0.31194399883330903,0.28465142846107483,0.198162608080816,0.6762045569265033,0.048749470114455275,0.07466822225463031
tabicl,raw,1,1000,7,False,8.622478723526001,Women,950,0.21894736842105264,0.2201337218284607,0.16133312078764597,0.66911154882853,0.012129380053908356,0.014736842105263158
tabicl,raw,1,1000,7,False,8.622478723526001,Black,4534,0.31473312748125276,0.2816130816936493,0.19957648628905603,0.6747297791974133,0.04377212745413582,0.06771063078958976
tabicl,raw,1,1000,7,False,8.622478723526001,White,3273,0.281087687137183,0.2701338529586792,0.18551410923429248,0.6844712577837728,0.04377390565235869,0.06691109074243813
tabicl,raw,1,1000,7,False,8.622478723526001,Black men,4195,0.3215733015494637,0.2860890328884125,0.20305838063674328,0.6686332813614312,0.04673225579761068,0.07151370679380215
tabicl,raw,1,1000,7,False,8.622478723526001,White men,2662,0.29676934635612323,0.2823859453201294,0.19044744434223043,0.6880679974034405,0.05181623931623932,0.07963936889556725
tabicl,raw,1,1000,7,False,8.622478723526001,Black women,339,0.23008849557522124,0.22622518241405487,0.15648932762077256,0.7298359367324885,0.011494252873563218,0.02064896755162242
tabicl,raw,1,1000,7,False,8.622478723526001,White women,611,0.2127659574468085,0.2167539894580841,0.16402059359217966,0.6340156724772109,0.012474012474012475,0.011456628477905073
tabicl,raw,1,1000,8,False,8.648375988006592,All,7807,0.30062764185986934,0.2938627004623413,0.19404411052250573,0.676267029377383,0.07655677655677656,0.11592160881260408
tabicl,raw,1,1000,8,False,8.648375988006592,Men,6857,0.31194399883330903,0.30200403928756714,0.19848848744696487,0.6727393185082308,0.08202628232301823,0.12425258859559574
tabicl,raw,1,1000,8,False,8.648375988006592,Women,950,0.21894736842105264,0.2350987046957016,0.16196506571090952,0.6751827182251711,0.04177897574123989,0.05578947368421053
tabicl,raw,1,1000,8,False,8.648375988006592,Black,4534,0.31473312748125276,0.2970582842826843,0.20030351030988716,0.6685308780115158,0.07273897650466687,0.1113806793118659
tabicl,raw,1,1000,8,False,8.648375988006592,White,3273,0.281087687137183,0.28943580389022827,0.18537313018764862,0.6867387146843068,0.08159796005099873,0.12221203788573175
tabicl,raw,1,1000,8,False,8.648375988006592,Black men,4195,0.3215733015494637,0.30236750841140747,0.2042134969549218,0.6609661668647085,0.07800421644413212,0.11609058402860549
tabicl,raw,1,1000,8,False,8.648375988006592,White men,2662,0.29676934635612323,0.30143141746520996,0.18946654346278785,0.6916626095423564,0.08814102564102565,0.13711495116453795
tabicl,raw,1,1000,8,False,8.648375988006592,Black women,339,0.23008849557522124,0.2313591092824936,0.15191886731307183,0.7363689949896846,0.01532567049808429,0.05309734513274336
tabicl,raw,1,1000,8,False,8.648375988006592,White women,611,0.2127659574468085,0.23717352747917175,0.1675389793882695,0.6401887094194787,0.056133056133056136,0.057283142389525366
tabicl,raw,1,1000,9,False,8.665475130081177,All,7807,0.30062764185986934,0.27970045804977417,0.19937743646993397,0.6512553630150563,0.05036630036630037,0.06993723581401307
tabicl,raw,1,1000,9,False,8.665475130081177,Men,6857,0.31194399883330903,0.2888048589229584,0.2045821652280824,0.6446866476373595,0.057227638830012716,0.07860580428758933
tabicl,raw,1,1000,9,False,8.665475130081177,Women,950,0.21894736842105264,0.21398602426052094,0.16181025215980377,0.6711979058677172,0.006738544474393531,0.007368421052631579
tabicl,raw,1,1000,9,False,8.665475130081177,Black,4534,0.31473312748125276,0.277601957321167,0.20926290102419573,0.6309188578630571,0.04956549726424203,0.0670489633877371
tabicl,raw,1,1000,9,False,8.665475130081177,White,3273,0.281087687137183,0.2826075553894043,0.18568336488758666,0.6829297474084887,0.051423714407139824,0.07393828292086771
tabicl,raw,1,1000,9,False,8.665475130081177,Black men,4195,0.3215733015494637,0.2835991382598877,0.2131479203125757,0.6227027438142931,0.05375966268446943,0.07199046483909416
tabicl,raw,1,1000,9,False,8.665475130081177,White men,2662,0.29676934635612323,0.2970084846019745,0.19108353916517878,0.6835875797901114,0.0625,0.08903080390683696
tabicl,raw,1,1000,9,False,8.665475130081177,Black women,339,0.23008849557522124,0.20338912308216095,0.16118721985972975,0.716327733569113,0.0038314176245210726,0.0058997050147492625
tabicl,raw,1,1000,9,False,8.665475130081177,White women,611,0.2127659574468085,0.21986551582813263,0.162155928018601,0.6452422837038222,0.008316008316008316,0.008183306055646482
tabicl,raw,1,2000,0,False,11.1439790725708,All,7807,0.30062764185986934,0.27732640504837036,0.19238518564099996,0.6846583433609423,0.05567765567765568,0.08915076213654413
tabicl,raw,1,2000,0,False,11.1439790725708,Men,6857,0.31194399883330903,0.2836928963661194,0.19692793187613908,0.6814704152935225,0.06083086053412463,0.09683535073647367
tabicl,raw,1,2000,0,False,11.1439790725708,Women,950,0.21894736842105264,0.2313736230134964,0.1595961214995802,0.6832819303338171,0.022911051212938006,0.03368421052631579
tabicl,raw,1,2000,0,False,11.1439790725708,Black,4534,0.31473312748125276,0.2823631763458252,0.1987927479881641,0.6780609781155151,0.057611844222722884,0.09307454786060873
tabicl,raw,1,2000,0,False,11.1439790725708,White,3273,0.281087687137183,0.27034908533096313,0.18350895964587555,0.6931687577375782,0.053123671908202295,0.08371524595172625
tabicl,raw,1,2000,0,False,11.1439790725708,Black men,4195,0.3215733015494637,0.28637969493865967,0.20253682468190082,0.6714079089323082,0.06219255094869993,0.09797377830750893
tabicl,raw,1,2000,0,False,11.1439790725708,White men,2662,0.29676934635612323,0.2794588506221771,0.18808897420515083,0.6973527263875365,0.05876068376068376,0.09504132231404959
tabicl,raw,1,2000,0,False,11.1439790725708,Black women,339,0.23008849557522124,0.23266033828258514,0.15246117946242482,0.740544257785637,0.007662835249042145,0.032448377581120944
tabicl,raw,1,2000,0,False,11.1439790725708,White women,611,0.2127659574468085,0.23065975308418274,0.16355478819449942,0.6507916200223893,0.031185031185031187,0.03436988543371522
tabicl,raw,1,2000,1,False,11.157527208328247,All,7807,0.30062764185986934,0.2897898256778717,0.19106442024565484,0.6894692156302723,0.05366300366300366,0.08300243371333418
tabicl,raw,1,2000,1,False,11.157527208328247,Men,6857,0.31194399883330903,0.30147436261177063,0.1957099073734738,0.6841696359084335,0.06061890631623569,0.09260609596033251
tabicl,raw,1,2000,1,False,11.157527208328247,Women,950,0.21894736842105264,0.20545192062854767,0.15753378315570266,0.6949901513580757,0.009433962264150943,0.01368421052631579
tabicl,raw,1,2000,1,False,11.157527208328247,Black,4534,0.31473312748125276,0.2930062413215637,0.19753787953948035,0.681648397079723,0.04859993562922433,0.07432730480811646
tabicl,raw,1,2000,1,False,11.157527208328247,White,3273,0.281087687137183,0.28533419966697693,0.1820969089599216,0.7002616918272696,0.060348491287717805,0.09501985945615643
tabicl,raw,1,2000,1,False,11.157527208328247,Black men,4195,0.3215733015494637,0.3004680871963501,0.20110549668823646,0.674315114342526,0.05270555165144062,0.07890345649582836
tabicl,raw,1,2000,1,False,11.157527208328247,White men,2662,0.29676934635612323,0.3030601441860199,0.18720709100404126,0.7009175862815104,0.07264957264957266,0.11419984973703982
tabicl,raw,1,2000,1,False,11.157527208328247,Black women,339,0.23008849557522124,0.2006685882806778,0.15338993281667251,0.7405933785244131,0.0038314176245210726,0.017699115044247787
tabicl,raw,1,2000,1,False,11.157527208328247,White women,611,0.2127659574468085,0.20810584723949432,0.15983290797555735,0.6686230609307531,0.012474012474012475,0.011456628477905073
tabicl,raw,1,2000,2,False,10.928315162658691,All,7807,0.30062764185986934,0.2904883921146393,0.19101098111175369,0.6906022574216012,0.07234432234432235,0.11553733828615345
tabicl,raw,1,2000,2,False,10.928315162658691,Men,6857,0.31194399883330903,0.30091041326522827,0.19570156342020867,0.6855816731243835,0.08096651123357355,0.1274609887705994
tabicl,raw,1,2000,2,False,10.928315162658691,Women,950,0.21894736842105264,0.2152632176876068,0.15715485175483196,0.6988842525399128,0.01752021563342318,0.029473684210526315
tabicl,raw,1,2000,2,False,10.928315162658691,Black,4534,0.31473312748125276,0.29203000664711,0.1967230215186096,0.6868830899054941,0.07080785323463147,0.11513012792236436
tabicl,raw,1,2000,2,False,10.928315162658691,White,3273,0.281087687137183,0.2883528172969818,0.18309824319403759,0.6964319370276613,0.0743731406714832,0.11610143599144515
tabicl,raw,1,2000,2,False,10.928315162658691,Black men,4195,0.3215733015494637,0.29824358224868774,0.2007865817135161,0.6779819725394568,0.07624736472241743,0.12109654350417164
tabicl,raw,1,2000,2,False,10.928315162658691,White men,2662,0.29676934635612323,0.3051131069660187,0.18768817058007917,0.6996801633668722,0.08814102564102565,0.13749060856498874
tabicl,raw,1,2000,2,False,10.928315162658691,Black women,339,0.23008849557522124,0.21513943374156952,0.1464379624695456,0.7759603104430691,0.011494252873563218,0.04129793510324484
tabicl,raw,1,2000,2,False,10.928315162658691,White women,611,0.2127659574468085,0.21533191204071045,0.16310088361688113,0.6521509675355829,0.02079002079002079,0.022913256955810146
tabicl,raw,1,2000,3,False,10.94841742515564,All,7807,0.30062764185986934,0.2922727167606354,0.1913213266916533,0.687665065370647,0.06721611721611721,0.10810810810810811
tabicl,raw,1,2000,3,False,10.94841742515564,Men,6857,0.31194399883330903,0.3079898953437805,0.19527915676603516,0.6863367414461758,0.0777871979652395,0.12308589762286715
tabicl,raw,1,2000,3,False,10.94841742515564,Women,950,0.21894736842105264,0.17882783710956573,0.16275412582845714,0.6604162347086875,0.0,0.0
tabicl,raw,1,2000,3,False,10.94841742515564,Black,4534,0.31473312748125276,0.30287453532218933,0.1973660006467391,0.6816553889999952,0.07434824589636305,0.11513012792236436
tabicl,raw,1,2000,3,False,10.94841742515564,White,3273,0.281087687137183,0.27758628129959106,0.1829478003511831,0.6933228163861122,0.0577985550361241,0.09838069049801405
tabicl,raw,1,2000,3,False,10.94841742515564,Black men,4195,0.3215733015494637,0.31261229515075684,0.20024008748392952,0.6777212448043293,0.08116654954321856,0.12443384982121573
tabicl,raw,1,2000,3,False,10.94841742515564,White men,2662,0.29676934635612323,0.30070555210113525,0.18746131140105884,0.6992430082224387,0.07264957264957266,0.12096168294515403
tabicl,raw,1,2000,3,False,10.94841742515564,Black women,339,0.23008849557522124,0.18237385153770447,0.16180023580304048,0.7134787307201099,0.0,0.0
tabicl,raw,1,2000,3,False,10.94841742515564,White women,611,0.2127659574468085,0.17686040699481964,0.16328337086710898,0.6306252998560691,0.0,0.0
tabicl,raw,1,2000,4,False,11.133980751037598,All,7807,0.30062764185986934,0.3097228705883026,0.19182961530932113,0.68549246875834,0.07967032967032966,0.1229665684641988
tabicl,raw,1,2000,4,False,11.133980751037598,Men,6857,0.31194399883330903,0.3255895674228668,0.19628921899072543,0.6818219382425459,0.09177617634590929,0.13883622575470322
tabicl,raw,1,2000,4,False,11.133980751037598,Women,950,0.21894736842105264,0.19519847631454468,0.1596406653689114,0.6825368028198218,0.0026954177897574125,0.008421052631578947
tabicl,raw,1,2000,4,False,11.133980751037598,Black,4534,0.31473312748125276,0.3135489523410797,0.19890743464924857,0.6739289787804241,0.07981976182813003,0.11689457432730481
tabicl,raw,1,2000,4,False,11.133980751037598,White,3273,0.281087687137183,0.30442261695861816,0.1820249000978238,0.7007954692437037,0.07947301317467063,0.13137794072716164
tabicl,raw,1,2000,4,False,11.133980751037598,Black men,4195,0.3215733015494637,0.32330626249313354,0.20243140094379886,0.6667413773613311,0.08678847505270555,0.12491060786650775
tabicl,raw,1,2000,4,False,11.133980751037598,White men,2662,0.29676934635612323,0.3291877806186676,0.18660986012778674,0.7074448231093801,0.09935897435897435,0.16078136739293764
tabicl,raw,1,2000,4,False,11.133980751037598,Black women,339,0.23008849557522124,0.1928059160709381,0.1552996511517902,0.7514490617938894,0.0038314176245210726,0.017699115044247787
tabicl,raw,1,2000,4,False,11.133980751037598,White women,611,0.2127659574468085,0.1965259313583374,0.1620491822586071,0.6414041260195106,0.002079002079002079,0.0032733224222585926
tabicl,raw,1,2000,5,False,11.097457647323608,All,7807,0.30062764185986934,0.2817952632904053,0.19126477368169462,0.6893434218104009,0.055860805860805864,0.09132829511976431
tabicl,raw,1,2000,5,False,11.097457647323608,Men,6857,0.31194399883330903,0.28838014602661133,0.19555497456984902,0.6871767797267524,0.0612547689699025,0.09916873268193087
tabicl,raw,1,2000,5,False,11.097457647323608,Women,950,0.21894736842105264,0.23426644504070282,0.16029855527109002,0.6793035973460502,0.0215633423180593,0.034736842105263156
tabicl,raw,1,2000,5,False,11.097457647323608,Black,4534,0.31473312748125276,0.28621575236320496,0.19738409845544477,0.6839164857977184,0.05568072095268748,0.09219232465813851
tabicl,raw,1,2000,5,False,11.097457647323608,White,3273,0.281087687137183,0.27567169070243835,0.1827878355441502,0.6963889761451616,0.05609859753506162,0.09013137794072716
tabicl,raw,1,2000,5,False,11.097457647323608,Black men,4195,0.3215733015494637,0.2901841998100281,0.20093996342279513,0.6783354266219428,0.060084328882642306,0.09630512514898688
tabicl,raw,1,2000,5,False,11.097457647323608,White men,2662,0.29676934635612323,0.28553712368011475,0.18706886328581104,0.7017006112733961,0.06303418803418803,0.10368144252441773
tabicl,raw,1,2000,5,False,11.097457647323608,Black women,339,0.23008849557522124,0.2371077686548233,0.1533815806441328,0.7342076824835445,0.007662835249042145,0.04129793510324484
tabicl,raw,1,2000,5,False,11.097457647323608,White women,611,0.2127659574468085,0.2326899915933609,0.1641362875109239,0.6470494162801855,0.029106029106029108,0.031096563011456628
tabicl,raw,1,2000,6,False,11.169378280639648,All,7807,0.30062764185986934,0.2813166081905365,0.19146861605748228,0.6880348773510256,0.06373626373626373,0.10452158319456897
tabicl,raw,1,2000,6,False,11.169378280639648,Men,6857,0.31194399883330903,0.29203513264656067,0.19591285741755787,0.6846798024772979,0.07270029673590504,0.11666909727285985
tabicl,raw,1,2000,6,False,11.169378280639648,Women,950,0.21894736842105264,0.20395131409168243,0.15939054973533642,0.681817592784574,0.006738544474393531,0.016842105263157894
tabicl,raw,1,2000,6,False,11.169378280639648,Black,4534,0.31473312748125276,0.2834460139274597,0.19732742929394098,0.686571498361748,0.06726746057289991,0.10652845169827967
tabicl,raw,1,2000,6,False,11.169378280639648,White,3273,0.281087687137183,0.27836674451828003,0.18335255763581904,0.6907363864816423,0.05907352316192095,0.10174152153987168
tabicl,raw,1,2000,6,False,11.169378280639648,Black men,4195,0.3215733015494637,0.2902679145336151,0.20073511104695746,0.6808560986066563,0.07308503162333099,0.11299165673420739
tabicl,raw,1,2000,6,False,11.169378280639648,White men,2662,0.29676934635612323,0.29482007026672363,0.18831355089038612,0.6933290733528075,0.07211538461538461,0.12246431254695718
tabicl,raw,1,2000,6,False,11.169378280639648,Black women,339,0.23008849557522124,0.19902771711349487,0.15515862412018225,0.7329796640141467,0.0038314176245210726,0.02654867256637168
tabicl,raw,1,2000,6,False,11.169378280639648,White women,611,0.2127659574468085,0.20668306946754456,0.16173854119775422,0.65227890612506,0.008316008316008316,0.011456628477905073
tabicl,raw,1,2000,7,False,10.944716453552246,All,7807,0.30062764185986934,0.2862205505371094,0.18950492466785795,0.6968801649990402,0.04652014652014652,0.08056872037914692
tabicl,raw,1,2000,7,False,10.944716453552246,Men,6857,0.31194399883330903,0.29694053530693054,0.19393826789917265,0.6930363378116217,0.05214073760067826,0.08954353215691993
tabicl,raw,1,2000,7,False,10.944716453552246,Women,950,0.21894736842105264,0.2088446319103241,0.15750551989193745,0.693182407215426,0.01078167115902965,0.015789473684210527
tabicl,raw,1,2000,7,False,10.944716453552246,Black,4534,0.31473312748125276,0.2928173243999481,0.19583259277432277,0.6897022998230142,0.046668812359188926,0.0791795324217027
tabicl,raw,1,2000,7,False,10.944716453552246,White,3273,0.281087687137183,0.2770821452140808,0.18073937404313709,0.7054909089229291,0.046323841903952404,0.08249312557286893
tabicl,raw,1,2000,7,False,10.944716453552246,Black men,4195,0.3215733015494637,0.2992934286594391,0.1993294707498711,0.6830448050584828,0.05094869992972593,0.08414779499404053
tabicl,raw,1,2000,7,False,10.944716453552246,White men,2662,0.29676934635612323,0.29323267936706543,0.18544236408298923,0.7084668803418804,0.053952991452991456,0.0980465815176559
tabicl,raw,1,2000,7,False,10.944716453552246,Black women,339,0.23008849557522124,0.21267803013324738,0.15256001723619517,0.7368602023774438,0.0,0.017699115044247787
tabicl,raw,1,2000,7,False,10.944716453552246,White women,611,0.2127659574468085,0.20671775937080383,0.160249423984076,0.6670877978570285,0.016632016632016633,0.014729950900163666
tabicl,raw,1,2000,8,False,10.897570848464966,All,7807,0.30062764185986934,0.28071561455726624,0.1930696619657174,0.6832763281314624,0.07124542124542124,0.10938900986294352
tabicl,raw,1,2000,8,False,10.897570848464966,Men,6857,0.31194399883330903,0.29340654611587524,0.1976757009961572,0.678443701134842,0.08011869436201781,0.12133586116377425
tabicl,raw,1,2000,8,False,10.897570848464966,Women,950,0.21894736842105264,0.1891140639781952,0.1598237570902167,0.6859838274932615,0.014824797843665768,0.023157894736842106
tabicl,raw,1,2000,8,False,10.897570848464966,Black,4534,0.31473312748125276,0.28589165210723877,0.2002746217599315,0.674025286843529,0.07627936916639845,0.11182179091310102
tabicl,raw,1,2000,8,False,10.897570848464966,White,3273,0.281087687137183,0.27354544401168823,0.18308882245854763,0.6952784604297936,0.06459838504037399,0.10601894286587228
tabicl,raw,1,2000,8,False,10.897570848464966,Black men,4195,0.3215733015494637,0.2935865819454193,0.20422944305874102,0.6654390410220319,0.0825720309205903,0.11871275327771157
tabicl,raw,1,2000,8,False,10.897570848464966,White men,2662,0.29676934635612323,0.2931228280067444,0.18734777163757751,0.6997369631072162,0.0763888888888889,0.12546957175056347
tabicl,raw,1,2000,8,False,10.897570848464966,Black women,339,0.23008849557522124,0.1906699538230896,0.1513351664546039,0.7503684055408194,0.007662835249042145,0.02654867256637168
tabicl,raw,1,2000,8,False,10.897570848464966,White women,611,0.2127659574468085,0.18825078010559082,0.16453346613354358,0.6495602110986726,0.018711018711018712,0.02127659574468085
tabicl,raw,1,2000,9,False,11.187395334243774,All,7807,0.30062764185986934,0.2825919985771179,0.19048709743252784,0.6914731767309525,0.044322344322344324,0.07313949020110158
tabicl,raw,1,2000,9,False,11.187395334243774,Men,6857,0.31194399883330903,0.297105997800827,0.19470404339979547,0.6881102601894092,0.051080966511233575,0.0828350590637305
tabicl,raw,1,2000,9,False,11.187395334243774,Women,950,0.21894736842105264,0.1778315305709839,0.16004962532983932,0.6928973149492017,0.0013477088948787063,0.003157894736842105
tabicl,raw,1,2000,9,False,11.187395334243774,Black,4534,0.31473312748125276,0.28860974311828613,0.19756331240362113,0.6810594969561464,0.04505954296749276,0.07146007940008822
tabicl,raw,1,2000,9,False,11.187395334243774,White,3273,0.281087687137183,0.27425578236579895,0.18068460471057948,0.7045785676010274,0.04334891627709307,0.07546593339443936
tabicl,raw,1,2000,9,False,11.187395334243774,Black men,4195,0.3215733015494637,0.2976483702659607,0.20082923986968226,0.6745294789039745,0.049191848208011243,0.0767580452920143
tabicl,raw,1,2000,9,False,11.187395334243774,White men,2662,0.29676934635612323,0.2962512969970703,0.1850514516675734,0.7100478064481228,0.053952991452991456,0.09241172051089407
tabicl,raw,1,2000,9,False,11.187395334243774,Black women,339,0.23008849557522124,0.17676006257534027,0.15714866426165514,0.7402495333529817,0.0,0.0058997050147492625
tabicl,raw,1,2000,9,False,11.187395334243774,White women,611,0.2127659574468085,0.17842599749565125,0.16165916019418375,0.6643051335359027,0.002079002079002079,0.0016366612111292963
tabicl,raw,1,4000,0,False,16.03730821609497,All,7807,0.30062764185986934,0.28021040558815,0.18957383911343506,0.6950542817500637,0.0521978021978022,0.0928653772255668
tabicl,raw,1,4000,0,False,16.03730821609497,Men,6857,0.31194399883330903,0.2888420820236206,0.19403046516910002,0.6916073561490803,0.058499364137346334,0.10281464197170774
tabicl,raw,1,4000,0,False,16.03730821609497,Women,950,0.21894736842105264,0.21790778636932373,0.15740638136217758,0.6922105017623886,0.012129380053908356,0.021052631578947368
tabicl,raw,1,4000,0,False,16.03730821609497,Black,4534,0.31473312748125276,0.2822073698043823,0.19598239936448536,0.6898986374551757,0.052140328290955905,0.09219232465813851
tabicl,raw,1,4000,0,False,16.03730821609497,White,3273,0.281087687137183,0.2774439752101898,0.180696230748552,0.7030666217040227,0.05227369315767106,0.09379773907729912
tabicl,raw,1,4000,0,False,16.03730821609497,Black men,4195,0.3215733015494637,0.2876891791820526,0.1995940711429877,0.6834351152593706,0.05692199578355587,0.09797377830750893
tabicl,raw,1,4000,0,False,16.03730821609497,White men,2662,0.29676934635612323,0.2906589210033417,0.18526287423729731,0.7066966217678243,0.060897435897435896,0.11044327573253193
tabicl,raw,1,4000,0,False,16.03730821609497,Black women,339,0.23008849557522124,0.2143723964691162,0.15128929284290057,0.7475194026918165,0.0,0.02064896755162242
tabicl,raw,1,4000,0,False,16.03730821609497,White women,611,0.2127659574468085,0.21986931562423706,0.16080031427221836,0.6596993443147289,0.018711018711018712,0.02127659574468085
tabicl,raw,1,4000,1,False,16.253371715545654,All,7807,0.30062764185986934,0.29242250323295593,0.18963516038604622,0.6950839743979923,0.06941391941391942,0.11131036249519662
tabicl,raw,1,4000,1,False,16.253371715545654,Men,6857,0.31194399883330903,0.306185245513916,0.19416914693276516,0.690085180030286,0.07821110640101737,0.12396091585241359
tabicl,raw,1,4000,1,False,16.253371715545654,Women,950,0.21894736842105264,0.1930845081806183,0.15690932275357058,0.7049359838274933,0.013477088948787063,0.02
tabicl,raw,1,4000,1,False,16.253371715545654,Black,4534,0.31473312748125276,0.29518377780914307,0.19580896152632013,0.6886658040291054,0.06758931445123914,0.10741067490074989
tabicl,raw,1,4000,1,False,16.253371715545654,White,3273,0.281087687137183,0.28859737515449524,0.1810827575843347,0.7041794471442563,0.0718232044198895,0.11671249618087381
tabicl,raw,1,4000,1,False,16.253371715545654,Black men,4195,0.3215733015494637,0.3042488694190979,0.19916354594861277,0.6823877763753063,0.07343640196767393,0.11418355184743742
tabicl,raw,1,4000,1,False,16.253371715545654,White men,2662,0.29676934635612323,0.30923670530319214,0.18629855945287008,0.7039093773666558,0.08547008547008547,0.13936889556724266
tabicl,raw,1,4000,1,False,16.253371715545654,Black women,339,0.23008849557522124,0.1830064207315445,0.15429721624160705,0.7410354651733962,0.0038314176245210726,0.02359882005899705
tabicl,raw,1,4000,1,False,16.253371715545654,White women,611,0.2127659574468085,0.19867612421512604,0.15835859297870256,0.6839596993443148,0.018711018711018712,0.01800327332242226
tabicl,raw,1,4000,2,False,21.978283882141113,All,7807,0.30062764185986934,0.289104163646698,0.1899659899741128,0.6938271677193705,0.06263736263736264,0.10439349301908543
tabicl,raw,1,4000,2,False,21.978283882141113,Men,6857,0.31194399883330903,0.30258673429489136,0.19457870669498709,0.688568404334528,0.07164052564646037,0.11739827913081523
tabicl,raw,1,4000,2,False,21.978283882141113,Women,950,0.21894736842105264,0.19178831577301025,0.15667188623197079,0.7030764047273481,0.005390835579514825,0.010526315789473684
tabicl,raw,1,4000,2,False,21.978283882141113,Black,4534,0.31473312748125276,0.29434314370155334,0.1970712004530287,0.684806376811725,0.0682330222079176,0.10763123070136744
tabicl,raw,1,4000,2,False,21.978283882141113,White,3273,0.281087687137183,0.28184667229652405,0.18012333054502494,0.7058660082410984,0.055248618784530384,0.0999083409715857
tabicl,raw,1,4000,2,False,21.978283882141113,Black men,4195,0.3215733015494637,0.30274713039398193,0.2007809030679726,0.6766569755478538,0.0741391426563598,0.11513706793802145
tabicl,raw,1,4000,2,False,21.978283882141113,White men,2662,0.29676934635612323,0.30233392119407654,0.18480477214026345,0.7088070025965595,0.06784188034188034,0.12096168294515403
tabicl,raw,1,4000,2,False,21.978283882141113,Black women,339,0.23008849557522124,0.1903468668460846,0.15116499847754256,0.7626485902347971,0.0038314176245210726,0.014749262536873156
tabicl,raw,1,4000,2,False,21.978283882141113,White women,611,0.2127659574468085,0.19258807599544525,0.15972726258017242,0.669150807612346,0.006237006237006237,0.008183306055646482
tabicl,raw,1,4000,3,False,40.18521761894226,All,7807,0.30062764185986934,0.2853214144706726,0.18938479840084568,0.6957043985697586,0.05952380952380952,0.10119123863199693
tabicl,raw,1,4000,3,False,40.18521761894226,Men,6857,0.31194399883330903,0.3008790612220764,0.1934880983162304,0.692801196456292,0.06803730394234846,0.11375236984103836
tabicl,raw,1,4000,3,False,40.18521761894226,Women,950,0.21894736842105264,0.17302802205085754,0.15976761153790556,0.6928130831432717,0.005390835579514825,0.010526315789473684
tabicl,raw,1,4000,3,False,40.18521761894226,Black,4534,0.31473312748125276,0.29141291975975037,0.1957594335501469,0.6890943410780503,0.05986482137109752,0.10123511248345832
tabicl,raw,1,4000,3,False,40.18521761894226,White,3273,0.281087687137183,0.2768830358982086,0.180554185578685,0.7038849572238955,0.05907352316192095,0.10113046135044301
tabicl,raw,1,4000,3,False,40.18521761894226,Black men,4195,0.3215733015494637,0.30099719762802124,0.19909538339474955,0.6825187914110398,0.06535488404778636,0.10822407628128725
tabicl,raw,1,4000,3,False,40.18521761894226,White men,2662,0.29676934635612323,0.3006928861141205,0.18465167423494264,0.7100623444769014,0.07211538461538461,0.12246431254695718
tabicl,raw,1,4000,3,False,40.18521761894226,Black women,339,0.23008849557522124,0.17281073331832886,0.15447828429319072,0.7526279595245113,0.0,0.014749262536873156
tabicl,raw,1,4000,3,False,40.18521761894226,White women,611,0.2127659574468085,0.17314860224723816,0.1627022791908652,0.6574124420278267,0.008316008316008316,0.008183306055646482
tabicl,raw,1,4000,4,False,16.060617446899414,All,7807,0.30062764185986934,0.28942590951919556,0.19001337025126483,0.6928887473838476,0.06043956043956044,0.10067887793006276
tabicl,raw,1,4000,4,False,16.060617446899414,Men,6857,0.31194399883330903,0.3013501763343811,0.1944676478358092,0.6887234807024553,0.06803730394234846,0.11185649701035438
tabicl,raw,1,4000,4,False,16.060617446899414,Women,950,0.21894736842105264,0.20335793495178223,0.1578628635173482,0.694510678001244,0.012129380053908356,0.02
tabicl,raw,1,4000,4,False,16.060617446899414,Black,4534,0.31473312748125276,0.2912394106388092,0.1968982861985715,0.684408175674929,0.058577405857740586,0.09241288045875606
tabicl,raw,1,4000,4,False,16.060617446899414,White,3273,0.281087687137183,0.2869137227535248,0.18047587898787087,0.7049113989541564,0.06289842753931152,0.11212954476015888
tabicl,raw,1,4000,4,False,16.060617446899414,Black men,4195,0.3215733015494637,0.29874956607818604,0.20048431386619767,0.6772266174626633,0.06359803232607168,0.09773539928486293
tabicl,raw,1,4000,4,False,16.060617446899414,White men,2662,0.29676934635612323,0.305448442697525,0.1849860873559145,0.7088046359407119,0.07478632478632478,0.13410969196093164
tabicl,raw,1,4000,4,False,16.060617446899414,Black women,339,0.23008849557522124,0.1983041614294052,0.15252251609328615,0.7459475390509873,0.0038314176245210726,0.02654867256637168
tabicl,raw,1,4000,4,False,16.060617446899414,White women,611,0.2127659574468085,0.20616188645362854,0.16082583860205696,0.6635375019990404,0.016632016632016633,0.016366612111292964
tabicl,raw,1,4000,5,False,16.030855894088745,All,7807,0.30062764185986934,0.2818095088005066,0.19009550753010493,0.6937006715766836,0.062454212454212454,0.1001665172281286
tabicl,raw,1,4000,5,False,16.030855894088745,Men,6857,0.31194399883330903,0.2958475947380066,0.1942937204454156,0.6905690876614503,0.0718524798643493,0.11331486072626513
tabicl,raw,1,4000,5,False,16.030855894088745,Women,950,0.21894736842105264,0.18048407137393951,0.15979324862454136,0.6861976466929296,0.0026954177897574125,0.005263157894736842
tabicl,raw,1,4000,5,False,16.030855894088745,Black,4534,0.31473312748125276,0.290810763835907,0.1970365404872843,0.6848981739585253,0.06887672996459607,0.10299955888839876
tabicl,raw,1,4000,5,False,16.030855894088745,White,3273,0.281087687137183,0.2693403363227844,0.18048027886287268,0.703591391193481,0.05397365065873353,0.09624197983501374
tabicl,raw,1,4000,5,False,16.030855894088745,Black men,4195,0.3215733015494637,0.29968178272247314,0.20022308851280612,0.6792354712660325,0.07519325368938862,0.11084624553039332
tabicl,raw,1,4000,5,False,16.030855894088745,White men,2662,0.29676934635612323,0.2898053824901581,0.18494973132343848,0.7078785973168884,0.06677350427350427,0.11720510894064613
tabicl,raw,1,4000,5,False,16.030855894088745,Black women,339,0.23008849557522124,0.1810353398323059,0.15760418365228698,0.7296394537773847,0.0,0.0058997050147492625
tabicl,raw,1,4000,5,False,16.030855894088745,White women,611,0.2127659574468085,0.1801782101392746,0.16100780349458102,0.6604829681752759,0.004158004158004158,0.004909983633387889
tabicl,raw,1,4000,6,False,15.967784404754639,All,7807,0.30062764185986934,0.27795758843421936,0.1907539274441742,0.6923785098582713,0.06318681318681318,0.10529012424747022
tabicl,raw,1,4000,6,False,15.967784404754639,Men,6857,0.31194399883330903,0.28961512446403503,0.1952023500876198,0.6884497436632229,0.07164052564646037,0.11710660638763308
tabicl,raw,1,4000,6,False,15.967784404754639,Women,950,0.21894736842105264,0.19381484389305115,0.15864568105879878,0.6912385963093509,0.009433962264150943,0.02
tabicl,raw,1,4000,6,False,15.967784404754639,Black,4534,0.31473312748125276,0.2818390727043152,0.19765771643867955,0.6855000429664778,0.06726746057289991,0.10741067490074989
tabicl,raw,1,4000,6,False,15.967784404754639,White,3273,0.281087687137183,0.27258065342903137,0.18119029184958588,0.7018200631940723,0.0577985550361241,0.10235258172930034
tabicl,raw,1,4000,6,False,15.967784404754639,Black men,4195,0.3215733015494637,0.2895154654979706,0.20113008457840084,0.6790285300217177,0.07308503162333099,0.11394517282479141
tabicl,raw,1,4000,6,False,15.967784404754639,White men,2662,0.29676934635612323,0.2897721827030182,0.18586093529091563,0.7045243697933572,0.06944444444444445,0.12208865514650638
tabicl,raw,1,4000,6,False,15.967784404754639,Black women,339,0.23008849557522124,0.18684697151184082,0.1546884410813617,0.7397092052264466,0.0038314176245210726,0.02654867256637168
tabicl,raw,1,4000,6,False,15.967784404754639,White women,611,0.2127659574468085,0.19768081605434418,0.16084126919685304,0.6630417399648169,0.012474012474012475,0.016366612111292964
tabicl,raw,1,4000,7,False,16.264928579330444,All,7807,0.30062764185986934,0.28269070386886597,0.1878850125000867,0.703567097580732,0.04120879120879121,0.07582938388625593
tabicl,raw,1,4000,7,False,16.264928579330444,Men,6857,0.31194399883330903,0.29778769612312317,0.19191131898304192,0.70126787069346,0.0476896990250106,0.08604345923873415
tabicl,raw,1,4000,7,False,16.264928579330444,Women,950,0.21894736842105264,0.17372214794158936,0.15882355612785098,0.6996488181629692,0.0,0.002105263157894737
tabicl,raw,1,4000,7,False,16.264928579330444,Black,4534,0.31473312748125276,0.29105979204177856,0.19357690636786692,0.6994759894074664,0.04280656581911812,0.07829730921923246
tabicl,raw,1,4000,7,False,16.264928579330444,White,3273,0.281087687137183,0.2710972726345062,0.18000018304805018,0.7073162844841923,0.03909902252443689,0.07241063244729606
tabicl,raw,1,4000,7,False,16.264928579330444,Black men,4195,0.3215733015494637,0.30035334825515747,0.19668162534348463,0.6939292112478102,0.04673225579761068,0.08438617401668654
tabicl,raw,1,4000,7,False,16.264928579330444,White men,2662,0.29676934635612323,0.2937445044517517,0.18439387526326095,0.7127427512712323,0.049145299145299144,0.08865514650638617
tabicl,raw,1,4000,7,False,16.264928579330444,Black women,339,0.23008849557522124,0.17605485022068024,0.15515715385248022,0.7484035759897829,0.0,0.0029498525073746312
tabicl,raw,1,4000,7,False,16.264928579330444,White women,611,0.2127659574468085,0.17242787778377533,0.160857779321551,0.6697105389413083,0.0,0.0016366612111292963
tabicl,raw,1,4000,8,False,16.052120208740234,All,7807,0.30062764185986934,0.27838537096977234,0.19095263173445096,0.6920051862638144,0.06501831501831502,0.10772383758165749
tabicl,raw,1,4000,8,False,16.052120208740234,Men,6857,0.31194399883330903,0.29030919075012207,0.19552676911991826,0.68735132734471,0.07376006782534972,0.12031500656263672
tabicl,raw,1,4000,8,False,16.052120208740234,Women,950,0.21894736842105264,0.19232049584388733,0.1579369895742939,0.6964544889073191,0.009433962264150943,0.016842105263157894
tabicl,raw,1,4000,8,False,16.052120208740234,Black,4534,0.31473312748125276,0.2831636965274811,0.19806039905642153,0.6828260845539685,0.06662375281622143,0.107851786501985
tabicl,raw,1,4000,8,False,16.052120208740234,White,3273,0.281087687137183,0.2717660367488861,0.18110643037856505,0.7039196030968791,0.06289842753931152,0.10754659333944394
tabicl,raw,1,4000,8,False,16.052120208740234,Black men,4195,0.3215733015494637,0.29090750217437744,0.2017922820577741,0.6751650190375527,0.07273366127898806,0.11489868891537544
tabicl,raw,1,4000,8,False,16.052120208740234,White men,2662,0.29676934635612323,0.28936630487442017,0.18565305507998386,0.7070702152980635,0.07532051282051282,0.1288504883546206
tabicl,raw,1,4000,8,False,16.052120208740234,Black women,339,0.23008849557522124,0.1873372346162796,0.15187972297773691,0.7498280774142843,0.0,0.02064896755162242
tabicl,raw,1,4000,8,False,16.052120208740234,White women,611,0.2127659574468085,0.195085346698761,0.16129773159758823,0.665120742043819,0.014553014553014554,0.014729950900163666
tabicl,raw,1,4000,9,False,16.221315145492554,All,7807,0.30062764185986934,0.28452450037002563,0.18886948726519667,0.6983401770789925,0.05274725274725275,0.09260919687459972
tabicl,raw,1,4000,9,False,16.221315145492554,Men,6857,0.31194399883330903,0.29898279905319214,0.1930562871068641,0.695049308339581,0.06083086053412463,0.10500218754557386
tabicl,raw,1,4000,9,False,16.221315145492554,Women,950,0.21894736842105264,0.1801661103963852,0.15864960672381428,0.7043074849678623,0.0013477088948787063,0.003157894736842105
tabicl,raw,1,4000,9,False,16.221315145492554,Black,4534,0.31473312748125276,0.2917448580265045,0.1958478835657112,0.6887729382913417,0.05600257483102671,0.09439788266431408
tabicl,raw,1,4000,9,False,16.221315145492554,White,3273,0.281087687137183,0.2745223045349121,0.1792025001504601,0.710002956447828,0.04844878878028049,0.09013137794072716
tabicl,raw,1,4000,9,False,16.221315145492554,Black men,4195,0.3215733015494637,0.3011268377304077,0.19895203207094675,0.6832043412600469,0.06078706957132818,0.10131108462455304
tabicl,raw,1,4000,9,False,16.221315145492554,White men,2662,0.29676934635612323,0.29560402035713196,0.1837652840549006,0.7137806989072811,0.060897435897435896,0.11081893313298272
tabicl,raw,1,4000,9,False,16.221315145492554,Black women,339,0.23008849557522124,0.17564663290977478,0.157435190410953,0.7481088515571276,0.0038314176245210726,0.008849557522123894
tabicl,raw,1,4000,9,False,16.221315145492554,White women,611,0.2127659574468085,0.1826736479997635,0.15932339908070461,0.6786662402047017,0.0,0.0
tabicl,raw,1,8000,0,False,29.44578742980957,All,7807,0.30062764185986934,0.2835610508918762,0.18774890061030017,0.7024569202988462,0.05293040293040293,0.09632381196362239
tabicl,raw,1,8000,0,False,29.44578742980957,Men,6857,0.31194399883330903,0.2951107919216156,0.1920156679306353,0.6990514181709073,0.05977108944467995,0.10718973311944
tabicl,raw,1,8000,0,False,29.44578742980957,Women,950,0.21894736842105264,0.20019643008708954,0.1569518232255234,0.698728747667427,0.009433962264150943,0.017894736842105262
tabicl,raw,1,8000,0,False,29.44578742980957,Black,4534,0.31473312748125276,0.2879251539707184,0.19428047307094873,0.696239745277578,0.05439330543933055,0.09594177326863697
tabicl,raw,1,8000,0,False,29.44578742980957,White,3273,0.281087687137183,0.2775156497955322,0.17870088669750442,0.7105217206526357,0.050998725031874206,0.09685304002444241
tabicl,raw,1,8000,0,False,29.44578742980957,Black men,4195,0.3215733015494637,0.2953352928161621,0.1976884463697726,0.6898914476614466,0.059030217849613494,0.10202622169249106
tabicl,raw,1,8000,0,False,29.44578742980957,White men,2662,0.29676934635612323,0.29475700855255127,0.18307603398916986,0.7145529049010061,0.060897435897435896,0.11532682193839218
tabicl,raw,1,8000,0,False,29.44578742980957,Black women,339,0.23008849557522124,0.19622737169265747,0.15210806012532574,0.7522841143530797,0.0038314176245210726,0.02064896755162242
tabicl,raw,1,8000,0,False,29.44578742980957,White women,611,0.2127659574468085,0.20239856839179993,0.15963927934821895,0.6675675675675676,0.012474012474012475,0.016366612111292964
tabicl,raw,1,8000,1,False,29.257179498672485,All,7807,0.30062764185986934,0.2875606417655945,0.18807657481638654,0.701132846701658,0.054945054945054944,0.09465863968233637
tabicl,raw,1,8000,1,False,29.257179498672485,Men,6857,0.31194399883330903,0.30150842666625977,0.19249896407810627,0.6966068597065221,0.062102585841458245,0.10587720577512032
tabicl,raw,1,8000,1,False,29.257179498672485,Women,950,0.21894736842105264,0.18688666820526123,0.1561562346399525,0.7113894360356625,0.009433962264150943,0.01368421052631579
tabicl,raw,1,8000,1,False,29.257179498672485,Black,4534,0.31473312748125276,0.29277652502059937,0.19449326624809768,0.6940928874352711,0.05374959768265208,0.0917512130569034
tabicl,raw,1,8000,1,False,29.257179498672485,White,3273,0.281087687137183,0.28033512830734253,0.1791877025428215,0.710142232857222,0.056523586910327245,0.09868622059272839
tabicl,raw,1,8000,1,False,29.257179498672485,Black men,4195,0.3215733015494637,0.30181387066841125,0.1978183383667566,0.6877080807886116,0.05832747716092762,0.09773539928486293
tabicl,raw,1,8000,1,False,29.257179498672485,White men,2662,0.29676934635612323,0.3010271191596985,0.18411625365703635,0.7114299334631613,0.06784188034188034,0.11870773854244929
tabicl,raw,1,8000,1,False,29.257179498672485,Black women,339,0.23008849557522124,0.18094287812709808,0.15334672483873413,0.7482070930346794,0.0038314176245210726,0.017699115044247787
tabicl,raw,1,8000,1,False,29.257179498672485,White women,611,0.2127659574468085,0.19018444418907166,0.1577150297669788,0.6893331201023508,0.012474012474012475,0.011456628477905073
tabicl,raw,1,8000,2,False,29.18592667579651,All,7807,0.30062764185986934,0.2828778326511383,0.1883642473835643,0.7010893807229556,0.06501831501831502,0.10772383758165749
tabicl,raw,1,8000,2,False,29.18592667579651,Men,6857,0.31194399883330903,0.2981222867965698,0.19261389669697296,0.6971965958111346,0.07397202204323866,0.12089835204900103
tabicl,raw,1,8000,2,False,29.18592667579651,Women,950,0.21894736842105264,0.1728447824716568,0.15769072597088735,0.7034262906904416,0.008086253369272238,0.01263157894736842
tabicl,raw,1,8000,2,False,29.18592667579651,Black,4534,0.31473312748125276,0.28974491357803345,0.19528789091048218,0.6926455599389132,0.06662375281622143,0.10829289810322011
tabicl,raw,1,8000,2,False,29.18592667579651,White,3273,0.281087687137183,0.2733650803565979,0.17877310783237407,0.7115322252813244,0.06289842753931152,0.10693553315001528
tabicl,raw,1,8000,2,False,29.18592667579651,Black men,4195,0.3215733015494637,0.2992652952671051,0.19869230733685728,0.6858548561777887,0.07273366127898806,0.11609058402860549
tabicl,raw,1,8000,2,False,29.18592667579651,White men,2662,0.29676934635612323,0.2963210940361023,0.18303503394929646,0.715710875797901,0.07585470085470085,0.1284748309541698
tabicl,raw,1,8000,2,False,29.18592667579651,Black women,339,0.23008849557522124,0.1719333976507187,0.1531594929498815,0.757245308969447,0.0,0.011799410029498525
tabicl,raw,1,8000,2,False,29.18592667579651,White women,611,0.2127659574468085,0.17335045337677002,0.16020478160774657,0.6727650727650727,0.012474012474012475,0.01309328968903437
tabicl,raw,1,8000,3,False,29.195940256118774,All,7807,0.30062764185986934,0.27866536378860474,0.18855439769690827,0.7002804999289873,0.04908424908424908,0.08774177020622519
tabicl,raw,1,8000,3,False,29.195940256118774,Men,6857,0.31194399883330903,0.2922913134098053,0.19269903340129008,0.697110436768379,0.05553200508690123,0.09829371445238443
tabicl,raw,1,8000,3,False,29.195940256118774,Women,950,0.21894736842105264,0.18031471967697144,0.15863885346012274,0.6988065001036698,0.008086253369272238,0.011578947368421053
tabicl,raw,1,8000,3,False,29.195940256118774,Black,4534,0.31473312748125276,0.28428909182548523,0.19517720733364569,0.6931410840949828,0.05053105889925973,0.08778120864578738
tabicl,raw,1,8000,3,False,29.195940256118774,White,3273,0.281087687137183,0.27087488770484924,0.17937999534647517,0.7093220495574567,0.04717382065448364,0.08768713718301252
tabicl,raw,1,8000,3,False,29.195940256118774,Black men,4195,0.3215733015494637,0.2929299771785736,0.19856266427235555,0.6864271027652769,0.054813773717498245,0.09368295589988081
tabicl,raw,1,8000,3,False,29.195940256118774,White men,2662,0.29676934635612323,0.29128479957580566,0.18345863839598597,0.714776722925457,0.056623931623931624,0.10555972952667167
tabicl,raw,1,8000,3,False,29.195940256118774,Black women,339,0.23008849557522124,0.1773618459701538,0.1532834260419411,0.7544454268592199,0.0038314176245210726,0.014749262536873156
tabicl,raw,1,8000,3,False,29.195940256118774,White women,611,0.2127659574468085,0.1819530427455902,0.1616101953500795,0.6663841356149048,0.010395010395010396,0.009819967266775777
tabicl,raw,1,8000,4,False,29.19423794746399,All,7807,0.30062764185986934,0.2817719280719757,0.18821564085431455,0.7010437687578719,0.05641025641025641,0.09709235301652364
tabicl,raw,1,8000,4,False,29.19423794746399,Men,6857,0.31194399883330903,0.2950618267059326,0.19245660996141659,0.6974468484419334,0.06379821958456973,0.10850226046375966
tabicl,raw,1,8000,4,False,29.19423794746399,Women,950,0.21894736842105264,0.18584668636322021,0.1576047722570527,0.7005235330707029,0.009433962264150943,0.014736842105263158
tabicl,raw,1,8000,4,False,29.19423794746399,Black,4534,0.31473312748125276,0.2869779169559479,0.19488445649737243,0.6936074000679795,0.05632442870936595,0.09594177326863697
tabicl,raw,1,8000,4,False,29.19423794746399,White,3273,0.281087687137183,0.27456021308898926,0.1789775076048112,0.7104979304865204,0.056523586910327245,0.09868622059272839
tabicl,raw,1,8000,4,False,29.19423794746399,Black men,4195,0.3215733015494637,0.2953908443450928,0.1982946816959973,0.686961972299827,0.06113843991567112,0.10202622169249106
tabicl,raw,1,8000,4,False,29.19423794746399,White men,2662,0.29676934635612323,0.29454341530799866,0.1832564931595511,0.7147337850265065,0.06784188034188034,0.11870773854244929
tabicl,raw,1,8000,4,False,29.19423794746399,Black women,339,0.23008849557522124,0.18287137150764465,0.15268417712205878,0.7536103743000295,0.0038314176245210726,0.02064896755162242
tabicl,raw,1,8000,4,False,29.19423794746399,White women,611,0.2127659574468085,0.18749748170375824,0.16033485695551902,0.6680153526307373,0.012474012474012475,0.011456628477905073
tabicl,raw,1,8000,5,False,29.33023428916931,All,7807,0.30062764185986934,0.2806701958179474,0.1888382185197097,0.6986791258734164,0.0543956043956044,0.09363391827846804
tabicl,raw,1,8000,5,False,29.33023428916931,Men,6857,0.31194399883330903,0.29452207684516907,0.19303679679642272,0.6953739778089185,0.06231454005934718,0.10573136940352924
tabicl,raw,1,8000,5,False,29.33023428916931,Women,950,0.21894736842105264,0.18068882822990417,0.15853332247400315,0.6958519075264359,0.004043126684636119,0.00631578947368421
tabicl,raw,1,8000,5,False,29.33023428916931,Black,4534,0.31473312748125276,0.2875814437866211,0.19574326757299942,0.6904347598579874,0.058255551979401354,0.09439788266431408
tabicl,raw,1,8000,5,False,29.33023428916931,White,3273,0.281087687137183,0.27109622955322266,0.17927283739914274,0.7086261294554592,0.04929876753081173,0.0925756186984418
tabicl,raw,1,8000,5,False,29.33023428916931,Black men,4195,0.3215733015494637,0.29627180099487305,0.19907784852745114,0.68391593783584,0.06359803232607168,0.10154946364719905
tabicl,raw,1,8000,5,False,29.33023428916931,White men,2662,0.29676934635612323,0.29176467657089233,0.18351680731044817,0.7138040273720654,0.060363247863247864,0.11232156273478587
tabicl,raw,1,8000,5,False,29.33023428916931,Black women,339,0.23008849557522124,0.1800413578748703,0.15447905782690793,0.7451616072305728,0.0,0.0058997050147492625
tabicl,raw,1,8000,5,False,29.33023428916931,White women,611,0.2127659574468085,0.18104805052280426,0.1607827426300838,0.6658244042859427,0.006237006237006237,0.006546644844517185
tabicl,raw,1,8000,6,False,28.833194494247437,All,7807,0.30062764185986934,0.27496495842933655,0.18882359167265303,0.700076592204841,0.053296703296703295,0.09401818880491866
tabicl,raw,1,8000,6,False,28.833194494247437,Men,6857,0.31194399883330903,0.2880817949771881,0.19325484585964686,0.6954614250259765,0.060406952098346754,0.10485635117398279
tabicl,raw,1,8000,6,False,28.833194494247437,Women,950,0.21894736842105264,0.18028903007507324,0.15683926539874044,0.7067890835579516,0.008086253369272238,0.015789473684210527
tabicl,raw,1,8000,6,False,28.833194494247437,Black,4534,0.31473312748125276,0.27841782569885254,0.19587043059786935,0.6922252553122241,0.05407145156099131,0.0917512130569034
tabicl,raw,1,8000,6,False,28.833194494247437,White,3273,0.281087687137183,0.2701817750930786,0.1790617928071074,0.7105826973890871,0.05227369315767106,0.09715857011915674
tabicl,raw,1,8000,6,False,28.833194494247437,Black men,4195,0.3215733015494637,0.28700965642929077,0.19929342597379185,0.6853688242559621,0.058678847505270554,0.09725864123957091
tabicl,raw,1,8000,6,False,28.833194494247437,White men,2662,0.29676934635612323,0.2897714078426361,0.18373875135219445,0.7125378664935628,0.06303418803418803,0.11682945154019535
tabicl,raw,1,8000,6,False,28.833194494247437,Black women,339,0.23008849557522124,0.17209747433662415,0.15351212498726421,0.7521858728755281,0.0038314176245210726,0.02359882005899705
tabicl,raw,1,8000,6,False,28.833194494247437,White women,611,0.2127659574468085,0.18483392894268036,0.158685256559936,0.6807292499600193,0.010395010395010396,0.011456628477905073
tabicl,raw,1,8000,7,False,28.84900665283203,All,7807,0.30062764185986934,0.28238168358802795,0.18817306115471413,0.7016618908715201,0.04322344322344322,0.080824900730114
tabicl,raw,1,8000,7,False,28.84900665283203,Men,6857,0.31194399883330903,0.29711270332336426,0.1921885889332375,0.6991729524618102,0.05002119542178889,0.09158524135919498
tabicl,raw,1,8000,7,False,28.84900665283203,Women,950,0.21894736842105264,0.17605464160442352,0.15918940433646733,0.6971996164213144,0.0,0.003157894736842105
tabicl,raw,1,8000,7,False,28.84900665283203,Black,4534,0.31473312748125276,0.2894825339317322,0.1943809624708553,0.6955211563102418,0.04505954296749276,0.08359064843405381
tabicl,raw,1,8000,7,False,28.84900665283203,White,3273,0.281087687137183,0.27254506945610046,0.1795734202847527,0.7085531421497072,0.040798980025499365,0.076993583868011
tabicl,raw,1,8000,7,False,28.84900665283203,Black men,4195,0.3215733015494637,0.29892945289611816,0.19743176434129672,0.6900513745639127,0.049191848208011243,0.0898688915375447
tabicl,raw,1,8000,7,False,28.84900665283203,White men,2662,0.29676934635612323,0.2942497432231903,0.18392595901708106,0.7138581223628692,0.05128205128205128,0.094290007513148
tabicl,raw,1,8000,7,False,28.84900665283203,Black women,339,0.23008849557522124,0.17258043587207794,0.1566284142510859,0.7442283131938304,0.0,0.0058997050147492625
tabicl,raw,1,8000,7,False,28.84900665283203,White women,611,0.2127659574468085,0.17798222601413727,0.16061031372917486,0.6687509995202302,0.0,0.0016366612111292963
tabicl,raw,1,8000,8,False,29.314003944396973,All,7807,0.30062764185986934,0.28202754259109497,0.18820102838271227,0.7016773419734647,0.05476190476190476,0.09657999231458947
tabicl,raw,1,8000,8,False,29.314003944396973,Men,6857,0.31194399883330903,0.2950522303581238,0.1926014560065139,0.697340673152327,0.06189063162356931,0.10762724223421322
tabicl,raw,1,8000,8,False,29.314003944396973,Women,950,0.21894736842105264,0.18801677227020264,0.15643920499701988,0.7094067489114659,0.009433962264150943,0.016842105263157894
tabicl,raw,1,8000,8,False,29.314003944396973,Black,4534,0.31473312748125276,0.2865060269832611,0.19507807746957187,0.693570410554281,0.05600257483102671,0.09483899426554919
tabicl,raw,1,8000,8,False,29.314003944396973,White,3273,0.281087687137183,0.2758236229419708,0.17867443487222612,0.7123191485430256,0.053123671908202295,0.09899175068744272
tabicl,raw,1,8000,8,False,29.314003944396973,Black men,4195,0.3215733015494637,0.29521259665489197,0.19850102483821053,0.6867567240927535,0.06113843991567112,0.10107270560190704
tabicl,raw,1,8000,8,False,29.314003944396973,White men,2662,0.29676934635612323,0.29479947686195374,0.18330442698736768,0.7149599697068052,0.06303418803418803,0.1179564237415477
tabicl,raw,1,8000,8,False,29.314003944396973,Black women,339,0.23008849557522124,0.1787651628255844,0.1527203659314029,0.7562137734551528,0.0,0.017699115044247787
tabicl,raw,1,8000,8,False,29.314003944396973,White women,611,0.2127659574468085,0.19314980506896973,0.15850252159807413,0.6806492883415961,0.014553014553014554,0.016366612111292964
tabicl,raw,1,8000,9,False,29.247879028320312,All,7807,0.30062764185986934,0.28523945808410645,0.18818864502987362,0.7011781075053338,0.054945054945054944,0.09734853336749072
tabicl,raw,1,8000,9,False,29.247879028320312,Men,6857,0.31194399883330903,0.29912620782852173,0.19242246839200083,0.6978085281498785,0.06337431114879186,0.11025229692285256
tabicl,raw,1,8000,9,False,29.247879028320312,Women,950,0.21894736842105264,0.1850065141916275,0.15762935366765604,0.704404675513166,0.0013477088948787063,0.004210526315789474
tabicl,raw,1,8000,9,False,29.247879028320312,Black,4534,0.31473312748125276,0.29421141743659973,0.19499532442909237,0.6924184353029723,0.0634052140328291,0.10410233789148654
tabicl,raw,1,8000,9,False,29.247879028320312,White,3273,0.281087687137183,0.27281084656715393,0.17875953277932116,0.7111647480552117,0.04377390565235869,0.08799266727772685
tabicl,raw,1,8000,9,False,29.247879028320312,Black men,4195,0.3215733015494637,0.3032609522342682,0.198161001199403,0.6867584171299945,0.06886858749121574,0.11179976162097735
tabicl,raw,1,8000,9,False,29.247879028320312,White men,2662,0.29676934635612323,0.2926102578639984,0.18337921327289794,0.714663799632154,0.05502136752136752,0.10781367392937641
tabicl,raw,1,8000,9,False,29.247879028320312,Black women,339,0.23008849557522124,0.1822267323732376,0.15582124168144332,0.7463896256999705,0.0038314176245210726,0.008849557522123894
tabicl,raw,1,8000,9,False,29.247879028320312,White women,611,0.2127659574468085,0.1865488439798355,0.158632545096995,0.6796097873020951,0.0,0.0016366612111292963
tabicl,raw,1,16000,0,False,66.22496128082275,All,7807,0.30062764185986934,0.28009626269340515,0.18729697820696117,0.7051392081856505,0.050915750915750915,0.09120020494428077
tabicl,raw,1,16000,0,False,66.22496128082275,Men,6857,0.31194399883330903,0.2933650612831116,0.19160305787592105,0.7011171047549287,0.057863501483679525,0.10208546011375237
tabicl,raw,1,16000,0,False,66.22496128082275,Women,950,0.21894736842105264,0.184323251247406,0.15621614842795303,0.70838948787062,0.006738544474393531,0.01263157894736842
tabicl,raw,1,16000,0,False,66.22496128082275,Black,4534,0.31473312748125276,0.2858089506626129,0.19377011932088242,0.6984759192627178,0.052784036047634375,0.09219232465813851
tabicl,raw,1,16000,0,False,66.22496128082275,White,3273,0.281087687137183,0.27218255400657654,0.17832990768740153,0.7133141780151149,0.04844878878028049,0.08982584784601283
tabicl,raw,1,16000,0,False,66.22496128082275,Black men,4195,0.3215733015494637,0.29430240392684937,0.19714400937798038,0.6918713895980834,0.05727336612789881,0.09821215733015494
tabicl,raw,1,16000,0,False,66.22496128082275,White men,2662,0.29676934635612323,0.29188790917396545,0.18287116773649992,0.7161500595044901,0.05876068376068376,0.10818933132982719
tabicl,raw,1,16000,0,False,66.22496128082275,Black women,339,0.23008849557522124,0.1807055026292801,0.15201947392405019,0.7559190490224973,0.0038314176245210726,0.017699115044247787
tabicl,raw,1,16000,0,False,66.22496128082275,White women,611,0.2127659574468085,0.18633046746253967,0.15854458158150966,0.6805053574284343,0.008316008316008316,0.009819967266775777
tabicl,raw,1,16000,1,False,66.33270788192749,All,7807,0.30062764185986934,0.28144121170043945,0.18714225187401715,0.7054677782095763,0.04816849816849817,0.08838222108364288
tabicl,raw,1,16000,1,False,66.33270788192749,Men,6857,0.31194399883330903,0.29438316822052,0.19143637676437067,0.7017034717882891,0.05489614243323442,0.09916873268193087
tabicl,raw,1,16000,1,False,66.33270788192749,Women,950,0.21894736842105264,0.18802733719348907,0.15614771042859174,0.7091799709724238,0.005390835579514825,0.010526315789473684
tabicl,raw,1,16000,1,False,66.33270788192749,Black,4534,0.31473312748125276,0.2872174382209778,0.1938116154529552,0.6980686962933124,0.05053105889925973,0.08932509925011028
tabicl,raw,1,16000,1,False,66.33270788192749,White,3273,0.281087687137183,0.2734394371509552,0.1779033595834869,0.7147141022561392,0.04504887377815554,0.08707607699358387
tabicl,raw,1,16000,1,False,66.33270788192749,Black men,4195,0.3215733015494637,0.29563775658607483,0.19714882797446706,0.691671480970001,0.054813773717498245,0.09535160905840286
tabicl,raw,1,16000,1,False,66.33270788192749,White men,2662,0.29676934635612323,0.2924060523509979,0.18243422318572508,0.7180308747160014,0.05502136752136752,0.10518407212622088
tabicl,raw,1,16000,1,False,66.33270788192749,Black women,339,0.23008849557522124,0.18301942944526672,0.15251484103483637,0.756066411238825,0.0038314176245210726,0.014749262536873156
tabicl,raw,1,16000,1,False,66.33270788192749,White women,611,0.2127659574468085,0.19080586731433868,0.15816332863560167,0.6809211578442348,0.006237006237006237,0.008183306055646482
tabicl,raw,1,16000,2,False,66.33792209625244,All,7807,0.30062764185986934,0.2823510468006134,0.1871304950688128,0.7051964474951267,0.051831501831501835,0.09529909055975407
tabicl,raw,1,16000,2,False,66.33792209625244,Men,6857,0.31194399883330903,0.2949053943157196,0.19146904404519122,0.7011339996563546,0.05871131835523527,0.10631471488989354
tabicl,raw,1,16000,2,False,66.33792209625244,Women,950,0.21894736842105264,0.19173496961593628,0.15581530524667947,0.7096788824383164,0.008086253369272238,0.015789473684210527
tabicl,raw,1,16000,2,False,66.33792209625244,Black,4534,0.31473312748125276,0.28856557607650757,0.19363849919872045,0.6980058817837697,0.05503701319600901,0.09902955447728275
tabicl,raw,1,16000,2,False,66.33792209625244,White,3273,0.281087687137183,0.2737422585487366,0.17811512973883994,0.7139798407213733,0.04759881002974926,0.09013137794072716
tabicl,raw,1,16000,2,False,66.33792209625244,Black men,4195,0.3215733015494637,0.29677262902259827,0.19705893348075737,0.6913871809471319,0.059732958538299366,0.10512514898688916
tabicl,raw,1,16000,2,False,66.33792209625244,White men,2662,0.29676934635612323,0.2919628620147705,0.18266003345833923,0.7166538191063507,0.057158119658119656,0.10818933132982719
tabicl,raw,1,16000,2,False,66.33792209625244,Black women,339,0.23008849557522124,0.18700595200061798,0.15131188618059385,0.758866293349052,0.0038314176245210726,0.02359882005899705
tabicl,raw,1,16000,2,False,66.33792209625244,White women,611,0.2127659574468085,0.1943587362766266,0.15831392891837018,0.680089557012634,0.010395010395010396,0.011456628477905073
tabicl,raw,1,16000,3,False,68.01005554199219,All,7807,0.30062764185986934,0.2802291512489319,0.18751114632003657,0.7043258013113147,0.051648351648351645,0.09312155757653388
tabicl,raw,1,16000,3,False,68.01005554199219,Men,6857,0.31194399883330903,0.2937621772289276,0.19173829057557784,0.7006756077854084,0.057863501483679525,0.10398133294443634
tabicl,raw,1,16000,3,False,68.01005554199219,Women,950,0.21894736842105264,0.1825494021177292,0.15700006404609293,0.706821480406386,0.012129380053908356,0.014736842105263158
tabicl,raw,1,16000,3,False,68.01005554199219,Black,4534,0.31473312748125276,0.2857897877693176,0.19416721225994069,0.6970877975428588,0.051496620534277435,0.09197176885752095
tabicl,raw,1,16000,3,False,68.01005554199219,White,3273,0.281087687137183,0.27252617478370667,0.1782906748958004,0.7134148820192538,0.05184870378240544,0.0947143293614421
tabicl,raw,1,16000,3,False,68.01005554199219,Black men,4195,0.3215733015494637,0.29443588852882385,0.19755893448928297,0.6903694050979695,0.05586788475052706,0.09821215733015494
tabicl,raw,1,16000,3,False,68.01005554199219,White men,2662,0.29676934635612323,0.29270049929618835,0.18256563797678269,0.7176160337552743,0.060897435897435896,0.11307287753568745
tabicl,raw,1,16000,3,False,68.01005554199219,Black women,339,0.23008849557522124,0.17879760265350342,0.15219590030687077,0.7574417919245505,0.0038314176245210726,0.014749262536873156
tabicl,raw,1,16000,3,False,68.01005554199219,White women,611,0.2127659574468085,0.18463101983070374,0.15966554932857466,0.6761874300335841,0.016632016632016633,0.014729950900163666
tabicl,raw,1,16000,4,False,66.19756293296814,All,7807,0.30062764185986934,0.28061023354530334,0.1870502080338459,0.7061002199050772,0.04871794871794872,0.0894069424875112
tabicl,raw,1,16000,4,False,66.19756293296814,Men,6857,0.31194399883330903,0.2937502861022949,0.19135589717579268,0.7022555040219775,0.05553200508690123,0.10004375091147732
tabicl,raw,1,16000,4,False,66.19756293296814,Women,950,0.21894736842105264,0.18576660752296448,0.15597219703770998,0.7108905245697699,0.005390835579514825,0.01263157894736842
tabicl,raw,1,16000,4,False,66.19756293296814,Black,4534,0.31473312748125276,0.2866989076137543,0.1936678909356891,0.6989263342557405,0.0511747666559382,0.09064843405381562
tabicl,raw,1,16000,4,False,66.19756293296814,White,3273,0.281087687137183,0.27217575907707214,0.17788290761314413,0.7149189748517156,0.04547386315342117,0.08768713718301252
tabicl,raw,1,16000,4,False,66.19756293296814,Black men,4195,0.3215733015494637,0.29528364539146423,0.19703501203000157,0.6924380361393124,0.05551651440618412,0.09630512514898688
tabicl,raw,1,16000,4,False,66.19756293296814,White men,2662,0.29676934635612323,0.29133397340774536,0.1824062777868347,0.7180947744238882,0.05555555555555555,0.10593538692712247
tabicl,raw,1,16000,4,False,66.19756293296814,Black women,339,0.23008849557522124,0.18046581745147705,0.15200100895739763,0.7607820021613125,0.0038314176245210726,0.02064896755162242
tabicl,raw,1,16000,4,False,66.19756293296814,White women,611,0.2127659574468085,0.1887076199054718,0.15817552397588658,0.68242443627059,0.006237006237006237,0.008183306055646482
tabicl,raw,1,16000,5,False,66.48228335380554,All,7807,0.30062764185986934,0.2824249267578125,0.18704818219434333,0.7057386016908811,0.051831501831501835,0.09555527091072115
tabicl,raw,1,16000,5,False,66.48228335380554,Men,6857,0.31194399883330903,0.29515326023101807,0.19132613836597917,0.7019711147721686,0.05871131835523527,0.10689806037625783
tabicl,raw,1,16000,5,False,66.48228335380554,Women,950,0.21894736842105264,0.19055312871932983,0.156170344858652,0.709160532863363,0.008086253369272238,0.01368421052631579
tabicl,raw,1,16000,5,False,66.48228335380554,Black,4534,0.31473312748125276,0.2888284921646118,0.1936870114136194,0.6982238718141935,0.05600257483102671,0.0992501102779003
tabicl,raw,1,16000,5,False,66.48228335380554,White,3273,0.281087687137183,0.2735542356967926,0.1778515883415485,0.714956392394538,0.046323841903952404,0.0904369080354415
tabicl,raw,1,16000,5,False,66.48228335380554,Black men,4195,0.3215733015494637,0.2969726622104645,0.1970553123129608,0.6917610817101446,0.06078706957132818,0.10584028605482718
tabicl,raw,1,16000,5,False,66.48228335380554,White men,2662,0.29676934635612323,0.29228606820106506,0.1822976317139927,0.7184247538677918,0.05555555555555555,0.10856498873027799
tabicl,raw,1,16000,5,False,66.48228335380554,Black women,339,0.23008849557522124,0.18804720044136047,0.15200552978312637,0.7569014637980156,0.0038314176245210726,0.017699115044247787
tabicl,raw,1,16000,5,False,66.48228335380554,White women,611,0.2127659574468085,0.1919434815645218,0.15848110150448372,0.6806013113705423,0.010395010395010396,0.011456628477905073
tabicl,raw,1,16000,6,False,66.05173659324646,All,7807,0.30062764185986934,0.2817825973033905,0.18717171280500686,0.7056215088703371,0.051831501831501835,0.09376200845395158
tabicl,raw,1,16000,6,False,66.05173659324646,Men,6857,0.31194399883330903,0.29538166522979736,0.19150113032781313,0.7014680331619665,0.05913522679101314,0.10500218754557386
tabicl,raw,1,16000,6,False,66.05173659324646,Women,950,0.21894736842105264,0.1836259812116623,0.1559224328535517,0.7128796910636532,0.005390835579514825,0.01263157894736842
tabicl,raw,1,16000,6,False,66.05173659324646,Black,4534,0.31473312748125276,0.28780367970466614,0.19390906985084216,0.6976423019296121,0.05310588992597361,0.09483899426554919
tabicl,raw,1,16000,6,False,66.05173659324646,White,3273,0.281087687137183,0.27344170212745667,0.17783863097004893,0.7155412147305013,0.050148746281342964,0.09227008860372747
tabicl,raw,1,16000,6,False,66.05173659324646,Black men,4195,0.3215733015494637,0.2966238260269165,0.19727446052348915,0.6910467502280391,0.05762473647224174,0.10083432657926103
tabicl,raw,1,16000,6,False,66.05173659324646,White men,2662,0.29676934635612323,0.29342418909072876,0.18240303860322218,0.7182286595261279,0.06143162393162393,0.1115702479338843
tabicl,raw,1,16000,6,False,66.05173659324646,Black women,339,0.23008849557522124,0.17865800857543945,0.15226360120259977,0.7599960703408979,0.0038314176245210726,0.02064896755162242
tabicl,raw,1,16000,6,False,66.05173659324646,White women,611,0.2127659574468085,0.18638233840465546,0.15795245565170668,0.6846793539101232,0.006237006237006237,0.008183306055646482
tabicl,raw,1,16000,7,False,65.35841822624207,All,7807,0.30062764185986934,0.2822098731994629,0.18719983371010324,0.7053230997095505,0.05036630036630037,0.0935058281029845
tabicl,raw,1,16000,7,False,65.35841822624207,Men,6857,0.31194399883330903,0.2954873740673065,0.1914398088571732,0.7016880632418274,0.05701568461212378,0.10441884205920957
tabicl,raw,1,16000,7,False,65.35841822624207,Women,950,0.21894736842105264,0.1863739788532257,0.15659613941172545,0.70916701223305,0.008086253369272238,0.014736842105263158
tabicl,raw,1,16000,7,False,65.35841822624207,Black,4534,0.31473312748125276,0.288275808095932,0.19359151462102578,0.6984741148961959,0.052140328290955905,0.09483899426554919
tabicl,raw,1,16000,7,False,65.35841822624207,White,3273,0.281087687137183,0.2738068401813507,0.17834560784694314,0.713721151536429,0.048023799405014875,0.09165902841429881
tabicl,raw,1,16000,7,False,65.35841822624207,Black men,4195,0.3215733015494637,0.29694899916648865,0.19686190604888246,0.6923662774070171,0.05657062543921293,0.10083432657926103
tabicl,raw,1,16000,7,False,65.35841822624207,White men,2662,0.29676934635612323,0.2931840121746063,0.18289521918053145,0.716812046954452,0.057692307692307696,0.11006761833208115
tabicl,raw,1,16000,7,False,65.35841822624207,Black women,339,0.23008849557522124,0.18094801902770996,0.15312162659784337,0.7545436683367718,0.0038314176245210726,0.02064896755162242
tabicl,raw,1,16000,7,False,65.35841822624207,White women,611,0.2127659574468085,0.18938446044921875,0.15852389693039323,0.6824724132416441,0.010395010395010396,0.011456628477905073
tabicl,raw,1,16000,8,False,65.13816022872925,All,7807,0.30062764185986934,0.28058403730392456,0.18730739177887598,0.7050868071000155,0.05238095238095238,0.09427436915588575
tabicl,raw,1,16000,8,False,65.13816022872925,Men,6857,0.31194399883330903,0.29336509108543396,0.19165081702170753,0.7010219284920572,0.05934718100890208,0.10514802391716493
tabicl,raw,1,16000,8,False,65.13816022872925,Women,950,0.21894736842105264,0.1883317232131958,0.15595700557877507,0.7104628861704332,0.008086253369272238,0.015789473684210527
tabicl,raw,1,16000,8,False,65.13816022872925,Black,4534,0.31473312748125276,0.2866725027561188,0.19399733726941443,0.6971684301718051,0.05374959768265208,0.09550066166740186
tabicl,raw,1,16000,8,False,65.13816022872925,White,3273,0.281087687137183,0.2721498906612396,0.1780399879126672,0.7149868807627635,0.05057373565660858,0.0925756186984418
tabicl,raw,1,16000,8,False,65.13816022872925,Black men,4195,0.3215733015494637,0.2950391471385956,0.19749952536484067,0.6900538490029573,0.05832747716092762,0.10131108462455304
tabicl,raw,1,16000,8,False,65.13816022872925,White men,2662,0.29676934635612323,0.29072704911231995,0.18243393817142817,0.7186384290814671,0.060897435897435896,0.11119459053343352
tabicl,raw,1,16000,8,False,65.13816022872925,Black women,339,0.23008849557522124,0.18313848972320557,0.1506590509558066,0.763827487965419,0.0038314176245210726,0.02359882005899705
tabicl,raw,1,16000,8,False,65.13816022872925,White women,611,0.2127659574468085,0.19121308624744415,0.1588964599440555,0.6785862785862786,0.010395010395010396,0.011456628477905073
tabicl,raw,1,16000,9,False,65.54366779327393,All,7807,0.30062764185986934,0.27923452854156494,0.18709285627903452,0.7061246451318884,0.04725274725274725,0.08889458178557705
tabicl,raw,1,16000,9,False,65.54366779327393,Men,6857,0.31194399883330903,0.2923082411289215,0.19137680509112784,0.7022992524030891,0.05404832556167868,0.09989791453988625
tabicl,raw,1,16000,9,False,65.54366779327393,Women,950,0.21894736842105264,0.1848699003458023,0.15617176469532523,0.7105147211279287,0.004043126684636119,0.009473684210526316
tabicl,raw,1,16000,9,False,65.54366779327393,Black,4534,0.31473312748125276,0.28624311089515686,0.1937575717395926,0.6984056617412724,0.05053105889925973,0.09108954565505073
tabicl,raw,1,16000,9,False,65.54366779327393,White,3273,0.281087687137183,0.2695257365703583,0.177860402903486,0.7153287200428685,0.042923926901827454,0.08585395661472656
tabicl,raw,1,16000,9,False,65.54366779327393,Black men,4195,0.3215733015494637,0.29470717906951904,0.19707936275338564,0.6920134744927009,0.054813773717498245,0.09725864123957091
tabicl,raw,1,16000,9,False,65.54366779327393,White men,2662,0.29676934635612323,0.2885277569293976,0.18239024258430153,0.718483582170291,0.052884615384615384,0.10405709992486852
tabicl,raw,1,16000,9,False,65.54366779327393,Black women,339,0.23008849557522124,0.18150317668914795,0.1526516327930976,0.7569014637980155,0.0038314176245210726,0.014749262536873156
tabicl,raw,1,16000,9,False,65.54366779327393,White women,611,0.2127659574468085,0.18673786520957947,0.15812483296841065,0.6833519910442987,0.004158004158004158,0.006546644844517185
tabicl,raw,1,18028,0,True,77.61960983276367,All,7807,0.30062764185986934,0.2814498841762543,0.187049633982922,0.7060167215258822,0.0521978021978022,0.0941462789804022
tabicl,raw,1,18028,0,True,77.61960983276367,Men,6857,0.31194399883330903,0.29468464851379395,0.19136523870692299,0.7019757224725574,0.05934718100890208,0.10558553303193817
tabicl,raw,1,18028,0,True,77.61960983276367,Women,950,0.21894736842105264,0.1859227865934372,0.15590005335926452,0.7119531411984242,0.006738544474393531,0.011578947368421053
tabicl,raw,1,18028,0,True,77.61960983276367,Black,4534,0.31473312748125276,0.2873404324054718,0.19353851229125987,0.6991676682780412,0.053427743804312845,0.09461843846493163
tabicl,raw,1,18028,0,True,77.61960983276367,White,3273,0.281087687137183,0.27328988909721375,0.17806076314576838,0.7143865832702008,0.05057373565660858,0.09349220898258478
tabicl,raw,1,18028,0,True,77.61960983276367,Black men,4195,0.3215733015494637,0.29585862159729004,0.19690460039787558,0.6926139817787519,0.05797610681658468,0.10107270560190704
tabicl,raw,1,18028,0,True,77.61960983276367,White men,2662,0.29676934635612323,0.2928345799446106,0.18263585392347215,0.71703011738613,0.06143162393162393,0.11269722013523667
tabicl,raw,1,18028,0,True,77.61960983276367,Black women,339,0.23008849557522124,0.18193088471889496,0.15188441315482093,0.7573435504469987,0.0038314176245210726,0.014749262536873156
tabicl,raw,1,18028,0,True,77.61960983276367,White women,611,0.2127659574468085,0.18813762068748474,0.15812804358726193,0.6843435151127459,0.008316008316008316,0.009819967266775777
tabicl,raw,1,18028,1,True,78.3305835723877,All,7807,0.30062764185986934,0.2817169427871704,0.18697782646142963,0.70620365644865,0.052564102564102565,0.09529909055975407
tabicl,raw,1,18028,1,True,78.3305835723877,Men,6857,0.31194399883330903,0.29485204815864563,0.19125842227227333,0.7023934377626513,0.05998304366256889,0.10675222400466676
tabicl,raw,1,18028,1,True,78.3305835723877,Women,950,0.21894736842105264,0.1869092881679535,0.15608093648779242,0.7095363363052044,0.005390835579514825,0.01263157894736842
tabicl,raw,1,18028,1,True,78.3305835723877,Black,4534,0.31473312748125276,0.287922203540802,0.1934919321898317,0.6991932677280703,0.05471515931766978,0.09704455227172475
tabicl,raw,1,18028,1,True,78.3305835723877,White,3273,0.281087687137183,0.27312102913856506,0.1779540087490633,0.7146482750974703,0.049723756906077346,0.09288114879315612
tabicl,raw,1,18028,1,True,78.3305835723877,Black men,4195,0.3215733015494637,0.29639124870300293,0.1968588149247462,0.692704494154333,0.05938158819395643,0.1032181168057211
tabicl,raw,1,18028,1,True,78.3305835723877,White men,2662,0.29676934635612323,0.2924264371395111,0.18243285984660712,0.7178743373363627,0.060897435897435896,0.11232156273478587
tabicl,raw,1,18028,1,True,78.3305835723877,Black women,339,0.23008849557522124,0.18312059342861176,0.1518279998211998,0.7569997052755674,0.0038314176245210726,0.02064896755162242
tabicl,raw,1,18028,1,True,78.3305835723877,White women,611,0.2127659574468085,0.1890113651752472,0.15844058547302142,0.6812250119942428,0.006237006237006237,0.008183306055646482
tabicl,raw,1,18028,2,True,78.6138687133789,All,7807,0.30062764185986934,0.28232571482658386,0.1870498241531961,0.7057392259778283,0.05366300366300366,0.09645190213910593
tabicl,raw,1,18028,2,True,78.6138687133789,Men,6857,0.31194399883330903,0.29514312744140625,0.19138960134555758,0.7016416889669457,0.06061890631623569,0.10748140586262214
tabicl,raw,1,18028,2,True,78.6138687133789,Women,950,0.21894736842105264,0.18981122970581055,0.15572576919738235,0.7108905245697699,0.009433962264150943,0.016842105263157894
tabicl,raw,1,18028,2,True,78.6138687133789,Black,4534,0.31473312748125276,0.2880629003047943,0.1935692134171212,0.6985576796207402,0.05503701319600901,0.09814733127481252
tabicl,raw,1,18028,2,True,78.6138687133789,White,3273,0.281087687137183,0.2743781805038452,0.17801868729935053,0.7146822280529943,0.05184870378240544,0.09410326917201345
tabicl,raw,1,18028,2,True,78.6138687133789,Black men,4195,0.3215733015494637,0.296352356672287,0.19697622110755741,0.6919616415063968,0.059732958538299366,0.10417163289630513
tabicl,raw,1,18028,2,True,78.6138687133789,White men,2662,0.29676934635612323,0.29323750734329224,0.1825857433810237,0.7172485259115006,0.06196581196581197,0.11269722013523667
tabicl,raw,1,18028,2,True,78.6138687133789,Black women,339,0.23008849557522124,0.18548408150672913,0.15140874951924496,0.7572453089694469,0.0038314176245210726,0.02359882005899705
tabicl,raw,1,18028,2,True,78.6138687133789,White women,611,0.2127659574468085,0.1922120451927185,0.15812097324138988,0.6833359987206142,0.012474012474012475,0.01309328968903437
tabicl,raw,1,18028,3,True,77.69361305236816,All,7807,0.30062764185986934,0.2812819480895996,0.18711088853950808,0.7055456970241802,0.052564102564102565,0.09453054950685283
tabicl,raw,1,18028,3,True,77.69361305236816,Men,6857,0.31194399883330903,0.2945401966571808,0.19139652483428446,0.701676370582776,0.059559135226791016,0.1054396966603471
tabicl,raw,1,18028,3,True,77.69361305236816,Women,950,0.21894736842105264,0.185585618019104,0.15617761688342233,0.7093354758449099,0.008086253369272238,0.015789473684210527
tabicl,raw,1,18028,3,True,77.69361305236816,Black,4534,0.31473312748125276,0.28731822967529297,0.19364973749170916,0.698395737725402,0.05310588992597361,0.0952801058667843
tabicl,raw,1,18028,3,True,77.69361305236816,White,3273,0.281087687137183,0.2729201316833496,0.1780527946961596,0.7143641789390048,0.05184870378240544,0.09349220898258478
tabicl,raw,1,18028,3,True,77.69361305236816,Black men,4195,0.3215733015494637,0.2958184778690338,0.1970296074548442,0.6918480777776099,0.05762473647224174,0.10107270560190704
tabicl,raw,1,18028,3,True,77.69361305236816,White men,2662,0.29676934635612323,0.2925257682800293,0.18251944685034444,0.7175930433841826,0.0625,0.11232156273478587
tabicl,raw,1,18028,3,True,77.69361305236816,Black women,339,0.23008849557522124,0.1821308583021164,0.15182509296264823,0.7562628941939287,0.0038314176245210726,0.02359882005899705
tabicl,raw,1,18028,3,True,77.69361305236816,White women,611,0.2127659574468085,0.1875024288892746,0.15859251968070942,0.6810331041100273,0.010395010395010396,0.011456628477905073
tabicl,raw,1,18028,4,True,78.67261981964111,All,7807,0.30062764185986934,0.28165972232818604,0.18706758379132923,0.7059275265282934,0.05274725274725275,0.09555527091072115
tabicl,raw,1,18028,4,True,78.67261981964111,Men,6857,0.31194399883330903,0.29473695158958435,0.1914031304161151,0.7018568636205903,0.05977108944467995,0.10660638763307569
tabicl,raw,1,18028,4,True,78.67261981964111,Women,950,0.21894736842105264,0.18726958334445953,0.15577406462695398,0.7114931059506531,0.008086253369272238,0.015789473684210527
tabicl,raw,1,18028,4,True,78.67261981964111,Black,4534,0.31473312748125276,0.28760334849357605,0.1936323940041983,0.6986900750142826,0.05439330543933055,0.09748566387295986
tabicl,raw,1,18028,4,True,78.67261981964111,White,3273,0.281087687137183,0.2734261751174927,0.17797352650286358,0.7149046545575491,0.05057373565660858,0.09288114879315612
tabicl,raw,1,18028,4,True,78.67261981964111,Black men,4195,0.3215733015494637,0.29610154032707214,0.19699594731171963,0.6922684719479358,0.059030217849613494,0.1034564958283671
tabicl,raw,1,18028,4,True,78.67261981964111,White men,2662,0.29676934635612323,0.2925865352153778,0.18258950649535588,0.7173421778643297,0.060897435897435896,0.1115702479338843
tabicl,raw,1,18028,4,True,78.67261981964111,Black women,339,0.23008849557522124,0.18244148790836334,0.15200966207189157,0.75660673936536,0.0038314176245210726,0.02359882005899705
tabicl,raw,1,18028,4,True,78.67261981964111,White women,611,0.2127659574468085,0.18994835019111633,0.15786266113459088,0.6852230929154006,0.010395010395010396,0.011456628477905073
tabicl,raw,1,18028,5,True,77.83167624473572,All,7807,0.30062764185986934,0.2822622060775757,0.18700318831669369,0.7060905044394605,0.053296703296703295,0.09657999231458947
tabicl,raw,1,18028,5,True,77.83167624473572,Men,6857,0.31194399883330903,0.29538434743881226,0.19127907282545753,0.7022894424603258,0.06061890631623569,0.10806475134898644
tabicl,raw,1,18028,5,True,77.83167624473572,Women,950,0.21894736842105264,0.18754786252975464,0.15614030402554252,0.70925124403898,0.006738544474393531,0.01368421052631579
tabicl,raw,1,18028,5,True,77.83167624473572,Black,4534,0.31473312748125276,0.2881803810596466,0.19351694263723807,0.699097636302411,0.05471515931766978,0.09792677547419497
tabicl,raw,1,18028,5,True,77.83167624473572,White,3273,0.281087687137183,0.27406391501426697,0.1779798574003026,0.7147833940021064,0.051423714407139824,0.0947143293614421
tabicl,raw,1,18028,5,True,77.83167624473572,Black men,4195,0.3215733015494637,0.29662615060806274,0.19685512350037648,0.6927836762037625,0.05938158819395643,0.10417163289630513
tabicl,raw,1,18028,5,True,77.83167624473572,White men,2662,0.29676934635612323,0.2934274971485138,0.1824918705034121,0.7177279427674997,0.0625,0.11419984973703982
tabicl,raw,1,18028,5,True,77.83167624473572,Black women,339,0.23008849557522124,0.18366748094558716,0.15220818534854882,0.7552804794184105,0.0038314176245210726,0.02064896755162242
tabicl,raw,1,18028,5,True,77.83167624473572,White women,611,0.2127659574468085,0.18970082700252533,0.15832195415893185,0.6819286742363666,0.008316008316008316,0.009819967266775777
tabicl,raw,1,18028,6,True,78.38594579696655,All,7807,0.30062764185986934,0.28204256296157837,0.1869576161706662,0.7062314372178028,0.051831501831501835,0.09517100038427052
tabicl,raw,1,18028,6,True,78.38594579696655,Men,6857,0.31194399883330903,0.2951136827468872,0.191285148581022,0.7021913430326912,0.05913522679101314,0.10660638763307569
tabicl,raw,1,18028,6,True,78.38594579696655,Women,950,0.21894736842105264,0.1876964420080185,0.1557219427624455,0.711577337756583,0.005390835579514825,0.01263157894736842
tabicl,raw,1,18028,6,True,78.38594579696655,Black,4534,0.31473312748125276,0.28795644640922546,0.19350516327561598,0.6990422648047709,0.053427743804312845,0.09682399647110719
tabicl,raw,1,18028,6,True,78.38594579696655,White,3273,0.281087687137183,0.27385014295578003,0.17788747300725583,0.7151434801086495,0.049723756906077346,0.09288114879315612
tabicl,raw,1,18028,6,True,78.38594579696655,Black men,4195,0.3215733015494637,0.2964203655719757,0.1968885243795038,0.6924748922577146,0.05797610681658468,0.10297973778307509
tabicl,raw,1,18028,6,True,78.38594579696655,White men,2662,0.29676934635612323,0.2930544912815094,0.1824548850668856,0.7178814373039056,0.060897435897435896,0.11232156273478587
tabicl,raw,1,18028,6,True,78.38594579696655,Black women,339,0.23008849557522124,0.1832188069820404,0.15163731716703352,0.7591610177817074,0.0038314176245210726,0.02064896755162242
tabicl,raw,1,18028,6,True,78.38594579696655,White women,611,0.2127659574468085,0.19018076360225677,0.1579882080273304,0.683511914281145,0.006237006237006237,0.008183306055646482
tabicl,raw,1,18028,7,True,78.5243706703186,All,7807,0.30062764185986934,0.28110471367836,0.1870767634297646,0.7059403634286463,0.052564102564102565,0.09542718073523761
tabicl,raw,1,18028,7,True,78.5243706703186,Men,6857,0.31194399883330903,0.2941347360610962,0.1913739126601134,0.7020276953511375,0.05934718100890208,0.10660638763307569
tabicl,raw,1,18028,7,True,78.5243706703186,Women,950,0.21894736842105264,0.18705521523952484,0.15606039261660487,0.7105017623885548,0.009433962264150943,0.014736842105263158
tabicl,raw,1,18028,7,True,78.5243706703186,Black,4534,0.31473312748125276,0.286777526140213,0.1935642994812221,0.6990123799842525,0.053427743804312845,0.09616232906925452
tabicl,raw,1,18028,7,True,78.5243706703186,White,3273,0.281087687137183,0.2732463479042053,0.17808975198542962,0.7145480330383044,0.051423714407139824,0.09440879926672777
tabicl,raw,1,18028,7,True,78.5243706703186,Black men,4195,0.3215733015494637,0.29520535469055176,0.19690620290982383,0.6926742799512614,0.05797610681658468,0.10250297973778308
tabicl,raw,1,18028,7,True,78.5243706703186,White men,2662,0.29676934635612323,0.29244765639305115,0.18265567163925117,0.7172170831980959,0.06143162393162393,0.11307287753568745
tabicl,raw,1,18028,7,True,78.5243706703186,Black women,339,0.23008849557522124,0.1824861764907837,0.15220947681755181,0.7563120149327046,0.0038314176245210726,0.017699115044247787
tabicl,raw,1,18028,7,True,78.5243706703186,White women,611,0.2127659574468085,0.1895902454853058,0.15819698910740515,0.6836078682232528,0.012474012474012475,0.01309328968903437
tabicl,raw,1,18028,8,True,77.08041620254517,All,7807,0.30062764185986934,0.28136444091796875,0.18706715844992827,0.705863693187937,0.05238095238095238,0.09491482003330344
tabicl,raw,1,18028,8,True,77.08041620254517,Men,6857,0.31194399883330903,0.2943844497203827,0.19140144517889732,0.7017918108183256,0.05913522679101314,0.10573136940352924
tabicl,raw,1,18028,8,True,77.08041620254517,Women,950,0.21894736842105264,0.1873876005411148,0.1557827330809383,0.7113635185569148,0.009433962264150943,0.016842105263157894
tabicl,raw,1,18028,8,True,77.08041620254517,Black,4534,0.31473312748125276,0.2873344123363495,0.19360014625503139,0.6987110507750994,0.05374959768265208,0.09704455227172475
tabicl,raw,1,18028,8,True,77.08041620254517,White,3273,0.281087687137183,0.27309441566467285,0.1780171838980378,0.7147295774127386,0.05057373565660858,0.09196455850901314
tabicl,raw,1,18028,8,True,77.08041620254517,Black men,4195,0.3215733015494637,0.29575592279434204,0.1970135695759324,0.6920197257071296,0.05832747716092762,0.10297973778307509
tabicl,raw,1,18028,8,True,77.08041620254517,White men,2662,0.29676934635612323,0.29222312569618225,0.18255739489882122,0.7175558530780048,0.060363247863247864,0.11006761833208115
tabicl,raw,1,18028,8,True,77.08041620254517,Black women,339,0.23008849557522124,0.18312157690525055,0.15136029129579862,0.7587189311327243,0.0038314176245210726,0.02359882005899705
tabicl,raw,1,18028,8,True,77.08041620254517,White women,611,0.2127659574468085,0.18975450098514557,0.15823642827760334,0.682824244362706,0.012474012474012475,0.01309328968903437
tabicl,raw,1,18028,9,True,76.96100211143494,All,7807,0.30062764185986934,0.2816746234893799,0.1869749755510491,0.7062640171928626,0.051831501831501835,0.09491482003330344
tabicl,raw,1,18028,9,True,76.96100211143494,Men,6857,0.31194399883330903,0.29476818442344666,0.19129318641412202,0.7022546122089989,0.05871131835523527,0.10587720577512032
tabicl,raw,1,18028,9,True,76.96100211143494,Women,950,0.21894736842105264,0.18716655671596527,0.15580658408990064,0.7110525088119427,0.008086253369272238,0.015789473684210527
tabicl,raw,1,18028,9,True,76.96100211143494,Black,4534,0.31473312748125276,0.28759291768074036,0.1935119453286813,0.6992228142298658,0.05407145156099131,0.09660344067048963
tabicl,raw,1,18028,9,True,76.96100211143494,White,3273,0.281087687137183,0.2734760642051697,0.1779194848783377,0.7149841090929249,0.04887377815554611,0.0925756186984418
tabicl,raw,1,18028,9,True,76.96100211143494,Black men,4195,0.3215733015494637,0.2960626780986786,0.19689277752670617,0.6926983731735384,0.058678847505270554,0.10250297973778308
tabicl,raw,1,18028,9,True,76.96100211143494,White men,2662,0.29676934635612323,0.2927281856536865,0.18246888712137577,0.7177465379205886,0.05876068376068376,0.11119459053343352
tabicl,raw,1,18028,9,True,76.96100211143494,Black women,339,0.23008849557522124,0.18278317153453827,0.15167539349766568,0.7580312407898615,0.0038314176245210726,0.02359882005899705
tabicl,raw,1,18028,9,True,76.96100211143494,White women,611,0.2127659574468085,0.18959857523441315,0.15809868492585427,0.6831280985127139,0.010395010395010396,0.011456628477905073
tabicl,raw,2,500,0,False,7.035159349441528,All,5460,0.24065934065934066,0.26954561471939087,0.173208288403432,0.6688250434483808,0.05306319343945972,0.07124542124542124
tabicl,raw,2,500,0,False,7.035159349441528,Men,4718,0.2507418397626113,0.28089097142219543,0.17893601016607782,0.6611497630864402,0.06166902404526167,0.08181432810512929
tabicl,raw,2,500,0,False,7.035159349441528,Women,742,0.1765498652291105,0.19740594923496246,0.13678862361075939,0.6957184442972976,0.0032733224222585926,0.004043126684636119
tabicl,raw,2,500,0,False,7.035159349441528,Black,3107,0.24074670099774703,0.2742649018764496,0.17751774343786172,0.6468661378767854,0.055955913522679104,0.07241712262632764
tabicl,raw,2,500,0,False,7.035159349441528,White,2353,0.24054398640034,0.26331400871276855,0.16751790302647784,0.6974942705562948,0.049244543928371576,0.06969825754356142
tabicl,raw,2,500,0,False,7.035159349441528,Black men,2846,0.2501756851721715,0.28241395950317383,0.18356263862473027,0.634832776976296,0.06138706654170572,0.07870695713281799
tabicl,raw,2,500,0,False,7.035159349441528,White men,1872,0.2516025641025641,0.278575599193573,0.17190215087477181,0.7001065359744556,0.06209850107066381,0.08653846153846154
tabicl,raw,2,500,0,False,7.035159349441528,Black women,261,0.13793103448275862,0.1854057013988495,0.11160290933124105,0.738395061728395,0.0044444444444444444,0.0038314176245210726
tabicl,raw,2,500,0,False,7.035159349441528,White women,481,0.19750519750519752,0.20391753315925598,0.15045488437365812,0.6710389964548678,0.0025906735751295338,0.004158004158004158
tabicl,raw,2,500,1,False,7.055601358413696,All,5460,0.24065934065934066,0.23459398746490479,0.17574283644039104,0.6483193167792618,0.024360829715388325,0.02967032967032967
tabicl,raw,2,500,1,False,7.055601358413696,Men,4718,0.2507418397626113,0.23864005506038666,0.18144914258196138,0.639152730633527,0.024893917963224894,0.030733361593895718
tabicl,raw,2,500,1,False,7.055601358413696,Women,742,0.1765498652291105,0.20886686444282532,0.13945934267229293,0.6962181881785584,0.02127659574468085,0.022911051212938006
tabicl,raw,2,500,1,False,7.055601358413696,Black,3107,0.24074670099774703,0.23554442822933197,0.17913059575767806,0.6218011348051495,0.0211954217888936,0.02510460251046025
tabicl,raw,2,500,1,False,7.055601358413696,White,2353,0.24054398640034,0.23333893716335297,0.17126949678938774,0.6811483011383748,0.028539451594851706,0.035699107522311944
tabicl,raw,2,500,1,False,7.055601358413696,Black men,2846,0.2501756851721715,0.23912514746189117,0.18453045877829988,0.613313211461306,0.02155576382380506,0.02600140548137737
tabicl,raw,2,500,1,False,7.055601358413696,White men,1872,0.2516025641025641,0.23790262639522552,0.17676462020227152,0.676198832802169,0.029978586723768737,0.037927350427350424
tabicl,raw,2,500,1,False,7.055601358413696,Black women,261,0.13793103448275862,0.19649973511695862,0.12024933078951841,0.6938271604938272,0.017777777777777778,0.01532567049808429
tabicl,raw,2,500,1,False,7.055601358413696,White women,481,0.19750519750519752,0.21557754278182983,0.14988307053384,0.6940823561494409,0.023316062176165803,0.02702702702702703
tabicl,raw,2,500,2,False,7.048794746398926,All,5460,0.24065934065934066,0.24240544438362122,0.17218587590355383,0.6704284300358087,0.032320308731307285,0.04395604395604396
tabicl,raw,2,500,2,False,7.048794746398926,Men,4718,0.2507418397626113,0.25049564242362976,0.17776787036142097,0.6628431301045815,0.03620933521923621,0.04917337855023315
tabicl,raw,2,500,2,False,7.048794746398926,Women,742,0.1765498652291105,0.19096402823925018,0.13669281680353088,0.6981172149273498,0.009819967266775777,0.01078167115902965
tabicl,raw,2,500,2,False,7.048794746398926,Black,3107,0.24074670099774703,0.258802592754364,0.17531175123997308,0.6560447756118903,0.04408647732089869,0.05632442870936595
tabicl,raw,2,500,2,False,7.048794746398926,White,2353,0.24054398640034,0.22075393795967102,0.1680583388571218,0.6916797997314724,0.016787912702853944,0.027624309392265192
tabicl,raw,2,500,2,False,7.048794746398926,Black men,2846,0.2501756851721715,0.26512742042541504,0.1809334047313998,0.64637477227973,0.048266166822867856,0.06078706957132818
tabicl,raw,2,500,2,False,7.048794746398926,White men,1872,0.2516025641025641,0.22825098037719727,0.17295531116432705,0.6898712020985921,0.017844396859386154,0.031517094017094016
tabicl,raw,2,500,2,False,7.048794746398926,Black women,261,0.13793103448275862,0.18983560800552368,0.11401203539092941,0.7164197530864197,0.0044444444444444444,0.007662835249042145
tabicl,raw,2,500,2,False,7.048794746398926,White women,481,0.19750519750519752,0.19157634675502777,0.14899985203989047,0.6898554676847559,0.012953367875647668,0.012474012474012475
tabicl,raw,2,500,3,False,7.038866758346558,All,5460,0.24065934065934066,0.22084185481071472,0.1748368378645167,0.6517627890960167,0.011577424023154847,0.01684981684981685
tabicl,raw,2,500,3,False,7.038866758346558,Men,4718,0.2507418397626113,0.23686100542545319,0.18009524827996093,0.645012141595756,0.013578500707213578,0.01949978804578211
tabicl,raw,2,500,3,False,7.038866758346558,Women,742,0.1765498652291105,0.11898400634527206,0.14140128484555992,0.6674704214090279,0.0,0.0
tabicl,raw,2,500,3,False,7.038866758346558,Black,3107,0.24074670099774703,0.22914770245552063,0.17715032648763326,0.6362913792439016,0.015684612123781264,0.020598648213710977
tabicl,raw,2,500,3,False,7.038866758346558,White,2353,0.24054398640034,0.2098744511604309,0.17178201034559473,0.6729051196212932,0.006155567991046447,0.011899702507437314
tabicl,raw,2,500,3,False,7.038866758346558,Black men,2846,0.2501756851721715,0.24012383818626404,0.18283571224269515,0.6259158172130197,0.017338331771321464,0.022487702037947997
tabicl,raw,2,500,3,False,7.038866758346558,White men,1872,0.2516025641025641,0.23190057277679443,0.17592892325969295,0.6736991017941386,0.007851534618129907,0.014957264957264958
tabicl,raw,2,500,3,False,7.038866758346558,Black women,261,0.13793103448275862,0.1094614639878273,0.11515566036155635,0.6585185185185185,0.0,0.0
tabicl,raw,2,500,3,False,7.038866758346558,White women,481,0.19750519750519752,0.12415112555027008,0.1556426735988342,0.6664848650122717,0.0,0.0
tabicl,raw,2,500,4,False,7.037585258483887,All,5460,0.24065934065934066,0.25742360949516296,0.17224671038069378,0.6764943159165351,0.05426917510853835,0.07710622710622711
tabicl,raw,2,500,4,False,7.037585258483887,Men,4718,0.2507418397626113,0.270751029253006,0.1782368110999017,0.6681652261349791,0.06364922206506365,0.08923272573124205
tabicl,raw,2,500,4,False,7.037585258483887,Women,742,0.1765498652291105,0.17268140614032745,0.13415871146799435,0.7042390774727951,0.0,0.0
tabicl,raw,2,500,4,False,7.037585258483887,Black,3107,0.24074670099774703,0.27014467120170593,0.17676770563309585,0.6589393108200928,0.06782534972445951,0.08818796266495012
tabicl,raw,2,500,4,False,7.037585258483887,White,2353,0.24054398640034,0.24062615633010864,0.16627699841757718,0.6993619011273016,0.03637381085618355,0.0624734381640459
tabicl,raw,2,500,4,False,7.037585258483887,Black men,2846,0.2501756851721715,0.2798022925853729,0.18261734858778048,0.6493581710771563,0.07497656982193064,0.09627547434996486
tabicl,raw,2,500,4,False,7.037585258483887,White men,1872,0.2516025641025641,0.25699034333229065,0.1715770837011287,0.6957966026693095,0.046395431834404,0.07852564102564102
tabicl,raw,2,500,4,False,7.037585258483887,Black women,261,0.13793103448275862,0.16483618319034576,0.11298194375940876,0.6974074074074075,0.0,0.0
tabicl,raw,2,500,4,False,7.037585258483887,White women,481,0.19750519750519752,0.17693839967250824,0.14564963947618728,0.7027270248159257,0.0,0.0
tabicl,raw,2,500,5,False,7.050705909729004,All,5460,0.24065934065934066,0.2615493834018707,0.1782406822016456,0.6445715956624308,0.0602990834539315,0.07509157509157509
tabicl,raw,2,500,5,False,7.050705909729004,Men,4718,0.2507418397626113,0.261525958776474,0.18350479346493775,0.6379598532247863,0.05884016973125884,0.07354811360746079
tabicl,raw,2,500,5,False,7.050705909729004,Women,742,0.1765498652291105,0.2616981565952301,0.14476888039542948,0.7007533639010006,0.06873977086743044,0.08490566037735849
tabicl,raw,2,500,5,False,7.050705909729004,Black,3107,0.24074670099774703,0.2543566823005676,0.1808185838366497,0.6251442308782158,0.04832556167867741,0.058577405857740586
tabicl,raw,2,500,5,False,7.050705909729004,White,2353,0.24054398640034,0.27104687690734863,0.17483671263940262,0.6692504365055041,0.07610520425293789,0.09689757756056099
tabicl,raw,2,500,5,False,7.050705909729004,Black men,2846,0.2501756851721715,0.25600358843803406,0.18563537131146934,0.6211583722081232,0.04967197750702906,0.06113843991567112
tabicl,raw,2,500,5,False,7.050705909729004,White men,1872,0.2516025641025641,0.2699217200279236,0.1802656777858625,0.6622157967239052,0.0728051391862955,0.09241452991452992
tabicl,raw,2,500,5,False,7.050705909729004,Black women,261,0.13793103448275862,0.23639892041683197,0.12829529972424866,0.6733333333333333,0.035555555555555556,0.03065134099616858
tabicl,raw,2,500,5,False,7.050705909729004,White women,481,0.19750519750519752,0.2754260301589966,0.15370776720453175,0.705917643850559,0.08808290155440414,0.11434511434511435
tabicl,raw,2,500,6,False,7.063039302825928,All,5460,0.24065934065934066,0.24552476406097412,0.17403089045225847,0.6693598421687552,0.05137481910274964,0.0652014652014652
tabicl,raw,2,500,6,False,7.063039302825928,Men,4718,0.2507418397626113,0.25262919068336487,0.18073227946019974,0.6578005717489995,0.05770862800565771,0.07058075455701568
tabicl,raw,2,500,6,False,7.063039302825928,Women,742,0.1765498652291105,0.20035119354724884,0.1314201716659151,0.728076860608938,0.014729950900163666,0.03099730458221024
tabicl,raw,2,500,6,False,7.063039302825928,Black,3107,0.24074670099774703,0.2470291703939438,0.17753955039463543,0.6503517646605446,0.04917337855023315,0.06211779851947216
tabicl,raw,2,500,6,False,7.063039302825928,White,2353,0.24054398640034,0.24353821575641632,0.16939790853939615,0.6937560433519668,0.05428091773922775,0.06927326816829579
tabicl,raw,2,500,6,False,7.063039302825928,Black men,2846,0.2501756851721715,0.2526119649410248,0.18339342060031047,0.6415330839379548,0.05388940955951265,0.06711173576950105
tabicl,raw,2,500,6,False,7.063039302825928,White men,1872,0.2516025641025641,0.25265535712242126,0.17668654885936905,0.6815392705543963,0.0635260528194147,0.07585470085470085
tabicl,raw,2,500,6,False,7.063039302825928,Black women,261,0.13793103448275862,0.1861530989408493,0.11370769366915225,0.7216049382716049,0.0044444444444444444,0.007662835249042145
tabicl,raw,2,500,6,False,7.063039302825928,White women,481,0.19750519750519752,0.20805534720420837,0.1410313083751773,0.7284974093264249,0.02072538860103627,0.04365904365904366
tabicl,raw,2,500,7,False,7.051776647567749,All,5460,0.24065934065934066,0.24464315176010132,0.17152288971420782,0.6692603532700276,0.00964785335262904,0.011904761904761904
tabicl,raw,2,500,7,False,7.051776647567749,Men,4718,0.2507418397626113,0.24774086475372314,0.17665729501265082,0.6634127269749074,0.009900990099009901,0.012293344637558287
tabicl,raw,2,500,7,False,7.051776647567749,Women,742,0.1765498652291105,0.22494640946388245,0.1388758220618438,0.6901338064242075,0.008183306055646482,0.009433962264150943
tabicl,raw,2,500,7,False,7.051776647567749,Black,3107,0.24074670099774703,0.2469927817583084,0.17517665735403637,0.6444275309260472,0.011021619330224672,0.012874155133569359
tabicl,raw,2,500,7,False,7.051776647567749,White,2353,0.24054398640034,0.24154062569141388,0.16669830150471046,0.7014084841246457,0.00783435926133184,0.010624734381640459
tabicl,raw,2,500,7,False,7.051776647567749,Black men,2846,0.2501756851721715,0.2500171959400177,0.18085164536295778,0.6328201510061813,0.01077788191190253,0.012649332396345749
tabicl,raw,2,500,7,False,7.051776647567749,White men,1872,0.2516025641025641,0.244280144572258,0.17028062775999392,0.709035553918872,0.008565310492505354,0.011752136752136752
tabicl,raw,2,500,7,False,7.051776647567749,Black women,261,0.13793103448275862,0.2140137255191803,0.11329537048280874,0.751604938271605,0.013333333333333334,0.01532567049808429
tabicl,raw,2,500,7,False,7.051776647567749,White women,481,0.19750519750519752,0.23087868094444275,0.15275627499766117,0.6584674120534496,0.0051813471502590676,0.006237006237006237
tabicl,raw,2,500,8,False,7.035782814025879,All,5460,0.24065934065934066,0.1989695131778717,0.17294971053086253,0.6702973690142374,0.000723589001447178,0.002564102564102564
tabicl,raw,2,500,8,False,7.035782814025879,Men,4718,0.2507418397626113,0.2004656344652176,0.17926672171857116,0.662566581498145,0.0008486562942008486,0.00211954217888936
tabicl,raw,2,500,8,False,7.035782814025879,Women,742,0.1765498652291105,0.18945632874965668,0.13278305448826244,0.7195687210304719,0.0,0.005390835579514825
tabicl,raw,2,500,8,False,7.035782814025879,Black,3107,0.24074670099774703,0.20002073049545288,0.1764164542957997,0.6427877193499466,0.0,0.000321853878339234
tabicl,raw,2,500,8,False,7.035782814025879,White,2353,0.24054398640034,0.19758138060569763,0.16837207649870795,0.7035687661773983,0.0016787912702853946,0.0055248618784530384
tabicl,raw,2,500,8,False,7.035782814025879,Black men,2846,0.2501756851721715,0.20276285707950592,0.18252099504953273,0.6326914824721208,0.0,0.00035137034434293746
tabicl,raw,2,500,8,False,7.035782814025879,White men,1872,0.2516025641025641,0.19697317481040955,0.17431925275494042,0.7041118642886262,0.0021413276231263384,0.004807692307692308
tabicl,raw,2,500,8,False,7.035782814025879,Black women,261,0.13793103448275862,0.17012014985084534,0.10985123213057259,0.7414814814814815,0.0,0.0
tabicl,raw,2,500,8,False,7.035782814025879,White women,481,0.19750519750519752,0.1999485045671463,0.14522630944742468,0.7054540496318517,0.0,0.008316008316008316
tabicl,raw,2,500,9,False,7.142188310623169,All,5460,0.24065934065934066,0.24561145901679993,0.17300344607077756,0.6546654970296506,0.001447178002894356,0.002197802197802198
tabicl,raw,2,500,9,False,7.142188310623169,Men,4718,0.2507418397626113,0.24864068627357483,0.17779977727162774,0.653681635522567,0.0016973125884016972,0.002543450614667232
tabicl,raw,2,500,9,False,7.142188310623169,Women,742,0.1765498652291105,0.2263501137495041,0.14250601937857924,0.6369360702639897,0.0,0.0
tabicl,raw,2,500,9,False,7.142188310623169,Black,3107,0.24074670099774703,0.2574436068534851,0.17453075596083603,0.6441101663217216,0.002543450614667232,0.0032185387833923397
tabicl,raw,2,500,9,False,7.142188310623169,White,2353,0.24054398640034,0.22998778522014618,0.17098672196180528,0.6721136753269095,0.0,0.0008499787505312367
tabicl,raw,2,500,9,False,7.142188310623169,Black men,2846,0.2501756851721715,0.2600107491016388,0.17929546302829533,0.6387612807093289,0.0028116213683223993,0.0035137034434293743
tabicl,raw,2,500,9,False,7.142188310623169,White men,1872,0.2516025641025641,0.23135480284690857,0.17552588749412984,0.6809906784810971,0.0,0.0010683760683760685
tabicl,raw,2,500,9,False,7.142188310623169,Black women,261,0.13793103448275862,0.22945117950439453,0.12257536778463222,0.6748148148148148,0.0,0.0
tabicl,raw,2,500,9,False,7.142188310623169,White women,481,0.19750519750519752,0.22466744482517242,0.1533207804305962,0.6256067630215435,0.0,0.0
tabicl,raw,2,1000,0,False,8.059473991394043,All,5460,0.24065934065934066,0.26523736119270325,0.17107159405054584,0.6762611961722839,0.027978774722624215,0.041758241758241756
tabicl,raw,2,1000,0,False,8.059473991394043,Men,4718,0.2507418397626113,0.27892744541168213,0.17701683571542412,0.6672426800704463,0.03281471004243282,0.04832556167867741
tabicl,raw,2,1000,0,False,8.059473991394043,Women,742,0.1765498652291105,0.17818917334079742,0.13326883101160303,0.7211803950475381,0.0,0.0
tabicl,raw,2,1000,0,False,8.059473991394043,Black,3107,0.24074670099774703,0.27040672302246094,0.17478391729003057,0.6569855349747129,0.03391267486222976,0.04505954296749276
tabicl,raw,2,1000,0,False,8.059473991394043,White,2353,0.24054398640034,0.2584114968776703,0.16616968656857434,0.7016961921692,0.020145495243424735,0.037399065023374416
tabicl,raw,2,1000,0,False,8.059473991394043,Black men,2846,0.2501756851721715,0.28029435873031616,0.1809820023988819,0.6438435232669566,0.03748828491096532,0.049191848208011243
tabicl,raw,2,1000,0,False,8.059473991394043,White men,1872,0.2516025641025641,0.27684926986694336,0.17098859619559456,0.7022130083001071,0.02569593147751606,0.04700854700854701
tabicl,raw,2,1000,0,False,8.059473991394043,Black women,261,0.13793103448275862,0.1625896692276001,0.10719866740577413,0.7623456790123456,0.0,0.0
tabicl,raw,2,1000,0,False,8.059473991394043,White women,481,0.19750519750519752,0.1866537630558014,0.14741501126341452,0.6969730024543223,0.0,0.0
tabicl,raw,2,1000,1,False,8.037999868392944,All,5460,0.24065934065934066,0.22725892066955566,0.17154080785349812,0.6695685485854587,0.003135552339604438,0.00347985347985348
tabicl,raw,2,1000,1,False,8.037999868392944,Men,4718,0.2507418397626113,0.2271905541419983,0.1769978020174739,0.6644268580945765,0.002545968882602546,0.00317931326833404
tabicl,raw,2,1000,1,False,8.037999868392944,Women,742,0.1765498652291105,0.22769370675086975,0.13684256194293515,0.71314701215627,0.006546644844517185,0.005390835579514825
tabicl,raw,2,1000,1,False,8.037999868392944,Black,3107,0.24074670099774703,0.2269384115934372,0.17440132764845354,0.6448998941362356,0.0,0.0
tabicl,raw,2,1000,1,False,8.037999868392944,White,2353,0.24054398640034,0.22768211364746094,0.16776365740601554,0.6995596386149676,0.007274762171236709,0.008074798130046749
tabicl,raw,2,1000,1,False,8.037999868392944,Black men,2846,0.2501756851721715,0.22832882404327393,0.1796711527592339,0.6386964528289966,0.0,0.0
tabicl,raw,2,1000,1,False,8.037999868392944,White men,1872,0.2516025641025641,0.22545994818210602,0.1729335091696913,0.7006339117797267,0.006423982869379015,0.008012820512820512
tabicl,raw,2,1000,1,False,8.037999868392944,Black women,261,0.13793103448275862,0.2117769420146942,0.11693802395005884,0.714320987654321,0.0,0.0
tabicl,raw,2,1000,1,False,8.037999868392944,White women,481,0.19750519750519752,0.23633047938346863,0.147643153244683,0.7067902917916553,0.010362694300518135,0.008316008316008316
tabicl,raw,2,1000,2,False,8.016385078430176,All,5460,0.24065934065934066,0.23598122596740723,0.16888451007302502,0.6907036067846289,0.03328509406657019,0.045970695970695974
tabicl,raw,2,1000,2,False,8.016385078430176,Men,4718,0.2507418397626113,0.24473930895328522,0.17405482245347983,0.6852222850590819,0.036775106082036775,0.051080966511233575
tabicl,raw,2,1000,2,False,8.016385078430176,Women,742,0.1765498652291105,0.1802932471036911,0.13600912757843495,0.6972051823440487,0.01309328968903437,0.013477088948787063
tabicl,raw,2,1000,2,False,8.016385078430176,Black,3107,0.24074670099774703,0.25083377957344055,0.1731729221395973,0.669293331036218,0.04493429419245443,0.05600257483102671
tabicl,raw,2,1000,2,False,8.016385078430176,White,2353,0.24054398640034,0.21636933088302612,0.16322191071440187,0.7196566881739141,0.01790710688304421,0.03272418189545261
tabicl,raw,2,1000,2,False,8.016385078430176,Black men,2846,0.2501756851721715,0.2578103542327881,0.17835661593500335,0.6619686746417026,0.04779756326148079,0.059732958538299366
tabicl,raw,2,1000,2,False,8.016385078430176,White men,1872,0.2516025641025641,0.22486737370491028,0.16751480950026618,0.7212743096756791,0.01998572448251249,0.037927350427350424
tabicl,raw,2,1000,2,False,8.016385078430176,Black women,261,0.13793103448275862,0.1747596710920334,0.11664881278432718,0.6887654320987654,0.017777777777777778,0.01532567049808429
tabicl,raw,2,1000,2,False,8.016385078430176,White women,481,0.19750519750519752,0.18329587578773499,0.14651441273698407,0.7000272702481593,0.010362694300518135,0.012474012474012475
tabicl,raw,2,1000,3,False,8.041903734207153,All,5460,0.24065934065934066,0.22316928207874298,0.1707999726050253,0.6916268160395196,0.035938253738543174,0.043406593406593405
tabicl,raw,2,1000,3,False,8.041903734207153,Men,4718,0.2507418397626113,0.24067296087741852,0.17495383701316322,0.6895084895520103,0.04214992927864215,0.05023314963967783
tabicl,raw,2,1000,3,False,8.041903734207153,Women,742,0.1765498652291105,0.11187230050563812,0.1443876649532802,0.6699691408153322,0.0,0.0
tabicl,raw,2,1000,3,False,8.041903734207153,Black,3107,0.24074670099774703,0.23048332333564758,0.17234337057886698,0.6837320037267671,0.03984739296311997,0.04602510460251046
tabicl,raw,2,1000,3,False,8.041903734207153,White,2353,0.24054398640034,0.21351148188114166,0.16876200511470393,0.7017584794778149,0.03077783995523223,0.03994900127496812
tabicl,raw,2,1000,3,False,8.041903734207153,Black men,2846,0.2501756851721715,0.24224095046520233,0.17766266457355875,0.6743211829870581,0.044048734770384255,0.050245959241040056
tabicl,raw,2,1000,3,False,8.041903734207153,White men,1872,0.2516025641025641,0.23828914761543274,0.17083560878833123,0.7119239972661323,0.039257673090649536,0.050213675213675216
tabicl,raw,2,1000,3,False,8.041903734207153,Black women,261,0.13793103448275862,0.10227590799331665,0.11434064755628974,0.7074074074074074,0.0,0.0
tabicl,raw,2,1000,3,False,8.041903734207153,White women,481,0.19750519750519752,0.1170794814825058,0.16069176379031658,0.6466048541041723,0.0,0.0
tabicl,raw,2,1000,4,False,8.047431707382202,All,5460,0.24065934065934066,0.26549455523490906,0.1688019096603696,0.7015761648094182,0.06994693680656054,0.0989010989010989
tabicl,raw,2,1000,4,False,8.047431707382202,Men,4718,0.2507418397626113,0.2728617489337921,0.17489688757788166,0.6929821456967578,0.07892503536067892,0.10915642221280203
tabicl,raw,2,1000,4,False,8.047431707382202,Women,742,0.1765498652291105,0.2186504453420639,0.13004705007166084,0.7465049162304318,0.01800327332242226,0.03369272237196765
tabicl,raw,2,1000,4,False,8.047431707382202,Black,3107,0.24074670099774703,0.2786032557487488,0.17510478873176136,0.6765051583082653,0.08859686307757525,0.1136144190537496
tabicl,raw,2,1000,4,False,8.047431707382202,White,2353,0.24054398640034,0.24818529188632965,0.16047932348322802,0.7346180008344522,0.045327364297705654,0.07947301317467063
tabicl,raw,2,1000,4,False,8.047431707382202,Black men,2846,0.2501756851721715,0.28530144691467285,0.18068762551978923,0.6686136969135348,0.09700093720712277,0.12262825017568517
tabicl,raw,2,1000,4,False,8.047431707382202,White men,1872,0.2516025641025641,0.25394973158836365,0.1660932336341483,0.7298358315488938,0.05139186295503212,0.08867521367521368
tabicl,raw,2,1000,4,False,8.047431707382202,Black women,261,0.13793103448275862,0.20556525886058807,0.11422833854506691,0.7254320987654321,0.008888888888888889,0.01532567049808429
tabicl,raw,2,1000,4,False,8.047431707382202,White women,481,0.19750519750519752,0.22575069963932037,0.13863059208505174,0.7517316607581129,0.023316062176165803,0.04365904365904366
tabicl,raw,2,1000,5,False,8.038601398468018,All,5460,0.24065934065934066,0.26986902952194214,0.1726002512889318,0.6703056291626559,0.041726965750120595,0.057692307692307696
tabicl,raw,2,1000,5,False,8.038601398468018,Men,4718,0.2507418397626113,0.2714655101299286,0.17789407476370286,0.6621676006508994,0.04186704384724187,0.057227638830012716
tabicl,raw,2,1000,5,False,8.038601398468018,Women,742,0.1765498652291105,0.25971782207489014,0.138939524666331,0.7288514636248922,0.04091653027823241,0.06064690026954178
tabicl,raw,2,1000,5,False,8.038601398468018,Black,3107,0.24074670099774703,0.2669612765312195,0.17576316722227933,0.6500865385269294,0.03899957609156422,0.0492436433859028
tabicl,raw,2,1000,5,False,8.038601398468018,White,2353,0.24054398640034,0.2737085521221161,0.1684238042830199,0.6963839745630497,0.045327364297705654,0.06884827879303017
tabicl,raw,2,1000,5,False,8.038601398468018,Black men,2846,0.2501756851721715,0.26945388317108154,0.18099271787769042,0.6414712177374345,0.04076850984067479,0.05130007027406887
tabicl,raw,2,1000,5,False,8.038601398468018,White men,1872,0.2516025641025641,0.27452385425567627,0.17318321028592046,0.6926353787331161,0.04354032833690221,0.06623931623931624
tabicl,raw,2,1000,5,False,8.038601398468018,Black women,261,0.13793103448275862,0.23978178203105927,0.11873902482649366,0.7507407407407407,0.022222222222222223,0.02681992337164751
tabicl,raw,2,1000,5,False,8.038601398468018,White women,481,0.19750519750519752,0.27053555846214294,0.14990071065010968,0.7149440959912735,0.05181347150259067,0.079002079002079
tabicl,raw,2,1000,6,False,8.02617859840393,All,5460,0.24065934065934066,0.24604402482509613,0.1663856781786956,0.705620884151602,0.03183791606367583,0.0478021978021978
tabicl,raw,2,1000,6,False,8.02617859840393,Men,4718,0.2507418397626113,0.2551115155220032,0.17262367367947962,0.6948454113615685,0.03734087694483734,0.05489614243323442
tabicl,raw,2,1000,6,False,8.02617859840393,Women,742,0.1765498652291105,0.18838846683502197,0.12672144263597465,0.7588610836946065,0.0,0.0026954177897574125
tabicl,raw,2,1000,6,False,8.02617859840393,Black,3107,0.24074670099774703,0.2544082701206207,0.17163822540954896,0.6803826737061158,0.04281475201356507,0.05535886707434825
tabicl,raw,2,1000,6,False,8.02617859840393,White,2353,0.24054398640034,0.23499946296215057,0.15944999426613232,0.7387739484814749,0.017347509792949075,0.037824054398640033
tabicl,raw,2,1000,6,False,8.02617859840393,Black men,2846,0.2501756851721715,0.2616124451160431,0.177474469617923,0.670245911565557,0.04732895970009372,0.060435699226985246
tabicl,raw,2,1000,6,False,8.02617859840393,White men,1872,0.2516025641025641,0.2452281415462494,0.16524901276024356,0.7316384566074278,0.02212705210563883,0.046474358974358976
tabicl,raw,2,1000,6,False,8.02617859840393,Black women,261,0.13793103448275862,0.1758527159690857,0.10799856634045882,0.7624691358024691,0.0,0.0
tabicl,raw,2,1000,6,False,8.02617859840393,White women,481,0.19750519750519752,0.19519059360027313,0.13688084120796973,0.7556313062448868,0.0,0.004158004158004158
tabicl,raw,2,1000,7,False,8.031368494033813,All,5460,0.24065934065934066,0.2414647787809372,0.16598653030847393,0.7040922060176467,0.01929570670525808,0.03168498168498168
tabicl,raw,2,1000,7,False,8.031368494033813,Men,4718,0.2507418397626113,0.24857591092586517,0.17108102465898153,0.6980360625121805,0.02178217821782178,0.03539635438745231
tabicl,raw,2,1000,7,False,8.031368494033813,Women,742,0.1765498652291105,0.19624873995780945,0.1335932360420387,0.7216301645406729,0.004909983633387889,0.008086253369272238
tabicl,raw,2,1000,7,False,8.031368494033813,Black,3107,0.24074670099774703,0.2498742938041687,0.17065905356321667,0.679568010101262,0.025858414582450192,0.03379465722561957
tabicl,raw,2,1000,7,False,8.031368494033813,White,2353,0.24054398640034,0.2303604781627655,0.159816734408565,0.7356230016155153,0.010632344711807499,0.02889927751806205
tabicl,raw,2,1000,7,False,8.031368494033813,Black men,2846,0.2501756851721715,0.25584742426872253,0.17636731548168857,0.6681592436001391,0.027647610121836926,0.03619114546732256
tabicl,raw,2,1000,7,False,8.031368494033813,White men,1872,0.2516025641025641,0.2375209629535675,0.16304428123941733,0.7420586751046795,0.01284796573875803,0.03418803418803419
tabicl,raw,2,1000,7,False,8.031368494033813,Black women,261,0.13793103448275862,0.18474170565605164,0.10841494084302117,0.7745679012345679,0.008888888888888889,0.007662835249042145
tabicl,raw,2,1000,7,False,8.031368494033813,White women,481,0.19750519750519752,0.20249266922473907,0.14725547106686943,0.6950913553313335,0.0025906735751295338,0.008316008316008316
tabicl,raw,2,1000,8,False,8.022319793701172,All,5460,0.24065934065934066,0.2108122557401657,0.16955298064913132,0.6938904638238539,0.017607332368547998,0.024725274725274724
tabicl,raw,2,1000,8,False,8.022319793701172,Men,4718,0.2507418397626113,0.21003061532974243,0.17616688132726782,0.6851131242818762,0.016124469589816125,0.021831284442560408
tabicl,raw,2,1000,8,False,8.022319793701172,Women,742,0.1765498652291105,0.21578215062618256,0.1274985555824898,0.7687185317524767,0.02618657937806874,0.0431266846361186
tabicl,raw,2,1000,8,False,8.022319793701172,Black,3107,0.24074670099774703,0.2048211395740509,0.17344308378511425,0.6704995998939095,0.010173802458668928,0.014483424525265529
tabicl,raw,2,1000,8,False,8.022319793701172,White,2353,0.24054398640034,0.2187231332063675,0.16441632512703228,0.7227829178539155,0.027420257414661444,0.03824904377390565
tabicl,raw,2,1000,8,False,8.022319793701172,Black men,2846,0.2501756851721715,0.2066611349582672,0.17959720427971154,0.6613779840569486,0.01077788191190253,0.014406184118060435
tabicl,raw,2,1000,8,False,8.022319793701172,White men,1872,0.2516025641025641,0.21515324711799622,0.17095176427456754,0.7182418987953706,0.02426837972876517,0.03311965811965812
tabicl,raw,2,1000,8,False,8.022319793701172,Black women,261,0.13793103448275862,0.1847575306892395,0.10633723348770457,0.7801234567901234,0.0044444444444444444,0.01532567049808429
tabicl,raw,2,1000,8,False,8.022319793701172,White women,481,0.19750519750519752,0.23261672258377075,0.13898110249878695,0.7582219798200164,0.038860103626943004,0.058212058212058215
tabicl,raw,2,1000,9,False,8.027838230133057,All,5460,0.24065934065934066,0.23540973663330078,0.16917386273965893,0.6844816040987959,0.003859141341051616,0.0056776556776556774
tabicl,raw,2,1000,9,False,8.027838230133057,Men,4718,0.2507418397626113,0.2388588935136795,0.17399349828684388,0.6826613708345838,0.004526166902404526,0.006570580754557015
tabicl,raw,2,1000,9,False,8.027838230133057,Women,742,0.1765498652291105,0.21347814798355103,0.1385282555811433,0.6804262815307154,0.0,0.0
tabicl,raw,2,1000,9,False,8.027838230133057,Black,3107,0.24074670099774703,0.24557633697986603,0.17091221183119706,0.6738656482285388,0.005510809665112336,0.006437077566784679
tabicl,raw,2,1000,9,False,8.027838230133057,White,2353,0.24054398640034,0.22198531031608582,0.16687847360773841,0.7002289800107173,0.0016787912702853946,0.004674883127921802
tabicl,raw,2,1000,9,False,8.027838230133057,Black men,2846,0.2501756851721715,0.248655766248703,0.1759753432089218,0.6669166543811801,0.006091846298031865,0.007027406886858749
tabicl,raw,2,1000,9,False,8.027838230133057,White men,1872,0.2516025641025641,0.22396475076675415,0.1709805011456934,0.7085506106496573,0.0021413276231263384,0.005876068376068376
tabicl,raw,2,1000,9,False,8.027838230133057,Black women,261,0.13793103448275862,0.21199752390384674,0.11570274094612229,0.7414814814814815,0.0,0.0
tabicl,raw,2,1000,9,False,8.027838230133057,White women,481,0.19750519750519752,0.2142816036939621,0.15091382589245403,0.6589855467684756,0.0,0.0
tabicl,raw,2,2000,0,False,10.353822469711304,All,5460,0.24065934065934066,0.2613552212715149,0.16883696760141378,0.6902566409757694,0.03642064640617462,0.04945054945054945
tabicl,raw,2,2000,0,False,10.353822469711304,Men,4718,0.2507418397626113,0.2742885649204254,0.17490115353838293,0.6800390013642108,0.04214992927864215,0.056591776176345907
tabicl,raw,2,2000,0,False,10.353822469711304,Women,742,0.1765498652291105,0.17911866307258606,0.13027789853049682,0.7425944203595657,0.0032733224222585926,0.004043126684636119
tabicl,raw,2,2000,0,False,10.353822469711304,Black,3107,0.24074670099774703,0.26447293162345886,0.17351280294730276,0.6655028075433033,0.03730394234845273,0.046346958480849694
tabicl,raw,2,2000,0,False,10.353822469711304,White,2353,0.24054398640034,0.2572384774684906,0.1626627982772841,0.7217225505763059,0.035254616675993285,0.05354866128346791
tabicl,raw,2,2000,0,False,10.353822469711304,Black men,2846,0.2501756851721715,0.2744157314300537,0.17964077244418863,0.6526838084306519,0.041237113402061855,0.050597329585382995
tabicl,raw,2,2000,0,False,10.353822469711304,White men,1872,0.2516025641025641,0.2740952670574188,0.1676955149668428,0.7199308652751826,0.04354032833690221,0.06570512820512821
tabicl,raw,2,2000,0,False,10.353822469711304,Black women,261,0.13793103448275862,0.15605446696281433,0.10669210873988057,0.7667901234567901,0.0,0.0
tabicl,raw,2,2000,0,False,10.353822469711304,White women,481,0.19750519750519752,0.19163373112678528,0.1430760089990017,0.7252249795473139,0.0051813471502590676,0.006237006237006237
tabicl,raw,2,2000,1,False,10.35675859451294,All,5460,0.24065934065934066,0.2248021364212036,0.16796153662644234,0.6940047292103078,0.004341534008683068,0.009157509157509158
tabicl,raw,2,2000,1,False,10.35675859451294,Men,4718,0.2507418397626113,0.23060020804405212,0.17356096164123105,0.6859901169443112,0.005091937765205092,0.0105977108944468
tabicl,raw,2,2000,1,False,10.35675859451294,Women,742,0.1765498652291105,0.18793518841266632,0.13235764549467285,0.7313251958371334,0.0,0.0
tabicl,raw,2,2000,1,False,10.35675859451294,Black,3107,0.24074670099774703,0.2308446317911148,0.1711513430937237,0.6709566615963893,0.005510809665112336,0.010299324106855488
tabicl,raw,2,2000,1,False,10.35675859451294,White,2353,0.24054398640034,0.21682338416576385,0.16374958223041886,0.7238675079737642,0.0027979854504756574,0.00764980875478113
tabicl,raw,2,2000,1,False,10.35675859451294,Black men,2846,0.2501756851721715,0.23574428260326385,0.17667418850203911,0.6615056653644051,0.006091846298031865,0.011243851018973999
tabicl,raw,2,2000,1,False,10.35675859451294,White men,1872,0.2516025641025641,0.22277966141700745,0.16882792550562217,0.7223017832273276,0.0035688793718772305,0.009615384615384616
tabicl,raw,2,2000,1,False,10.35675859451294,Black women,261,0.13793103448275862,0.1774177998304367,0.11092905178312785,0.7475308641975308,0.0,0.0
tabicl,raw,2,2000,1,False,10.35675859451294,White women,481,0.19750519750519752,0.19364212453365326,0.1439852192134114,0.7233978729206436,0.0,0.0
tabicl,raw,2,2000,2,False,10.375547170639038,All,5460,0.24065934065934066,0.23891828954219818,0.16394019610524346,0.7168159550824142,0.021225277375783887,0.03205128205128205
tabicl,raw,2,2000,2,False,10.375547170639038,Men,4718,0.2507418397626113,0.2427154779434204,0.16925236634301863,0.7100316721685451,0.02347949080622348,0.03433658329800763
tabicl,raw,2,2000,2,False,10.375547170639038,Women,742,0.1765498652291105,0.21477387845516205,0.13016281176316374,0.752064566909459,0.008183306055646482,0.01752021563342318
tabicl,raw,2,2000,2,False,10.375547170639038,Black,3107,0.24074670099774703,0.24284319579601288,0.16760330528229675,0.696647326316553,0.022043238660449344,0.030254264563887995
tabicl,raw,2,2000,2,False,10.375547170639038,White,2353,0.24054398640034,0.23373565077781677,0.15910327293775328,0.7426851959875109,0.020145495243424735,0.034424139396515084
tabicl,raw,2,2000,2,False,10.375547170639038,Black men,2846,0.2501756851721715,0.24735835194587708,0.1729233527812927,0.6880064472478755,0.02436738519212746,0.03232607167955025
tabicl,raw,2,2000,2,False,10.375547170639038,White men,1872,0.2516025641025641,0.23565685749053955,0.1636713687985058,0.74235721830479,0.02212705210563883,0.03739316239316239
tabicl,raw,2,2000,2,False,10.375547170639038,Black women,261,0.13793103448275862,0.19360856711864471,0.10959236588711468,0.7653086419753086,0.0,0.007662835249042145
tabicl,raw,2,2000,2,False,10.375547170639038,White women,481,0.19750519750519752,0.22625860571861267,0.14132473769590553,0.7413416962094356,0.012953367875647668,0.02286902286902287
tabicl,raw,2,2000,3,False,10.356761693954468,All,5460,0.24065934065934066,0.23733563721179962,0.16298634604223378,0.7217951725489936,0.013989387361312108,0.01868131868131868
tabicl,raw,2,2000,3,False,10.356761693954468,Men,4718,0.2507418397626113,0.2459864765405655,0.16780569950274615,0.7166775668026892,0.01640735502121641,0.02161933022467147
tabicl,raw,2,2000,3,False,10.356761693954468,Women,742,0.1765498652291105,0.18232938647270203,0.13234253252916456,0.7292137779388064,0.0,0.0
tabicl,raw,2,2000,3,False,10.356761693954468,Black,3107,0.24074670099774703,0.2448727786540985,0.16546900192484695,0.7077723725044375,0.015684612123781264,0.018345671065336338
tabicl,raw,2,2000,3,False,10.356761693954468,White,2353,0.24054398640034,0.22738327085971832,0.159708142970717,0.7398788066938093,0.011751538891997761,0.019124521886952826
tabicl,raw,2,2000,3,False,10.356761693954468,Black men,2846,0.2501756851721715,0.2516724765300751,0.17055012242309592,0.699351326306035,0.017338331771321464,0.020028109627547436
tabicl,raw,2,2000,3,False,10.356761693954468,White men,1872,0.2516025641025641,0.23734207451343536,0.16363335568259904,0.7422806881951169,0.014989293361884369,0.02403846153846154
tabicl,raw,2,2000,3,False,10.356761693954468,Black women,261,0.13793103448275862,0.17072761058807373,0.1100633738098405,0.7451851851851852,0.0,0.0
tabicl,raw,2,2000,3,False,10.356761693954468,White women,481,0.19750519750519752,0.18862473964691162,0.14443163944339235,0.7170711753476957,0.0,0.0
tabicl,raw,2,2000,4,False,10.358075141906738,All,5460,0.24065934065934066,0.24746480584144592,0.16733558181693395,0.6996152055749028,0.03907380607814761,0.05787545787545788
tabicl,raw,2,2000,4,False,10.358075141906738,Men,4718,0.2507418397626113,0.25465014576911926,0.17313934846485016,0.690346026511841,0.042998585572843,0.06337431114879186
tabicl,raw,2,2000,4,False,10.358075141906738,Women,742,0.1765498652291105,0.20177696645259857,0.13043238633867432,0.7488412188753263,0.016366612111292964,0.022911051212938006
tabicl,raw,2,2000,4,False,10.358075141906738,Black,3107,0.24074670099774703,0.2546664774417877,0.17148217781062014,0.6786853397954812,0.0453582026282323,0.06018667524943676
tabicl,raw,2,2000,4,False,10.358075141906738,White,2353,0.24054398640034,0.23795540630817413,0.1618602423556577,0.726857298787276,0.03077783995523223,0.05482362940926477
tabicl,raw,2,2000,4,False,10.358075141906738,Black men,2846,0.2501756851721715,0.2612857520580292,0.17718968600593996,0.6686564767330433,0.04920337394564199,0.06500351370344343
tabicl,raw,2,2000,4,False,10.358075141906738,White men,1872,0.2516025641025641,0.24456200003623962,0.1669816237629583,0.7225624402345308,0.03354746609564597,0.060897435897435896
tabicl,raw,2,2000,4,False,10.358075141906738,Black women,261,0.13793103448275862,0.18248869478702545,0.10924628384939347,0.7624691358024691,0.008888888888888889,0.007662835249042145
tabicl,raw,2,2000,4,False,10.358075141906738,White women,481,0.19750519750519752,0.21224316954612732,0.14192837958129867,0.7385055904008726,0.02072538860103627,0.031185031185031187
tabicl,raw,2,2000,5,False,10.396900415420532,All,5460,0.24065934065934066,0.24316173791885376,0.17032328399725602,0.6787386900212267,0.029908345393150026,0.043406593406593405
tabicl,raw,2,2000,5,False,10.396900415420532,Men,4718,0.2507418397626113,0.24813318252563477,0.17624794318417106,0.6694122654627497,0.031966053748231964,0.0453582026282323
tabicl,raw,2,2000,5,False,10.396900415420532,Women,742,0.1765498652291105,0.2115507274866104,0.13265139445026788,0.7309004135380618,0.01800327332242226,0.03099730458221024
tabicl,raw,2,2000,5,False,10.396900415420532,Black,3107,0.24074670099774703,0.24881163239479065,0.17360459835008057,0.6603912538848828,0.03603221704111912,0.046346958480849694
tabicl,raw,2,2000,5,False,10.396900415420532,White,2353,0.24054398640034,0.23570138216018677,0.16599049874684133,0.702727887511098,0.02182428651371013,0.039524011899702505
tabicl,raw,2,2000,5,False,10.396900415420532,Black men,2846,0.2501756851721715,0.2537713050842285,0.17956620206045756,0.6487444452049747,0.03889409559512652,0.04954321855235418
tabicl,raw,2,2000,5,False,10.396900415420532,White men,1872,0.2516025641025641,0.23956157267093658,0.1712031970506714,0.700553593050763,0.021413276231263382,0.038995726495726496
tabicl,raw,2,2000,5,False,10.396900415420532,Black women,261,0.13793103448275862,0.19473035633563995,0.1085979923740922,0.7823456790123456,0.008888888888888889,0.011494252873563218
tabicl,raw,2,2000,5,False,10.396900415420532,White women,481,0.19750519750519752,0.22067779302597046,0.1457032404832863,0.7067902917916553,0.023316062176165803,0.04158004158004158
tabicl,raw,2,2000,6,False,10.386780977249146,All,5460,0.24065934065934066,0.24348238110542297,0.1625321043340307,0.7248974089566441,0.03328509406657019,0.0510989010989011
tabicl,raw,2,2000,6,False,10.386780977249146,Men,4718,0.2507418397626113,0.2546544373035431,0.16841304840110413,0.714835702867473,0.03903818953323904,0.05913522679101314
tabicl,raw,2,2000,6,False,10.386780977249146,Women,742,0.1765498652291105,0.17244499921798706,0.1251381769641486,0.7720293349658299,0.0,0.0
tabicl,raw,2,2000,6,False,10.386780977249146,Black,3107,0.24074670099774703,0.25162556767463684,0.1674028829788176,0.7014874198937736,0.039423484527342095,0.05407145156099131
tabicl,raw,2,2000,6,False,10.386780977249146,White,2353,0.24054398640034,0.23272977769374847,0.1561005236925717,0.7554343205047843,0.02518186905428092,0.04717382065448364
tabicl,raw,2,2000,6,False,10.386780977249146,Black men,2846,0.2501756851721715,0.2604462504386902,0.17324192570923216,0.6903267588429177,0.04358013120899719,0.059030217849613494
tabicl,raw,2,2000,6,False,10.386780977249146,White men,1872,0.2516025641025641,0.2458491176366806,0.16107171035680262,0.7510270946897196,0.032119914346895075,0.05929487179487179
tabicl,raw,2,2000,6,False,10.386780977249146,Black women,261,0.13793103448275862,0.1554427444934845,0.10373270822494858,0.7830864197530865,0.0,0.0
tabicl,raw,2,2000,6,False,10.386780977249146,White women,481,0.19750519750519752,0.18167075514793396,0.1367532026209702,0.7633760567221162,0.0,0.0
tabicl,raw,2,2000,7,False,10.393177270889282,All,5460,0.24065934065934066,0.23873047530651093,0.16104815398949732,0.7316217204457397,0.01808972503617945,0.029853479853479855
tabicl,raw,2,2000,7,False,10.393177270889282,Men,4718,0.2507418397626113,0.24689209461212158,0.16617332420323658,0.7247950395812435,0.020933521923620933,0.03412462908011869
tabicl,raw,2,2000,7,False,10.393177270889282,Women,742,0.1765498652291105,0.1868346631526947,0.12845980753609865,0.7535138241651154,0.0016366612111292963,0.0026954177897574125
tabicl,raw,2,2000,7,False,10.393177270889282,Black,3107,0.24074670099774703,0.247902050614357,0.16512730932380515,0.7080135129314742,0.01949978804578211,0.031219826198905697
tabicl,raw,2,2000,7,False,10.393177270889282,White,2353,0.24054398640034,0.2266198992729187,0.1556618660066267,0.7629325260370836,0.016228315612758813,0.02804929876753081
tabicl,raw,2,2000,7,False,10.393177270889282,Black men,2846,0.2501756851721715,0.2549138367176056,0.17041941492319873,0.6987303607720903,0.02155576382380506,0.03408292340126493
tabicl,raw,2,2000,7,False,10.393177270889282,White men,1872,0.2516025641025641,0.23469670116901398,0.15971799611081547,0.7638371742355703,0.01998572448251249,0.03418803418803419
tabicl,raw,2,2000,7,False,10.393177270889282,Black women,261,0.13793103448275862,0.17144420742988586,0.10742105439708469,0.7627160493827161,0.0,0.0
tabicl,raw,2,2000,7,False,10.393177270889282,White women,481,0.19750519750519752,0.1951858401298523,0.13987584614167584,0.7439050995364058,0.0025906735751295338,0.004158004158004158
tabicl,raw,2,2000,8,False,10.374029636383057,All,5460,0.24065934065934066,0.23423469066619873,0.1658413789657148,0.705053044837554,0.014230583695127834,0.02326007326007326
tabicl,raw,2,2000,8,False,10.374029636383057,Men,4718,0.2507418397626113,0.23672020435333252,0.17159027899209006,0.697416010167615,0.01471004243281471,0.02267910131411615
tabicl,raw,2,2000,8,False,10.374029636383057,Women,742,0.1765498652291105,0.2184303253889084,0.1292870523829135,0.7541759848077859,0.011456628477905073,0.026954177897574125
tabicl,raw,2,2000,8,False,10.374029636383057,Black,3107,0.24074670099774703,0.23645581305027008,0.16941128133510364,0.6855183130711145,0.01271725307333616,0.018023817186997103
tabicl,raw,2,2000,8,False,10.374029636383057,White,2353,0.24054398640034,0.23130178451538086,0.1611275299807207,0.7297249867021539,0.016228315612758813,0.030174245643858903
tabicl,raw,2,2000,8,False,10.374029636383057,Black men,2846,0.2501756851721715,0.23981459438800812,0.17521144564382957,0.674575887450902,0.01358950328022493,0.01932536893886156
tabicl,raw,2,2000,8,False,10.374029636383057,White men,1872,0.2516025641025641,0.23201581835746765,0.16608502242646483,0.7297108071122992,0.01641684511063526,0.027777777777777776
tabicl,raw,2,2000,8,False,10.374029636383057,Black women,261,0.13793103448275862,0.1998308002948761,0.10616504523305809,0.8002469135802469,0.0044444444444444444,0.0038314176245210726
tabicl,raw,2,2000,8,False,10.374029636383057,White women,481,0.19750519750519752,0.22852279245853424,0.14183350532701383,0.7311698936460321,0.015544041450777202,0.0395010395010395
tabicl,raw,2,2000,9,False,10.389629602432251,All,5460,0.24065934065934066,0.2487468719482422,0.1665120822757862,0.702236884903459,0.025084418716835505,0.03553113553113553
tabicl,raw,2,2000,9,False,10.389629602432251,Men,4718,0.2507418397626113,0.2556219696998596,0.17188923527714525,0.6949447679944906,0.028005657708628007,0.039423484527342095
tabicl,raw,2,2000,9,False,10.389629602432251,Women,742,0.1765498652291105,0.20503181219100952,0.13232150564450318,0.7341362551692258,0.008183306055646482,0.01078167115902965
tabicl,raw,2,2000,9,False,10.389629602432251,Black,3107,0.24074670099774703,0.2610221207141876,0.1706088105064608,0.6819405938798503,0.0347604917337855,0.04248471194077889
tabicl,raw,2,2000,9,False,10.389629602432251,White,2353,0.24054398640034,0.2325381338596344,0.16110259030268556,0.7310295597770312,0.012311135982092894,0.02634934126646834
tabicl,raw,2,2000,9,False,10.389629602432251,Black men,2846,0.2501756851721715,0.2667206823825836,0.17601960604330344,0.6725968271853249,0.03795688847235239,0.04602951510892481
tabicl,raw,2,2000,9,False,10.389629602432251,White men,1872,0.2516025641025641,0.23874856531620026,0.1656098361315864,0.7314384175088767,0.01284796573875803,0.02938034188034188
tabicl,raw,2,2000,9,False,10.389629602432251,Black women,261,0.13793103448275862,0.1988838165998459,0.11160833503575467,0.7655555555555555,0.0044444444444444444,0.0038314176245210726
tabicl,raw,2,2000,9,False,10.389629602432251,White women,481,0.19750519750519752,0.20836783945560455,0.14356087680642288,0.7195800381783475,0.010362694300518135,0.014553014553014554
tabicl,raw,2,4000,0,False,15.316957950592041,All,5460,0.24065934065934066,0.24769796431064606,0.1605566857856889,0.7350477546713893,0.03835021707670044,0.05879120879120879
tabicl,raw,2,4000,0,False,15.316957950592041,Men,4718,0.2507418397626113,0.2549673020839691,0.16630032768247816,0.7243588747233617,0.042432814710042434,0.06464603645612547
tabicl,raw,2,4000,0,False,15.316957950592041,Women,742,0.1765498652291105,0.20147569477558136,0.12403579297025549,0.7822740845316776,0.014729950900163666,0.0215633423180593
tabicl,raw,2,4000,0,False,15.316957950592041,Black,3107,0.24074670099774703,0.24817228317260742,0.16536632373416227,0.7099134501386203,0.03645612547689699,0.04763437399420663
tabicl,raw,2,4000,0,False,15.316957950592041,White,2353,0.24054398640034,0.24707160890102386,0.15420583788687597,0.765478396190785,0.0408505875769446,0.07352316192095197
tabicl,raw,2,4000,0,False,15.316957950592041,Black men,2846,0.2501756851721715,0.2546963691711426,0.1710329805949657,0.6984713783262955,0.03936269915651359,0.05094869992972593
tabicl,raw,2,4000,0,False,15.316957950592041,White men,1872,0.2516025641025641,0.2553792893886566,0.1591052795046258,0.7604349941124856,0.047109207708779445,0.08547008547008547
tabicl,raw,2,4000,0,False,15.316957950592041,Black women,261,0.13793103448275862,0.17703242599964142,0.10357588148953963,0.7890123456790124,0.008888888888888889,0.011494252873563218
tabicl,raw,2,4000,0,False,15.316957950592041,White women,481,0.19750519750519752,0.2147390991449356,0.13513774077995788,0.7729479138260158,0.018134715025906734,0.02702702702702703
tabicl,raw,2,4000,1,False,15.333210229873657,All,5460,0.24065934065934066,0.2227814495563507,0.16334094433637392,0.7214522846102054,0.017848528702363725,0.031868131868131866
tabicl,raw,2,4000,1,False,15.333210229873657,Men,4718,0.2507418397626113,0.2295161783695221,0.16875502665158265,0.713791083250337,0.020933521923620933,0.03666807969478593
tabicl,raw,2,4000,1,False,15.333210229873657,Women,742,0.1765498652291105,0.17995870113372803,0.12891555301136762,0.755637735660474,0.0,0.0013477088948787063
tabicl,raw,2,4000,1,False,15.333210229873657,Black,3107,0.24074670099774703,0.23019985854625702,0.1665299792202029,0.7016602702586295,0.022043238660449344,0.036047634373994206
tabicl,raw,2,4000,1,False,15.333210229873657,White,2353,0.24054398640034,0.21298587322235107,0.159130008771539,0.7474185370985189,0.012311135982092894,0.02634934126646834
tabicl,raw,2,4000,1,False,15.333210229873657,Black men,2846,0.2501756851721715,0.23640283942222595,0.17212317935885812,0.691075734759854,0.02436738519212746,0.03935347856640899
tabicl,raw,2,4000,1,False,15.333210229873657,White men,1872,0.2516025641025641,0.21904638409614563,0.16363442696947475,0.7477332690783502,0.015703069236259814,0.03258547008547009
tabicl,raw,2,4000,1,False,15.333210229873657,Black women,261,0.13793103448275862,0.16256126761436462,0.10554052483471342,0.7841975308641975,0.0,0.0
tabicl,raw,2,4000,1,False,15.333210229873657,White women,481,0.19750519750519752,0.18939891457557678,0.14159930010930263,0.7370329970002727,0.0,0.002079002079002079
tabicl,raw,2,4000,2,False,15.296361923217773,All,5460,0.24065934065934066,0.23847515881061554,0.16083669218785793,0.7325106041949807,0.02942595272551857,0.04871794871794872
tabicl,raw,2,4000,2,False,15.296361923217773,Men,4718,0.2507418397626113,0.24605070054531097,0.1663553222313253,0.7235531414510851,0.03338048090523338,0.05489614243323442
tabicl,raw,2,4000,2,False,15.296361923217773,Women,742,0.1765498652291105,0.19030605256557465,0.12574653511901807,0.7733661498482028,0.006546644844517185,0.009433962264150943
tabicl,raw,2,4000,2,False,15.296361923217773,Black,3107,0.24074670099774703,0.24323670566082,0.1655438792752087,0.7089437879279038,0.03009749894022891,0.04441583521081429
tabicl,raw,2,4000,2,False,15.296361923217773,White,2353,0.24054398640034,0.23218779265880585,0.15462112470787542,0.7622226484563623,0.028539451594851706,0.05439864003399915
tabicl,raw,2,4000,2,False,15.296361923217773,Black men,2846,0.2501756851721715,0.25027307868003845,0.17107042907372122,0.6985194233543591,0.03327085285848173,0.04848910751932537
tabicl,raw,2,4000,2,False,15.296361923217773,White men,1872,0.2516025641025641,0.23963142931461334,0.15918694932883665,0.7596727239111887,0.03354746609564597,0.06463675213675214
tabicl,raw,2,4000,2,False,15.296361923217773,Black women,261,0.13793103448275862,0.16651028394699097,0.10528119449909139,0.7881481481481482,0.0,0.0
tabicl,raw,2,4000,2,False,15.296361923217773,White women,481,0.19750519750519752,0.20321813225746155,0.13685142888575583,0.7620670848104718,0.010362694300518135,0.014553014553014554
tabicl,raw,2,4000,3,False,15.331895351409912,All,5460,0.24065934065934066,0.23787124454975128,0.16139078002196178,0.7316010700746938,0.011095031355523395,0.0163003663003663
tabicl,raw,2,4000,3,False,15.331895351409912,Men,4718,0.2507418397626113,0.24401001632213593,0.16642601009072866,0.7252027485081559,0.01272984441301273,0.018651971174226366
tabicl,raw,2,4000,3,False,15.331895351409912,Women,742,0.1765498652291105,0.1988377720117569,0.12937431713187794,0.7531140290601066,0.0016366612111292963,0.0013477088948787063
tabicl,raw,2,4000,3,False,15.331895351409912,Black,3107,0.24074670099774703,0.247395858168602,0.16511429600682406,0.7104555202172589,0.01483679525222552,0.017701963308657868
tabicl,raw,2,4000,3,False,15.331895351409912,White,2353,0.24054398640034,0.22529453039169312,0.1564740931690221,0.7592229707684672,0.006155567991046447,0.014449638759031025
tabicl,raw,2,4000,3,False,15.331895351409912,Black men,2846,0.2501756851721715,0.25294825434684753,0.17041137872961518,0.700744961195413,0.01640112464854733,0.01932536893886156
tabicl,raw,2,4000,3,False,15.331895351409912,White men,1872,0.2516025641025641,0.230421245098114,0.1603670575553275,0.7619216483221721,0.007137758743754461,0.017628205128205128
tabicl,raw,2,4000,3,False,15.331895351409912,Black women,261,0.13793103448275862,0.18685120344161987,0.1073537694586878,0.7837037037037037,0.0,0.0
tabicl,raw,2,4000,3,False,15.331895351409912,White women,481,0.19750519750519752,0.20534192025661469,0.14132309663853623,0.7365966730297244,0.0025906735751295338,0.002079002079002079
tabicl,raw,2,4000,4,False,15.355071306228638,All,5460,0.24065934065934066,0.24817323684692383,0.16112227063068824,0.7320533590903118,0.03569705740472745,0.05641025641025641
tabicl,raw,2,4000,4,False,15.355071306228638,Men,4718,0.2507418397626113,0.2530525326728821,0.16656351156732793,0.7236169879516632,0.03762376237623762,0.05934718100890208
tabicl,raw,2,4000,4,False,15.355071306228638,Women,742,0.1765498652291105,0.21714848279953003,0.12652419146752647,0.7783885758548743,0.024549918166939442,0.03773584905660377
tabicl,raw,2,4000,4,False,15.355071306228638,Black,3107,0.24074670099774703,0.2526858150959015,0.16462521300523217,0.7146614513083356,0.03899957609156422,0.057611844222722884
tabicl,raw,2,4000,4,False,15.355071306228638,White,2353,0.24054398640034,0.24221467971801758,0.15649683843446727,0.754838141979471,0.03133743704532736,0.05482362940926477
tabicl,raw,2,4000,4,False,15.355071306228638,Black men,2846,0.2501756851721715,0.25823304057121277,0.169988775512497,0.7055254414877373,0.041237113402061855,0.060435699226985246
tabicl,raw,2,4000,4,False,15.355071306228638,White men,1872,0.2516025641025641,0.24517659842967987,0.1613560857190634,0.7511877321476471,0.032119914346895075,0.057692307692307696
tabicl,raw,2,4000,4,False,15.355071306228638,Black women,261,0.13793103448275862,0.19219772517681122,0.10613977662333278,0.7985185185185185,0.017777777777777778,0.02681992337164751
tabicl,raw,2,4000,4,False,15.355071306228638,White women,481,0.19750519750519752,0.2306872457265854,0.13758517332684983,0.7652304335969456,0.02849740932642487,0.04365904365904366
tabicl,raw,2,4000,5,False,15.320089101791382,All,5460,0.24065934065934066,0.23692946135997772,0.1622483971242963,0.725508568160175,0.02170767004341534,0.0347985347985348
tabicl,raw,2,4000,5,False,15.320089101791382,Men,4718,0.2507418397626113,0.2430713027715683,0.1678181747600811,0.7170199944762017,0.024328147100424326,0.03793980500211954
tabicl,raw,2,4000,5,False,15.320089101791382,Women,742,0.1765498652291105,0.19787666201591492,0.1268330185722309,0.7612348671305956,0.006546644844517185,0.014824797843665768
tabicl,raw,2,4000,5,False,15.320089101791382,Black,3107,0.24074670099774703,0.2428305447101593,0.1659465052724747,0.7057928107849559,0.025010597710894446,0.03636948825233344
tabicl,raw,2,4000,5,False,15.320089101791382,White,2353,0.24054398640034,0.22913743555545807,0.1573652598457625,0.7507869952009112,0.017347509792949075,0.03272418189545261
tabicl,raw,2,4000,5,False,15.320089101791382,Black men,2846,0.2501756851721715,0.24847036600112915,0.17162213652381822,0.6944013721133494,0.026710402999062792,0.03865073787772312
tabicl,raw,2,4000,5,False,15.320089101791382,White men,1872,0.2516025641025641,0.23486314713954926,0.1620350149419209,0.7503246846732163,0.02069950035688794,0.03685897435897436
tabicl,raw,2,4000,5,False,15.320089101791382,Black women,261,0.13793103448275862,0.1813328117132187,0.1040582043478625,0.8093827160493827,0.008888888888888889,0.011494252873563218
tabicl,raw,2,4000,5,False,15.320089101791382,White women,481,0.19750519750519752,0.20685364305973053,0.13919107784990273,0.7389146441232616,0.0051813471502590676,0.016632016632016633
tabicl,raw,2,4000,6,False,15.334386587142944,All,5460,0.24065934065934066,0.2381628304719925,0.15978167120885176,0.7384582781738978,0.025566811384466957,0.04249084249084249
tabicl,raw,2,4000,6,False,15.334386587142944,Men,4718,0.2507418397626113,0.24645261466503143,0.16542939546777247,0.7292515014090468,0.0297029702970297,0.047901653242899536
tabicl,raw,2,4000,6,False,15.334386587142944,Women,742,0.1765498652291105,0.185452401638031,0.12387066978892211,0.7793255956322385,0.0016366612111292963,0.008086253369272238
tabicl,raw,2,4000,6,False,15.334386587142944,Black,3107,0.24074670099774703,0.24560455977916718,0.1645023489888812,0.7152298739835833,0.03136922424756253,0.046668812359188926
tabicl,raw,2,4000,6,False,15.334386587142944,White,2353,0.24054398640034,0.22833643853664398,0.15354829005179632,0.7692057478332914,0.01790710688304421,0.0369740756481088
tabicl,raw,2,4000,6,False,15.334386587142944,Black men,2846,0.2501756851721715,0.2530648112297058,0.1699455077383674,0.7058301654328528,0.03467666354264293,0.05094869992972593
tabicl,raw,2,4000,6,False,15.334386587142944,White men,1872,0.2516025641025641,0.2364000678062439,0.15856355384271192,0.7648995030846939,0.02212705210563883,0.04326923076923077
tabicl,raw,2,4000,6,False,15.334386587142944,Black women,261,0.13793103448275862,0.16425639390945435,0.10514897810367903,0.7833333333333333,0.0,0.0
tabicl,raw,2,4000,6,False,15.334386587142944,White women,481,0.19750519750519752,0.19695375859737396,0.13402942556823277,0.7749386419416417,0.0025906735751295338,0.012474012474012475
tabicl,raw,2,4000,7,False,15.325739622116089,All,5460,0.24065934065934066,0.2390594184398651,0.15934550461804037,0.7404639339892992,0.03400868306801737,0.05476190476190476
tabicl,raw,2,4000,7,False,15.325739622116089,Men,4718,0.2507418397626113,0.24646903574466705,0.1647206886883127,0.7327065057671086,0.03875530410183876,0.0612547689699025
tabicl,raw,2,4000,7,False,15.325739622116089,Women,742,0.1765498652291105,0.19194535911083221,0.12516744741649743,0.7739033745205582,0.006546644844517185,0.013477088948787063
tabicl,raw,2,4000,7,False,15.325739622116089,Black,3107,0.24074670099774703,0.2458380162715912,0.16399499242633675,0.7167634250894854,0.03857566765578635,0.05728999034438365
tabicl,raw,2,4000,7,False,15.325739622116089,White,2353,0.24054398640034,0.23010866343975067,0.1532061256888534,0.7713749280729888,0.027979854504756575,0.051423714407139824
tabicl,raw,2,4000,7,False,15.325739622116089,Black men,2846,0.2501756851721715,0.25229188799858093,0.16944448445501276,0.707284679296147,0.04217432052483599,0.06148981026001406
tabicl,raw,2,4000,7,False,15.325739622116089,White men,1872,0.2516025641025641,0.23761658370494843,0.15753910602163082,0.770371784788239,0.03354746609564597,0.060897435897435896
tabicl,raw,2,4000,7,False,15.325739622116089,Black women,261,0.13793103448275862,0.1754634827375412,0.10457256210598448,0.7904938271604939,0.0044444444444444444,0.011494252873563218
tabicl,raw,2,4000,7,False,15.325739622116089,White women,481,0.19750519750519752,0.2008887529373169,0.1363426346639899,0.7629397327515681,0.007772020725388601,0.014553014553014554
tabicl,raw,2,4000,8,False,15.323909282684326,All,5460,0.24065934065934066,0.23125916719436646,0.16182216008049563,0.7277255919956592,0.02653159671972986,0.04285714285714286
tabicl,raw,2,4000,8,False,15.323909282684326,Men,4718,0.2507418397626113,0.23854032158851624,0.16754784859876518,0.7178198691744552,0.02857142857142857,0.04514624841034336
tabicl,raw,2,4000,8,False,15.323909282684326,Women,742,0.1765498652291105,0.18496190011501312,0.125415423653008,0.7714171487112855,0.014729950900163666,0.02830188679245283
tabicl,raw,2,4000,8,False,15.323909282684326,Black,3107,0.24074670099774703,0.23526166379451752,0.16567073573816513,0.7088463116565752,0.029249682068673167,0.03926617315738655
tabicl,raw,2,4000,8,False,15.323909282684326,White,2353,0.24054398640034,0.22597409784793854,0.15674033918445684,0.7510227971549529,0.02294348069390039,0.04759881002974926
tabicl,raw,2,4000,8,False,15.323909282684326,Black men,2846,0.2501756851721715,0.241765096783638,0.17130999958444404,0.6972551151501112,0.030927835051546393,0.04181307097680956
tabicl,raw,2,4000,8,False,15.323909282684326,White men,1872,0.2516025641025641,0.2336377501487732,0.16182825367075127,0.7470854151796337,0.024982155603140613,0.050213675213675216
tabicl,raw,2,4000,8,False,15.323909282684326,Black women,261,0.13793103448275862,0.16434693336486816,0.10417899280134618,0.8011111111111111,0.013333333333333334,0.011494252873563218
tabicl,raw,2,4000,8,False,15.323909282684326,White women,481,0.19750519750519752,0.19614797830581665,0.1369387260486083,0.7547859285519498,0.015544041450777202,0.037422037422037424
tabicl,raw,2,4000,9,False,15.31052565574646,All,5460,0.24065934065934066,0.2432120442390442,0.16285712952684173,0.7239709874218131,0.035938253738543174,0.057509157509157506
tabicl,raw,2,4000,9,False,15.31052565574646,Men,4718,0.2507418397626113,0.25088125467300415,0.16831324848628085,0.7156142953988672,0.04073550212164074,0.06485799067401442
tabicl,raw,2,4000,9,False,15.31052565574646,Women,742,0.1765498652291105,0.19444730877876282,0.1281644485960685,0.7636961057458053,0.008183306055646482,0.01078167115902965
tabicl,raw,2,4000,9,False,15.31052565574646,Black,3107,0.24074670099774703,0.25402578711509705,0.16700980955113556,0.7044006569447309,0.04662992793556592,0.06887672996459607
tabicl,raw,2,4000,9,False,15.31052565574646,White,2353,0.24054398640034,0.22893309593200684,0.15737375645608906,0.7508655958522584,0.02182428651371013,0.042498937526561836
tabicl,raw,2,4000,9,False,15.31052565574646,Black men,2846,0.2501756851721715,0.26103368401527405,0.1722558030381006,0.6959220301591146,0.05107778819119025,0.07484188334504568
tabicl,raw,2,4000,9,False,15.31052565574646,White men,1872,0.2516025641025641,0.2354465126991272,0.162319386170854,0.7465716784038092,0.024982155603140613,0.049679487179487176
tabicl,raw,2,4000,9,False,15.31052565574646,Black women,261,0.13793103448275862,0.1776101440191269,0.1098063709921226,0.7614814814814814,0.0044444444444444444,0.0038314176245210726
tabicl,raw,2,4000,9,False,15.31052565574646,White women,481,0.19750519750519752,0.2035835236310959,0.13812590026889562,0.7607308426506681,0.010362694300518135,0.014553014553014554
tabicl,raw,2,8000,0,False,28.746522426605225,All,5460,0.24065934065934066,0.24239777028560638,0.15935577943709162,0.739799267379903,0.036661842739990354,0.061721611721611724
tabicl,raw,2,8000,0,False,28.746522426605225,Men,4718,0.2507418397626113,0.24955019354820251,0.16497064661022348,0.7304963886075844,0.04073550212164074,0.06803730394234846
tabicl,raw,2,8000,0,False,28.746522426605225,Women,742,0.1765498652291105,0.19691923260688782,0.12365369948717772,0.7864594395372371,0.01309328968903437,0.0215633423180593
tabicl,raw,2,8000,0,False,28.746522426605225,Black,3107,0.24074670099774703,0.2463788241147995,0.16387322863861548,0.7183156780381427,0.040695209834675714,0.05889925973607982
tabicl,raw,2,8000,0,False,28.746522426605225,White,2353,0.24054398640034,0.23714101314544678,0.15339074982844966,0.7669525291613359,0.03133743704532736,0.06544836379090523
tabicl,raw,2,8000,0,False,28.746522426605225,Black men,2846,0.2501756851721715,0.2530262768268585,0.16936915823277104,0.7082821072417679,0.044048734770384255,0.06324666198172874
tabicl,raw,2,8000,0,False,28.746522426605225,White men,1872,0.2516025641025641,0.24426552653312683,0.1582835931498761,0.7625520745721512,0.03568879371877231,0.07532051282051282
tabicl,raw,2,8000,0,False,28.746522426605225,Black women,261,0.13793103448275862,0.173894003033638,0.10394443314065831,0.7938271604938272,0.008888888888888889,0.011494252873563218
tabicl,raw,2,8000,0,False,28.746522426605225,White women,481,0.19750519750519752,0.20941318571567535,0.13434833257749285,0.7771202617943824,0.015544041450777202,0.02702702702702703
tabicl,raw,2,8000,1,False,28.748703479766846,All,5460,0.24065934065934066,0.232289656996727,0.15967967650498577,0.7392001312812921,0.028219971056439943,0.04798534798534799
tabicl,raw,2,8000,1,False,28.748703479766846,Men,4718,0.2507418397626113,0.2392405867576599,0.16494347692097863,0.7320689972632091,0.03224893917963225,0.05341246290801187
tabicl,raw,2,8000,1,False,28.748703479766846,Women,742,0.1765498652291105,0.18809238076210022,0.12620985121838973,0.7692057820367062,0.004909983633387889,0.013477088948787063
tabicl,raw,2,8000,1,False,28.748703479766846,Black,3107,0.24074670099774703,0.24053548276424408,0.16372675686910035,0.718932272126547,0.037727850784230604,0.05374959768265208
tabicl,raw,2,8000,1,False,28.748703479766846,White,2353,0.24054398640034,0.22140157222747803,0.15433574165955272,0.7656187898070279,0.01566871852266368,0.04037399065023375
tabicl,raw,2,8000,1,False,28.748703479766846,Black men,2846,0.2501756851721715,0.24707475304603577,0.16915603649706387,0.7092749281299032,0.041237113402061855,0.05797610681658468
tabicl,raw,2,8000,1,False,28.748703479766846,White men,1872,0.2516025641025641,0.2273302972316742,0.15853912619793448,0.7659815327541293,0.018558172733761598,0.046474358974358976
tabicl,raw,2,8000,1,False,28.748703479766846,Black women,261,0.13793103448275862,0.16922986507415771,0.10452472690287727,0.7924691358024691,0.0044444444444444444,0.007662835249042145
tabicl,raw,2,8000,1,False,28.748703479766846,White women,481,0.19750519750519752,0.19832754135131836,0.137976623456121,0.7554949550040906,0.0051813471502590676,0.016632016632016633
tabicl,raw,2,8000,2,False,29.38377857208252,All,5460,0.24065934065934066,0.23322217166423798,0.15961140716466615,0.7410588482342739,0.04052098408104197,0.06465201465201466
tabicl,raw,2,8000,2,False,29.38377857208252,Men,4718,0.2507418397626113,0.2417774796485901,0.1650117860097103,0.7334764897815709,0.04667609618104668,0.07291225095379399
tabicl,raw,2,8000,2,False,29.38377857208252,Women,742,0.1765498652291105,0.17882342636585236,0.12527314922542332,0.7747029647305755,0.004909983633387889,0.012129380053908356
tabicl,raw,2,8000,2,False,29.38377857208252,Black,3107,0.24074670099774703,0.24121305346488953,0.1641122673971331,0.720297506647655,0.047901653242899536,0.0682330222079176
tabicl,raw,2,8000,2,False,29.38377857208252,White,2353,0.24054398640034,0.22267067432403564,0.1536682823273203,0.7681715807727977,0.03077783995523223,0.05992350191245219
tabicl,raw,2,8000,2,False,29.38377857208252,Black men,2846,0.2501756851721715,0.24869823455810547,0.16966063068835993,0.7105464759959143,0.05248359887535145,0.0741391426563598
tabicl,raw,2,8000,2,False,29.38377857208252,White men,1872,0.2516025641025641,0.23125584423542023,0.15794415141813073,0.7674469706957875,0.03783012134189864,0.07104700854700854
tabicl,raw,2,8000,2,False,29.38377857208252,Black women,261,0.13793103448275862,0.15959329903125763,0.10361172361616917,0.7950617283950617,0.0044444444444444444,0.0038314176245210726
tabicl,raw,2,8000,2,False,29.38377857208252,White women,481,0.19750519750519752,0.18925802409648895,0.13702706208200402,0.7601308971911644,0.0051813471502590676,0.016632016632016633
tabicl,raw,2,8000,3,False,29.368422985076904,All,5460,0.24065934065934066,0.23799748718738556,0.15901127692002656,0.7429670342983391,0.03352629040038591,0.05293040293040293
tabicl,raw,2,8000,3,False,29.368422985076904,Men,4718,0.2507418397626113,0.24703222513198853,0.16429978057480762,0.7353123755800286,0.03903818953323904,0.060406952098346754
tabicl,raw,2,8000,3,False,29.368422985076904,Women,742,0.1765498652291105,0.180550217628479,0.1253843763226451,0.7760022988218537,0.0016366612111292963,0.005390835579514825
tabicl,raw,2,8000,3,False,29.368422985076904,Black,3107,0.24074670099774703,0.24520161747932434,0.16368061832601954,0.7219285340248859,0.043662568885120816,0.05728999034438365
tabicl,raw,2,8000,3,False,29.368422985076904,White,2353,0.24054398640034,0.2284848541021347,0.15284568246680927,0.7703649838547341,0.020145495243424735,0.04717382065448364
tabicl,raw,2,8000,3,False,29.368422985076904,Black men,2846,0.2501756851721715,0.253060907125473,0.16922293389785598,0.711671256173457,0.048266166822867856,0.06254392129304287
tabicl,raw,2,8000,3,False,29.368422985076904,White men,1872,0.2516025641025641,0.2378668487071991,0.15681511478560053,0.7702816156491192,0.024982155603140613,0.057158119658119656
tabicl,raw,2,8000,3,False,29.368422985076904,Black women,261,0.13793103448275862,0.15950249135494232,0.10324602017488389,0.7998765432098766,0.0,0.0
tabicl,raw,2,8000,3,False,29.368422985076904,White women,481,0.19750519750519752,0.19197110831737518,0.13739708100989179,0.7596945732206163,0.0025906735751295338,0.008316008316008316
tabicl,raw,2,8000,4,False,29.216063022613525,All,5460,0.24065934065934066,0.23915250599384308,0.15903819155128093,0.7417879440013334,0.03352629040038591,0.05787545787545788
tabicl,raw,2,8000,4,False,29.216063022613525,Men,4718,0.2507418397626113,0.24750465154647827,0.16458250813574715,0.732812677475935,0.03790664780763791,0.06464603645612547
tabicl,raw,2,8000,4,False,29.216063022613525,Women,742,0.1765498652291105,0.18604527413845062,0.1237847068538259,0.7816369110830698,0.008183306055646482,0.014824797843665768
tabicl,raw,2,8000,4,False,29.216063022613525,Black,3107,0.24074670099774703,0.24491995573043823,0.16266355544966235,0.7234853207536049,0.039423484527342095,0.06147409076279369
tabicl,raw,2,8000,4,False,29.216063022613525,White,2353,0.24054398640034,0.23153692483901978,0.15425110883463367,0.7654136371635744,0.02574146614437605,0.053123671908202295
tabicl,raw,2,8000,4,False,29.216063022613525,Black men,2846,0.2501756851721715,0.25231826305389404,0.16805014556105854,0.714087986900161,0.04311152764761012,0.06640899508081517
tabicl,raw,2,8000,4,False,29.216063022613525,White men,1872,0.2516025641025641,0.24018657207489014,0.15931066192183893,0.7607039860821282,0.029978586723768737,0.06196581196581197
tabicl,raw,2,8000,4,False,29.216063022613525,Black women,261,0.13793103448275862,0.16424712538719177,0.10392702113152595,0.7923456790123456,0.0044444444444444444,0.007662835249042145
tabicl,raw,2,8000,4,False,29.216063022613525,White women,481,0.19750519750519752,0.19787341356277466,0.1345598751979429,0.7728933733296972,0.010362694300518135,0.018711018711018712
tabicl,raw,2,8000,5,False,29.942477226257324,All,5460,0.24065934065934066,0.24094539880752563,0.15988983739163268,0.7388844100528575,0.032320308731307285,0.05366300366300366
tabicl,raw,2,8000,5,False,29.942477226257324,Men,4718,0.2507418397626113,0.24963782727718353,0.1653385883699672,0.7304482048253128,0.03762376237623762,0.06104281475201356
tabicl,raw,2,8000,5,False,29.942477226257324,Women,742,0.1765498652291105,0.1856747269630432,0.1252440056992035,0.7751402406266787,0.0016366612111292963,0.006738544474393531
tabicl,raw,2,8000,5,False,29.942477226257324,Black,3107,0.24074670099774703,0.24837851524353027,0.16401492364398612,0.718522531753462,0.03815175922000848,0.05728999034438365
tabicl,raw,2,8000,5,False,29.942477226257324,White,2353,0.24054398640034,0.2311304360628128,0.1544429002959836,0.7653894143213353,0.024622271964185788,0.04887377815554611
tabicl,raw,2,8000,5,False,29.942477226257324,Black men,2846,0.2501756851721715,0.2558513581752777,0.16958800454130843,0.7080178595874183,0.04217432052483599,0.06254392129304287
tabicl,raw,2,8000,5,False,29.942477226257324,White men,1872,0.2516025641025641,0.24019140005111694,0.1588782045966568,0.763523476558297,0.030692362598144184,0.05876068376068376
tabicl,raw,2,8000,5,False,29.942477226257324,Black women,261,0.13793103448275862,0.166892871260643,0.10324485378276278,0.7995061728395062,0.0,0.0
tabicl,raw,2,8000,5,False,29.942477226257324,White women,481,0.19750519750519752,0.19586609303951263,0.1371811754501204,0.7592037087537495,0.0025906735751295338,0.010395010395010396
tabicl,raw,2,8000,6,False,29.156685829162598,All,5460,0.24065934065934066,0.23967796564102173,0.1593624335274623,0.7407465228446335,0.03786782440906898,0.063003663003663
tabicl,raw,2,8000,6,False,29.156685829162598,Men,4718,0.2507418397626113,0.24706575274467468,0.164793474974526,0.7330576615202881,0.042998585572843,0.06930902924968207
tabicl,raw,2,8000,6,False,29.156685829162598,Women,742,0.1765498652291105,0.19270291924476624,0.12482920772254785,0.770829949650804,0.008183306055646482,0.022911051212938006
tabicl,raw,2,8000,6,False,29.156685829162598,Black,3107,0.24074670099774703,0.24469955265522003,0.16358053329846028,0.7214167836004107,0.043662568885120816,0.06501448342452526
tabicl,raw,2,8000,6,False,29.156685829162598,White,2353,0.24054398640034,0.23304732143878937,0.15379267747625505,0.7658264141690774,0.0302182428651371,0.060348491287717805
tabicl,raw,2,8000,6,False,29.156685829162598,Black men,2846,0.2501756851721715,0.2517533302307129,0.1689615248758955,0.7122273938270695,0.04779756326148079,0.06992269852424456
tabicl,raw,2,8000,6,False,29.156685829162598,White men,1872,0.2516025641025641,0.23993921279907227,0.15845679227190979,0.7641811808671695,0.03568879371877231,0.06837606837606838
tabicl,raw,2,8000,6,False,29.156685829162598,Black women,261,0.13793103448275862,0.16778342425823212,0.10490504659585272,0.781358024691358,0.0044444444444444444,0.011494252873563218
tabicl,raw,2,8000,6,False,29.156685829162598,White women,481,0.19750519750519752,0.206224724650383,0.13564044692019323,0.7611671666212163,0.010362694300518135,0.029106029106029108
tabicl,raw,2,8000,7,False,28.970310926437378,All,5460,0.24065934065934066,0.23698878288269043,0.15846393024555105,0.7455387856186778,0.03400868306801737,0.05641025641025641
tabicl,raw,2,8000,7,False,28.970310926437378,Men,4718,0.2507418397626113,0.2449299693107605,0.16390105099558833,0.7372220315860836,0.03847241867043847,0.06316235693090293
tabicl,raw,2,8000,7,False,28.970310926437378,Women,742,0.1765498652291105,0.1864948272705078,0.12389204925003107,0.7813245711572819,0.008183306055646482,0.013477088948787063
tabicl,raw,2,8000,7,False,28.970310926437378,Black,3107,0.24074670099774703,0.24503761529922485,0.16279604776393858,0.7239976379005878,0.03899957609156422,0.06018667524943676
tabicl,raw,2,8000,7,False,28.970310926437378,White,2353,0.24054398640034,0.2263607382774353,0.1527436203732051,0.7735638820614528,0.027420257414661444,0.051423714407139824
tabicl,raw,2,8000,7,False,28.970310926437378,Black men,2846,0.2501756851721715,0.25212135910987854,0.16817765692897707,0.714625038172762,0.042642924086223055,0.06500351370344343
tabicl,raw,2,8000,7,False,28.970310926437378,White men,1872,0.2516025641025641,0.23399685323238373,0.15739933065027611,0.7708355117894254,0.032119914346895075,0.060363247863247864
tabicl,raw,2,8000,7,False,28.970310926437378,Black women,261,0.13793103448275862,0.16779492795467377,0.10411382675359544,0.7898765432098764,0.0044444444444444444,0.007662835249042145
tabicl,raw,2,8000,7,False,28.970310926437378,White women,481,0.19750519750519752,0.19664177298545837,0.13462409929487448,0.7733842377965641,0.010362694300518135,0.016632016632016633
tabicl,raw,2,8000,8,False,28.871519565582275,All,5460,0.24065934065934066,0.232367143034935,0.1599953527292145,0.7381261284280534,0.028461167390255667,0.0478021978021978
tabicl,raw,2,8000,8,False,28.871519565582275,Men,4718,0.2507418397626113,0.24061653017997742,0.16577937488084557,0.7279917884313488,0.03281471004243282,0.05383637134378974
tabicl,raw,2,8000,8,False,28.871519565582275,Women,742,0.1765498652291105,0.17991362512111664,0.12321770244431487,0.7868342474481828,0.0032733224222585926,0.009433962264150943
tabicl,raw,2,8000,8,False,28.871519565582275,Black,3107,0.24074670099774703,0.2380552589893341,0.1647834780319187,0.7161479644460967,0.03688003391267486,0.05085291277759897
tabicl,raw,2,8000,8,False,28.871519565582275,White,2353,0.24054398640034,0.22485631704330444,0.1536729110311686,0.7664235813818291,0.017347509792949075,0.04377390565235869
tabicl,raw,2,8000,8,False,28.871519565582275,Black men,2846,0.2501756851721715,0.2454093098640442,0.17054819145967764,0.7043848656845297,0.04029990627928772,0.05516514406184118
tabicl,raw,2,8000,8,False,28.871519565582275,White men,1872,0.2516025641025641,0.23333010077476501,0.1585293471119588,0.7628794112788713,0.021413276231263382,0.05181623931623932
tabicl,raw,2,8000,8,False,28.871519565582275,Black women,261,0.13793103448275862,0.15786555409431458,0.101923805942256,0.8103703703703704,0.0044444444444444444,0.0038314176245210726
tabicl,raw,2,8000,8,False,28.871519565582275,White women,481,0.19750519750519752,0.1918773204088211,0.13477218682484993,0.7701390782656122,0.0025906735751295338,0.012474012474012475
tabicl,raw,2,8000,9,False,28.916337490081787,All,5460,0.24065934065934066,0.23911026120185852,0.15921560312296992,0.7422217853521503,0.03642064640617462,0.05567765567765568
tabicl,raw,2,8000,9,False,28.916337490081787,Men,4718,0.2507418397626113,0.2479785680770874,0.16471636845956422,0.7332431033225287,0.041584158415841586,0.06295040271301398
tabicl,raw,2,8000,9,False,28.916337490081787,Women,742,0.1765498652291105,0.1827210932970047,0.1242390386242478,0.7838482777576492,0.006546644844517185,0.009433962264150943
tabicl,raw,2,8000,9,False,28.916337490081787,Black,3107,0.24074670099774703,0.24919646978378296,0.16369310167682646,0.7213011722088349,0.047901653242899536,0.06726746057289991
tabicl,raw,2,8000,9,False,28.916337490081787,White,2353,0.24054398640034,0.22579200565814972,0.15330332602699365,0.770206299520882,0.021264689423614997,0.04037399065023375
tabicl,raw,2,8000,9,False,28.916337490081787,Black men,2846,0.2501756851721715,0.25724324584007263,0.1692719333986491,0.710810394574729,0.05295220243673852,0.07343640196767393
tabicl,raw,2,8000,9,False,28.916337490081787,White men,1872,0.2516025641025641,0.2338934987783432,0.15779054697631867,0.7674462129719294,0.02426837972876517,0.04700854700854701
tabicl,raw,2,8000,9,False,28.916337490081787,Black women,261,0.13793103448275862,0.1614525467157364,0.10286032359135792,0.7939506172839507,0.0,0.0
tabicl,raw,2,8000,9,False,28.916337490081787,White women,481,0.19750519750519752,0.194261834025383,0.13583954719718805,0.7726479410962639,0.010362694300518135,0.014553014553014554
tabicl,raw,2,12651,0,True,48.13001585006714,All,5460,0.24065934065934066,0.2368113100528717,0.15817363055147138,0.746495586143803,0.03207911239749156,0.05311355311355311
tabicl,raw,2,12651,0,True,48.13001585006714,Men,4718,0.2507418397626113,0.24538767337799072,0.1637803096765004,0.7370988819688634,0.03620933521923621,0.05892327257312421
tabicl,raw,2,12651,0,True,48.13001585006714,Women,742,0.1765498652291105,0.18227878212928772,0.12252361422817366,0.7901200634674729,0.008183306055646482,0.016172506738544475
tabicl,raw,2,12651,0,True,48.13001585006714,Black,3107,0.24074670099774703,0.24358020722866058,0.16240821214434864,0.7265507227978865,0.03857566765578635,0.05664628258770518
tabicl,raw,2,12651,0,True,48.13001585006714,White,2353,0.24054398640034,0.22787341475486755,0.15258211121060025,0.7724150272581127,0.023503077783995522,0.04844878878028049
tabicl,raw,2,12651,0,True,48.13001585006714,Black men,2846,0.2501756851721715,0.25140824913978577,0.16787857731350683,0.7165856702083969,0.04217432052483599,0.06113843991567112
tabicl,raw,2,12651,0,True,48.13001585006714,White men,1872,0.2516025641025641,0.23623454570770264,0.15754971689075237,0.7674939495749927,0.027123483226266953,0.05555555555555555
tabicl,raw,2,12651,0,True,48.13001585006714,Black women,261,0.13793103448275862,0.15822136402130127,0.10275817662165083,0.7959259259259259,0.0044444444444444444,0.007662835249042145
tabicl,raw,2,12651,0,True,48.13001585006714,White women,481,0.19750519750519752,0.19533279538154602,0.13324872694190018,0.7810471775293155,0.010362694300518135,0.02079002079002079
tabicl,raw,2,12651,1,True,49.046985387802124,All,5460,0.24065934065934066,0.23776882886886597,0.15838980216589435,0.7456518578725823,0.03642064640617462,0.05952380952380952
tabicl,raw,2,12651,1,True,49.046985387802124,Men,4718,0.2507418397626113,0.24628174304962158,0.1639582419089889,0.7364485802523013,0.0413012729844413,0.06591776176345909
tabicl,raw,2,12651,1,True,49.046985387802124,Women,742,0.1765498652291105,0.1836395263671875,0.12298293059187802,0.7882460239127447,0.008183306055646482,0.018867924528301886
tabicl,raw,2,12651,1,True,49.046985387802124,Black,3107,0.24074670099774703,0.2443593442440033,0.1627159036834134,0.7255617920219072,0.04281475201356507,0.06115223688445446
tabicl,raw,2,12651,1,True,49.046985387802124,White,2353,0.24054398640034,0.22906644642353058,0.15267743607370068,0.7717199799889664,0.027979854504756575,0.05737356566085848
tabicl,raw,2,12651,1,True,49.046985387802124,Black men,2846,0.2501756851721715,0.2521218955516815,0.16814542694849144,0.7159268609879637,0.046860356138706656,0.06605762473647224
tabicl,raw,2,12651,1,True,49.046985387802124,White men,1872,0.2516025641025641,0.237403005361557,0.15759246807222382,0.7668210907889572,0.03283369022127052,0.06570512820512821
tabicl,raw,2,12651,1,True,49.046985387802124,Black women,261,0.13793103448275862,0.15971489250659943,0.10351121704581898,0.7903703703703704,0.0044444444444444444,0.007662835249042145
tabicl,raw,2,12651,1,True,49.046985387802124,White women,481,0.19750519750519752,0.19662152230739594,0.13354866289025935,0.7813471502590674,0.010362694300518135,0.02494802494802495
tabicl,raw,2,12651,2,True,48.3647997379303,All,5460,0.24065934065934066,0.23754319548606873,0.158268546413644,0.7459390356992601,0.035214664737095995,0.055860805860805864
tabicl,raw,2,12651,2,True,48.3647997379303,Men,4718,0.2507418397626113,0.24632397294044495,0.16385619638507073,0.7365738819987542,0.04016973125884017,0.06231454005934718
tabicl,raw,2,12651,2,True,48.3647997379303,Women,742,0.1765498652291105,0.18171070516109467,0.12273952678400588,0.7906323009457653,0.006546644844517185,0.014824797843665768
tabicl,raw,2,12651,2,True,48.3647997379303,Black,3107,0.24074670099774703,0.24417726695537567,0.1626261697182964,0.7252126909571491,0.040695209834675714,0.05728999034438365
tabicl,raw,2,12651,2,True,48.3647997379303,White,2353,0.24054398640034,0.2287832647562027,0.15251455763015262,0.7728016040464999,0.027979854504756575,0.05397365065873353
tabicl,raw,2,12651,2,True,48.3647997379303,Black men,2846,0.2501756851721715,0.25206804275512695,0.16812974604813716,0.7150692901445825,0.04451733833177132,0.06184118060435699
tabicl,raw,2,12651,2,True,48.3647997379303,White men,1872,0.2516025641025641,0.23759125173091888,0.15735912248491743,0.7682365189559778,0.03354746609564597,0.06303418803418803
tabicl,raw,2,12651,2,True,48.3647997379303,Black women,261,0.13793103448275862,0.15813475847244263,0.10261399257374959,0.7988888888888889,0.0044444444444444444,0.007662835249042145
tabicl,raw,2,12651,2,True,48.3647997379303,White women,481,0.19750519750519752,0.1945035308599472,0.1336600349521491,0.7813471502590674,0.007772020725388601,0.018711018711018712
tabicl,raw,2,12651,3,True,48.95323991775513,All,5460,0.24065934065934066,0.23791633546352386,0.15824952217733734,0.7454878480367646,0.03352629040038591,0.057509157509157506
tabicl,raw,2,12651,3,True,48.95323991775513,Men,4718,0.2507418397626113,0.2464076727628708,0.16387676465643114,0.7360940767425372,0.03790664780763791,0.06379821958456973
tabicl,raw,2,12651,3,True,48.95323991775513,Women,742,0.1765498652291105,0.1839243620634079,0.12246875396121275,0.7892080308841718,0.008183306055646482,0.01752021563342318
tabicl,raw,2,12651,3,True,48.95323991775513,Black,3107,0.24074670099774703,0.24470579624176025,0.16264607748997154,0.7248227858718347,0.040695209834675714,0.05986482137109752
tabicl,raw,2,12651,3,True,48.95323991775513,White,2353,0.24054398640034,0.22895130515098572,0.15244412593579273,0.7722949017343556,0.024062674874090653,0.05439864003399915
tabicl,raw,2,12651,3,True,48.95323991775513,Black men,2846,0.2501756851721715,0.25245168805122375,0.16809829981841246,0.7150126891526174,0.04451733833177132,0.0646521433591005
tabicl,raw,2,12651,3,True,48.95323991775513,White men,1872,0.2516025641025641,0.23721899092197418,0.15745876835782063,0.7673492243180864,0.027837259100642397,0.0625
tabicl,raw,2,12651,3,True,48.95323991775513,Black women,261,0.13793103448275862,0.16024307906627655,0.10319387539517134,0.7960493827160494,0.0044444444444444444,0.007662835249042145
tabicl,raw,2,12651,3,True,48.95323991775513,White women,481,0.19750519750519752,0.19677431881427765,0.13292767975276537,0.7805290428142896,0.010362694300518135,0.02286902286902287
tabicl,raw,2,12651,4,True,48.03675436973572,All,5460,0.24065934065934066,0.2373260110616684,0.1581454940861578,0.7462271313202067,0.03376748673420164,0.05567765567765568
tabicl,raw,2,12651,4,True,48.03675436973572,Men,4718,0.2507418397626113,0.24601897597312927,0.1637423251640881,0.7368223333624271,0.03818953323903819,0.06167867740568037
tabicl,raw,2,12651,4,True,48.03675436973572,Women,742,0.1765498652291105,0.18205183744430542,0.1225580964774312,0.7883584662860285,0.008183306055646482,0.01752021563342318
tabicl,raw,2,12651,4,True,48.03675436973572,Black,3107,0.24074670099774703,0.24361780285835266,0.1626059190026706,0.7250157548857147,0.04027130139889784,0.056968136466044414
tabicl,raw,2,12651,4,True,48.03675436973572,White,2353,0.24054398640034,0.22901806235313416,0.15225576173783428,0.7735717915609597,0.02518186905428092,0.05397365065873353
tabicl,raw,2,12651,4,True,48.03675436973572,Black men,2846,0.2501756851721715,0.2514667212963104,0.16806517768694015,0.7150281557027474,0.044048734770384255,0.06148981026001406
tabicl,raw,2,12651,4,True,48.03675436973572,White men,1872,0.2516025641025641,0.2377367913722992,0.15717029616834188,0.7689912119186932,0.02926481084939329,0.06196581196581197
tabicl,raw,2,12651,4,True,48.03675436973572,Black women,261,0.13793103448275862,0.15803144872188568,0.10307699097419877,0.7929629629629629,0.0044444444444444444,0.007662835249042145
tabicl,raw,2,12651,4,True,48.03675436973572,White women,481,0.19750519750519752,0.19508574903011322,0.13312892503531823,0.7801745295882192,0.010362694300518135,0.02286902286902287
tabicl,raw,2,12651,5,True,47.91864204406738,All,5460,0.24065934065934066,0.23760098218917847,0.15815446401726005,0.7461067167121526,0.03545586107091172,0.057509157509157506
tabicl,raw,2,12651,5,True,47.91864204406738,Men,4718,0.2507418397626113,0.24621020257472992,0.16376676804823323,0.7368247246171302,0.04016973125884017,0.06401017380245867
tabicl,raw,2,12651,5,True,47.91864204406738,Women,742,0.1765498652291105,0.18285948038101196,0.1224686817825812,0.7879961519721144,0.008183306055646482,0.016172506738544475
tabicl,raw,2,12651,5,True,47.91864204406738,Black,3107,0.24074670099774703,0.24397683143615723,0.1624365256327662,0.7265456222953168,0.04111911827045358,0.05954296749275829
tabicl,raw,2,12651,5,True,47.91864204406738,White,2353,0.24054398640034,0.22918210923671722,0.15250025006087342,0.7713541656367838,0.027979854504756575,0.05482362940926477
tabicl,raw,2,12651,5,True,47.91864204406738,Black men,2846,0.2501756851721715,0.2518153190612793,0.16788146756739444,0.7167640291481945,0.04498594189315839,0.06430077301475755
tabicl,raw,2,12651,5,True,47.91864204406738,White men,1872,0.2516025641025641,0.23768877983093262,0.15751119388608964,0.76645586788933,0.03283369022127052,0.06356837606837606
tabicl,raw,2,12651,5,True,47.91864204406738,Black women,261,0.13793103448275862,0.15850424766540527,0.103063710514176,0.7946913580246914,0.0044444444444444444,0.007662835249042145
tabicl,raw,2,12651,5,True,47.91864204406738,White women,481,0.19750519750519752,0.19607509672641754,0.13299819841678864,0.7792746113989637,0.010362694300518135,0.02079002079002079
tabicl,raw,2,12651,6,True,48.37890386581421,All,5460,0.24065934065934066,0.23757684230804443,0.15811433630091026,0.7462622828406981,0.033043897732754464,0.055860805860805864
tabicl,raw,2,12651,6,True,48.37890386581421,Men,4718,0.2507418397626113,0.24611812829971313,0.16369179523062066,0.7369844604313106,0.03762376237623762,0.06189063162356931
tabicl,raw,2,12651,6,True,48.37890386581421,Women,742,0.1765498652291105,0.18326729536056519,0.12265011631388377,0.7889081845554153,0.006546644844517185,0.01752021563342318
tabicl,raw,2,12651,6,True,48.37890386581421,Black,3107,0.24074670099774703,0.24366818368434906,0.1622908820823243,0.7264858330707519,0.039423484527342095,0.05728999034438365
tabicl,raw,2,12651,6,True,48.37890386581421,White,2353,0.24054398640034,0.2295335829257965,0.15259944988235807,0.7720511902808072,0.024622271964185788,0.05397365065873353
tabicl,raw,2,12651,6,True,48.37890386581421,Black men,2846,0.2501756851721715,0.25146007537841797,0.16772258988746644,0.7167126933647843,0.04311152764761012,0.06184118060435699
tabicl,raw,2,12651,6,True,48.37890386581421,White men,1872,0.2516025641025641,0.23799672722816467,0.15756378155894168,0.7671878291363008,0.02926481084939329,0.06196581196581197
tabicl,raw,2,12651,6,True,48.37890386581421,Black women,261,0.13793103448275862,0.15870356559753418,0.1030623747511576,0.7939506172839507,0.0044444444444444444,0.007662835249042145
tabicl,raw,2,12651,6,True,48.37890386581421,White women,481,0.19750519750519752,0.19659602642059326,0.13327880768160005,0.7805017725661304,0.007772020725388601,0.02286902286902287
tabicl,raw,2,12651,7,True,49.073508739471436,All,5460,0.24065934065934066,0.23622938990592957,0.15776666754045432,0.7479200946282605,0.03352629040038591,0.057326007326007324
tabicl,raw,2,12651,7,True,49.073508739471436,Men,4718,0.2507418397626113,0.24523141980171204,0.1633336997546936,0.7386912184757903,0.03818953323903819,0.06379821958456973
tabicl,raw,2,12651,7,True,49.073508739471436,Women,742,0.1765498652291105,0.1789902001619339,0.12236874572538588,0.790195025049662,0.006546644844517185,0.016172506738544475
tabicl,raw,2,12651,7,True,49.073508739471436,Black,3107,0.24074670099774703,0.24257084727287292,0.1623017505744888,0.7267269734977887,0.039423484527342095,0.05664628258770518
tabicl,raw,2,12651,7,True,49.073508739471436,White,2353,0.24054398640034,0.2278558909893036,0.1517783534789392,0.7749717729736356,0.02574146614437605,0.058223544411389716
tabicl,raw,2,12651,7,True,49.073508739471436,Black men,2846,0.2501756851721715,0.25060006976127625,0.16768428503939103,0.7172234185946106,0.04311152764761012,0.06113843991567112
tabicl,raw,2,12651,7,True,49.073508739471436,White men,1872,0.2516025641025641,0.23706944286823273,0.15671950866481701,0.7700323244997886,0.030692362598144184,0.06784188034188034
tabicl,raw,2,12651,7,True,49.073508739471436,Black women,261,0.13793103448275862,0.1550183892250061,0.10360943989589969,0.7903703703703704,0.0044444444444444444,0.007662835249042145
tabicl,raw,2,12651,7,True,49.073508739471436,White women,481,0.19750519750519752,0.19199775159358978,0.13254791167444177,0.7839105535860377,0.007772020725388601,0.02079002079002079
tabicl,raw,2,12651,8,True,48.30506348609924,All,5460,0.24065934065934066,0.23845183849334717,0.15821246711565,0.7457226198106994,0.03424987940183309,0.05805860805860806
tabicl,raw,2,12651,8,True,48.30506348609924,Men,4718,0.2507418397626113,0.24706006050109863,0.16377117176662687,0.7364381782943421,0.03875530410183876,0.06443408223823655
tabicl,raw,2,12651,8,True,48.30506348609924,Women,742,0.1765498652291105,0.1837165206670761,0.12286749603302363,0.7879086967928935,0.008183306055646482,0.01752021563342318
tabicl,raw,2,12651,8,True,48.30506348609924,Black,3107,0.24074670099774703,0.2450551837682724,0.16258811043826418,0.724910627860532,0.04027130139889784,0.05954296749275829
tabicl,raw,2,12651,8,True,48.30506348609924,White,2353,0.24054398640034,0.22973254323005676,0.1524346839438004,0.7724783032541659,0.02630106323447118,0.05609859753506162
tabicl,raw,2,12651,8,True,48.30506348609924,Black men,2846,0.2501756851721715,0.2529428005218506,0.16801592791929562,0.7150271684761433,0.044048734770384255,0.06430077301475755
tabicl,raw,2,12651,8,True,48.30506348609924,White men,1872,0.2516025641025641,0.2381165772676468,0.15731787261572128,0.767807647252266,0.030692362598144184,0.06463675213675214
tabicl,raw,2,12651,8,True,48.30506348609924,Black women,261,0.13793103448275862,0.1590469479560852,0.10340202403590608,0.7930864197530865,0.0044444444444444444,0.007662835249042145
tabicl,raw,2,12651,8,True,48.30506348609924,White women,481,0.19750519750519752,0.19710269570350647,0.1334298415449731,0.7793291518952823,0.010362694300518135,0.02286902286902287
tabicl,raw,2,12651,9,True,47.952322244644165,All,5460,0.24065934065934066,0.2381114959716797,0.15820127739309334,0.7466694163782956,0.03497346840328027,0.056593406593406594
tabicl,raw,2,12651,9,True,47.952322244644165,Men,4718,0.2507418397626113,0.2468157410621643,0.16383504749789385,0.7371621306557659,0.039886845827439885,0.0635862653666808
tabicl,raw,2,12651,9,True,47.952322244644165,Women,742,0.1765498652291105,0.18276548385620117,0.12237900333049391,0.7911570320210891,0.006546644844517185,0.012129380053908356
tabicl,raw,2,12651,9,True,47.952322244644165,Black,3107,0.24074670099774703,0.2447517067193985,0.16267213076333964,0.7259335619869745,0.04281475201356507,0.05954296749275829
tabicl,raw,2,12651,9,True,47.952322244644165,White,2353,0.24054398640034,0.2293434590101242,0.15229777487658028,0.7733691106361016,0.024622271964185788,0.05269868253293668
tabicl,raw,2,12651,9,True,47.952322244644165,Black men,2846,0.2501756851721715,0.25261637568473816,0.16821305377967613,0.715724808609669,0.04732895970009372,0.0646521433591005
tabicl,raw,2,12651,9,True,47.952322244644165,White men,1872,0.2516025641025641,0.23799708485603333,0.1571791682895859,0.768698730509448,0.028551034975017844,0.06196581196581197
tabicl,raw,2,12651,9,True,47.952322244644165,Black women,261,0.13793103448275862,0.15899384021759033,0.10225271733616062,0.7975308641975308,0.0,0.0038314176245210726
tabicl,raw,2,12651,9,True,47.952322244644165,White women,481,0.19750519750519752,0.1956644207239151,0.1332999194313691,0.7817016634851377,0.010362694300518135,0.016632016632016633
tabicl,raw,3,500,0,False,5.576185941696167,All,4146,0.19826338639652677,0.18612819910049438,0.1542527177319249,0.649956923180526,0.009326113116726835,0.011095031355523395
tabicl,raw,3,500,0,False,5.576185941696167,Men,3535,0.2065063649222065,0.19223876297473907,0.16055383393436193,0.6369113373867604,0.01033868092691622,0.011881188118811881
tabicl,raw,3,500,0,False,5.576185941696167,Women,611,0.15057283142389524,0.15077491104602814,0.1177969963315732,0.7084066348328726,0.0038535645472061657,0.006546644844517185
tabicl,raw,3,500,0,False,5.576185941696167,Black,2359,0.19584569732937684,0.1923380196094513,0.15509347721736103,0.635413742820174,0.010015814443858724,0.011445527766002543
tabicl,raw,3,500,0,False,5.576185941696167,White,1787,0.20145495243424735,0.17793066799640656,0.15314283993329939,0.669800669625477,0.008409250175192713,0.010632344711807499
tabicl,raw,3,500,0,False,5.576185941696167,Black men,2134,0.20290534208059982,0.19763363897800446,0.16037639441295137,0.625239466527637,0.011169900058788948,0.012652296157450796
tabicl,raw,3,500,0,False,5.576185941696167,White men,1401,0.21199143468950749,0.18402127921581268,0.16082410940808795,0.6558733469965353,0.009057971014492754,0.010706638115631691
tabicl,raw,3,500,0,False,5.576185941696167,Black women,225,0.1288888888888889,0.1421119123697281,0.10498794257118421,0.6938775510204083,0.0,0.0
tabicl,raw,3,500,0,False,5.576185941696167,White women,386,0.16321243523316062,0.15582460165023804,0.1252634136789502,0.711533736301538,0.006191950464396285,0.010362694300518135
tabicl,raw,3,500,1,False,5.577929735183716,All,4146,0.19826338639652677,0.18596278131008148,0.15309423100658998,0.6510640376997197,0.006618531889290012,0.008924264351181863
tabicl,raw,3,500,1,False,5.577929735183716,Men,3535,0.2065063649222065,0.19126515090465546,0.15902752699518102,0.6408214294435084,0.00784313725490196,0.010466760961810467
tabicl,raw,3,500,1,False,5.577929735183716,Women,611,0.15057283142389524,0.15528541803359985,0.11876656927227022,0.6955265141995476,0.0,0.0
tabicl,raw,3,500,1,False,5.577929735183716,Black,2359,0.19584569732937684,0.18793244659900665,0.15284097054420326,0.6424743329065943,0.005798629414865577,0.009325985587113183
tabicl,raw,3,500,1,False,5.577929735183716,White,1787,0.20145495243424735,0.1833626627922058,0.1534285574927513,0.6621836798255859,0.007708479327259986,0.008393956351426972
tabicl,raw,3,500,1,False,5.577929735183716,Black men,2134,0.20290534208059982,0.19163042306900024,0.15786731678303303,0.6341236577315613,0.006466784244562022,0.010309278350515464
tabicl,raw,3,500,1,False,5.577929735183716,White men,1401,0.21199143468950749,0.19070874154567719,0.16079475654030861,0.6508075928365784,0.009963768115942028,0.010706638115631691
tabicl,raw,3,500,1,False,5.577929735183716,Black women,225,0.1288888888888889,0.15285897254943848,0.10516886888347979,0.6988036593947924,0.0,0.0
tabicl,raw,3,500,1,False,5.577929735183716,White women,386,0.16321243523316062,0.1566997915506363,0.126692689965218,0.693203597228365,0.0,0.0
tabicl,raw,3,500,2,False,5.574433326721191,All,4146,0.19826338639652677,0.1651822179555893,0.16559030249273243,0.5834533774861583,0.017148014440433214,0.017124939700916546
tabicl,raw,3,500,2,False,5.574433326721191,Men,3535,0.2065063649222065,0.1742260605096817,0.17262123320204312,0.5668424779625424,0.019964349376114084,0.01951909476661952
tabicl,raw,3,500,2,False,5.574433326721191,Women,611,0.15057283142389524,0.11285817623138428,0.12491216819254713,0.6487811007790903,0.0019267822736030828,0.0032733224222585926
tabicl,raw,3,500,2,False,5.574433326721191,Black,2359,0.19584569732937684,0.18694902956485748,0.16425260222540097,0.5832882633093492,0.025830258302583026,0.025010597710894446
tabicl,raw,3,500,2,False,5.574433326721191,White,1787,0.20145495243424735,0.13644807040691376,0.16735618661731833,0.5936385579693217,0.005606166783461808,0.006715165081141578
tabicl,raw,3,500,2,False,5.574433326721191,Black men,2134,0.20290534208059982,0.1941332221031189,0.17017976671956264,0.5694816118218735,0.02880658436213992,0.027647610121836926
tabicl,raw,3,500,2,False,5.574433326721191,White men,1401,0.21199143468950749,0.14390349388122559,0.17634006937164584,0.5740069779924852,0.006340579710144928,0.007137758743754461
tabicl,raw,3,500,2,False,5.574433326721191,Black women,225,0.1288888888888889,0.11881084740161896,0.108036739867441,0.6583391977480648,0.0,0.0
tabicl,raw,3,500,2,False,5.574433326721191,White women,386,0.16321243523316062,0.10938835889101028,0.13474888159448722,0.6490245220895375,0.0030959752321981426,0.0051813471502590676
tabicl,raw,3,500,3,False,5.592559576034546,All,4146,0.19826338639652677,0.15392808616161346,0.15926301675002924,0.6151239895063842,0.002707581227436823,0.002653159671972986
tabicl,raw,3,500,3,False,5.592559576034546,Men,3535,0.2065063649222065,0.1617814600467682,0.16531699774310055,0.6023644177471736,0.0032085561497326204,0.0031117397454031117
tabicl,raw,3,500,3,False,5.592559576034546,Women,611,0.15057283142389524,0.10849174112081528,0.12423712016982126,0.6683840160844433,0.0,0.0
tabicl,raw,3,500,3,False,5.592559576034546,Black,2359,0.19584569732937684,0.1659463346004486,0.15745763760366283,0.6121330786591724,0.0036900369003690036,0.0038151759220008477
tabicl,raw,3,500,3,False,5.592559576034546,White,1787,0.20145495243424735,0.13806290924549103,0.1616462788688196,0.6238855796932181,0.001401541695865452,0.001119194180190263
tabicl,raw,3,500,3,False,5.592559576034546,Black men,2134,0.20290534208059982,0.1723562330007553,0.1625299796863199,0.6024414384691521,0.00411522633744856,0.004217432052483599
tabicl,raw,3,500,3,False,5.592559576034546,White men,1401,0.21199143468950749,0.1456739455461502,0.16956217728140885,0.6076297394232176,0.0018115942028985507,0.0014275517487508922
tabicl,raw,3,500,3,False,5.592559576034546,Black women,225,0.1288888888888889,0.10515214502811432,0.10934929091748377,0.6627375087966221,0.0,0.0
tabicl,raw,3,500,3,False,5.592559576034546,White women,386,0.16321243523316062,0.11043839156627655,0.13291525898271228,0.6689272200108113,0.0,0.0
tabicl,raw,3,500,4,False,5.588812589645386,All,4146,0.19826338639652677,0.18226486444473267,0.158605226583368,0.6146344801941788,0.0018050541516245488,0.00241196333815726
tabicl,raw,3,500,4,False,5.588812589645386,Men,3535,0.2065063649222065,0.18661072850227356,0.16506328774189447,0.6023084999877909,0.0021390374331550803,0.002828854314002829
tabicl,raw,3,500,4,False,5.588812589645386,Women,611,0.15057283142389524,0.15712140500545502,0.12124148485605057,0.6803426321521321,0.0,0.0
tabicl,raw,3,500,4,False,5.588812589645386,Black,2359,0.19584569732937684,0.18510843813419342,0.15858359302368338,0.6027767698827267,0.002635740643120717,0.0038151759220008477
tabicl,raw,3,500,4,False,5.588812589645386,White,1787,0.20145495243424735,0.17851106822490692,0.15863378481912405,0.630944872693296,0.000700770847932726,0.0005595970900951316
tabicl,raw,3,500,4,False,5.588812589645386,Black men,2134,0.20290534208059982,0.18948455154895782,0.1639358273834499,0.5931587586706909,0.0029394473838918285,0.004217432052483599
tabicl,raw,3,500,4,False,5.588812589645386,White men,1401,0.21199143468950749,0.1822333037853241,0.16678063278466437,0.6169027228809838,0.0009057971014492754,0.0007137758743754461
tabicl,raw,3,500,4,False,5.588812589645386,Black women,225,0.1288888888888889,0.14360330998897552,0.10782062358483124,0.6722378606615059,0.0,0.0
tabicl,raw,3,500,4,False,5.588812589645386,White women,386,0.16321243523316062,0.16500110924243927,0.1290645257524867,0.6789522826674529,0.0,0.0
tabicl,raw,3,500,5,False,5.659475326538086,All,4146,0.19826338639652677,0.17262420058250427,0.16087166204474135,0.6161773037497694,0.02256317689530686,0.02580800771828268
tabicl,raw,3,500,5,False,5.659475326538086,Men,3535,0.2065063649222065,0.1752612143754959,0.16709526242271913,0.6083412692598833,0.024955436720142603,0.027157001414427156
tabicl,raw,3,500,5,False,5.659475326538086,Women,611,0.15057283142389524,0.157367542386055,0.12486441599539355,0.6595878361397337,0.009633911368015413,0.01800327332242226
tabicl,raw,3,500,5,False,5.659475326538086,Black,2359,0.19584569732937684,0.17831173539161682,0.16191758539133527,0.598072372189399,0.02635740643120717,0.02967359050445104
tabicl,raw,3,500,5,False,5.659475326538086,White,1787,0.20145495243424735,0.16511616110801697,0.15949094957993154,0.6403410418126605,0.01751927119831815,0.020705092333519866
tabicl,raw,3,500,5,False,5.659475326538086,Black men,2134,0.20290534208059982,0.18152040243148804,0.16706998505789292,0.5914344639004634,0.02821869488536155,0.030927835051546393
tabicl,raw,3,500,5,False,5.659475326538086,White men,1401,0.21199143468950749,0.16572724282741547,0.16713376484708684,0.6349149709656956,0.019927536231884056,0.021413276231263382
tabicl,raw,3,500,5,False,5.659475326538086,Black women,225,0.1288888888888889,0.14787936210632324,0.11304993699829517,0.6442646023926812,0.01020408163265306,0.017777777777777778
tabicl,raw,3,500,5,False,5.659475326538086,White women,386,0.16321243523316062,0.1628982126712799,0.1317510941672773,0.6640129736104967,0.009287925696594427,0.018134715025906734
tabicl,raw,3,500,6,False,5.5578694343566895,All,4146,0.19826338639652677,0.18834581971168518,0.16060670927764217,0.6044817825678321,0.01233453670276775,0.014954172696575013
tabicl,raw,3,500,6,False,5.5578694343566895,Men,3535,0.2065063649222065,0.19280676543712616,0.16754817274718053,0.587851439454985,0.013547237076648842,0.01640735502121641
tabicl,raw,3,500,6,False,5.5578694343566895,Women,611,0.15057283142389524,0.16253672540187836,0.1204461964055994,0.6883848538158667,0.005780346820809248,0.006546644844517185
tabicl,raw,3,500,6,False,5.5578694343566895,Black,2359,0.19584569732937684,0.18719831109046936,0.15972415390584185,0.5932635717822855,0.009488666315234581,0.011869436201780416
tabicl,raw,3,500,6,False,5.5578694343566895,White,1787,0.20145495243424735,0.18986062705516815,0.1617717613884855,0.6191972280619793,0.0161177295024527,0.019026301063234472
tabicl,raw,3,500,6,False,5.5578694343566895,Black men,2134,0.20290534208059982,0.1895522028207779,0.1654129557747795,0.5809345949197118,0.009994121105232217,0.01218369259606373
tabicl,raw,3,500,6,False,5.5578694343566895,White men,1401,0.21199143468950749,0.197764053940773,0.1708005303625295,0.5982195139803835,0.019021739130434784,0.022840827980014276
tabicl,raw,3,500,6,False,5.5578694343566895,Black women,225,0.1288888888888889,0.16487306356430054,0.10576902862445116,0.706896551724138,0.00510204081632653,0.008888888888888889
tabicl,raw,3,500,6,False,5.5578694343566895,White women,386,0.16321243523316062,0.16117484867572784,0.12900154031948113,0.684751093419824,0.006191950464396285,0.0051813471502590676
tabicl,raw,3,500,7,False,5.560080051422119,All,4146,0.19826338639652677,0.20622003078460693,0.15541037834548044,0.6333582571345754,0.0069193742478941035,0.008683068017366137
tabicl,raw,3,500,7,False,5.560080051422119,Men,3535,0.2065063649222065,0.21105557680130005,0.16144591524066984,0.6220347715674065,0.00819964349376114,0.009618104667609617
tabicl,raw,3,500,7,False,5.560080051422119,Women,611,0.15057283142389524,0.17824341356754303,0.12049119188967916,0.6862276954008545,0.0,0.0032733224222585926
tabicl,raw,3,500,7,False,5.560080051422119,Black,2359,0.19584569732937684,0.21265548467636108,0.1565468161752715,0.616150586366717,0.010015814443858724,0.012293344637558287
tabicl,raw,3,500,7,False,5.560080051422119,White,1787,0.20145495243424735,0.1977246254682541,0.1539101786585878,0.6575741649147396,0.002803083391730904,0.00391717963066592
tabicl,raw,3,500,7,False,5.560080051422119,Black men,2134,0.20290534208059982,0.21581202745437622,0.16179959909968933,0.6058004189900521,0.011169900058788948,0.012652296157450796
tabicl,raw,3,500,7,False,5.560080051422119,White men,1401,0.21199143468950749,0.20381057262420654,0.16090718479445457,0.6479285609720392,0.0036231884057971015,0.004996431120628123
tabicl,raw,3,500,7,False,5.560080051422119,Black women,225,0.1288888888888889,0.182717427611351,0.10672708834990384,0.7079521463757917,0.0,0.008888888888888889
tabicl,raw,3,500,7,False,5.560080051422119,White women,386,0.16321243523316062,0.17563550174236298,0.12851430923799376,0.6800334168755221,0.0,0.0
tabicl,raw,3,500,8,False,5.5737833976745605,All,4146,0.19826338639652677,0.14903698861598969,0.1575043389599484,0.6576066270228171,0.02707581227436823,0.031596719729860105
tabicl,raw,3,500,8,False,5.5737833976745605,Men,3535,0.2065063649222065,0.164866641163826,0.1616105450708535,0.6601670207310819,0.03208556149732621,0.037057991513437055
tabicl,raw,3,500,8,False,5.5737833976745605,Women,611,0.15057283142389524,0.057453036308288574,0.13374748363744504,0.711946050096339,0.0,0.0
tabicl,raw,3,500,8,False,5.5737833976745605,Black,2359,0.19584569732937684,0.1580347716808319,0.157118700334159,0.648928474442444,0.035318924617817604,0.04111911827045358
tabicl,raw,3,500,8,False,5.5737833976745605,White,1787,0.20145495243424735,0.13715912401676178,0.15801341647435085,0.671237249863739,0.0161177295024527,0.019026301063234472
tabicl,raw,3,500,8,False,5.5737833976745605,Black men,2134,0.20290534208059982,0.16890695691108704,0.1615390717810051,0.6447233185749993,0.0393885949441505,0.045454545454545456
tabicl,raw,3,500,8,False,5.5737833976745605,White men,1401,0.21199143468950749,0.15871243178844452,0.16171941302269965,0.6837426194310253,0.020833333333333332,0.02426837972876517
tabicl,raw,3,500,8,False,5.5737833976745605,Black women,225,0.1288888888888889,0.05491809546947479,0.11519393292273848,0.7536945812807881,0.0,0.0
tabicl,raw,3,500,8,False,5.5737833976745605,White women,386,0.16321243523316062,0.058930654078722,0.14456237718876364,0.6906481891002014,0.0,0.0
tabicl,raw,3,500,9,False,5.5629401206970215,All,4146,0.19826338639652677,0.18254831433296204,0.15541144477937924,0.6325993804550551,0.003309265944645006,0.004341534008683068
tabicl,raw,3,500,9,False,5.5629401206970215,Men,3535,0.2065063649222065,0.1883424073457718,0.16113329575483074,0.6242087270773814,0.00392156862745098,0.005091937765205092
tabicl,raw,3,500,9,False,5.5629401206970215,Women,611,0.15057283142389524,0.14902617037296295,0.12230711875937718,0.6670436458071541,0.0,0.0
tabicl,raw,3,500,9,False,5.5629401206970215,Black,2359,0.19584569732937684,0.1937241107225418,0.15650810497341944,0.6112853058029653,0.005271481286241434,0.005934718100890208
tabicl,raw,3,500,9,False,5.5629401206970215,White,1787,0.20145495243424735,0.1677953004837036,0.15396375513318963,0.6654169586545201,0.000700770847932726,0.002238388360380526
tabicl,raw,3,500,9,False,5.5629401206970215,Black men,2134,0.20290534208059982,0.19898250699043274,0.16168520205071343,0.6019961087962113,0.005878894767783657,0.006560449859418931
tabicl,raw,3,500,9,False,5.5629401206970215,White men,1401,0.21199143468950749,0.1721353977918625,0.16029263334554203,0.663531449763334,0.0009057971014492754,0.0028551034975017845
tabicl,raw,3,500,9,False,5.5629401206970215,Black women,225,0.1288888888888889,0.1438511162996292,0.1074062153603287,0.6724137931034483,0.0,0.0
tabicl,raw,3,500,9,False,5.5629401206970215,White women,386,0.16321243523316062,0.15204273164272308,0.13099287851270852,0.6621947024423804,0.0,0.0
tabicl,raw,3,1000,0,False,6.549990177154541,All,4146,0.19826338639652677,0.1877683699131012,0.1516430185516696,0.6623092103144279,0.0015042117930204573,0.001688374336710082
tabicl,raw,3,1000,0,False,6.549990177154541,Men,3535,0.2065063649222065,0.19240333139896393,0.15754559139731644,0.6506109442531683,0.00142602495543672,0.0016973125884016972
tabicl,raw,3,1000,0,False,6.549990177154541,Women,611,0.15057283142389524,0.16095243394374847,0.1174931085527146,0.7181662059143838,0.0019267822736030828,0.0016366612111292963
tabicl,raw,3,1000,0,False,6.549990177154541,Black,2359,0.19584569732937684,0.18965983390808105,0.1517735447826391,0.6494761608098455,0.0015814443858724301,0.001695633743111488
tabicl,raw,3,1000,0,False,6.549990177154541,White,1787,0.20145495243424735,0.1852714866399765,0.151470712240054,0.6788406135638091,0.001401541695865452,0.0016787912702853946
tabicl,raw,3,1000,0,False,6.549990177154541,Black men,2134,0.20290534208059982,0.19350548088550568,0.15674709301336356,0.6405673608650259,0.001763668430335097,0.0018744142455482662
tabicl,raw,3,1000,0,False,6.549990177154541,White men,1401,0.21199143468950749,0.19072452187538147,0.158761862311917,0.6654497877323965,0.0009057971014492754,0.0014275517487508922
tabicl,raw,3,1000,0,False,6.549990177154541,Black women,225,0.1288888888888889,0.15318600833415985,0.10460220289656778,0.708128078817734,0.0,0.0
tabicl,raw,3,1000,0,False,6.549990177154541,White women,386,0.16321243523316062,0.16547949612140656,0.12500723749735973,0.7206742346061232,0.0030959752321981426,0.0025906735751295338
tabicl,raw,3,1000,1,False,6.60510778427124,All,4146,0.19826338639652677,0.18072862923145294,0.15239682800731322,0.6535889907800235,0.0006016847172081829,0.00120598166907863
tabicl,raw,3,1000,1,False,6.60510778427124,Men,3535,0.2065063649222065,0.18938738107681274,0.15789571345388667,0.6423929870827533,0.00071301247771836,0.0014144271570014145
tabicl,raw,3,1000,1,False,6.60510778427124,Women,611,0.15057283142389524,0.13063274323940277,0.12058249076731804,0.6897880539499037,0.0,0.0
tabicl,raw,3,1000,1,False,6.60510778427124,Black,2359,0.19584569732937684,0.18840941786766052,0.15172348834137858,0.6438230105863211,0.0010542962572482868,0.00211954217888936
tabicl,raw,3,1000,1,False,6.60510778427124,White,1787,0.20145495243424735,0.17058931291103363,0.15328569665417377,0.668918866308495,0.0,0.0
tabicl,raw,3,1000,1,False,6.60510778427124,Black men,2134,0.20290534208059982,0.1952676773071289,0.1565211249962557,0.6339593745290435,0.0011757789535567313,0.0023430178069353325
tabicl,raw,3,1000,1,False,6.60510778427124,White men,1401,0.21199143468950749,0.18043050169944763,0.15998948345287625,0.6574897525984482,0.0,0.0
tabicl,raw,3,1000,1,False,6.60510778427124,Black women,225,0.1288888888888889,0.12336268275976181,0.10622057002356641,0.6850809289232934,0.0,0.0
tabicl,raw,3,1000,1,False,6.60510778427124,White women,386,0.16321243523316062,0.1348704695701599,0.12895407669308004,0.6886824905400757,0.0,0.0
tabicl,raw,3,1000,2,False,6.591717481613159,All,4146,0.19826338639652677,0.1784256398677826,0.15697318461222004,0.6280801572871193,0.005415162454873646,0.006512301013024602
tabicl,raw,3,1000,2,False,6.591717481613159,Men,3535,0.2065063649222065,0.18661446869373322,0.16322260673101258,0.6139130222450125,0.006060606060606061,0.007072135785007072
tabicl,raw,3,1000,2,False,6.591717481613159,Women,611,0.15057283142389524,0.13104850053787231,0.12081654436683285,0.6928248303593868,0.0019267822736030828,0.0032733224222585926
tabicl,raw,3,1000,2,False,6.591717481613159,Black,2359,0.19584569732937684,0.19498310983181,0.1558366339185438,0.6216685265182893,0.008434370057986295,0.009749894022891056
tabicl,raw,3,1000,2,False,6.591717481613159,White,1787,0.20145495243424735,0.15656834840774536,0.15847353328954647,0.6442342131900647,0.001401541695865452,0.002238388360380526
tabicl,raw,3,1000,2,False,6.591717481613159,Black men,2134,0.20290534208059982,0.20181815326213837,0.16111591006343506,0.6102659351312161,0.00940623162845385,0.01077788191190253
tabicl,raw,3,1000,2,False,6.591717481613159,White men,1401,0.21199143468950749,0.16345621645450592,0.16643152228319702,0.6283731030107842,0.0009057971014492754,0.0014275517487508922
tabicl,raw,3,1000,2,False,6.591717481613159,Black women,225,0.1288888888888889,0.13015645742416382,0.10576563261544172,0.6861365235749473,0.0,0.0
tabicl,raw,3,1000,2,False,6.591717481613159,White women,386,0.16321243523316062,0.13156846165657043,0.12958974422191838,0.6953167231805003,0.0030959752321981426,0.0051813471502590676
tabicl,raw,3,1000,3,False,6.6012187004089355,All,4146,0.19826338639652677,0.1627981811761856,0.1550690268800667,0.637083651743129,0.00030084235860409147,0.000241196333815726
tabicl,raw,3,1000,3,False,6.6012187004089355,Men,3535,0.2065063649222065,0.17011010646820068,0.16073827780836686,0.6255507533025664,0.00035650623885918,0.0002828854314002829
tabicl,raw,3,1000,3,False,6.6012187004089355,Women,611,0.15057283142389524,0.1204942837357521,0.1222690235551224,0.6810337605763592,0.0,0.0
tabicl,raw,3,1000,3,False,6.6012187004089355,Black,2359,0.19584569732937684,0.17352499067783356,0.15270933424905445,0.6391385806251383,0.0005271481286241434,0.000423908435777872
tabicl,raw,3,1000,3,False,6.6012187004089355,White,1787,0.20145495243424735,0.14863786101341248,0.15818403242934367,0.6395010900879856,0.0,0.0
tabicl,raw,3,1000,3,False,6.6012187004089355,Black men,2134,0.20290534208059982,0.1793283224105835,0.15779563359002186,0.6269576515919858,0.0005878894767783657,0.00046860356138706655
tabicl,raw,3,1000,3,False,6.6012187004089355,White men,1401,0.21199143468950749,0.15606895089149475,0.16522050676050687,0.6288976723759333,0.0,0.0
tabicl,raw,3,1000,3,False,6.6012187004089355,Black women,225,0.1288888888888889,0.1184835284948349,0.10446861072183446,0.7313511611541168,0.0,0.0
tabicl,raw,3,1000,3,False,6.6012187004089355,White women,386,0.16321243523316062,0.12166637182235718,0.13264491186468144,0.6593935819942012,0.0,0.0
tabicl,raw,3,1000,4,False,6.593578338623047,All,4146,0.19826338639652677,0.1919674277305603,0.15507325529181573,0.6353009228760237,0.00421179302045728,0.00482392667631452
tabicl,raw,3,1000,4,False,6.593578338623047,Men,3535,0.2065063649222065,0.1974526047706604,0.16134626563715931,0.6215761971039973,0.004634581105169341,0.005374823196605375
tabicl,raw,3,1000,4,False,6.593578338623047,Women,611,0.15057283142389524,0.16023249924182892,0.11878014306466429,0.7067311719862612,0.0019267822736030828,0.0016366612111292963
tabicl,raw,3,1000,4,False,6.593578338623047,Black,2359,0.19584569732937684,0.20062217116355896,0.15454544839037698,0.6288306667853321,0.005798629414865577,0.0072064434082238235
tabicl,raw,3,1000,4,False,6.593578338623047,White,1787,0.20145495243424735,0.18054240942001343,0.15577000765918791,0.6462022113213424,0.002102312543798178,0.0016787912702853946
tabicl,raw,3,1000,4,False,6.593578338623047,Black men,2134,0.20290534208059982,0.20575328171253204,0.15964484829327152,0.6182411378716228,0.005878894767783657,0.007497656982193065
tabicl,raw,3,1000,4,False,6.593578338623047,White men,1401,0.21199143468950749,0.18480901420116425,0.1639378606491911,0.6302151954325868,0.002717391304347826,0.0021413276231263384
tabicl,raw,3,1000,4,False,6.593578338623047,Black women,225,0.1288888888888889,0.15195642411708832,0.1061804733113682,0.7109429978888108,0.00510204081632653,0.0044444444444444444
tabicl,raw,3,1000,4,False,6.593578338623047,White women,386,0.16321243523316062,0.16505661606788635,0.1261245101488395,0.7020983832129343,0.0,0.0
tabicl,raw,3,1000,5,False,6.606188535690308,All,4146,0.19826338639652677,0.17590099573135376,0.1547704617211555,0.640389257805066,0.003309265944645006,0.00482392667631452
tabicl,raw,3,1000,5,False,6.606188535690308,Men,3535,0.2065063649222065,0.17923226952552795,0.16104549328382903,0.6287253681049008,0.0032085561497326204,0.004243281471004243
tabicl,raw,3,1000,5,False,6.606188535690308,Women,611,0.15057283142389524,0.1566275954246521,0.11846565554431296,0.7047206165703276,0.0038535645472061657,0.008183306055646482
tabicl,raw,3,1000,5,False,6.606188535690308,Black,2359,0.19584569732937684,0.1819656789302826,0.15525986815599443,0.6225339850801105,0.0031628887717448603,0.0046629927935565915
tabicl,raw,3,1000,5,False,6.606188535690308,White,1787,0.20145495243424735,0.16789507865905762,0.15412440140790146,0.664482597523943,0.00350385423966363,0.005036373810856184
tabicl,raw,3,1000,5,False,6.606188535690308,Black men,2134,0.20290534208059982,0.18545302748680115,0.16050220954493022,0.6123439139862028,0.0029394473838918285,0.004686035613870665
tabicl,raw,3,1000,5,False,6.606188535690308,White men,1401,0.21199143468950749,0.16975679993629456,0.16187302183401459,0.6546991655687308,0.0036231884057971015,0.0035688793718772305
tabicl,raw,3,1000,5,False,6.606188535690308,Black women,225,0.1288888888888889,0.14889006316661835,0.10553917249382105,0.7095355383532722,0.00510204081632653,0.0044444444444444444
tabicl,raw,3,1000,5,False,6.606188535690308,White women,386,0.16321243523316062,0.16113781929016113,0.12600052260742348,0.7009189640768587,0.0030959752321981426,0.010362694300518135
tabicl,raw,3,1000,6,False,6.604486465454102,All,4146,0.19826338639652677,0.18330463767051697,0.15551307217188787,0.6288029841219649,0.003309265944645006,0.003376748673420164
tabicl,raw,3,1000,6,False,6.604486465454102,Men,3535,0.2065063649222065,0.18657347559928894,0.1617641429080373,0.6126505994676825,0.00392156862745098,0.0039603960396039604
tabicl,raw,3,1000,6,False,6.604486465454102,Women,611,0.15057283142389524,0.16439253091812134,0.1193468936902377,0.7096632319678311,0.0,0.0
tabicl,raw,3,1000,6,False,6.604486465454102,Black,2359,0.19584569732937684,0.18710823357105255,0.15455141483758686,0.6184896635608286,0.0021085925144965737,0.002543450614667232
tabicl,raw,3,1000,6,False,6.604486465454102,White,1787,0.20145495243424735,0.17828355729579926,0.15678254595566854,0.6430857276337305,0.004905395935529082,0.004476776720761052
tabicl,raw,3,1000,6,False,6.604486465454102,Black men,2134,0.20290534208059982,0.1893707513809204,0.1596604823737027,0.607485340100172,0.0023515579071134627,0.0028116213683223993
tabicl,raw,3,1000,6,False,6.604486465454102,White men,1401,0.21199143468950749,0.18231263756752014,0.1649684338290009,0.6221728151075977,0.006340579710144928,0.005710206995003569
tabicl,raw,3,1000,6,False,6.604486465454102,Black women,225,0.1288888888888889,0.16564945876598358,0.10609474762838131,0.7007389162561576,0.0,0.0
tabicl,raw,3,1000,6,False,6.604486465454102,White women,386,0.16321243523316062,0.16365985572338104,0.12707159022888456,0.7157108457418055,0.0,0.0
tabicl,raw,3,1000,7,False,6.541393280029297,All,4146,0.19826338639652677,0.17686425149440765,0.1533531807505904,0.6494368538477079,0.0,0.0
tabicl,raw,3,1000,7,False,6.541393280029297,Men,3535,0.2065063649222065,0.18141651153564453,0.15935771626776032,0.6378631602080435,0.0,0.0
tabicl,raw,3,1000,7,False,6.541393280029297,Women,611,0.15057283142389524,0.15052662789821625,0.11861335578627678,0.7002596967412249,0.0,0.0
tabicl,raw,3,1000,7,False,6.541393280029297,Black,2359,0.19584569732937684,0.18416091799736023,0.15279124778053554,0.6383849413633284,0.0,0.0
tabicl,raw,3,1000,7,False,6.541393280029297,White,1787,0.20145495243424735,0.1672319769859314,0.1540949825840316,0.6661955929300006,0.0,0.0
tabicl,raw,3,1000,7,False,6.541393280029297,Black men,2134,0.20290534208059982,0.18730933964252472,0.15788598283927083,0.6291333857410326,0.0,0.0
tabicl,raw,3,1000,7,False,6.541393280029297,White men,1401,0.21199143468950749,0.1724405735731125,0.16159945726447453,0.6533450446493925,0.0,0.0
tabicl,raw,3,1000,7,False,6.541393280029297,Black women,225,0.1288888888888889,0.15429985523223877,0.10447051615679735,0.7049612948627727,0.0,0.0
tabicl,raw,3,1000,7,False,6.541393280029297,White women,386,0.16321243523316062,0.14832723140716553,0.12685723898998888,0.7001818271168115,0.0,0.0
tabicl,raw,3,1000,8,False,6.585329294204712,All,4146,0.19826338639652677,0.17199426889419556,0.15288803083459712,0.6686563619009138,0.016245487364620937,0.01881331403762663
tabicl,raw,3,1000,8,False,6.585329294204712,Men,3535,0.2065063649222065,0.18692417442798615,0.15766149393672574,0.6622740702756819,0.019251336898395723,0.022065063649222064
tabicl,raw,3,1000,8,False,6.585329294204712,Women,611,0.15057283142389524,0.08561588078737259,0.12527069521098894,0.7216009047499371,0.0,0.0
tabicl,raw,3,1000,8,False,6.585329294204712,Black,2359,0.19584569732937684,0.1802481710910797,0.1535837481852098,0.6517747320330346,0.018977332630469163,0.022467147096227214
tabicl,raw,3,1000,8,False,6.585329294204712,White,1787,0.20145495243424735,0.1610983908176422,0.15196962164036362,0.6918671649926029,0.012613875262789068,0.013989927252378288
tabicl,raw,3,1000,8,False,6.585329294204712,Black men,2134,0.20290534208059982,0.19073912501335144,0.15836114864015483,0.641548308086671,0.021164021164021163,0.02483598875351453
tabicl,raw,3,1000,8,False,6.585329294204712,White men,1401,0.21199143468950749,0.18111324310302734,0.15659578149053183,0.6939747718733227,0.016304347826086956,0.017844396859386154
tabicl,raw,3,1000,8,False,6.585329294204712,Black women,225,0.1288888888888889,0.08074723929166794,0.10827275898142005,0.7336382828993666,0.0,0.0
tabicl,raw,3,1000,8,False,6.585329294204712,White women,386,0.16321243523316062,0.08845380693674088,0.1351788186608672,0.7148262813897489,0.0,0.0
tabicl,raw,3,1000,9,False,6.561974763870239,All,4146,0.19826338639652677,0.17819109559059143,0.15383371031476065,0.6415538324827766,0.0,0.0
tabicl,raw,3,1000,9,False,6.561974763870239,Men,3535,0.2065063649222065,0.18437334895133972,0.15932086526991596,0.6325209386369741,0.0,0.0
tabicl,raw,3,1000,9,False,6.561974763870239,Women,611,0.15057283142389524,0.14242301881313324,0.12208724097519603,0.6679023205160426,0.0,0.0
tabicl,raw,3,1000,9,False,6.561974763870239,Black,2359,0.19584569732937684,0.1860019415616989,0.15373047014398714,0.6251531810308827,0.0,0.0
tabicl,raw,3,1000,9,False,6.561974763870239,White,1787,0.20145495243424735,0.16788004338741302,0.15396999658384553,0.6662539905006618,0.0,0.0
tabicl,raw,3,1000,9,False,6.561974763870239,Black men,2134,0.20290534208059982,0.19086965918540955,0.15853303565336818,0.6168481249312658,0.0,0.0
tabicl,raw,3,1000,9,False,6.561974763870239,White men,1401,0.21199143468950749,0.1744781881570816,0.16052088554237343,0.6595361830869076,0.0,0.0
tabicl,raw,3,1000,9,False,6.561974763870239,Black women,225,0.1288888888888889,0.13983432948589325,0.10818080437945772,0.6569317382125263,0.0,0.0
tabicl,raw,3,1000,9,False,6.561974763870239,White women,386,0.16321243523316062,0.14393198490142822,0.13019332448307455,0.6728094746670598,0.0,0.0
tabicl,raw,3,2000,0,False,8.798828840255737,All,4146,0.19826338639652677,0.17238488793373108,0.15112901708759674,0.6674304841878427,0.00030084235860409147,0.000241196333815726
tabicl,raw,3,2000,0,False,8.798828840255737,Men,3535,0.2065063649222065,0.17749160528182983,0.15698227841272389,0.6556354845798842,0.00035650623885918,0.0002828854314002829
tabicl,raw,3,2000,0,False,8.798828840255737,Women,611,0.15057283142389524,0.14283956587314606,0.11726440369263026,0.7218941107480941,0.0,0.0
tabicl,raw,3,2000,0,False,8.798828840255737,Black,2359,0.19584569732937684,0.17804798483848572,0.15079972884324602,0.6550214852797878,0.0,0.0
tabicl,raw,3,2000,0,False,8.798828840255737,White,1787,0.20145495243424735,0.16490910947322845,0.15156370705313857,0.6846511718445847,0.000700770847932726,0.0005595970900951316
tabicl,raw,3,2000,0,False,8.798828840255737,Black men,2134,0.20290534208059982,0.18256816267967224,0.15580758092815306,0.6451781522348624,0.0,0.0
tabicl,raw,3,2000,0,False,8.798828840255737,White men,1401,0.21199143468950749,0.16975897550582886,0.15877157493811586,0.6728974527887571,0.0009057971014492754,0.0007137758743754461
tabicl,raw,3,2000,0,False,8.798828840255737,Black women,225,0.1288888888888889,0.1351766586303711,0.10330303395795029,0.7220267417311753,0.0,0.0
tabicl,raw,3,2000,0,False,8.798828840255737,White women,386,0.16321243523316062,0.14730627834796906,0.1254025078125862,0.7197896702540665,0.0,0.0
tabicl,raw,3,2000,1,False,8.98720645904541,All,4146,0.19826338639652677,0.17632997035980225,0.14995921999349135,0.6774093373855555,0.0,0.0
tabicl,raw,3,2000,1,False,8.98720645904541,Men,3535,0.2065063649222065,0.18207697570323944,0.15549949007948136,0.6675979781700975,0.0,0.0
tabicl,raw,3,2000,1,False,8.98720645904541,Women,611,0.15057283142389524,0.1430801898241043,0.1179054478920597,0.7179358297729748,0.0,0.0
tabicl,raw,3,2000,1,False,8.98720645904541,Black,2359,0.19584569732937684,0.18466322124004364,0.14951291999548977,0.6667956011656592,0.0,0.0
tabicl,raw,3,2000,1,False,8.98720645904541,White,1787,0.20145495243424735,0.16532936692237854,0.15054837595056225,0.6931227127618159,0.0,0.0
tabicl,raw,3,2000,1,False,8.98720645904541,Black men,2134,0.20290534208059982,0.18966332077980042,0.15437330737534588,0.6572088419663478,0.0,0.0
tabicl,raw,3,2000,1,False,8.98720645904541,White men,1401,0.21199143468950749,0.17052148282527924,0.15721488900212596,0.6854993168398966,0.0,0.0
tabicl,raw,3,2000,1,False,8.98720645904541,Black women,225,0.1288888888888889,0.13724006712436676,0.10341484591276522,0.724841660802252,0.0,0.0
tabicl,raw,3,2000,1,False,8.98720645904541,White women,386,0.16321243523316062,0.14648441970348358,0.12635204231004224,0.7128114403656199,0.0,0.0
tabicl,raw,3,2000,2,False,9.038073539733887,All,4146,0.19826338639652677,0.17743149399757385,0.15379711198577187,0.6414804518344795,0.0009025270758122744,0.00120598166907863
tabicl,raw,3,2000,2,False,9.038073539733887,Men,3535,0.2065063649222065,0.18276473879814148,0.15945433209728008,0.6311513198056309,0.0010695187165775401,0.0014144271570014145
tabicl,raw,3,2000,2,False,9.038073539733887,Women,611,0.15057283142389524,0.14657548069953918,0.1210667141229544,0.686081092401776,0.0,0.0
tabicl,raw,3,2000,2,False,9.038073539733887,Black,2359,0.19584569732937684,0.18632814288139343,0.15295029481988656,0.6333616304623156,0.0015814443858724301,0.001695633743111488
tabicl,raw,3,2000,2,False,9.038073539733887,White,1787,0.20145495243424735,0.16568714380264282,0.15491498646496807,0.6557930390095773,0.0,0.0005595970900951316
tabicl,raw,3,2000,2,False,9.038073539733887,Black men,2134,0.20290534208059982,0.19099505245685577,0.1578517712186181,0.6238702135545862,0.001763668430335097,0.0018744142455482662
tabicl,raw,3,2000,2,False,9.038073539733887,White men,1401,0.21199143468950749,0.17022833228111267,0.1618953491672763,0.6466842336407553,0.0,0.0007137758743754461
tabicl,raw,3,2000,2,False,9.038073539733887,Black women,225,0.1288888888888889,0.14206498861312866,0.10646251422036127,0.6831456720619282,0.0,0.0
tabicl,raw,3,2000,2,False,9.038073539733887,White women,386,0.16321243523316062,0.14920462667942047,0.12957952494700478,0.6850459482038429,0.0,0.0
tabicl,raw,3,2000,3,False,8.837530136108398,All,4146,0.19826338639652677,0.16924811899662018,0.1516477040905493,0.6667825019543774,0.00030084235860409147,0.000241196333815726
tabicl,raw,3,2000,3,False,8.837530136108398,Men,3535,0.2065063649222065,0.1769011914730072,0.1573377598137744,0.6535162259175151,0.00035650623885918,0.0002828854314002829
tabicl,raw,3,2000,3,False,8.837530136108398,Women,611,0.15057283142389524,0.12497060745954514,0.11872733259856764,0.7260827678646226,0.0,0.0
tabicl,raw,3,2000,3,False,8.837530136108398,Black,2359,0.19584569732937684,0.17784248292446136,0.15028457651458924,0.6617700082381157,0.0005271481286241434,0.000423908435777872
tabicl,raw,3,2000,3,False,8.837530136108398,White,1787,0.20145495243424735,0.1579028218984604,0.1534471545391725,0.6768823483609748,0.0,0.0
tabicl,raw,3,2000,3,False,8.837530136108398,Black men,2134,0.20290534208059982,0.18385781347751617,0.15537382442994932,0.6489668487359018,0.0005878894767783657,0.00046860356138706655
tabicl,raw,3,2000,3,False,8.837530136108398,White men,1401,0.21199143468950749,0.16630487143993378,0.16032922170462574,0.6637723856926755,0.0,0.0
tabicl,raw,3,2000,3,False,8.837530136108398,Black women,225,0.1288888888888889,0.12079040706157684,0.10201588739735182,0.7591484869809993,0.0,0.0
tabicl,raw,3,2000,3,False,8.837530136108398,White women,386,0.16321243523316062,0.1274072527885437,0.12846845998269604,0.7098628925254311,0.0,0.0
tabicl,raw,3,2000,4,False,8.807714700698853,All,4146,0.19826338639652677,0.1840098649263382,0.15035958926815907,0.6743780395325891,0.0015042117930204573,0.00241196333815726
tabicl,raw,3,2000,4,False,8.807714700698853,Men,3535,0.2065063649222065,0.18962882459163666,0.15621054300819495,0.6619490635606671,0.0017825311942959,0.002828854314002829
tabicl,raw,3,2000,4,False,8.807714700698853,Women,611,0.15057283142389524,0.1515008509159088,0.11650832663145386,0.7387743989277038,0.0,0.0
tabicl,raw,3,2000,4,False,8.807714700698853,Black,2359,0.19584569732937684,0.187691330909729,0.14979328154682736,0.6673934921167394,0.0015814443858724301,0.002543450614667232
tabicl,raw,3,2000,4,False,8.807714700698853,White,1787,0.20145495243424735,0.17915000021457672,0.1511071661649814,0.6844195281476291,0.001401541695865452,0.002238388360380526
tabicl,raw,3,2000,4,False,8.807714700698853,Black men,2134,0.20290534208059982,0.19282004237174988,0.15476150547401393,0.6572183459532702,0.001763668430335097,0.0028116213683223993
tabicl,raw,3,2000,4,False,8.807714700698853,White men,1401,0.21199143468950749,0.184767946600914,0.1584177136705378,0.6701007661152589,0.0018115942028985507,0.0028551034975017845
tabicl,raw,3,2000,4,False,8.807714700698853,Black women,225,0.1288888888888889,0.13904833793640137,0.10267243772186661,0.7463054187192119,0.0,0.0
tabicl,raw,3,2000,4,False,8.807714700698853,White women,386,0.16321243523316062,0.1587594598531723,0.12457328778341535,0.732468425966878,0.0,0.0
tabicl,raw,3,2000,5,False,8.952173471450806,All,4146,0.19826338639652677,0.185887411236763,0.1514367537970723,0.6616518953800568,0.0009025270758122744,0.00120598166907863
tabicl,raw,3,2000,5,False,8.952173471450806,Men,3535,0.2065063649222065,0.19418327510356903,0.1572451262415531,0.6498051424804043,0.0010695187165775401,0.0014144271570014145
tabicl,raw,3,2000,5,False,8.952173471450806,Women,611,0.15057283142389524,0.13789083063602448,0.11783184939242469,0.7091605931138478,0.0,0.0
tabicl,raw,3,2000,5,False,8.952173471450806,Black,2359,0.19584569732937684,0.1919204741716385,0.15209506087182934,0.6429798017831756,0.0005271481286241434,0.000847816871555744
tabicl,raw,3,2000,5,False,8.952173471450806,White,1787,0.20145495243424735,0.17792323231697083,0.15056772951651726,0.6877209374756676,0.001401541695865452,0.0016787912702853946
tabicl,raw,3,2000,5,False,8.952173471450806,Black men,2134,0.20290534208059982,0.19840656220912933,0.1571650531980648,0.6318216563276866,0.0005878894767783657,0.0009372071227741331
tabicl,raw,3,2000,5,False,8.952173471450806,White men,1401,0.21199143468950749,0.18775036931037903,0.157367093318501,0.6779083101546869,0.0018115942028985507,0.0021413276231263384
tabicl,raw,3,2000,5,False,8.952173471450806,Black women,225,0.1288888888888889,0.13040338456630707,0.10400900031988906,0.7149894440534834,0.0,0.0
tabicl,raw,3,2000,5,False,8.952173471450806,White women,386,0.16321243523316062,0.1422552764415741,0.12588920960309963,0.7039166543810507,0.0,0.0
tabicl,raw,3,2000,6,False,8.881468534469604,All,4146,0.19826338639652677,0.17482152581214905,0.1503653037830866,0.6763276590511828,0.0009025270758122744,0.000964785335262904
tabicl,raw,3,2000,6,False,8.881468534469604,Men,3535,0.2065063649222065,0.17931289970874786,0.15605721422176955,0.6645735355163236,0.0010695187165775401,0.0011315417256011315
tabicl,raw,3,2000,6,False,8.881468534469604,Women,611,0.15057283142389524,0.14883629977703094,0.11743420165420904,0.7300201055541594,0.0,0.0
tabicl,raw,3,2000,6,False,8.881468534469604,Black,2359,0.19584569732937684,0.17707327008247375,0.14912222857321553,0.6705974573660394,0.0005271481286241434,0.000847816871555744
tabicl,raw,3,2000,6,False,8.881468534469604,White,1787,0.20145495243424735,0.17184904217720032,0.15200627435951963,0.6836525733862805,0.001401541695865452,0.001119194180190263
tabicl,raw,3,2000,6,False,8.881468534469604,Black men,2134,0.20290534208059982,0.1808963119983673,0.15379586133583115,0.6625745214403157,0.0005878894767783657,0.0009372071227741331
tabicl,raw,3,2000,6,False,8.881468534469604,White men,1401,0.21199143468950749,0.17690104246139526,0.1595017017725136,0.6678012004098961,0.0018115942028985507,0.0014275517487508922
tabicl,raw,3,2000,6,False,8.881468534469604,Black women,225,0.1288888888888889,0.14081387221813202,0.10479541828245209,0.7169247009148487,0.0,0.0
tabicl,raw,3,2000,6,False,8.881468534469604,White women,386,0.16321243523316062,0.1535126119852066,0.12480136812738343,0.7336969875669566,0.0,0.0
tabicl,raw,3,2000,7,False,8.83865237236023,All,4146,0.19826338639652677,0.17675557732582092,0.15126694541024788,0.6701988194682338,0.0036101083032490976,0.003376748673420164
tabicl,raw,3,2000,7,False,8.83865237236023,Men,3535,0.2065063649222065,0.18318840861320496,0.15677356448278068,0.6603892266744804,0.0042780748663101605,0.0039603960396039604
tabicl,raw,3,2000,7,False,8.83865237236023,Women,611,0.15057283142389524,0.13953770697116852,0.11940786452415389,0.7084275781184554,0.0,0.0
tabicl,raw,3,2000,7,False,8.83865237236023,Black,2359,0.19584569732937684,0.1840263307094574,0.15073094291508096,0.6615418055850317,0.004744333157617291,0.0038151759220008477
tabicl,raw,3,2000,7,False,8.83865237236023,White,1787,0.20145495243424735,0.16715756058692932,0.15197451669513815,0.6831484076929066,0.002102312543798178,0.0027979854504756574
tabicl,raw,3,2000,7,False,8.83865237236023,Black men,2134,0.20290534208059982,0.18861229717731476,0.15554363444591407,0.6524317308253669,0.005291005291005291,0.004217432052483599
tabicl,raw,3,2000,7,False,8.83865237236023,White men,1401,0.21199143468950749,0.17492681741714478,0.1586469911056739,0.6739892890255209,0.002717391304347826,0.0035688793718772305
tabicl,raw,3,2000,7,False,8.83865237236023,Black women,225,0.1288888888888889,0.14053091406822205,0.10508523746264586,0.7153413089373681,0.0,0.0
tabicl,raw,3,2000,7,False,8.83865237236023,White women,386,0.16321243523316062,0.13895876705646515,0.12775654610145776,0.705734925549167,0.0,0.0
tabicl,raw,3,2000,8,False,8.884005546569824,All,4146,0.19826338639652677,0.1783321499824524,0.15005068714779607,0.6777641630141038,0.0036101083032490976,0.004100337674867342
tabicl,raw,3,2000,8,False,8.884005546569824,Men,3535,0.2065063649222065,0.19040465354919434,0.1551492643518122,0.6687690767465143,0.0042780748663101605,0.004809052333804809
tabicl,raw,3,2000,8,False,8.884005546569824,Women,611,0.15057283142389524,0.10848560929298401,0.1205523722276701,0.7225852391723214,0.0,0.0
tabicl,raw,3,2000,8,False,8.884005546569824,Black,2359,0.19584569732937684,0.18766964972019196,0.15039309659156938,0.6622418172233671,0.004217185028993147,0.0046629927935565915
tabicl,raw,3,2000,8,False,8.884005546569824,White,1787,0.20145495243424735,0.16600582003593445,0.1495986760242028,0.7003640115237874,0.002803083391730904,0.003357582540570789
tabicl,raw,3,2000,8,False,8.884005546569824,Black men,2134,0.20290534208059982,0.19670066237449646,0.15528602529218655,0.6510081693556162,0.004703115814226925,0.005154639175257732
tabicl,raw,3,2000,8,False,8.884005546569824,White men,1401,0.21199143468950749,0.18081456422805786,0.1549409503998073,0.6968355048065193,0.0036231884057971015,0.004282655246252677
tabicl,raw,3,2000,8,False,8.884005546569824,Black women,225,0.1288888888888889,0.10201554745435715,0.10398638615993801,0.7288881069669246,0.0,0.0
tabicl,raw,3,2000,8,False,8.884005546569824,White women,386,0.16321243523316062,0.11225701123476028,0.1302087112567886,0.7165954100938621,0.0,0.0
tabicl,raw,3,2000,9,False,8.94703984260559,All,4146,0.19826338639652677,0.17475628852844238,0.14964364423289578,0.6831848152930394,0.00030084235860409147,0.000241196333815726
tabicl,raw,3,2000,9,False,8.94703984260559,Men,3535,0.2065063649222065,0.1817462295293808,0.1551503360510874,0.6726422972675994,0.00035650623885918,0.0002828854314002829
tabicl,raw,3,2000,9,False,8.94703984260559,Women,611,0.15057283142389524,0.13431519269943237,0.11778414246970838,0.7226480690290693,0.0,0.0
tabicl,raw,3,2000,9,False,8.94703984260559,Black,2359,0.19584569732937684,0.18204334378242493,0.14870007034395039,0.6751900357593558,0.0005271481286241434,0.000423908435777872
tabicl,raw,3,2000,9,False,8.94703984260559,White,1787,0.20145495243424735,0.1651366800069809,0.15088924624969607,0.6960464844662463,0.0,0.0
tabicl,raw,3,2000,9,False,8.94703984260559,Black men,2134,0.20290534208059982,0.18758831918239594,0.15346039249106658,0.6656728211770552,0.0005878894767783657,0.00046860356138706655
tabicl,raw,3,2000,9,False,8.94703984260559,White men,1401,0.21199143468950749,0.17284756898880005,0.1577244542217402,0.6857646513443615,0.0,0.0
tabicl,raw,3,2000,9,False,8.94703984260559,Black women,225,0.1288888888888889,0.12945231795310974,0.10355105940196839,0.7311752287121744,0.0,0.0
tabicl,raw,3,2000,9,False,8.94703984260559,White women,386,0.16321243523316062,0.13714975118637085,0.12608062871385733,0.7164971251658558,0.0,0.0
tabicl,raw,3,4000,0,False,13.936750411987305,All,4146,0.19826338639652677,0.17378555238246918,0.14939279927523982,0.686053065371361,0.0009025270758122744,0.000723589001447178
tabicl,raw,3,4000,0,False,13.936750411987305,Men,3535,0.2065063649222065,0.18138077855110168,0.15492010797988182,0.674817962054062,0.0010695187165775401,0.0008486562942008486
tabicl,raw,3,4000,0,False,13.936750411987305,Women,611,0.15057283142389524,0.12984266877174377,0.11741401650779383,0.7265435201474408,0.0,0.0
tabicl,raw,3,4000,0,False,13.936750411987305,Black,2359,0.19584569732937684,0.18252389132976532,0.14838010864756487,0.6779216215167717,0.0005271481286241434,0.000423908435777872
tabicl,raw,3,4000,0,False,13.936750411987305,White,1787,0.20145495243424735,0.16225017607212067,0.1507296415755673,0.7005645098497236,0.001401541695865452,0.001119194180190263
tabicl,raw,3,4000,0,False,13.936750411987305,Black men,2134,0.20290534208059982,0.18870949745178223,0.15333883924766933,0.6669802982351097,0.0005878894767783657,0.00046860356138706655
tabicl,raw,3,4000,0,False,13.936750411987305,White men,1401,0.21199143468950749,0.17021766304969788,0.15732869290103915,0.6906901136973601,0.0018115942028985507,0.0014275517487508922
tabicl,raw,3,4000,0,False,13.936750411987305,Black women,225,0.1288888888888889,0.12385676056146622,0.10134930375590705,0.735045742434905,0.0,0.0
tabicl,raw,3,4000,0,False,13.936750411987305,White women,386,0.16321243523316062,0.13333186507225037,0.12677816254192473,0.7195439579340509,0.0,0.0
tabicl,raw,3,4000,1,False,13.996281862258911,All,4146,0.19826338639652677,0.17245285212993622,0.14945699231940787,0.6877053194199233,0.0024067388688327317,0.002170767004341534
tabicl,raw,3,4000,1,False,13.996281862258911,Men,3535,0.2065063649222065,0.18072490394115448,0.15475713005656205,0.678519034014602,0.00285204991087344,0.002545968882602546
tabicl,raw,3,4000,1,False,13.996281862258911,Women,611,0.15057283142389524,0.12459403276443481,0.11879252930657633,0.7225642958867388,0.0,0.0
tabicl,raw,3,4000,1,False,13.996281862258911,Black,2359,0.19584569732937684,0.18112242221832275,0.14926896353711405,0.6754199499323379,0.0031628887717448603,0.002543450614667232
tabicl,raw,3,4000,1,False,13.996281862258911,White,1787,0.20145495243424735,0.16100823879241943,0.14970520714729313,0.7058864751226348,0.001401541695865452,0.0016787912702853946
tabicl,raw,3,4000,1,False,13.996281862258911,Black men,2134,0.20290534208059982,0.18786023557186127,0.1541291848464604,0.6652227395106534,0.003527336860670194,0.0028116213683223993
tabicl,raw,3,4000,1,False,13.996281862258911,White men,1401,0.21199143468950749,0.16985639929771423,0.15571361476630993,0.700501390718782,0.0018115942028985507,0.0021413276231263384
tabicl,raw,3,4000,1,False,13.996281862258911,Black women,225,0.1288888888888889,0.1172180324792862,0.10317246454091339,0.7419071076706545,0.0,0.0
tabicl,raw,3,4000,1,False,13.996281862258911,White women,386,0.16321243523316062,0.12889349460601807,0.12789748933837466,0.7121725883335791,0.0,0.0
tabicl,raw,3,4000,2,False,14.053543329238892,All,4146,0.19826338639652677,0.18017475306987762,0.14876028292983923,0.6860320210457895,0.0006016847172081829,0.000723589001447178
tabicl,raw,3,4000,2,False,14.053543329238892,Men,3535,0.2065063649222065,0.18602189421653748,0.1539837487426103,0.6771550313774327,0.00071301247771836,0.0008486562942008486
tabicl,raw,3,4000,2,False,14.053543329238892,Women,611,0.15057283142389524,0.1463456004858017,0.11853941280194104,0.7227527854569824,0.0,0.0
tabicl,raw,3,4000,2,False,14.053543329238892,Black,2359,0.19584569732937684,0.18638071417808533,0.14852965814471927,0.672633025031549,0.0005271481286241434,0.000423908435777872
tabicl,raw,3,4000,2,False,14.053543329238892,White,1787,0.20145495243424735,0.1719823181629181,0.14906472829531092,0.7049229152067273,0.000700770847932726,0.001119194180190263
tabicl,raw,3,4000,2,False,14.053543329238892,Black men,2134,0.20290534208059982,0.19129624962806702,0.15326337850220048,0.6629899814400713,0.0005878894767783657,0.00046860356138706655
tabicl,raw,3,4000,2,False,14.053543329238892,White men,1401,0.21199143468950749,0.1779879927635193,0.1550810150474173,0.6997663836431953,0.0009057971014492754,0.0014275517487508922
tabicl,raw,3,4000,2,False,14.053543329238892,Black women,225,0.1288888888888889,0.1397596001625061,0.10363295039865322,0.735045742434905,0.0,0.0
tabicl,raw,3,4000,2,False,14.053543329238892,White women,386,0.16321243523316062,0.15018457174301147,0.12722841290748446,0.7135485773256671,0.0,0.0
tabicl,raw,3,4000,3,False,13.864741802215576,All,4146,0.19826338639652677,0.16689540445804596,0.14983665276198924,0.6873279855127202,0.0015042117930204573,0.001929570670525808
tabicl,raw,3,4000,3,False,13.864741802215576,Men,3535,0.2065063649222065,0.17326784133911133,0.1552164559955261,0.6771105901887529,0.0017825311942959,0.002263083451202263
tabicl,raw,3,4000,3,False,13.864741802215576,Women,611,0.15057283142389524,0.1300268918275833,0.11871127726190285,0.7229412750272263,0.0,0.0
tabicl,raw,3,4000,3,False,13.864741802215576,Black,2359,0.19584569732937684,0.17243865132331848,0.14880169475812494,0.6790592117423957,0.0010542962572482868,0.001271725307333616
tabicl,raw,3,4000,3,False,13.864741802215576,White,1787,0.20145495243424735,0.15957781672477722,0.15120288999260814,0.6992116327960756,0.002102312543798178,0.0027979854504756574
tabicl,raw,3,4000,3,False,13.864741802215576,Black men,2134,0.20290534208059982,0.17752470076084137,0.1537432166368887,0.6669762250978571,0.0011757789535567313,0.0014058106841611997
tabicl,raw,3,4000,3,False,13.864741802215576,White men,1401,0.21199143468950749,0.16678385436534882,0.15746049082160188,0.6929378324305862,0.002717391304347826,0.0035688793718772305
tabicl,raw,3,4000,3,False,13.864741802215576,Black women,225,0.1288888888888889,0.12420030683279037,0.10193410502798286,0.7595003518648838,0.0,0.0
tabicl,raw,3,4000,3,False,13.864741802215576,White women,386,0.16321243523316062,0.13342322409152985,0.1284907170355609,0.7042115091650696,0.0,0.0
tabicl,raw,3,4000,4,False,13.773344993591309,All,4146,0.19826338639652677,0.1816926747560501,0.14822488512154935,0.6898296983378276,0.002707581227436823,0.003135552339604438
tabicl,raw,3,4000,4,False,13.773344993591309,Men,3535,0.2065063649222065,0.1905207484960556,0.1535191118888286,0.67952506531878,0.0032085561497326204,0.0036775106082036777
tabicl,raw,3,4000,4,False,13.773344993591309,Women,611,0.15057283142389524,0.13061712682247162,0.11759462060054782,0.7416436290525257,0.0,0.0
tabicl,raw,3,4000,4,False,13.773344993591309,Black,2359,0.19584569732937684,0.1888531744480133,0.14682336813668087,0.6851425239669836,0.002635740643120717,0.0038151759220008477
tabicl,raw,3,4000,4,False,13.773344993591309,White,1787,0.20145495243424735,0.17224018275737762,0.15007501302714807,0.6989352176282799,0.002803083391730904,0.002238388360380526
tabicl,raw,3,4000,4,False,13.773344993591309,Black men,2134,0.20290534208059982,0.19561165571212769,0.15154032891950578,0.6754055826419183,0.0029394473838918285,0.004217432052483599
tabicl,raw,3,4000,4,False,13.773344993591309,White men,1401,0.21199143468950749,0.18276627361774445,0.15653318958799695,0.6879727223930123,0.0036231884057971015,0.0028551034975017845
tabicl,raw,3,4000,4,False,13.773344993591309,Black women,225,0.1288888888888889,0.12475278228521347,0.10208561564535497,0.7675932441942294,0.0,0.0
tabicl,raw,3,4000,4,False,13.773344993591309,White women,386,0.16321243523316062,0.13403543829917908,0.12663484369619132,0.728389601454617,0.0,0.0
tabicl,raw,3,4000,5,False,13.770018100738525,All,4146,0.19826338639652677,0.16879603266716003,0.15008304680951312,0.6822374546540532,0.0015042117930204573,0.00120598166907863
tabicl,raw,3,4000,5,False,13.770018100738525,Men,3535,0.2065063649222065,0.17774909734725952,0.15542279684065294,0.6721207237565013,0.0017825311942959,0.0014144271570014145
tabicl,raw,3,4000,5,False,13.770018100738525,Women,611,0.15057283142389524,0.11699717491865158,0.11918940301232955,0.7270461590014242,0.0,0.0
tabicl,raw,3,4000,5,False,13.770018100738525,Black,2359,0.19584569732937684,0.17631827294826508,0.1497196412568201,0.6674071842759245,0.0015814443858724301,0.001271725307333616
tabicl,raw,3,4000,5,False,13.770018100738525,White,1787,0.20145495243424735,0.1588660031557083,0.15056277467677837,0.703834773806743,0.001401541695865452,0.001119194180190263
tabicl,raw,3,4000,5,False,13.770018100738525,Black men,2134,0.20290534208059982,0.18324297666549683,0.15455512798673665,0.6566603261496768,0.001763668430335097,0.0014058106841611997
tabicl,raw,3,4000,5,False,13.770018100738525,White men,1401,0.21199143468950749,0.16938085854053497,0.15674442805711072,0.6965152735080271,0.0018115942028985507,0.0014275517487508922
tabicl,raw,3,4000,5,False,13.770018100738525,Black women,225,0.1288888888888889,0.11064144223928452,0.10385773600507801,0.7355735397607319,0.0,0.0
tabicl,raw,3,4000,5,False,13.770018100738525,White women,386,0.16321243523316062,0.12070194631814957,0.12812625554246326,0.7207725195341295,0.0,0.0
tabicl,raw,3,4000,6,False,13.727135419845581,All,4146,0.19826338639652677,0.16845199465751648,0.14932894265798596,0.693907356657034,0.0018050541516245488,0.001929570670525808
tabicl,raw,3,4000,6,False,13.727135419845581,Men,3535,0.2065063649222065,0.1754385232925415,0.15483658055097602,0.6819705516079408,0.0021390374331550803,0.002263083451202263
tabicl,raw,3,4000,6,False,13.727135419845581,Women,611,0.15057283142389524,0.12803074717521667,0.11746396728692232,0.7466909608779426,0.0,0.0
tabicl,raw,3,4000,6,False,13.727135419845581,Black,2359,0.19584569732937684,0.1729283332824707,0.14817418497824214,0.6863012229380179,0.0010542962572482868,0.001695633743111488
tabicl,raw,3,4000,6,False,13.727135419845581,White,1787,0.20145495243424735,0.16254281997680664,0.15085332618709374,0.704880090321576,0.002803083391730904,0.002238388360380526
tabicl,raw,3,4000,6,False,13.727135419845581,Black men,2134,0.20290534208059982,0.17837855219841003,0.1528798922765075,0.6765888290137713,0.0011757789535567313,0.0018744142455482662
tabicl,raw,3,4000,6,False,13.727135419845581,White men,1401,0.21199143468950749,0.17096030712127686,0.15781700366140838,0.6911201385839068,0.0036231884057971015,0.0028551034975017845
tabicl,raw,3,4000,6,False,13.727135419845581,Black women,225,0.1288888888888889,0.1212361603975296,0.10354316553602748,0.742786769880366,0.0,0.0
tabicl,raw,3,4000,6,False,13.727135419845581,White women,386,0.16321243523316062,0.13199132680892944,0.12557842426607085,0.7450488967516831,0.0,0.0
tabicl,raw,3,4000,7,False,13.77979826927185,All,4146,0.19826338639652677,0.16816075146198273,0.14978076225623457,0.6878526296989234,0.003309265944645006,0.00361794500723589
tabicl,raw,3,4000,7,False,13.77979826927185,Men,3535,0.2065063649222065,0.17786924540996552,0.1549032698330762,0.6789304812834225,0.00392156862745098,0.004243281471004243
tabicl,raw,3,4000,7,False,13.77979826927185,Women,611,0.15057283142389524,0.11199134588241577,0.12014399583375483,0.7280095501382255,0.0,0.0
tabicl,raw,3,4000,7,False,13.77979826927185,Black,2359,0.19584569732937684,0.17690329253673553,0.14850749381377068,0.6827446845897029,0.004744333157617291,0.005086901229334464
tabicl,raw,3,4000,7,False,13.77979826927185,White,1787,0.20145495243424735,0.1566198170185089,0.15146159060305744,0.6978023047574555,0.001401541695865452,0.0016787912702853946
tabicl,raw,3,4000,7,False,13.77979826927185,Black men,2134,0.20290534208059982,0.18415451049804688,0.15326089099332868,0.6726609669899379,0.005291005291005291,0.005623242736644799
tabicl,raw,3,4000,7,False,13.77979826927185,White men,1401,0.21199143468950749,0.16829551756381989,0.1574049375304504,0.6904522275899088,0.0018115942028985507,0.0021413276231263384
tabicl,raw,3,4000,7,False,13.77979826927185,Black women,225,0.1288888888888889,0.10812950134277344,0.10342416234187365,0.748768472906404,0.0,0.0
tabicl,raw,3,4000,7,False,13.77979826927185,White women,386,0.16321243523316062,0.11424242705106735,0.12989001276555087,0.7164479827018526,0.0,0.0
tabicl,raw,3,4000,8,False,13.78188943862915,All,4146,0.19826338639652677,0.17550094425678253,0.14845766969194624,0.6945957805944234,0.0036101083032490976,0.004100337674867342
tabicl,raw,3,4000,8,False,13.78188943862915,Men,3535,0.2065063649222065,0.18630357086658478,0.15340101667562223,0.6871269504065637,0.0042780748663101605,0.004809052333804809
tabicl,raw,3,4000,8,False,13.78188943862915,Women,611,0.15057283142389524,0.11300121992826462,0.11985745432812515,0.7306065175504732,0.0,0.0
tabicl,raw,3,4000,8,False,13.78188943862915,Black,2359,0.19584569732937684,0.18326714634895325,0.1470854168219818,0.6907186557950922,0.004217185028993147,0.0046629927935565915
tabicl,raw,3,4000,8,False,13.78188943862915,White,1787,0.20145495243424735,0.165248841047287,0.1502691663456933,0.7021470840146384,0.002803083391730904,0.003357582540570789
tabicl,raw,3,4000,8,False,13.78188943862915,Black men,2134,0.20290534208059982,0.1913878470659256,0.15167190958770244,0.6818682937492279,0.004703115814226925,0.005154639175257732
tabicl,raw,3,4000,8,False,13.78188943862915,White men,1401,0.21199143468950749,0.17855924367904663,0.15603478864251788,0.6967897574781633,0.0036231884057971015,0.004282655246252677
tabicl,raw,3,4000,8,False,13.78188943862915,Black women,225,0.1288888888888889,0.10624682158231735,0.10358508099065798,0.7612596762843068,0.0,0.0
tabicl,raw,3,4000,8,False,13.78188943862915,White women,386,0.16321243523316062,0.11693836748600006,0.1293426460403793,0.7146297115337362,0.0,0.0
tabicl,raw,3,4000,9,False,13.869185447692871,All,4146,0.19826338639652677,0.16695362329483032,0.14896094537342722,0.6935254478964459,0.0018050541516245488,0.001447178002894356
tabicl,raw,3,4000,9,False,13.869185447692871,Men,3535,0.2065063649222065,0.17394915223121643,0.15426530231445948,0.6840944497350622,0.0021390374331550803,0.0016973125884016972
tabicl,raw,3,4000,9,False,13.869185447692871,Women,611,0.15057283142389524,0.12648022174835205,0.11827207174568735,0.7275487978554075,0.0,0.0
tabicl,raw,3,4000,9,False,13.869185447692871,Black,2359,0.19584569732937684,0.17473630607128143,0.14770330095947076,0.6874570693758887,0.0015814443858724301,0.001271725307333616
tabicl,raw,3,4000,9,False,13.869185447692871,White,1787,0.20145495243424735,0.15667979419231415,0.15062114860371445,0.704233823872927,0.002102312543798178,0.0016787912702853946
tabicl,raw,3,4000,9,False,13.869185447692871,Black men,2134,0.20290534208059982,0.18057779967784882,0.15240199441901378,0.6779954190783034,0.001763668430335097,0.0014058106841611997
tabicl,raw,3,4000,9,False,13.869185447692871,White men,1401,0.21199143468950749,0.16385242342948914,0.15710348864485293,0.6965366222612599,0.002717391304347826,0.0021413276231263384
tabicl,raw,3,4000,9,False,13.869185447692871,Black women,225,0.1288888888888889,0.11933283507823944,0.1031388038809607,0.7538705137227305,0.0,0.0
tabicl,raw,3,4000,9,False,13.869185447692871,White women,386,0.16321243523316062,0.13064643740653992,0.12709327710725085,0.7160057005258244,0.0,0.0
tabicl,raw,3,8000,0,False,26.23778462409973,All,4146,0.19826338639652677,0.17042753100395203,0.14721026501248952,0.706711456311248,0.0036101083032490976,0.003859141341051616
tabicl,raw,3,8000,0,False,26.23778462409973,Men,3535,0.2065063649222065,0.1800888627767563,0.1521446267678556,0.6984465118550534,0.0042780748663101605,0.004526166902404526
tabicl,raw,3,8000,0,False,26.23778462409973,Women,611,0.15057283142389524,0.11453097313642502,0.11866203456204896,0.7392770377816872,0.0,0.0
tabicl,raw,3,8000,0,False,26.23778462409973,Black,2359,0.19584569732937684,0.1787136048078537,0.14605595188642695,0.7000766760914363,0.004744333157617291,0.005086901229334464
tabicl,raw,3,8000,0,False,26.23778462409973,White,1787,0.20145495243424735,0.15948916971683502,0.14873406169093473,0.718755353110644,0.002102312543798178,0.002238388360380526
tabicl,raw,3,8000,0,False,26.23778462409973,Black men,2134,0.20290534208059982,0.1860390454530716,0.15066444043495492,0.6903485655089453,0.005291005291005291,0.005623242736644799
tabicl,raw,3,8000,0,False,26.23778462409973,White men,1401,0.21199143468950749,0.17102555930614471,0.15439924320926182,0.7131124042355926,0.002717391304347826,0.0028551034975017845
tabicl,raw,3,8000,0,False,26.23778462409973,Black women,225,0.1288888888888889,0.10923599451780319,0.10234699827505504,0.7478888106966924,0.0,0.0
tabicl,raw,3,8000,0,False,26.23778462409973,White women,386,0.16321243523316062,0.11761743575334549,0.12817209457389775,0.7320261437908495,0.0,0.0
tabicl,raw,3,8000,1,False,26.448177814483643,All,4146,0.19826338639652677,0.17053456604480743,0.1480711837015378,0.6992696338067758,0.0018050541516245488,0.002170767004341534
tabicl,raw,3,8000,1,False,26.448177814483643,Men,3535,0.2065063649222065,0.18012309074401855,0.1530368855661556,0.6914199203965521,0.0021390374331550803,0.002545968882602546
tabicl,raw,3,8000,1,False,26.448177814483643,Women,611,0.15057283142389524,0.11505930870771408,0.11934163199707952,0.7341878193851051,0.0,0.0
tabicl,raw,3,8000,1,False,26.448177814483643,Black,2359,0.19584569732937684,0.17874284088611603,0.14699206222755484,0.6925973341366066,0.0021085925144965737,0.002967359050445104
tabicl,raw,3,8000,1,False,26.448177814483643,White,1787,0.20145495243424735,0.15969893336296082,0.14949572066691313,0.7108561083858912,0.001401541695865452,0.001119194180190263
tabicl,raw,3,8000,1,False,26.448177814483643,Black men,2134,0.20290534208059982,0.18616777658462524,0.15157264494758485,0.6837548351533468,0.0023515579071134627,0.0032802249297094657
tabicl,raw,3,8000,1,False,26.448177814483643,White men,1401,0.21199143468950749,0.17091581225395203,0.15526721353191575,0.7052225150051238,0.0018115942028985507,0.0014275517487508922
tabicl,raw,3,8000,1,False,26.448177814483643,Black women,225,0.1288888888888889,0.10832127928733826,0.10354777989624789,0.7447220267417312,0.0,0.0
tabicl,raw,3,8000,1,False,26.448177814483643,White women,386,0.16321243523316062,0.11898691207170486,0.12854789293668345,0.7257359083984471,0.0,0.0
tabicl,raw,3,8000,2,False,26.247562885284424,All,4146,0.19826338639652677,0.1730661392211914,0.14776468997410042,0.6995809068310979,0.002707581227436823,0.004100337674867342
tabicl,raw,3,8000,2,False,26.247562885284424,Men,3535,0.2065063649222065,0.18247926235198975,0.1526958134435947,0.6919143896662027,0.0032085561497326204,0.004809052333804809
tabicl,raw,3,8000,2,False,26.247562885284424,Women,611,0.15057283142389524,0.11860569566488266,0.11923519494192006,0.7349627209516628,0.0,0.0
tabicl,raw,3,8000,2,False,26.247562885284424,Black,2359,0.19584569732937684,0.1810065507888794,0.14687822912782472,0.6907106687022344,0.0031628887717448603,0.005510809665112336
tabicl,raw,3,8000,2,False,26.247562885284424,White,1787,0.20145495243424735,0.162584125995636,0.14893489766092996,0.7136445923849568,0.002102312543798178,0.002238388360380526
tabicl,raw,3,8000,2,False,26.247562885284424,Black men,2134,0.20290534208059982,0.18829451501369476,0.15140832397044843,0.6821602019189907,0.003527336860670194,0.006091846298031865
tabicl,raw,3,8000,2,False,26.247562885284424,White men,1401,0.21199143468950749,0.17362147569656372,0.15465691446835853,0.7087282852681402,0.002717391304347826,0.0028551034975017845
tabicl,raw,3,8000,2,False,26.247562885284424,Black women,225,0.1288888888888889,0.11188408732414246,0.10391279626489608,0.7461294862772695,0.0,0.0
tabicl,raw,3,8000,2,False,26.247562885284424,White women,386,0.16321243523316062,0.12252374738454819,0.12816664494795735,0.7263256179664848,0.0,0.0
tabicl,raw,3,8000,3,False,26.4751033782959,All,4146,0.19826338639652677,0.17045694589614868,0.1477937751101592,0.7027046167224432,0.0030084235860409147,0.003135552339604438
tabicl,raw,3,8000,3,False,26.4751033782959,Men,3535,0.2065063649222065,0.1798277050256729,0.15276090037759635,0.6949578785436965,0.0035650623885918,0.0036775106082036777
tabicl,raw,3,8000,3,False,26.4751033782959,Women,611,0.15057283142389524,0.11624138057231903,0.11905598817007683,0.7367429002261875,0.0,0.0
tabicl,raw,3,8000,3,False,26.4751033782959,Black,2359,0.19584569732937684,0.17818482220172882,0.14668362044395644,0.6946882409454892,0.002635740643120717,0.002967359050445104
tabicl,raw,3,8000,3,False,26.4751033782959,White,1787,0.20145495243424735,0.16025540232658386,0.1492592786678382,0.7159250175192713,0.00350385423966363,0.003357582540570789
tabicl,raw,3,8000,3,False,26.4751033782959,Black men,2134,0.20290534208059982,0.18537971377372742,0.15138133441494822,0.6844615244666565,0.0029394473838918285,0.0032802249297094657
tabicl,raw,3,8000,3,False,26.4751033782959,White men,1401,0.21199143468950749,0.17137090861797333,0.15486225210085913,0.712682379349046,0.004528985507246377,0.004282655246252677
tabicl,raw,3,8000,3,False,26.4751033782959,Black women,225,0.1288888888888889,0.10994535684585571,0.10212841327019445,0.7589725545390571,0.0,0.0
tabicl,raw,3,8000,3,False,26.4751033782959,White women,386,0.16321243523316062,0.11991133540868759,0.12892309789151082,0.7214113715661702,0.0,0.0
tabicl,raw,3,8000,4,False,26.789926052093506,All,4146,0.19826338639652677,0.1709587723016739,0.147845814438648,0.7004623895813387,0.00210589651022864,0.001929570670525808
tabicl,raw,3,8000,4,False,26.789926052093506,Men,3535,0.2065063649222065,0.18118435144424438,0.15267345638017552,0.6937088857959124,0.0024955436720142605,0.002263083451202263
tabicl,raw,3,8000,4,False,26.789926052093506,Women,611,0.15057283142389524,0.11179754137992859,0.11991502186368923,0.7388162854988691,0.0,0.0
tabicl,raw,3,8000,4,False,26.789926052093506,Black,2359,0.19584569732937684,0.1783972829580307,0.14666852262717553,0.6930731366682868,0.0015814443858724301,0.001695633743111488
tabicl,raw,3,8000,4,False,26.789926052093506,White,1787,0.20145495243424735,0.16113924980163574,0.1493999450392432,0.712829946274235,0.002803083391730904,0.002238388360380526
tabicl,raw,3,8000,4,False,26.789926052093506,Black men,2134,0.20290534208059982,0.18617810308933258,0.15115653874680415,0.6849781340415161,0.001763668430335097,0.0018744142455482662
tabicl,raw,3,8000,4,False,26.789926052093506,White men,1401,0.21199143468950749,0.17357788980007172,0.1549840218545613,0.7089097496706193,0.0036231884057971015,0.0028551034975017845
tabicl,raw,3,8000,4,False,26.789926052093506,Black women,225,0.1288888888888889,0.10460040718317032,0.10410218307478646,0.7531667839549613,0.0,0.0
tabicl,raw,3,8000,4,False,26.789926052093506,White women,386,0.16321243523316062,0.11599277704954147,0.12913235017328287,0.7271118973905351,0.0,0.0
tabicl,raw,3,8000,5,False,26.6690673828125,All,4146,0.19826338639652677,0.1656246781349182,0.14868090476654022,0.6975472930043537,0.002707581227436823,0.00241196333815726
tabicl,raw,3,8000,5,False,26.6690673828125,Men,3535,0.2065063649222065,0.174381285905838,0.15390981638152987,0.6875452347813347,0.0032085561497326204,0.002828854314002829
tabicl,raw,3,8000,5,False,26.6690673828125,Women,611,0.15057283142389524,0.11496257781982422,0.11842852741958715,0.7430049426153975,0.0,0.0
tabicl,raw,3,8000,5,False,26.6690673828125,Black,2359,0.19584569732937684,0.1732284128665924,0.14754777809456715,0.6897025834822356,0.0031628887717448603,0.002543450614667232
tabicl,raw,3,8000,5,False,26.6690673828125,White,1787,0.20145495243424735,0.1555870771408081,0.15017673342864682,0.7104025539204236,0.002102312543798178,0.002238388360380526
tabicl,raw,3,8000,5,False,26.6690673828125,Black men,2134,0.20290534208059982,0.18007943034172058,0.15232357444033595,0.6789892645679148,0.003527336860670194,0.0028116213683223993
tabicl,raw,3,8000,5,False,26.6690673828125,White men,1401,0.21199143468950749,0.16570189595222473,0.15632597648324845,0.7025051237007759,0.002717391304347826,0.0028551034975017845
tabicl,raw,3,8000,5,False,26.6690673828125,Black women,225,0.1288888888888889,0.10825050622224808,0.10225200297514205,0.757741027445461,0.0,0.0
tabicl,raw,3,8000,5,False,26.6690673828125,White women,386,0.16321243523316062,0.11887507140636444,0.12785784866311084,0.7313381492948056,0.0,0.0
tabicl,raw,3,8000,6,False,26.06365466117859,All,4146,0.19826338639652677,0.16873882710933685,0.14761631975407807,0.7041850392778611,0.0015042117930204573,0.001447178002894356
tabicl,raw,3,8000,6,False,26.06365466117859,Men,3535,0.2065063649222065,0.1771165132522583,0.1527709954142136,0.6945139550216102,0.0017825311942959,0.0016973125884016972
tabicl,raw,3,8000,6,False,26.06365466117859,Women,611,0.15057283142389524,0.12026886641979218,0.1177934417531304,0.7411409901985423,0.0,0.0
tabicl,raw,3,8000,6,False,26.06365466117859,Black,2359,0.19584569732937684,0.17540360987186432,0.14691527754331427,0.6936767326856942,0.0015814443858724301,0.001695633743111488
tabicl,raw,3,8000,6,False,26.06365466117859,White,1787,0.20145495243424735,0.1599406898021698,0.14854175824047536,0.7203710192322667,0.001401541695865452,0.001119194180190263
tabicl,raw,3,8000,6,False,26.06365466117859,Black men,2134,0.20290534208059982,0.18199747800827026,0.15162897474584366,0.683247050709201,0.001763668430335097,0.0018744142455482662
tabicl,raw,3,8000,6,False,26.06365466117859,White men,1401,0.21199143468950749,0.16968180239200592,0.15451051868780497,0.713493631971893,0.0018115942028985507,0.0014275517487508922
tabicl,raw,3,8000,6,False,26.06365466117859,Black women,225,0.1288888888888889,0.11286433041095734,0.10220847829799105,0.7521111893033076,0.0,0.0
tabicl,raw,3,8000,6,False,26.06365466117859,White women,386,0.16321243523316062,0.12458496540784836,0.12687794117646295,0.731485576686815,0.0,0.0
tabicl,raw,3,8000,7,False,26.726863384246826,All,4146,0.19826338639652677,0.1738407164812088,0.14742090615189785,0.7043085603192589,0.003910950661853189,0.004341534008683068
tabicl,raw,3,8000,7,False,26.726863384246826,Men,3535,0.2065063649222065,0.18320630490779877,0.15238337110687425,0.6965726564598441,0.004634581105169341,0.005091937765205092
tabicl,raw,3,8000,7,False,26.726863384246826,Women,611,0.15057283142389524,0.11965517699718475,0.11871008190338474,0.7390885482114433,0.0,0.0
tabicl,raw,3,8000,7,False,26.726863384246826,Black,2359,0.19584569732937684,0.1823301762342453,0.1465302468939431,0.6958948624736712,0.004217185028993147,0.005086901229334464
tabicl,raw,3,8000,7,False,26.726863384246826,White,1787,0.20145495243424735,0.16263383626937866,0.14859665611805076,0.7184361130576968,0.00350385423966363,0.003357582540570789
tabicl,raw,3,8000,7,False,26.726863384246826,Black men,2134,0.20290534208059982,0.18979385495185852,0.15115034333497326,0.6865422187464785,0.004703115814226925,0.005623242736644799
tabicl,raw,3,8000,7,False,26.726863384246826,White men,1401,0.21199143468950749,0.17317217588424683,0.1542615161926962,0.7143841799638901,0.004528985507246377,0.004282655246252677
tabicl,raw,3,8000,7,False,26.726863384246826,Black women,225,0.1288888888888889,0.1115415096282959,0.1027111988710168,0.7540464461646728,0.0,0.0
tabicl,raw,3,8000,7,False,26.726863384246826,White women,386,0.16321243523316062,0.12438465654850006,0.1280358556916821,0.7265221878224974,0.0,0.0
tabicl,raw,3,8000,8,False,26.624494075775146,All,4146,0.19826338639652677,0.17298652231693268,0.14706076540377608,0.7062373185064165,0.00210589651022864,0.002653159671972986
tabicl,raw,3,8000,8,False,26.624494075775146,Men,3535,0.2065063649222065,0.18317581713199615,0.15196630259577174,0.698476790467121,0.0024955436720142605,0.0031117397454031117
tabicl,raw,3,8000,8,False,26.624494075775146,Women,611,0.15057283142389524,0.1140354722738266,0.11867930227168967,0.7425232470469967,0.0,0.0
tabicl,raw,3,8000,8,False,26.624494075775146,Black,2359,0.19584569732937684,0.17921827733516693,0.1459603063901456,0.6997708845363035,0.0015814443858724301,0.002543450614667232
tabicl,raw,3,8000,8,False,26.624494075775146,White,1787,0.20145495243424735,0.1647600531578064,0.1485134698319541,0.7164544888265981,0.002803083391730904,0.0027979854504756574
tabicl,raw,3,8000,8,False,26.624494075775146,Black men,2134,0.20290534208059982,0.18714110553264618,0.1505538729090422,0.6902026114240638,0.001763668430335097,0.0028116213683223993
tabicl,raw,3,8000,8,False,26.624494075775146,White men,1401,0.21199143468950749,0.17713585495948792,0.15411771226849186,0.7120663153271849,0.0036231884057971015,0.0035688793718772305
tabicl,raw,3,8000,8,False,26.624494075775146,Black women,225,0.1288888888888889,0.10407450050115585,0.10239287993981075,0.7602040816326531,0.0,0.0
tabicl,raw,3,8000,8,False,26.624494075775146,White women,386,0.16321243523316062,0.11984171718358994,0.12817268316462424,0.7298147329107081,0.0,0.0
tabicl,raw,3,8000,9,False,26.26951813697815,All,4146,0.19826338639652677,0.16968487203121185,0.14764011545379807,0.7052189561428935,0.003910950661853189,0.004582730342498794
tabicl,raw,3,8000,9,False,26.26951813697815,Men,3535,0.2065063649222065,0.17854897677898407,0.15270642055829245,0.6968759309452299,0.004634581105169341,0.005374823196605375
tabicl,raw,3,8000,9,False,26.26951813697815,Women,611,0.15057283142389524,0.11840072274208069,0.11832851390815556,0.7408687274859681,0.0,0.0
tabicl,raw,3,8000,9,False,26.26951813697815,Black,2359,0.19584569732937684,0.1781671792268753,0.14654851098424304,0.6977701177753893,0.004217185028993147,0.005510809665112336
tabicl,raw,3,8000,9,False,26.26951813697815,White,1787,0.20145495243424735,0.1584874838590622,0.1490811310910003,0.7179689324924085,0.00350385423966363,0.003357582540570789
tabicl,raw,3,8000,9,False,26.26951813697815,Black men,2134,0.20290534208059982,0.18505172431468964,0.15114630503739235,0.6890824986796247,0.004703115814226925,0.006091846298031865
tabicl,raw,3,8000,9,False,26.26951813697815,White men,1401,0.21199143468950749,0.1686440110206604,0.1550827849562944,0.7111422192943933,0.004528985507246377,0.004282655246252677
tabicl,raw,3,8000,9,False,26.26951813697815,Black women,225,0.1288888888888889,0.11287100613117218,0.10294098872015106,0.7512315270935961,0.0,0.0
tabicl,raw,3,8000,9,False,26.26951813697815,White women,386,0.16321243523316062,0.12162400037050247,0.12729792625867636,0.7319770013268465,0.0,0.0
tabicl,raw,3,9398,0,True,31.466466665267944,All,4146,0.19826338639652677,0.16981787979602814,0.14730087054288044,0.7063332074333681,0.0036101083032490976,0.004100337674867342
tabicl,raw,3,9398,0,True,31.466466665267944,Men,3535,0.2065063649222065,0.1794390231370926,0.15219052816641726,0.6988049715527556,0.0042780748663101605,0.004809052333804809
tabicl,raw,3,9398,0,True,31.466466665267944,Women,611,0.15057283142389524,0.11415386199951172,0.11901128020048661,0.7418530619083522,0.0,0.0
tabicl,raw,3,9398,0,True,31.466466665267944,Black,2359,0.19584569732937684,0.17789103090763092,0.14601555599657096,0.700324846476665,0.004217185028993147,0.005086901229334464
tabicl,raw,3,9398,0,True,31.466466665267944,White,1787,0.20145495243424735,0.15916061401367188,0.14899760082533373,0.717321692750915,0.002803083391730904,0.0027979854504756574
tabicl,raw,3,9398,0,True,31.466466665267944,Black men,2134,0.20290534208059982,0.1853555142879486,0.15058499466355418,0.6910654376653863,0.004703115814226925,0.005623242736644799
tabicl,raw,3,9398,0,True,31.466466665267944,White men,1401,0.21199143468950749,0.17042703926563263,0.15463607313080677,0.7129156907236617,0.0036231884057971015,0.0035688793718772305
tabicl,raw,3,9398,0,True,31.466466665267944,Black women,225,0.1288888888888889,0.10709459334611893,0.10267696881727217,0.7589725545390571,0.0,0.0
tabicl,raw,3,9398,0,True,31.466466665267944,White women,386,0.16321243523316062,0.11826871335506439,0.12853257569588367,0.729470735662686,0.0,0.0
tabicl,raw,3,9398,1,True,31.269073247909546,All,4146,0.19826338639652677,0.17030636966228485,0.14748349747556871,0.7048220418632023,0.003309265944645006,0.004100337674867342
tabicl,raw,3,9398,1,True,31.269073247909546,Men,3535,0.2065063649222065,0.18005073070526123,0.15237210295414774,0.6973906673503772,0.00392156862745098,0.004809052333804809
tabicl,raw,3,9398,1,True,31.269073247909546,Women,611,0.15057283142389524,0.11392953991889954,0.11919999442028745,0.7380832705034766,0.0,0.0
tabicl,raw,3,9398,1,True,31.269073247909546,Black,2359,0.19584569732937684,0.17831465601921082,0.146344509288841,0.69807762085042,0.0036900369003690036,0.005086901229334464
tabicl,raw,3,9398,1,True,31.269073247909546,White,1787,0.20145495243424735,0.15973474085330963,0.1489870638619653,0.7166004827532508,0.002803083391730904,0.0027979854504756574
tabicl,raw,3,9398,1,True,31.269073247909546,Black men,2134,0.20290534208059982,0.1859046369791031,0.15088675076099722,0.6891802539736848,0.00411522633744856,0.005623242736644799
tabicl,raw,3,9398,1,True,31.269073247909546,White men,1401,0.21199143468950749,0.1711340844631195,0.15463458802208724,0.7122066071341433,0.0036231884057971015,0.0035688793718772305
tabicl,raw,3,9398,1,True,31.269073247909546,Black women,225,0.1288888888888889,0.10632795840501785,0.10326387239292364,0.7512315270935961,0.0,0.0
tabicl,raw,3,9398,1,True,31.269073247909546,White women,386,0.16321243523316062,0.1183604896068573,0.1284891847212119,0.7270136124625288,0.0,0.0
tabicl,raw,3,9398,2,True,31.47658920288086,All,4146,0.19826338639652677,0.16925907135009766,0.14741439707557533,0.7051188583508275,0.002707581227436823,0.00361794500723589
tabicl,raw,3,9398,2,True,31.47658920288086,Men,3535,0.2065063649222065,0.17874383926391602,0.1522399609998394,0.6981554464874369,0.0032085561497326204,0.004243281471004243
tabicl,raw,3,9398,2,True,31.47658920288086,Women,611,0.15057283142389524,0.11438396573066711,0.11949562707185409,0.7357585658038033,0.0,0.0
tabicl,raw,3,9398,2,True,31.47658920288086,Black,2359,0.19584569732937684,0.17691098153591156,0.14624958921721856,0.6984336169892311,0.002635740643120717,0.00423908435777872
tabicl,raw,3,9398,2,True,31.47658920288086,White,1787,0.20145495243424735,0.159157857298851,0.14895204774030033,0.7168185003503853,0.002803083391730904,0.0027979854504756574
tabicl,raw,3,9398,2,True,31.47658920288086,Black men,2134,0.20290534208059982,0.1842837631702423,0.15079253628915323,0.6894585850192727,0.0029394473838918285,0.004686035613870665
tabicl,raw,3,9398,2,True,31.47658920288086,White men,1401,0.21199143468950749,0.17030547559261322,0.1544446750131188,0.7136400234226321,0.0036231884057971015,0.0035688793718772305
tabicl,raw,3,9398,2,True,31.47658920288086,Black women,225,0.1288888888888889,0.1069842204451561,0.10316226009940241,0.7549261083743842,0.0,0.0
tabicl,raw,3,9398,2,True,31.47658920288086,White women,386,0.16321243523316062,0.11869727820158005,0.1290163720687495,0.7222959359182268,0.0,0.0
tabicl,raw,3,9398,3,True,31.93948245048523,All,4146,0.19826338639652677,0.16961389780044556,0.14751156564686194,0.7044840516951113,0.003309265944645006,0.003859141341051616
tabicl,raw,3,9398,3,True,31.93948245048523,Men,3535,0.2065063649222065,0.1790216863155365,0.15242691445264753,0.69674211901448,0.00392156862745098,0.004526166902404526
tabicl,raw,3,9398,3,True,31.93948245048523,Women,611,0.15057283142389524,0.1151842549443245,0.11907333646772586,0.7377900645053195,0.0,0.0
tabicl,raw,3,9398,3,True,31.93948245048523,Black,2359,0.19584569732937684,0.17763085663318634,0.14631990779681925,0.6974922810452595,0.0031628887717448603,0.00423908435777872
tabicl,raw,3,9398,3,True,31.93948245048523,White,1787,0.20145495243424735,0.15903080999851227,0.14908466070464066,0.716733823872927,0.00350385423966363,0.003357582540570789
tabicl,raw,3,9398,3,True,31.93948245048523,Black men,2134,0.20290534208059982,0.18494641780853271,0.15090891526185218,0.6881307422749557,0.003527336860670194,0.004686035613870665
tabicl,raw,3,9398,3,True,31.93948245048523,White men,1401,0.21199143468950749,0.16999715566635132,0.1547391273528311,0.7123316498316499,0.004528985507246377,0.004282655246252677
tabicl,raw,3,9398,3,True,31.93948245048523,Black women,225,0.1288888888888889,0.10824684798717499,0.1027957214395734,0.7559817030260381,0.0,0.0
tabicl,raw,3,9398,3,True,31.93948245048523,White women,386,0.16321243523316062,0.1192280650138855,0.12856158356962824,0.7239667796943339,0.0,0.0
tabicl,raw,3,9398,4,True,31.434825897216797,All,4146,0.19826338639652677,0.16938132047653198,0.14755446979924203,0.704293188811885,0.003309265944645006,0.00361794500723589
tabicl,raw,3,9398,4,True,31.434825897216797,Men,3535,0.2065063649222065,0.17889972031116486,0.15246557916472708,0.6966927941786927,0.00392156862745098,0.004243281471004243
tabicl,raw,3,9398,4,True,31.434825897216797,Women,611,0.15057283142389524,0.11431160569190979,0.11914076831480738,0.7389838317835302,0.0,0.0
tabicl,raw,3,9398,4,True,31.434825897216797,Black,2359,0.19584569732937684,0.17722642421722412,0.1464382681861156,0.696999363314598,0.0031628887717448603,0.0038151759220008477
tabicl,raw,3,9398,4,True,31.434825897216797,White,1787,0.20145495243424735,0.15902504324913025,0.14902795586827683,0.7163863583274935,0.00350385423966363,0.003357582540570789
tabicl,raw,3,9398,4,True,31.434825897216797,Black men,2134,0.20290534208059982,0.18458415567874908,0.15098266688331657,0.6880927263272658,0.003527336860670194,0.004217432052483599
tabicl,raw,3,9398,4,True,31.434825897216797,White men,1401,0.21199143468950749,0.17024123668670654,0.15472434776467708,0.7117277850973505,0.004528985507246377,0.004282655246252677
tabicl,raw,3,9398,4,True,31.434825897216797,Black women,225,0.1288888888888889,0.10744254291057587,0.10333717120910739,0.7531667839549614,0.0,0.0
tabicl,raw,3,9398,4,True,31.434825897216797,White women,386,0.16321243523316062,0.11831559985876083,0.12835270963289677,0.7282913165266107,0.0,0.0
tabicl,raw,3,9398,5,True,31.583365201950073,All,4146,0.19826338639652677,0.1698642522096634,0.14749331575540373,0.7050290082303442,0.003910950661853189,0.004341534008683068
tabicl,raw,3,9398,5,True,31.583365201950073,Men,3535,0.2065063649222065,0.17951242625713348,0.15241570793748874,0.697381632603228,0.004634581105169341,0.005091937765205092
tabicl,raw,3,9398,5,True,31.583365201950073,Women,611,0.15057283142389524,0.11404383927583694,0.11901433643679413,0.7395074139230962,0.0,0.0
tabicl,raw,3,9398,5,True,31.583365201950073,Black,2359,0.19584569732937684,0.17763134837150574,0.146467265518782,0.697560171334552,0.004217185028993147,0.005086901229334464
tabicl,raw,3,9398,5,True,31.583365201950073,White,1787,0.20145495243424735,0.15961101651191711,0.14884779393570072,0.7177256092813205,0.00350385423966363,0.003357582540570789
tabicl,raw,3,9398,5,True,31.583365201950073,Black men,2134,0.20290534208059982,0.18508978188037872,0.15105835525142336,0.6882251032879722,0.004703115814226925,0.005623242736644799
tabicl,raw,3,9398,5,True,31.583365201950073,White men,1401,0.21199143468950749,0.17101700603961945,0.1544832244485976,0.7133899380276191,0.004528985507246377,0.004282655246252677
tabicl,raw,3,9398,5,True,31.583365201950073,Black women,225,0.1288888888888889,0.1068921610713005,0.10292333001008577,0.7551020408163265,0.0,0.0
tabicl,raw,3,9398,5,True,31.583365201950073,White women,386,0.16321243523316062,0.11821255832910538,0.1283938090948495,0.7277998918865792,0.0,0.0
tabicl,raw,3,9398,6,True,31.944888591766357,All,4146,0.19826338639652677,0.1694130003452301,0.14748336076566967,0.7050850044357779,0.0030084235860409147,0.00361794500723589
tabicl,raw,3,9398,6,True,31.944888591766357,Men,3535,0.2065063649222065,0.17890232801437378,0.15236723440916766,0.697638512441091,0.0035650623885918,0.004243281471004243
tabicl,raw,3,9398,6,True,31.944888591766357,Women,611,0.15057283142389524,0.11451154202222824,0.11922723420304196,0.7361983748010389,0.0,0.0
tabicl,raw,3,9398,6,True,31.944888591766357,Black,2359,0.19584569732937684,0.17679870128631592,0.14631476064792098,0.6978927767014218,0.002635740643120717,0.0038151759220008477
tabicl,raw,3,9398,6,True,31.944888591766357,White,1787,0.20145495243424735,0.15966320037841797,0.14902601755233397,0.7172019777310598,0.00350385423966363,0.003357582540570789
tabicl,raw,3,9398,6,True,31.944888591766357,Black men,2134,0.20290534208059982,0.18416357040405273,0.15087834829127114,0.688585575934819,0.0029394473838918285,0.004217432052483599
tabicl,raw,3,9398,6,True,31.944888591766357,White men,1401,0.21199143468950749,0.17088843882083893,0.1546351023432085,0.7134905821500025,0.004528985507246377,0.004282655246252677
tabicl,raw,3,9398,6,True,31.944888591766357,Black women,225,0.1288888888888889,0.10694712400436401,0.10303166717721328,0.7542223786066151,0.0,0.0
tabicl,raw,3,9398,6,True,31.944888591766357,White women,386,0.16321243523316062,0.11892085522413254,0.12866765539685404,0.7228365030222615,0.0,0.0
tabicl,raw,3,9398,7,True,31.67284870147705,All,4146,0.19826338639652677,0.17015708982944489,0.1472930581886587,0.706111601535394,0.0036101083032490976,0.003859141341051616
tabicl,raw,3,9398,7,True,31.67284870147705,Men,3535,0.2065063649222065,0.17976585030555725,0.15221376525348065,0.6983754547896369,0.0042780748663101605,0.004526166902404526
tabicl,raw,3,9398,7,True,31.67284870147705,Women,611,0.15057283142389524,0.11456470936536789,0.11882382828007365,0.7404708050598978,0.0,0.0
tabicl,raw,3,9398,7,True,31.67284870147705,Black,2359,0.19584569732937684,0.17786163091659546,0.1463266353335089,0.6980148651208219,0.004217185028993147,0.0046629927935565915
tabicl,raw,3,9398,7,True,31.67284870147705,White,1787,0.20145495243424735,0.15998640656471252,0.14856882288664325,0.7194561239585767,0.002803083391730904,0.0027979854504756574
tabicl,raw,3,9398,7,True,31.67284870147705,Black men,2134,0.20290534208059982,0.18533046543598175,0.15093524851895754,0.6885109017518563,0.004703115814226925,0.005154639175257732
tabicl,raw,3,9398,7,True,31.67284870147705,White men,1401,0.21199143468950749,0.17128986120224,0.1541611990232681,0.715302176352901,0.0036231884057971015,0.0035688793718772305
tabicl,raw,3,9398,7,True,31.67284870147705,Black women,225,0.1288888888888889,0.10702408105134964,0.10261649961018729,0.7568613652357495,0.0,0.0
tabicl,raw,3,9398,7,True,31.67284870147705,White women,386,0.16321243523316062,0.11896016448736191,0.12827110535448927,0.7281438891346012,0.0,0.0
tabicl,raw,3,9398,8,True,31.631996154785156,All,4146,0.19826338639652677,0.16970263421535492,0.14760827380973182,0.7033621146509497,0.0030084235860409147,0.00361794500723589
tabicl,raw,3,9398,8,True,31.631996154785156,Men,3535,0.2065063649222065,0.1791214942932129,0.15251917891172226,0.6957653895929481,0.0035650623885918,0.004243281471004243
tabicl,raw,3,9398,8,True,31.631996154785156,Women,611,0.15057283142389524,0.11520882695913315,0.1191957541116365,0.7370989360810924,0.0,0.0
tabicl,raw,3,9398,8,True,31.631996154785156,Black,2359,0.19584569732937684,0.17759069800376892,0.14638226913480387,0.6965235607829177,0.0031628887717448603,0.00423908435777872
tabicl,raw,3,9398,8,True,31.631996154785156,White,1787,0.20145495243424735,0.1592896282672882,0.14922670975162042,0.7154072257260764,0.002803083391730904,0.0027979854504756574
tabicl,raw,3,9398,8,True,31.631996154785156,Black men,2134,0.20290534208059982,0.18493615090847015,0.15096464050551406,0.6871803435827043,0.003527336860670194,0.004686035613870665
tabicl,raw,3,9398,8,True,31.631996154785156,White men,1401,0.21199143468950749,0.17026463150978088,0.1548870482613641,0.7112215146635436,0.0036231884057971015,0.0035688793718772305
tabicl,raw,3,9398,8,True,31.631996154785156,Black women,225,0.1288888888888889,0.10792329907417297,0.10292102244549041,0.7503518648838846,0.0,0.0
tabicl,raw,3,9398,8,True,31.631996154785156,White women,386,0.16321243523316062,0.11945558339357376,0.12868232049734343,0.7249987714383999,0.0,0.0
tabicl,raw,3,9398,9,True,31.514190912246704,All,4146,0.19826338639652677,0.1696351170539856,0.14744695324816767,0.7054050611785995,0.003309265944645006,0.004100337674867342
tabicl,raw,3,9398,9,True,31.514190912246704,Men,3535,0.2065063649222065,0.17907895147800446,0.1524127968716383,0.6972539252313628,0.00392156862745098,0.004809052333804809
tabicl,raw,3,9398,9,True,31.514190912246704,Women,611,0.15057283142389524,0.11499690264463425,0.11871658138406192,0.7425441903325795,0.0,0.0
tabicl,raw,3,9398,9,True,31.514190912246704,Black,2359,0.19584569732937684,0.17746420204639435,0.1463507764296147,0.6974934220585249,0.0036900369003690036,0.005086901229334464
tabicl,raw,3,9398,9,True,31.514190912246704,White,1787,0.20145495243424735,0.15930001437664032,0.14889400479543488,0.718663863583275,0.002803083391730904,0.0027979854504756574
tabicl,raw,3,9398,9,True,31.514190912246704,Black men,2134,0.20290534208059982,0.1847907155752182,0.15096329283975457,0.687955597373098,0.00411522633744856,0.005623242736644799
tabicl,raw,3,9398,9,True,31.514190912246704,White men,1401,0.21199143468950749,0.17037878930568695,0.15462067810221636,0.7135576782315913,0.0036231884057971015,0.0035688793718772305
tabicl,raw,3,9398,9,True,31.514190912246704,Black women,225,0.1288888888888889,0.10797639936208725,0.10260362078855471,0.757741027445461,0.0,0.0
tabicl,raw,3,9398,9,True,31.514190912246704,White women,386,0.16321243523316062,0.11908917874097824,0.12810885116123585,0.7302570150867366,0.0,0.0
