model,features,round,size,rep,full,seconds,group,n,base_rate,mean_pred,brier,auc,fpr50,flag50
lgbm,raw,1,500,0,False,0.8807916641235352,All,7807,0.30062764185986934,0.2805791642935671,0.20869882434672554,0.6215289255553423,0.09212454212454213,0.11374407582938388
lgbm,raw,1,500,0,False,0.8807916641235352,Men,6857,0.31194399883330903,0.2838013005576519,0.21361752979363968,0.62129855500534,0.0983467571004663,0.12089835204900103
lgbm,raw,1,500,0,False,0.8807916641235352,Women,950,0.21894736842105264,0.25732212391164155,0.17319612618936722,0.6082897055774414,0.05256064690026954,0.06210526315789474
lgbm,raw,1,500,0,False,0.8807916641235352,Black,4534,0.31473312748125276,0.2778631334879681,0.21312300733924497,0.6263887701640778,0.08786610878661087,0.11358623731804146
lgbm,raw,1,500,0,False,0.8807916641235352,White,3273,0.281087687137183,0.2843416096564105,0.20257012111174755,0.6160202516676213,0.09774755631109222,0.11396272532844486
lgbm,raw,1,500,0,False,0.8807916641235352,Black men,4195,0.3215733015494637,0.2800811895103072,0.2170318407446412,0.6227613489495616,0.09346451159522136,0.11895113230035757
lgbm,raw,1,500,0,False,0.8807916641235352,White men,2662,0.29676934635612323,0.28966375955224655,0.2082369759095483,0.6204580493346316,0.10576923076923077,0.12396694214876033
lgbm,raw,1,500,0,False,0.8807916641235352,Black women,339,0.23008849557522124,0.25041550807878604,0.16475263525771922,0.6703016013360842,0.02681992337164751,0.0471976401179941
lgbm,raw,1,500,0,False,0.8807916641235352,White women,611,0.2127659574468085,0.26115410880090184,0.17788081264735198,0.5738365584519431,0.06652806652806653,0.07037643207855974
lgbm,raw,1,500,1,False,1.0254337787628174,All,7807,0.30062764185986934,0.2981488502075066,0.20102405080119468,0.6430937085922174,0.07362637362637363,0.09324964775201743
lgbm,raw,1,500,1,False,1.0254337787628174,Men,6857,0.31194399883330903,0.3061233333006074,0.20609964912269851,0.6376020357910313,0.08435777871979652,0.10558553303193817
lgbm,raw,1,500,1,False,1.0254337787628174,Women,950,0.21894736842105264,0.2405898706607782,0.1643889163900875,0.6488894360356625,0.005390835579514825,0.004210526315789474
lgbm,raw,1,500,1,False,1.0254337787628174,Black,4534,0.31473312748125276,0.30306055265808796,0.20683324723712654,0.638010356612744,0.07821049243643385,0.10013233348037054
lgbm,raw,1,500,1,False,1.0254337787628174,White,3273,0.281087687137183,0.2913447992111926,0.19297672521594714,0.6492059165912156,0.06757331066723332,0.08371524595172625
lgbm,raw,1,500,1,False,1.0254337787628174,Black men,4195,0.3215733015494637,0.30874112752354715,0.21028008673414691,0.6317311904864851,0.08468025298664793,0.10774731823599523
lgbm,raw,1,500,1,False,1.0254337787628174,White men,2662,0.29676934635612323,0.3019979964241114,0.1995117694157015,0.6466237963864547,0.08386752136752136,0.10217881292261458
lgbm,raw,1,500,1,False,1.0254337787628174,Black women,339,0.23008849557522124,0.23276553330528166,0.16417987942001605,0.6933392278219864,0.007662835249042145,0.0058997050147492625
lgbm,raw,1,500,1,False,1.0254337787628174,White women,611,0.2127659574468085,0.24493103328518626,0.1645048959855936,0.6216376139453063,0.004158004158004158,0.0032733224222585926
lgbm,raw,1,500,2,False,0.9723458290100098,All,7807,0.30062764185986934,0.28737565244029967,0.20286554802533913,0.6353209459195824,0.063003663003663,0.08646086845138978
lgbm,raw,1,500,2,False,0.9723458290100098,Men,6857,0.31194399883330903,0.2957034671442618,0.20770348070201208,0.6308946112894407,0.06909707503179313,0.09406445967624326
lgbm,raw,1,500,2,False,0.9723458290100098,Women,950,0.21894736842105264,0.2272663625191749,0.1679458592211849,0.6325873419033797,0.02425876010781671,0.031578947368421054
lgbm,raw,1,500,2,False,0.9723458290100098,Black,4534,0.31473312748125276,0.2912359341540818,0.20698371990348807,0.6392331532500362,0.06211779851947216,0.08778120864578738
lgbm,raw,1,500,2,False,0.9723458290100098,White,3273,0.281087687137183,0.2820281066748586,0.19716075386233048,0.6284181618285629,0.06417339566510838,0.08463183623586923
lgbm,raw,1,500,2,False,0.9723458290100098,Black men,4195,0.3215733015494637,0.29630137281599794,0.21084624146123152,0.6307699360344483,0.06535488404778636,0.09153754469606674
lgbm,raw,1,500,2,False,0.9723458290100098,White men,2662,0.29676934635612323,0.2947612378832051,0.2027508580930994,0.6311637861084063,0.07478632478632478,0.0980465815176559
lgbm,raw,1,500,2,False,0.9723458290100098,Black women,339,0.23008849557522124,0.2285529984999874,0.15918643986002567,0.7310639552018863,0.02681992337164751,0.04129793510324484
lgbm,raw,1,500,2,False,0.9723458290100098,White women,611,0.2127659574468085,0.22655250065748023,0.17280583166542876,0.5737725891572046,0.02286902286902287,0.02618657937806874
lgbm,raw,1,500,3,False,0.9693386554718018,All,7807,0.30062764185986934,0.3157246401943063,0.2099449898400616,0.6014259104054588,0.0,0.0
lgbm,raw,1,500,3,False,0.9693386554718018,Men,6857,0.31194399883330903,0.315793835766339,0.2140848954784466,0.6041586031909861,0.0,0.0
lgbm,raw,1,500,3,False,0.9693386554718018,Women,950,0.21894736842105264,0.3152251938391188,0.18006358672173933,0.5575983568318474,0.0,0.0
lgbm,raw,1,500,3,False,0.9693386554718018,Black,4534,0.31473312748125276,0.3157025077475412,0.2151635142945621,0.5944068246554957,0.0,0.0
lgbm,raw,1,500,3,False,0.9693386554718018,White,3273,0.281087687137183,0.31575529968518096,0.20271590646801596,0.6135232081154494,0.0,0.0
lgbm,raw,1,500,3,False,0.9693386554718018,Black men,4195,0.3215733015494637,0.31579036508664154,0.2176905978764305,0.5918951963063658,0.0,0.0
lgbm,raw,1,500,3,False,0.9693386554718018,White men,2662,0.29676934635612323,0.31579930515076077,0.20840273110596638,0.6254547360164449,0.0,0.0
lgbm,raw,1,500,3,False,0.9693386554718018,Black women,339,0.23008849557522124,0.31461530557194856,0.18389178678442067,0.5955152765497593,0.0,0.0
lgbm,raw,1,500,3,False,0.9693386554718018,White women,611,0.2127659574468085,0.31556357701844884,0.177939593560939,0.5364624980009596,0.0,0.0
lgbm,raw,1,500,4,False,0.9191575050354004,All,7807,0.30062764185986934,0.3376126645901564,0.20208525918736053,0.6437822190591684,0.11904761904761904,0.16049698988087613
lgbm,raw,1,500,4,False,0.9191575050354004,Men,6857,0.31194399883330903,0.34551145033529856,0.20603411134200195,0.6413649911086247,0.12526494277236117,0.16931602741723786
lgbm,raw,1,500,4,False,0.9191575050354004,Women,950,0.21894736842105264,0.2806000605328509,0.17358286000380652,0.6322180178312253,0.07951482479784366,0.0968421052631579
lgbm,raw,1,500,4,False,0.9191575050354004,Black,4534,0.31473312748125276,0.33918303080462375,0.20655580688095793,0.6410125969593267,0.12198261989056969,0.16387295985884429
lgbm,raw,1,500,4,False,0.9191575050354004,White,3273,0.281087687137183,0.3354372779673654,0.1958923281629882,0.6476907370793992,0.11517212069698257,0.15582034830430797
lgbm,raw,1,500,4,False,0.9191575050354004,Black men,4195,0.3215733015494637,0.3434023707280881,0.2096538711374113,0.6351899353363961,0.12508784258608574,0.16734207389749703
lgbm,raw,1,500,4,False,0.9191575050354004,White men,2662,0.29676934635612323,0.34883511260135713,0.200329794158778,0.6524275127123228,0.12553418803418803,0.17242674680691208
lgbm,raw,1,500,4,False,0.9191575050354004,Black women,339,0.23008849557522124,0.2869702550555586,0.16821840406142458,0.6955496610669024,0.08812260536398467,0.12094395280235988
lgbm,raw,1,500,4,False,0.9191575050354004,White women,611,0.2127659574468085,0.27706569728702773,0.1765592111731477,0.5891092275707659,0.07484407484407485,0.08346972176759411
lgbm,raw,1,500,5,False,0.6216392517089844,All,7807,0.30062764185986934,0.28736858098263,0.20566562655837076,0.593404603491949,0.001098901098901099,0.0020494428077366465
lgbm,raw,1,500,5,False,0.6216392517089844,Men,6857,0.31194399883330903,0.2896121663480771,0.2101052871773829,0.5945046286084488,0.001271725307333616,0.002333381945457197
lgbm,raw,1,500,5,False,0.6216392517089844,Women,950,0.21894736842105264,0.27117461798171294,0.17362062354303803,0.551786362222683,0.0,0.0
lgbm,raw,1,500,5,False,0.6216392517089844,Black,4534,0.31473312748125276,0.288862723094762,0.2119416332394198,0.5913728951218726,0.000321853878339234,0.0015438906043228936
lgbm,raw,1,500,5,False,0.6216392517089844,White,3273,0.281087687137183,0.2852987855850112,0.19697164113463833,0.5952738409800624,0.0021249468763280916,0.002749770852428964
lgbm,raw,1,500,5,False,0.6216392517089844,Black men,4195,0.3215733015494637,0.2898953993512016,0.21479108220899928,0.5899818037566673,0.00035137034434293746,0.00166865315852205
lgbm,raw,1,500,5,False,0.6216392517089844,White men,2662,0.29676934635612323,0.28916582433150795,0.20272102340667264,0.6017780347289841,0.002670940170940171,0.0033809166040570998
lgbm,raw,1,500,5,False,0.6216392517089844,Black women,339,0.23008849557522124,0.2760837352016515,0.17668075292264737,0.596325768739562,0.0,0.0
lgbm,raw,1,500,5,False,0.6216392517089844,White women,611,0.2127659574468085,0.2684509015536293,0.17192277761883581,0.5222932992163761,0.0,0.0
lgbm,raw,1,500,6,False,0.6591579914093018,All,7807,0.30062764185986934,0.27458219415341933,0.20450533279625965,0.6078362448515835,0.0,0.0
lgbm,raw,1,500,6,False,0.6591579914093018,Men,6857,0.31194399883330903,0.2770031371253528,0.20909535458475134,0.6101606036265872,0.0,0.0
lgbm,raw,1,500,6,False,0.6591579914093018,Women,950,0.21894736842105264,0.25710808261810625,0.17137503868711454,0.5517183288409704,0.0,0.0
lgbm,raw,1,500,6,False,0.6591579914093018,Black,4534,0.31473312748125276,0.27648812492297525,0.21152964938072788,0.5951461638378335,0.0,0.0
lgbm,raw,1,500,6,False,0.6591579914093018,White,3273,0.281087687137183,0.2719419588618928,0.1947747335313714,0.6257277943051424,0.0,0.0
lgbm,raw,1,500,6,False,0.6591579914093018,Black men,4195,0.3215733015494637,0.278428381835369,0.21438523325393982,0.5953759506404108,0.0,0.0
lgbm,raw,1,500,6,False,0.6591579914093018,White men,2662,0.29676934635612323,0.27475711850832885,0.200759125802916,0.6335973845071946,0.0,0.0
lgbm,raw,1,500,6,False,0.6591579914093018,Black women,339,0.23008849557522124,0.25247816106606796,0.17619285189363607,0.5397141173003243,0.0,0.0
lgbm,raw,1,500,6,False,0.6591579914093018,White women,611,0.2127659574468085,0.2596768934301209,0.16870198029593483,0.559571405725252,0.0,0.0
lgbm,raw,1,500,7,False,0.7200860977172852,All,7807,0.30062764185986934,0.2772152900113099,0.20911210980336786,0.5680177406743235,0.0,0.0
lgbm,raw,1,500,7,False,0.7200860977172852,Men,6857,0.31194399883330903,0.2770280761721355,0.21403950454210585,0.5706978793281913,0.0,0.0
lgbm,raw,1,500,7,False,0.7200860977172852,Women,950,0.21894736842105264,0.27856657979575067,0.17354669325228742,0.5592473564171677,0.0,0.0
lgbm,raw,1,500,7,False,0.7200860977172852,Black,4534,0.31473312748125276,0.27847988971516957,0.21501687185282622,0.5760936321875529,0.0,0.0
lgbm,raw,1,500,7,False,0.7200860977172852,White,3273,0.281087687137183,0.27546347361739004,0.20093239971102309,0.5541099244258024,0.0,0.0
lgbm,raw,1,500,7,False,0.7200860977172852,Black men,4195,0.3215733015494637,0.2783615994528631,0.21801315143633343,0.5767604852401014,0.0,0.0
lgbm,raw,1,500,7,False,0.7200860977172852,White men,2662,0.29676934635612323,0.27492659977745026,0.2077775027685203,0.5590730823325759,0.0,0.0
lgbm,raw,1,500,7,False,0.7200860977172852,Black women,339,0.23008849557522124,0.2799436880938592,0.17793901682978044,0.5777090087434915,0.0,0.0
lgbm,raw,1,500,7,False,0.7200860977172852,White women,611,0.2127659574468085,0.2778025213455727,0.17110970848506954,0.5464736926275389,0.0,0.0
lgbm,raw,1,500,8,False,0.8794658184051514,All,7807,0.30062764185986934,0.3255551450005113,0.20538166680981576,0.6296690420785009,0.11666666666666667,0.14384526706801587
lgbm,raw,1,500,8,False,0.8794658184051514,Men,6857,0.31194399883330903,0.3260975515680015,0.2084103967905469,0.6318597511128339,0.11699872827469267,0.14525302610471053
lgbm,raw,1,500,8,False,0.8794658184051514,Women,950,0.21894736842105264,0.3216401114917952,0.18352061262258076,0.6113155712212316,0.11455525606469003,0.1336842105263158
lgbm,raw,1,500,8,False,0.8794658184051514,Black,4534,0.31473312748125276,0.32267384495153006,0.20934216172412262,0.628585924723182,0.10428065658191181,0.13520070577856197
lgbm,raw,1,500,8,False,0.8794658184051514,White,3273,0.281087687137183,0.3295465334582203,0.19989529835840505,0.6330985882961621,0.13302167445813853,0.15582034830430797
lgbm,raw,1,500,8,False,0.8794658184051514,Black men,4195,0.3215733015494637,0.32436328603364567,0.21260201054560163,0.6243867949346409,0.10822206605762473,0.13825983313468415
lgbm,raw,1,500,8,False,0.8794658184051514,White men,2662,0.29676934635612323,0.3288305507853655,0.20180490479112745,0.6452136075949367,0.13034188034188035,0.1562734785875282
lgbm,raw,1,500,8,False,0.8794658184051514,Black women,339,0.23008849557522124,0.3017676345106002,0.16900273456747283,0.6788977306218686,0.06130268199233716,0.09734513274336283
lgbm,raw,1,500,8,False,0.8794658184051514,White women,611,0.2127659574468085,0.3326659211425727,0.19157554005413813,0.5733407964177195,0.14345114345114346,0.15384615384615385
lgbm,raw,1,500,9,False,0.7992372512817383,All,7807,0.30062764185986934,0.2593878642421396,0.2069849453286841,0.5952884673911516,0.0005494505494505495,0.00038427052645062125
lgbm,raw,1,500,9,False,0.7992372512817383,Men,6857,0.31194399883330903,0.2626185732056613,0.2121107790456463,0.5936596358113249,0.000635862653666808,0.00043750911477322444
lgbm,raw,1,500,9,False,0.7992372512817383,Women,950,0.21894736842105264,0.23606894701806763,0.16998721712109505,0.5725235849056604,0.0,0.0
lgbm,raw,1,500,9,False,0.7992372512817383,Black,4534,0.31473312748125276,0.2549946026046226,0.21445504992950756,0.5933746142320763,0.000643707756678468,0.0004411116012351125
lgbm,raw,1,500,9,False,0.7992372512817383,White,3273,0.281087687137183,0.2654737329450122,0.19663680776066286,0.6026407084388108,0.00042498937526561835,0.00030553009471432935
lgbm,raw,1,500,9,False,0.7992372512817383,Black men,4195,0.3215733015494637,0.25686109626077547,0.2182102500207576,0.5865393381109976,0.0007027406886858749,0.0004767580452920143
lgbm,raw,1,500,9,False,0.7992372512817383,White men,2662,0.29676934635612323,0.2716916820650888,0.202498727678031,0.6117037893541057,0.0005341880341880342,0.0003756574004507889
lgbm,raw,1,500,9,False,0.7992372512817383,Black women,339,0.23008849557522124,0.23189743184485487,0.16798583346108886,0.6679683662442283,0.0,0.0
lgbm,raw,1,500,9,False,0.7992372512817383,White women,611,0.2127659574468085,0.2383834210667078,0.17109764111576298,0.5105709259555413,0.0,0.0
lgbm,raw,1,1000,0,False,0.9848010540008545,All,7807,0.30062764185986934,0.2886449174974281,0.20226679711317602,0.6325052947336713,0.05860805860805861,0.0786473677468938
lgbm,raw,1,1000,0,False,0.9848010540008545,Men,6857,0.31194399883330903,0.2940853426822017,0.20752247697139947,0.6264792947780783,0.0635862653666808,0.08516844100918769
lgbm,raw,1,1000,0,False,0.9848010540008545,Women,950,0.21894736842105264,0.24937650119006752,0.16433185312597798,0.6582910014513788,0.026954177897574125,0.031578947368421054
lgbm,raw,1,1000,0,False,0.9848010540008545,Black,4534,0.31473312748125276,0.28700900661188955,0.20807832656031439,0.6298015038943868,0.0502092050209205,0.07079841199823556
lgbm,raw,1,1000,0,False,0.9848010540008545,White,3273,0.281087687137183,0.2909111014128061,0.19421623966944698,0.6377810935161403,0.06969825754356142,0.0895203177512985
lgbm,raw,1,1000,0,False,0.9848010540008545,Black men,4195,0.3215733015494637,0.2904355677601785,0.211932252274077,0.6222974567455032,0.054111033028812365,0.07461263408820024
lgbm,raw,1,1000,0,False,0.9848010540008545,White men,2662,0.29676934635612323,0.2998369601870431,0.20057318794257442,0.6353233528075299,0.07799145299145299,0.10180315552216379
lgbm,raw,1,1000,0,False,0.9848010540008545,Black women,339,0.23008849557522124,0.24460657588306353,0.16038741691655561,0.7138225758915414,0.007662835249042145,0.02359882005899705
lgbm,raw,1,1000,0,False,0.9848010540008545,White women,611,0.2127659574468085,0.25202299002652306,0.16652033737310434,0.6265632496401727,0.037422037422037424,0.03600654664484452
lgbm,raw,1,1000,1,False,0.8138871192932129,All,7807,0.30062764185986934,0.3183644916833166,0.20094295698513762,0.6395316443249975,0.038644688644688646,0.04636864352504163
lgbm,raw,1,1000,1,False,0.8138871192932129,Men,6857,0.31194399883330903,0.3235049863669701,0.20596342702182394,0.6309434628225961,0.04302670623145401,0.05089689368528511
lgbm,raw,1,1000,1,False,0.8138871192932129,Women,950,0.21894736842105264,0.28126094216140857,0.16470573273086614,0.6662768245905039,0.01078167115902965,0.01368421052631579
lgbm,raw,1,1000,1,False,0.8138871192932129,Black,4534,0.31473312748125276,0.32225737917083935,0.20676597920119832,0.6300175767853813,0.042162858062439655,0.052271724746360826
lgbm,raw,1,1000,1,False,0.8138871192932129,White,3273,0.281087687137183,0.3129717780052145,0.19287647891375997,0.651615190598496,0.033999150021249466,0.03819126183929117
lgbm,raw,1,1000,1,False,0.8138871192932129,Black men,4195,0.3215733015494637,0.32573013785023874,0.21009549797635632,0.6223603595906912,0.04567814476458187,0.05578069129916567
lgbm,raw,1,1000,1,False,0.8138871192932129,White men,2662,0.29676934635612323,0.31999840842846083,0.1994517674973073,0.6437134858812074,0.038995726495726496,0.043200601051840724
lgbm,raw,1,1000,1,False,0.8138871192932129,Black women,339,0.23008849557522124,0.2792832710290093,0.16556441205728162,0.6922340111995285,0.0038314176245210726,0.008849557522123894
lgbm,raw,1,1000,1,False,0.8138871192932129,White women,611,0.2127659574468085,0.282358209778239,0.16422931326825585,0.6524148408763794,0.014553014553014554,0.016366612111292964
lgbm,raw,1,1000,2,False,1.268249750137329,All,7807,0.30062764185986934,0.28810280519842507,0.19892964095613433,0.6513510740076569,0.03901098901098901,0.05584731651082362
lgbm,raw,1,1000,2,False,1.268249750137329,Men,6857,0.31194399883330903,0.294126780883078,0.20361628265208834,0.6476378054186953,0.04514624841034336,0.06343882164211755
lgbm,raw,1,1000,2,False,1.268249750137329,Women,950,0.21894736842105264,0.24462238280930365,0.16510195452544266,0.6461421832884097,0.0,0.0010526315789473684
lgbm,raw,1,1000,2,False,1.268249750137329,Black,4534,0.31473312748125276,0.2887626522991971,0.20517486390031486,0.6460729428699217,0.03862246540070808,0.05381561535068372
lgbm,raw,1,1000,2,False,1.268249750137329,White,3273,0.281087687137183,0.2871887365290391,0.19027829942576013,0.659166374101517,0.039524011899702505,0.05866177818515124
lgbm,raw,1,1000,2,False,1.268249750137329,Black men,4195,0.3215733015494637,0.29231339673826473,0.20852253251710332,0.6402252885586627,0.0421644413211525,0.057926102502979734
lgbm,raw,1,1000,2,False,1.268249750137329,White men,2662,0.29676934635612323,0.2969844617574175,0.19588460790237477,0.660588418262469,0.049679487179487176,0.07212622088655146
lgbm,raw,1,1000,2,False,1.268249750137329,Black women,339,0.23008849557522124,0.24482349913728327,0.16374869915864104,0.6945181255526084,0.0,0.0029498525073746312
lgbm,raw,1,1000,2,False,1.268249750137329,White women,611,0.2127659574468085,0.2445107978090007,0.16585277869785792,0.614840876379338,0.0,0.0
lgbm,raw,1,1000,3,False,0.6756784915924072,All,7807,0.30062764185986934,0.2999550064451835,0.20077374032239353,0.6434834197190397,0.0027472527472527475,0.0049955168438580765
lgbm,raw,1,1000,3,False,0.6756784915924072,Men,6857,0.31194399883330903,0.30346646321645004,0.20506691921781064,0.6421381434158141,0.00317931326833404,0.005687618492051918
lgbm,raw,1,1000,3,False,0.6756784915924072,Women,950,0.21894736842105264,0.2746096810972103,0.16978602696884065,0.6069063601492847,0.0,0.0
lgbm,raw,1,1000,3,False,0.6756784915924072,Black,4534,0.31473312748125276,0.30292843278231174,0.20711411641077818,0.6319713674098477,0.0041841004184100415,0.006396118217909131
lgbm,raw,1,1000,3,False,0.6756784915924072,White,3273,0.281087687137183,0.2958359978865097,0.19199058566772323,0.6589437166244757,0.0008499787505312367,0.0030553009471432934
lgbm,raw,1,1000,3,False,0.6756784915924072,Black men,4195,0.3215733015494637,0.30534792049351095,0.21001588865524023,0.6273015538956266,0.004567814476458187,0.006912991656734207
lgbm,raw,1,1000,3,False,0.6756784915924072,White men,2662,0.29676934635612323,0.30050150706420725,0.19726792342892377,0.6661960402466731,0.0010683760683760685,0.003756574004507889
lgbm,raw,1,1000,3,False,0.6756784915924072,Black women,339,0.23008849557522124,0.272988164497708,0.17120575486057674,0.6588564692012968,0.0,0.0
lgbm,raw,1,1000,3,False,0.6756784915924072,White women,611,0.2127659574468085,0.27550934415323525,0.16899832196835204,0.5761954261954262,0.0,0.0
lgbm,raw,1,1000,4,False,0.8264501094818115,All,7807,0.30062764185986934,0.3275125390261919,0.2043602825428276,0.6418415060298316,0.14084249084249084,0.17894197515050594
lgbm,raw,1,1000,4,False,0.8264501094818115,Men,6857,0.31194399883330903,0.339246691267732,0.20881291007672312,0.6378402984917857,0.15239508266214497,0.1933790287297652
lgbm,raw,1,1000,4,False,0.8264501094818115,Women,950,0.21894736842105264,0.24281666332067536,0.17222168570080457,0.6330732946298985,0.0673854447439353,0.07473684210526316
lgbm,raw,1,1000,4,False,0.8264501094818115,Black,4534,0.31473312748125276,0.3329492486222979,0.21037586649655562,0.6331170273783298,0.14483424525265529,0.18372298191442435
lgbm,raw,1,1000,4,False,0.8264501094818115,White,3273,0.281087687137183,0.3199812095704188,0.19602705380888227,0.6531592416711322,0.13557161070973225,0.17231897341888175
lgbm,raw,1,1000,4,False,0.8264501094818115,Black men,4195,0.3215733015494637,0.3397343525814264,0.21410511550918904,0.6258655978479153,0.151791988756149,0.19094159713945172
lgbm,raw,1,1000,4,False,0.8264501094818115,White men,2662,0.29676934635612323,0.3384781941937469,0.20047301458867114,0.6573893757438062,0.15331196581196582,0.19722013523666415
lgbm,raw,1,1000,4,False,0.8264501094818115,Black women,339,0.23008849557522124,0.24898608901007313,0.1642277850570359,0.7025739267118577,0.06896551724137931,0.0943952802359882
lgbm,raw,1,1000,4,False,0.8264501094818115,White women,611,0.2127659574468085,0.23939369227533025,0.17665692681084968,0.5890292659523428,0.06652806652806653,0.06382978723404255
lgbm,raw,1,1000,5,False,0.7184901237487793,All,7807,0.30062764185986934,0.2828070693505458,0.20047403151397183,0.6369377320591637,0.02619047619047619,0.03688997053925964
lgbm,raw,1,1000,5,False,0.7184901237487793,Men,6857,0.31194399883330903,0.2845965252891312,0.20526273048957885,0.6346546434422713,0.028189910979228485,0.03922998395799913
lgbm,raw,1,1000,5,False,0.7184901237487793,Women,950,0.21894736842105264,0.2698909647496186,0.16590970638161695,0.6472955110926808,0.013477088948787063,0.02
lgbm,raw,1,1000,5,False,0.7184901237487793,Black,4534,0.31473312748125276,0.28051061263875227,0.207725244762519,0.6268240735874798,0.022851625362085612,0.032201146890163214
lgbm,raw,1,1000,5,False,0.7184901237487793,White,3273,0.281087687137183,0.28598828986116953,0.19042911832456988,0.6531562390288068,0.03059923501912452,0.04338527344943477
lgbm,raw,1,1000,5,False,0.7184901237487793,Black men,4195,0.3215733015494637,0.2818735106853853,0.2111608155779695,0.6218012666002302,0.02354181307097681,0.03289630512514899
lgbm,raw,1,1000,5,False,0.7184901237487793,White men,2662,0.29676934635612323,0.28888767715341157,0.19596803967598045,0.6565742318511306,0.035256410256410256,0.04921111945905334
lgbm,raw,1,1000,5,False,0.7184901237487793,Black women,339,0.23008849557522124,0.26364525185519605,0.16521132272471645,0.6878868258178603,0.01532567049808429,0.02359882005899705
lgbm,raw,1,1000,5,False,0.7184901237487793,White women,611,0.2127659574468085,0.2733562620838399,0.16629718929436535,0.624340316648009,0.012474012474012475,0.01800327332242226
lgbm,raw,1,1000,6,False,0.6562178134918213,All,7807,0.30062764185986934,0.27610908780356885,0.20071598083442468,0.643641247262892,0.06043956043956044,0.09043166389137954
lgbm,raw,1,1000,6,False,0.6562178134918213,Men,6857,0.31194399883330903,0.28600454031038103,0.2056801446722256,0.6392723519545865,0.06973293768545995,0.10281464197170774
lgbm,raw,1,1000,6,False,0.6562178134918213,Women,950,0.21894736842105264,0.20468475323597837,0.16488516879673973,0.6393064482687123,0.0013477088948787063,0.0010526315789473684
lgbm,raw,1,1000,6,False,0.6562178134918213,Black,4534,0.31473312748125276,0.2822223735424223,0.20772003577346146,0.634819672737533,0.0643707756678468,0.09550066166740186
lgbm,raw,1,1000,6,False,0.6562178134918213,White,3273,0.281087687137183,0.26764051538072703,0.19101344948899454,0.6550485966111717,0.055248618784530384,0.08340971585701192
lgbm,raw,1,1000,6,False,0.6562178134918213,Black men,4195,0.3215733015494637,0.2889329553356469,0.21079857248730202,0.6305245758681244,0.07027406886858749,0.1032181168057211
lgbm,raw,1,1000,6,False,0.6562178134918213,White men,2662,0.29676934635612323,0.2813897014557642,0.19761410234155471,0.652795358649789,0.06891025641025642,0.10217881292261458
lgbm,raw,1,1000,6,False,0.6562178134918213,Black women,339,0.23008849557522124,0.19918139825458472,0.16962427909334002,0.6652421652421652,0.0,0.0
lgbm,raw,1,1000,6,False,0.6562178134918213,White women,611,0.2127659574468085,0.20773816950225082,0.1622557769955163,0.6237006237006235,0.002079002079002079,0.0016366612111292963
lgbm,raw,1,1000,7,False,1.0783872604370117,All,7807,0.30062764185986934,0.28741491032926547,0.20022067034848645,0.6416034185953232,0.006776556776556777,0.009991033687716153
lgbm,raw,1,1000,7,False,1.0783872604370117,Men,6857,0.31194399883330903,0.289673246103345,0.20484134841573853,0.6391490340377268,0.00741839762611276,0.010791891497739537
lgbm,raw,1,1000,7,False,1.0783872604370117,Women,950,0.21894736842105264,0.2711144804315148,0.16686910244622602,0.6433981702260003,0.0026954177897574125,0.004210526315789474
lgbm,raw,1,1000,7,False,1.0783872604370117,Black,4534,0.31473312748125276,0.2893072427539417,0.20637622463343092,0.6373216524659262,0.009011908593498551,0.01168945743273048
lgbm,raw,1,1000,7,False,1.0783872604370117,White,3273,0.281087687137183,0.2847935124638569,0.19169354443099845,0.6469913523901032,0.003824904377390565,0.007638252367858234
lgbm,raw,1,1000,7,False,1.0783872604370117,Black men,4195,0.3215733015494637,0.2907793346132326,0.2097138671956019,0.6310862735312641,0.009838369641602248,0.012395709177592373
lgbm,raw,1,1000,7,False,1.0783872604370117,White men,2662,0.29676934635612323,0.2879301802509865,0.1971628299027683,0.6522131613112625,0.0037393162393162395,0.008264462809917356
lgbm,raw,1,1000,7,False,1.0783872604370117,Black women,339,0.23008849557522124,0.27109064880195066,0.16507412862072546,0.7115875822772374,0.0,0.0029498525073746312
lgbm,raw,1,1000,7,False,1.0783872604370117,White women,611,0.2127659574468085,0.271127702890471,0.1678650044541551,0.6007356468894931,0.004158004158004158,0.004909983633387889
lgbm,raw,1,1000,8,False,0.8990533351898193,All,7807,0.30062764185986934,0.3086197668925674,0.20111937050288176,0.6324287805646988,0.027472527472527472,0.03548097860894069
lgbm,raw,1,1000,8,False,0.8990533351898193,Men,6857,0.31194399883330903,0.3106808593088725,0.20529265473231012,0.6308079567950303,0.029249682068673167,0.03806329298527052
lgbm,raw,1,1000,8,False,0.8990533351898193,Women,950,0.21894736842105264,0.2937430187887737,0.17099704422794448,0.6316737507775243,0.016172506738544475,0.016842105263157894
lgbm,raw,1,1000,8,False,0.8990533351898193,Black,4534,0.31473312748125276,0.30734041475256635,0.2071429569817707,0.6236713941821359,0.027035725780495654,0.03727393030436701
lgbm,raw,1,1000,8,False,0.8990533351898193,White,3273,0.281087687137183,0.3103920194445884,0.19277505608330256,0.6471641198100482,0.02804929876753081,0.03299725022914757
lgbm,raw,1,1000,8,False,0.8990533351898193,Black men,4195,0.3215733015494637,0.30959366622727946,0.21018380346582513,0.6193028645669185,0.02881236823612087,0.039570917759237184
lgbm,raw,1,1000,8,False,0.8990533351898193,White men,2662,0.29676934635612323,0.31239414818087957,0.19758477759591064,0.6508973006599589,0.029914529914529916,0.035687453042824946
lgbm,raw,1,1000,8,False,0.8990533351898193,Black women,339,0.23008849557522124,0.27945725859793086,0.16951360299767568,0.6630808527360251,0.007662835249042145,0.008849557522123894
lgbm,raw,1,1000,8,False,0.8990533351898193,White women,611,0.2127659574468085,0.30166916069498606,0.17182009918221802,0.6166640012793859,0.02079002079002079,0.02127659574468085
lgbm,raw,1,1000,9,False,1.0311014652252197,All,7807,0.30062764185986934,0.29458354653424673,0.20368609329706375,0.6211557580326221,0.04358974358974359,0.054438324580504675
lgbm,raw,1,1000,9,False,1.0311014652252197,Men,6857,0.31194399883330903,0.2992457791108137,0.20847052494381507,0.6170717083034328,0.04641797371767698,0.05833454863642992
lgbm,raw,1,1000,9,False,1.0311014652252197,Women,950,0.21894736842105264,0.26093204255791036,0.16915256929519645,0.6268045044578063,0.025606469002695417,0.02631578947368421
lgbm,raw,1,1000,9,False,1.0311014652252197,Black,4534,0.31473312748125276,0.2916653950278776,0.21140951023367224,0.6078150722795397,0.042162858062439655,0.052712836347595944
lgbm,raw,1,1000,9,False,1.0311014652252197,White,3273,0.281087687137183,0.29862598433744797,0.19298704887586504,0.6437237846227757,0.04547386315342117,0.05682859761686526
lgbm,raw,1,1000,9,False,1.0311014652252197,Black men,4195,0.3215733015494637,0.2945174561387352,0.21482895268743613,0.6019474095748809,0.04356992269852424,0.05411203814064362
lgbm,raw,1,1000,9,False,1.0311014652252197,White men,2662,0.29676934635612323,0.30669706193120033,0.19845038806008458,0.6454127447798333,0.05074786324786325,0.06498873027798648
lgbm,raw,1,1000,9,False,1.0311014652252197,Black women,339,0.23008849557522124,0.2563721904259674,0.1690951707247064,0.6634738186462324,0.02681992337164751,0.035398230088495575
lgbm,raw,1,1000,9,False,1.0311014652252197,White women,611,0.2127659574468085,0.26346197688316186,0.16918441563790698,0.6057012633935712,0.02494802494802495,0.02127659574468085
lgbm,raw,1,2000,0,False,0.802931547164917,All,7807,0.30062764185986934,0.2905039013269602,0.1975488494908692,0.6581909568914256,0.05146520146520146,0.07685410529012425
lgbm,raw,1,2000,0,False,0.802931547164917,Men,6857,0.31194399883330903,0.29385766624534615,0.2018328932567531,0.656548949335312,0.05383637134378974,0.0810850226046376
lgbm,raw,1,2000,0,False,0.802931547164917,Women,950,0.21894736842105264,0.26629677917393685,0.16662707254069453,0.6549930022807382,0.03638814016172507,0.04631578947368421
lgbm,raw,1,2000,0,False,0.802931547164917,Black,4534,0.31473312748125276,0.29028792482911614,0.20355710569051616,0.6549737701494174,0.0511747666559382,0.07498897220996913
lgbm,raw,1,2000,0,False,0.802931547164917,White,3273,0.281087687137183,0.29080308783512543,0.1892257717000964,0.6636107466878545,0.05184870378240544,0.07943782462572563
lgbm,raw,1,2000,0,False,0.802931547164917,Black men,4195,0.3215733015494637,0.2925454553693058,0.20711401667150836,0.6488039082592608,0.05305692199578355,0.07723480333730631
lgbm,raw,1,2000,0,False,0.802931547164917,White men,2662,0.29676934635612323,0.29592555678816695,0.19351046172974393,0.6700070323488044,0.05502136752136752,0.08715251690458302
lgbm,raw,1,2000,0,False,0.802931547164917,Black women,339,0.23008849557522124,0.26235181681703507,0.1595416438460843,0.7266430887120543,0.03065134099616858,0.0471976401179941
lgbm,raw,1,2000,0,False,0.802931547164917,White women,611,0.2127659574468085,0.26848555534249613,0.1705582678393408,0.6149688149688148,0.0395010395010395,0.04582651391162029
lgbm,raw,1,2000,1,False,0.6464118957519531,All,7807,0.30062764185986934,0.31002873071602816,0.1984734961382749,0.6555014506867938,0.018864468864468863,0.022800051236070193
lgbm,raw,1,2000,1,False,0.6464118957519531,Men,6857,0.31194399883330903,0.3146163722064261,0.2029650304219619,0.6509813609105688,0.019287833827893175,0.02391716494093627
lgbm,raw,1,2000,1,False,0.6464118957519531,Women,950,0.21894736842105264,0.2769156173479665,0.16605407447170453,0.6604486315571221,0.016172506738544475,0.014736842105263158
lgbm,raw,1,2000,1,False,0.6464118957519531,Black,4534,0.31473312748125276,0.31095499682124206,0.20503670590836687,0.644211400483886,0.016736401673640166,0.018306131451257167
lgbm,raw,1,2000,1,False,0.6464118957519531,White,3273,0.281087687137183,0.308745598873364,0.18938165590069556,0.6710318926809438,0.021674458138546536,0.029025358997861288
lgbm,raw,1,2000,1,False,0.6464118957519531,Black men,4195,0.3215733015494637,0.31388677613205196,0.20809104602407164,0.6388297049374696,0.017568517217146872,0.019308700834326578
lgbm,raw,1,2000,1,False,0.6464118957519531,White men,2662,0.29676934635612323,0.31576613010725224,0.194887030628254,0.6706287866493562,0.0219017094017094,0.031179564237415476
lgbm,raw,1,2000,1,False,0.6464118957519531,Black women,339,0.23008849557522124,0.2746753088895379,0.16724037320812643,0.6887464387464387,0.007662835249042145,0.0058997050147492625
lgbm,raw,1,2000,1,False,0.6464118957519531,White women,611,0.2127659574468085,0.27815860354666905,0.1653958825377487,0.6454261954261954,0.02079002079002079,0.019639934533551555
lgbm,raw,1,2000,2,False,0.7038984298706055,All,7807,0.30062764185986934,0.3043893385119362,0.19570329864240005,0.6662121857690669,0.051648351648351645,0.07557320353528885
lgbm,raw,1,2000,2,False,0.7038984298706055,Men,6857,0.31194399883330903,0.309135735253415,0.20017070794853906,0.6624905046690373,0.05765154726579059,0.08356424092168586
lgbm,raw,1,2000,2,False,0.7038984298706055,Women,950,0.21894736842105264,0.27013034645265227,0.1634580085242997,0.6742108127721335,0.013477088948787063,0.017894736842105262
lgbm,raw,1,2000,2,False,0.7038984298706055,Black,4534,0.31473312748125276,0.3033393599259651,0.20051581554664796,0.666894430349084,0.05085291277759897,0.07520952801058668
lgbm,raw,1,2000,2,False,0.7038984298706055,White,3273,0.281087687137183,0.3058438459695571,0.18903664674998938,0.6669048762911363,0.05269868253293668,0.076076993583868
lgbm,raw,1,2000,2,False,0.7038984298706055,Black men,4195,0.3215733015494637,0.3060761467873056,0.2039070644142009,0.6605904428308209,0.05375966268446943,0.07890345649582836
lgbm,raw,1,2000,2,False,0.7038984298706055,White men,2662,0.29676934635612323,0.31395728807660384,0.1942826480787227,0.6679406037000973,0.06356837606837606,0.09090909090909091
lgbm,raw,1,2000,2,False,0.7038984298706055,Black women,339,0.23008849557522124,0.26947263165657426,0.15855036127117755,0.7366145986835642,0.019157088122605363,0.029498525073746312
lgbm,raw,1,2000,2,False,0.7038984298706055,White women,611,0.2127659574468085,0.27049526513656463,0.16618090937341332,0.6350711658403966,0.010395010395010396,0.011456628477905073
lgbm,raw,1,2000,3,False,0.9055967330932617,All,7807,0.30062764185986934,0.2983596727838504,0.19692394789878465,0.6638187086312353,0.0793040293040293,0.11707442039195594
lgbm,raw,1,2000,3,False,0.9055967330932617,Men,6857,0.31194399883330903,0.31093904567528846,0.20092989584485102,0.6629611341958551,0.09050445103857567,0.1319819162899227
lgbm,raw,1,2000,3,False,0.9055967330932617,Women,950,0.21894736842105264,0.20756308339796514,0.1680094373028089,0.6246954696247149,0.008086253369272238,0.009473684210526316
lgbm,raw,1,2000,3,False,0.9055967330932617,Black,4534,0.31473312748125276,0.3067983501144999,0.20387585876090408,0.6553525743461033,0.08979723205664629,0.12726069695632994
lgbm,raw,1,2000,3,False,0.9055967330932617,White,3273,0.281087687137183,0.28666979712935453,0.1872936503586535,0.67310463977531,0.06544836379090523,0.10296364191872899
lgbm,raw,1,2000,3,False,0.9055967330932617,Black men,4195,0.3215733015494637,0.3147840477475225,0.20684024173446644,0.6515183678912622,0.09768095572733661,0.1368295589988081
lgbm,raw,1,2000,3,False,0.9055967330932617,White men,2662,0.29676934635612323,0.3048797730633346,0.191615883445551,0.6805366223087742,0.07959401709401709,0.12434259954921112
lgbm,raw,1,2000,3,False,0.9055967330932617,Black women,339,0.23008849557522124,0.2079782864846199,0.1671927125246381,0.6577266922094508,0.0038314176245210726,0.008849557522123894
lgbm,raw,1,2000,3,False,0.9055967330932617,White women,611,0.2127659574468085,0.20733271703728437,0.1684625792010084,0.6055813209659363,0.010395010395010396,0.009819967266775777
lgbm,raw,1,2000,4,False,0.8696279525756836,All,7807,0.30062764185986934,0.32361271562101357,0.1968230099362858,0.6604820119519735,0.062454212454212454,0.09196874599718202
lgbm,raw,1,2000,4,False,0.8696279525756836,Men,6857,0.31194399883330903,0.3323350134742261,0.201295267588472,0.656093232903301,0.069520983467571,0.10121044188420592
lgbm,raw,1,2000,4,False,0.8696279525756836,Women,950,0.21894736842105264,0.26065608785314187,0.16454272496676936,0.6557964441219158,0.01752021563342318,0.02526315789473684
lgbm,raw,1,2000,4,False,0.8696279525756836,Black,4534,0.31473312748125276,0.32597910014640397,0.20321238082154663,0.648146047230647,0.06179594464113292,0.0897662108513454
lgbm,raw,1,2000,4,False,0.8696279525756836,White,3273,0.281087687137183,0.32033462596683704,0.1879719840903424,0.6774409172379385,0.06332341691457713,0.09501985945615643
lgbm,raw,1,2000,4,False,0.8696279525756836,Black men,4195,0.3215733015494637,0.3312945184332124,0.20671367985632652,0.6406736829602835,0.06640899508081517,0.09463647199046483
lgbm,raw,1,2000,4,False,0.8696279525756836,White men,2662,0.29676934635612323,0.33397471170752907,0.19275648491993325,0.6812026668830465,0.07425213675213675,0.1115702479338843
lgbm,raw,1,2000,4,False,0.8696279525756836,Black women,339,0.23008849557522124,0.2602027588096453,0.15988509630561248,0.7208468415364967,0.011494252873563218,0.029498525073746312
lgbm,raw,1,2000,4,False,0.8696279525756836,White women,611,0.2127659574468085,0.26090760756794606,0.16712690846289405,0.6140252678714218,0.02079002079002079,0.022913256955810146
lgbm,raw,1,2000,5,False,1.4961981773376465,All,7807,0.30062764185986934,0.29390293595219963,0.19950721782178654,0.6577015939606481,0.09688644688644689,0.13129242987062892
lgbm,raw,1,2000,5,False,1.4961981773376465,Men,6857,0.31194399883330903,0.2988053732144911,0.20361903127614098,0.6573549500872095,0.10237388724035608,0.13941957124106752
lgbm,raw,1,2000,5,False,1.4961981773376465,Women,950,0.21894736842105264,0.2585176598390075,0.16982858113072521,0.6376412502591748,0.06199460916442048,0.07263157894736842
lgbm,raw,1,2000,5,False,1.4961981773376465,Black,4534,0.31473312748125276,0.30106166302833687,0.20563895621021414,0.6527801115504493,0.1023495333118764,0.13630348478164975
lgbm,raw,1,2000,5,False,1.4961981773376465,White,3273,0.281087687137183,0.2839861414018769,0.19101308343341786,0.6627570723775383,0.08967275818104548,0.12435074854873206
lgbm,raw,1,2000,5,False,1.4961981773376465,Black men,4195,0.3215733015494637,0.3046699264799625,0.20874323323332072,0.6490841710394779,0.10541110330288124,0.1399284862932062
lgbm,raw,1,2000,5,False,1.4961981773376465,White men,2662,0.29676934635612323,0.2895635246237125,0.19554388957427432,0.669340987774532,0.09775641025641026,0.1386175807663411
lgbm,raw,1,2000,5,False,1.4961981773376465,Black women,339,0.23008849557522124,0.25641073329509295,0.16722467269419058,0.6843010118872188,0.06896551724137931,0.09144542772861357
lgbm,raw,1,2000,5,False,1.4961981773376465,White women,611,0.2127659574468085,0.25968664199676045,0.17127330283282874,0.6118343195266273,0.058212058212058215,0.062193126022913256
lgbm,raw,1,2000,6,False,0.6982226371765137,All,7807,0.30062764185986934,0.3003976312622812,0.19680278682445876,0.6585757907764724,0.039377289377289376,0.05853721019597797
lgbm,raw,1,2000,6,False,0.6982226371765137,Men,6857,0.31194399883330903,0.3031354015805322,0.20094143959495173,0.6571217905384985,0.041966935142009325,0.06256380341257109
lgbm,raw,1,2000,6,False,0.6982226371765137,Women,950,0.21894736842105264,0.28063669329149443,0.1669304267747007,0.6556409392494298,0.022911051212938006,0.029473684210526315
lgbm,raw,1,2000,6,False,0.6982226371765137,Black,4534,0.31473312748125276,0.30167424498905276,0.2024153292325081,0.6543396480898863,0.03926617315738655,0.05734450816056462
lgbm,raw,1,2000,6,False,0.6982226371765137,White,3273,0.281087687137183,0.2986291721614006,0.18902788084276131,0.6643918956373916,0.039524011899702505,0.060189428658722885
lgbm,raw,1,2000,6,False,0.6982226371765137,Black men,4195,0.3215733015494637,0.30365760408068365,0.2055623605041831,0.649362871016088,0.040758959943780745,0.05887961859356377
lgbm,raw,1,2000,6,False,0.6982226371765137,White men,2662,0.29676934635612323,0.3023124716450946,0.1936594098375416,0.6692571405387862,0.0438034188034188,0.06836964688204357
lgbm,raw,1,2000,6,False,0.6982226371765137,Black women,339,0.23008849557522124,0.27713090755721925,0.16347197765529084,0.705742214362904,0.022988505747126436,0.038348082595870206
lgbm,raw,1,2000,6,False,0.6982226371765137,White women,611,0.2127659574468085,0.282581801906747,0.16884927170347314,0.6268351191428114,0.02286902286902287,0.024549918166939442
lgbm,raw,1,2000,7,False,0.9269354343414307,All,7807,0.30062764185986934,0.30210884784477227,0.20567951585638278,0.6454032581535778,0.0,0.0
lgbm,raw,1,2000,7,False,0.9269354343414307,Men,6857,0.31194399883330903,0.3033427908156225,0.21011100725005194,0.6414578882938845,0.0,0.0
lgbm,raw,1,2000,7,False,0.9269354343414307,Women,950,0.21894736842105264,0.29320237736990923,0.17369347744965688,0.6420763788098693,0.0,0.0
lgbm,raw,1,2000,7,False,0.9269354343414307,Black,4534,0.31473312748125276,0.30305956231313225,0.211586259546161,0.6337382933263925,0.0,0.0
lgbm,raw,1,2000,7,False,0.9269354343414307,White,3273,0.281087687137183,0.3007918483337596,0.1974970606503166,0.6602854357988877,0.0,0.0
lgbm,raw,1,2000,7,False,0.9269354343414307,Black men,4195,0.3215733015494637,0.30389368204446854,0.2142524718647187,0.6318012561815394,0.0,0.0
lgbm,raw,1,2000,7,False,0.9269354343414307,White men,2662,0.29676934635612323,0.3024746508062276,0.20358454441814844,0.6557952639835551,0.0,0.0
lgbm,raw,1,2000,7,False,0.9269354343414307,Black women,339,0.23008849557522124,0.2927376382041192,0.17859286522064577,0.6138127517437864,0.0,0.0
lgbm,raw,1,2000,7,False,0.9269354343414307,White women,611,0.2127659574468085,0.2934602277417633,0.17097515919373998,0.6592355669278747,0.0,0.0
lgbm,raw,1,2000,8,False,1.0373387336730957,All,7807,0.30062764185986934,0.2933080448421685,0.19785561053354142,0.6605756549940615,0.07564102564102564,0.10772383758165749
lgbm,raw,1,2000,8,False,1.0373387336730957,Men,6857,0.31194399883330903,0.30039743197899166,0.2026996617075746,0.6563515613960718,0.08435777871979652,0.11856497010354382
lgbm,raw,1,2000,8,False,1.0373387336730957,Women,950,0.21894736842105264,0.2421375947398565,0.1628917590594931,0.6615760418826457,0.02021563342318059,0.029473684210526315
lgbm,raw,1,2000,8,False,1.0373387336730957,Black,4534,0.31473312748125276,0.2948946481838716,0.20460851888615358,0.6540582796853817,0.0794979079497908,0.11182179091310102
lgbm,raw,1,2000,8,False,1.0373387336730957,White,3273,0.281087687137183,0.29111016535812273,0.18850098588620146,0.6701990058944178,0.07054823629409265,0.10204705163458601
lgbm,raw,1,2000,8,False,1.0373387336730957,Black men,4195,0.3215733015494637,0.2997469076219524,0.20864257280457296,0.6460270667166069,0.08608573436401967,0.11847437425506556
lgbm,raw,1,2000,8,False,1.0373387336730957,White men,2662,0.29676934635612323,0.30142258212090745,0.19333433035824782,0.6739275668073137,0.08173076923076923,0.11870773854244929
lgbm,raw,1,2000,8,False,1.0373387336730957,Black women,339,0.23008849557522124,0.23484972681883054,0.1546885891287221,0.7353865802141664,0.007662835249042145,0.029498525073746312
lgbm,raw,1,2000,8,False,1.0373387336730957,White women,611,0.2127659574468085,0.2461811090200984,0.16744310866101741,0.6184231568846953,0.02702702702702703,0.029459901800327332
lgbm,raw,1,2000,9,False,1.2336759567260742,All,7807,0.30062764185986934,0.2990635829459321,0.19585063859757038,0.6648863173469053,0.056593406593406594,0.08389906494171898
lgbm,raw,1,2000,9,False,1.2336759567260742,Men,6857,0.31194399883330903,0.3091154123898969,0.20057093002165413,0.6595875047885402,0.06443408223823655,0.09406445967624326
lgbm,raw,1,2000,9,False,1.2336759567260742,Women,950,0.21894736842105264,0.2265105361067039,0.16178007197131503,0.6688523740410532,0.006738544474393531,0.010526315789473684
lgbm,raw,1,2000,9,False,1.2336759567260742,Black,4534,0.31473312748125276,0.30342300425750135,0.2033783879438259,0.6501372784604423,0.06147409076279369,0.08800176444640494
lgbm,raw,1,2000,9,False,1.2336759567260742,White,3273,0.281087687137183,0.2930245923481152,0.18542264729420266,0.6843802546240692,0.050148746281342964,0.07821570424686831
lgbm,raw,1,2000,9,False,1.2336759567260742,Black men,4195,0.3215733015494637,0.3099309525595618,0.20710553528935857,0.6417214125452497,0.06676036542515812,0.09368295589988081
lgbm,raw,1,2000,9,False,1.2336759567260742,White men,2662,0.29676934635612323,0.30783021666797955,0.19027315800887432,0.6885291572000434,0.060897435897435896,0.0946656649135988
lgbm,raw,1,2000,9,False,1.2336759567260742,Black women,339,0.23008849557522124,0.2228895437054554,0.15725631385972683,0.7330287847529228,0.0038314176245210726,0.017699115044247787
lgbm,raw,1,2000,9,False,1.2336759567260742,White women,611,0.2127659574468085,0.2285195646239269,0.16428998031800637,0.6298416759955221,0.008316008316008316,0.006546644844517185
lgbm,raw,1,4000,0,False,1.205287218093872,All,7807,0.30062764185986934,0.296052102229293,0.19258249822706933,0.6795928010350678,0.050183150183150185,0.08569232739848853
lgbm,raw,1,4000,0,False,1.205287218093872,Men,6857,0.31194399883330903,0.3012483626492319,0.19670944417370273,0.677774445039647,0.055320050869012295,0.09362695056147002
lgbm,raw,1,4000,0,False,1.205287218093872,Women,950,0.21894736842105264,0.2585460414929557,0.16279463679963233,0.6712886170433341,0.01752021563342318,0.028421052631578948
lgbm,raw,1,4000,0,False,1.205287218093872,Black,4534,0.31473312748125276,0.2969131085200317,0.1985361199123861,0.6755410674948107,0.052140328290955905,0.08645787384208205
lgbm,raw,1,4000,0,False,1.205287218093872,White,3273,0.281087687137183,0.2948593730749364,0.18433510417842092,0.6862455884255068,0.04759881002974926,0.08463183623586923
lgbm,raw,1,4000,0,False,1.205287218093872,Black men,4195,0.3215733015494637,0.3001380758708988,0.20175964349809966,0.6703719003743956,0.05586788475052706,0.09153754469606674
lgbm,raw,1,4000,0,False,1.205287218093872,White men,2662,0.29676934635612323,0.30299804448060197,0.1887509219476151,0.6910783836416748,0.05448717948717949,0.09691960931630353
lgbm,raw,1,4000,0,False,1.205287218093872,Black women,339,0.23008849557522124,0.2570053267003048,0.1586462041540722,0.7294920915610571,0.011494252873563218,0.02359882005899705
lgbm,raw,1,4000,0,False,1.205287218093872,White women,611,0.2127659574468085,0.2594008734319224,0.16509630401214437,0.6364305133535904,0.02079002079002079,0.031096563011456628
lgbm,raw,1,4000,1,False,1.2652528285980225,All,7807,0.30062764185986934,0.30929015186644887,0.1940708704720604,0.6780600595257604,0.08021978021978023,0.1169463302164724
lgbm,raw,1,4000,1,False,1.2652528285980225,Men,6857,0.31194399883330903,0.3206863269261,0.19908730605780456,0.6714055626537262,0.08902077151335312,0.1278984978853726
lgbm,raw,1,4000,1,False,1.2652528285980225,Women,950,0.21894736842105264,0.22703375988326188,0.1578627664600103,0.7005559299191374,0.02425876010781671,0.037894736842105266
lgbm,raw,1,4000,1,False,1.2652528285980225,Black,4534,0.31473312748125276,0.31127936138567863,0.20034260473684704,0.6689634748851351,0.07821049243643385,0.11226290251433613
lgbm,raw,1,4000,1,False,1.2652528285980225,White,3273,0.281087687137183,0.306534552734097,0.18538280351314118,0.6906479240192909,0.08287292817679558,0.12343415826458906
lgbm,raw,1,4000,1,False,1.2652528285980225,Black men,4195,0.3215733015494637,0.31878105192530976,0.20389374129034682,0.6619335422975401,0.08362614195361912,0.11799761620977355
lgbm,raw,1,4000,1,False,1.2652528285980225,White men,2662,0.29676934635612323,0.3236888170193814,0.19151292747008297,0.6875649139889646,0.09722222222222222,0.14350112697220135
lgbm,raw,1,4000,1,False,1.2652528285980225,Black women,339,0.23008849557522124,0.2184487070678248,0.15639859930342043,0.7384811867570489,0.019157088122605363,0.04129793510324484
lgbm,raw,1,4000,1,False,1.2652528285980225,White women,611,0.2127659574468085,0.231796988859421,0.15867512761563055,0.6811450503758195,0.02702702702702703,0.03600654664484452
lgbm,raw,1,4000,2,False,3.394132375717163,All,7807,0.30062764185986934,0.3062528897369604,0.19298711734503818,0.6790869335181222,0.06208791208791209,0.09542718073523761
lgbm,raw,1,4000,2,False,3.394132375717163,Men,6857,0.31194399883330903,0.3151932957619908,0.1980123647212799,0.6717495051924325,0.07058075455701568,0.10660638763307569
lgbm,raw,1,4000,2,False,3.394132375717163,Women,950,0.21894736842105264,0.24172198014366203,0.15671541075673348,0.7029144204851752,0.008086253369272238,0.014736842105263158
lgbm,raw,1,4000,2,False,3.394132375717163,Black,4534,0.31473312748125276,0.30904298532134583,0.19934375953148545,0.6719912019088394,0.06598004505954297,0.09616232906925452
lgbm,raw,1,4000,2,False,3.394132375717163,White,3273,0.281087687137183,0.3023878444025259,0.18418142969659576,0.6889779929414808,0.05694857628559286,0.09440879926672777
lgbm,raw,1,4000,2,False,3.394132375717163,Black men,4195,0.3215733015494637,0.3143238934369302,0.20318449415812773,0.6628751314708535,0.0713281799016163,0.10226460071513707
lgbm,raw,1,4000,2,False,3.394132375717163,White men,2662,0.29676934635612323,0.31656337192789197,0.18986169492880176,0.6872078870496592,0.06944444444444445,0.11344853493613824
lgbm,raw,1,4000,2,False,3.394132375717163,Black women,339,0.23008849557522124,0.24369369462849566,0.1518160847268707,0.7632380391001081,0.007662835249042145,0.02064896755162242
lgbm,raw,1,4000,2,False,3.394132375717163,White women,611,0.2127659574468085,0.24062801744258416,0.1594336947569356,0.6683671837517992,0.008316008316008316,0.011456628477905073
lgbm,raw,1,4000,3,False,1.1747539043426514,All,7807,0.30062764185986934,0.2996466929999485,0.19251847092237587,0.6813937908420226,0.060073260073260075,0.09107211476879723
lgbm,raw,1,4000,3,False,1.1747539043426514,Men,6857,0.31194399883330903,0.31105553068582215,0.1966510376599618,0.6790167405186902,0.0688851208139042,0.10310631471488989
lgbm,raw,1,4000,3,False,1.1747539043426514,Women,950,0.21894736842105264,0.21729890351359543,0.1626900392175053,0.6534185154468173,0.004043126684636119,0.004210526315789474
lgbm,raw,1,4000,3,False,1.1747539043426514,Black,4534,0.31473312748125276,0.30485036120082976,0.1991491212905802,0.6740460370585306,0.06598004505954297,0.09285399205999118
lgbm,raw,1,4000,3,False,1.1747539043426514,White,3273,0.281087687137183,0.29243818960159973,0.18333320701481748,0.689851530885641,0.05227369315767106,0.08860372746715552
lgbm,raw,1,4000,3,False,1.1747539043426514,Black men,4195,0.3215733015494637,0.31228710472706844,0.20228882446467797,0.6682325524698288,0.07203092059030218,0.10011918951132301
lgbm,raw,1,4000,3,False,1.1747539043426514,White men,2662,0.29676934635612323,0.30911471434358745,0.18776654643314583,0.696489911284215,0.0641025641025641,0.10781367392937641
lgbm,raw,1,4000,3,False,1.1747539043426514,Black women,339,0.23008849557522124,0.21282340222569238,0.16029645221878072,0.7170154239119756,0.0,0.0029498525073746312
lgbm,raw,1,4000,3,False,1.1747539043426514,White women,611,0.2127659574468085,0.21978203761604903,0.16401806866524285,0.6170158324004478,0.006237006237006237,0.004909983633387889
lgbm,raw,1,4000,4,False,3.2411513328552246,All,7807,0.30062764185986934,0.30626131129084744,0.19319946037308622,0.6783086818025037,0.06758241758241758,0.10055078775457922
lgbm,raw,1,4000,4,False,3.2411513328552246,Men,6857,0.31194399883330903,0.3141373857312337,0.19748009110307238,0.6749216839569385,0.0748198389147944,0.11068980603762578
lgbm,raw,1,4000,4,False,3.2411513328552246,Women,950,0.21894736842105264,0.24941263504060698,0.16230231835675474,0.6732777835372175,0.0215633423180593,0.02736842105263158
lgbm,raw,1,4000,4,False,3.2411513328552246,Black,4534,0.31473312748125276,0.3080966095110356,0.19973689631624011,0.669641240059914,0.06887672996459607,0.09638288486987208
lgbm,raw,1,4000,4,False,3.2411513328552246,White,3273,0.281087687137183,0.30371892139462586,0.18414332393365462,0.6902183151942941,0.06587335316617085,0.10632447296058661
lgbm,raw,1,4000,4,False,3.2411513328552246,Black men,4195,0.3215733015494637,0.3128899723499349,0.20308544285565025,0.6630532910820696,0.07378777231201687,0.10178784266984506
lgbm,raw,1,4000,4,False,3.2411513328552246,White men,2662,0.29676934635612323,0.31610316301693936,0.18864671371687242,0.6947000432759926,0.0763888888888889,0.1247182569496619
lgbm,raw,1,4000,4,False,3.2411513328552246,Black women,339,0.23008849557522124,0.24878051184383063,0.15829986760584044,0.7355339424304942,0.01532567049808429,0.029498525073746312
lgbm,raw,1,4000,4,False,3.2411513328552246,White women,611,0.2127659574468085,0.24976335478480857,0.1645229907046434,0.6348632656324964,0.02494802494802495,0.02618657937806874
lgbm,raw,1,4000,5,False,1.7620956897735596,All,7807,0.30062764185986934,0.2966808223946001,0.19273769202269303,0.6809913208507159,0.06868131868131869,0.10580248494940438
lgbm,raw,1,4000,5,False,1.7620956897735596,Men,6857,0.31194399883330903,0.30792061530785336,0.19693061721612534,0.6786394540836215,0.07821110640101737,0.11871080647513489
lgbm,raw,1,4000,5,False,1.7620956897735596,Women,950,0.21894736842105264,0.2155531802828342,0.1624735993370453,0.6563277524362431,0.008086253369272238,0.01263157894736842
lgbm,raw,1,4000,5,False,1.7620956897735596,Black,4534,0.31473312748125276,0.30557463151450415,0.20011001583844026,0.6685807236366827,0.0766012230447377,0.1113806793118659
lgbm,raw,1,4000,5,False,1.7620956897735596,White,3273,0.281087687137183,0.28436046475645615,0.18252500758010282,0.6957390195679891,0.058223544411389716,0.09807516040329972
lgbm,raw,1,4000,5,False,1.7620956897735596,Black men,4195,0.3215733015494637,0.3129200556263719,0.20302759268896828,0.6645613965629781,0.08292340126493324,0.11895113230035757
lgbm,raw,1,4000,5,False,1.7620956897735596,White men,2662,0.29676934635612323,0.30004208332581533,0.18732249846759944,0.6997031537379639,0.07104700854700854,0.1183320811419985
lgbm,raw,1,4000,5,False,1.7620956897735596,Black women,339,0.23008849557522124,0.214677716619858,0.16400607811582968,0.6775714706749189,0.007662835249042145,0.017699115044247787
lgbm,raw,1,4000,5,False,1.7620956897735596,White women,611,0.2127659574468085,0.21603891216785706,0.16162333697042028,0.6447145370222293,0.008316008316008316,0.009819967266775777
lgbm,raw,1,4000,6,False,1.2604069709777832,All,7807,0.30062764185986934,0.29170512395834136,0.1940711214967825,0.676767629473211,0.07509157509157509,0.11464070705776867
lgbm,raw,1,4000,6,False,1.2604069709777832,Men,6857,0.31194399883330903,0.29981690473420214,0.19862071765092468,0.6727752882983633,0.08117846545146248,0.12352340673764037
lgbm,raw,1,4000,6,False,1.2604069709777832,Women,950,0.21894736842105264,0.23315514418983885,0.16123261536104244,0.6797441944847605,0.03638814016172507,0.05052631578947368
lgbm,raw,1,4000,6,False,1.2604069709777832,Black,4534,0.31473312748125276,0.29446807894771254,0.20021663779059704,0.6704766617595415,0.07563566140971999,0.11402734891927657
lgbm,raw,1,4000,6,False,1.2604069709777832,White,3273,0.281087687137183,0.28787767576958206,0.18555790094189242,0.6856242724366675,0.0743731406714832,0.1154903758020165
lgbm,raw,1,4000,6,False,1.2604069709777832,Black men,4195,0.3215733015494637,0.29987475656320656,0.20361581806910312,0.6643746415319227,0.07870695713281799,0.11775923718712754
lgbm,raw,1,4000,6,False,1.2604069709777832,White men,2662,0.29676934635612323,0.29972573703222105,0.19074902484316414,0.6866351563345233,0.08493589743589744,0.13260706235912847
lgbm,raw,1,4000,6,False,1.2604069709777832,Black women,339,0.23008849557522124,0.22756243706866422,0.1581530352291426,0.7279202279202279,0.0421455938697318,0.06784660766961652
lgbm,raw,1,4000,6,False,1.2604069709777832,White women,611,0.2127659574468085,0.23625813553857566,0.16294125311016527,0.6543898928514313,0.033264033264033266,0.04091653027823241
lgbm,raw,1,4000,7,False,0.7607715129852295,All,7807,0.30062764185986934,0.30013479627162565,0.19175242666840278,0.6872950192826631,0.02564102564102564,0.04764954527987703
lgbm,raw,1,4000,7,False,0.7607715129852295,Men,6857,0.31194399883330903,0.30993309190089624,0.19642360115028382,0.6816073581308868,0.029249682068673167,0.05381362111710661
lgbm,raw,1,4000,7,False,0.7607715129852295,Women,950,0.21894736842105264,0.22941172981909,0.15803638096076236,0.7091799709724238,0.0026954177897574125,0.003157894736842105
lgbm,raw,1,4000,7,False,0.7607715129852295,Black,4534,0.31473312748125276,0.30664025614874924,0.19809155676090254,0.6781092449199753,0.02735757965883489,0.05006616674018527
lgbm,raw,1,4000,7,False,0.7607715129852295,White,3273,0.281087687137183,0.2911229554274831,0.1829709980587499,0.6982746355254161,0.02337441563960901,0.04430186373357776
lgbm,raw,1,4000,7,False,0.7607715129852295,Black men,4195,0.3215733015494637,0.31300290841791856,0.20127736073999739,0.6720265186934754,0.029866479269149683,0.05411203814064362
lgbm,raw,1,4000,7,False,0.7607715129852295,White men,2662,0.29676934635612323,0.3050954208682485,0.18877464492231677,0.696237017202207,0.028311965811965812,0.05334335086401202
lgbm,raw,1,4000,7,False,0.7607715129852295,Black women,339,0.23008849557522124,0.22790478042849754,0.15866840722608602,0.747765006385696,0.0,0.0
lgbm,raw,1,4000,7,False,0.7607715129852295,White women,611,0.2127659574468085,0.2302478277624792,0.1576857149968594,0.685686870302255,0.004158004158004158,0.004909983633387889
lgbm,raw,1,4000,8,False,1.9987757205963135,All,7807,0.30062764185986934,0.2925466270333946,0.19335136466536537,0.6804792494822319,0.06758241758241758,0.09965415652619444
lgbm,raw,1,4000,8,False,1.9987757205963135,Men,6857,0.31194399883330903,0.3010279755982127,0.19789854431129786,0.6763068676932029,0.07545570156846121,0.11039813329444363
lgbm,raw,1,4000,8,False,1.9987757205963135,Women,950,0.21894736842105264,0.23132914586607095,0.16053030063151374,0.6817722371967656,0.01752021563342318,0.022105263157894735
lgbm,raw,1,4000,8,False,1.9987757205963135,Black,4534,0.31473312748125276,0.2960891713543686,0.19964945610053222,0.6743896561080399,0.07080785323463147,0.10211733568592854
lgbm,raw,1,4000,8,False,1.9987757205963135,White,3273,0.281087687137183,0.28763923444210343,0.18462678581811623,0.6885696335852473,0.06332341691457713,0.09624197983501374
lgbm,raw,1,4000,8,False,1.9987757205963135,Black men,4195,0.3215733015494637,0.3021339420755683,0.20333016771808424,0.6671001710228079,0.07695010541110331,0.10870083432657926
lgbm,raw,1,4000,8,False,1.9987757205963135,White men,2662,0.29676934635612323,0.2992851020548217,0.18933894243621563,0.6916220382992535,0.07318376068376069,0.11307287753568745
lgbm,raw,1,4000,8,False,1.9987757205963135,Black women,339,0.23008849557522124,0.22128736257728068,0.1541020070278754,0.7458492975734355,0.0038314176245210726,0.02064896755162242
lgbm,raw,1,4000,8,False,1.9987757205963135,White women,611,0.2127659574468085,0.23690060991664363,0.16409689888295959,0.6459779305933152,0.02494802494802495,0.022913256955810146
lgbm,raw,1,4000,9,False,1.1867804527282715,All,7807,0.30062764185986934,0.2984766995465581,0.19257612853656436,0.683612545670492,0.07545787545787545,0.11143845267068016
lgbm,raw,1,4000,9,False,1.1867804527282715,Men,6857,0.31194399883330903,0.30958910758279334,0.1972830169727194,0.6785588936445642,0.08647732089868589,0.12585678868309758
lgbm,raw,1,4000,9,False,1.1867804527282715,Women,950,0.21894736842105264,0.21826850806817394,0.15860230326633776,0.6905517831225378,0.005390835579514825,0.007368421052631579
lgbm,raw,1,4000,9,False,1.1867804527282715,Black,4534,0.31473312748125276,0.30476167195298876,0.20046298130519608,0.6691024111073194,0.08561313163823624,0.11932068813409792
lgbm,raw,1,4000,9,False,1.1867804527282715,White,3273,0.281087687137183,0.2897702941414995,0.18165068079657773,0.7027388717455977,0.06204844878878028,0.10051940116101436
lgbm,raw,1,4000,9,False,1.1867804527282715,Black men,4195,0.3215733015494637,0.3122598560733784,0.20376463202527625,0.6632598416254825,0.09311314125087843,0.12848629320619787
lgbm,raw,1,4000,9,False,1.1867804527282715,White men,2662,0.29676934635612323,0.3053803209869991,0.18706875132828815,0.7028514822027481,0.0763888888888889,0.1217129977460556
lgbm,raw,1,4000,9,False,1.1867804527282715,Black women,339,0.23008849557522124,0.2119744082803206,0.15960627106703548,0.7189311327242361,0.0038314176245210726,0.0058997050147492625
lgbm,raw,1,4000,9,False,1.1867804527282715,White women,611,0.2127659574468085,0.2217606518129894,0.15804527366824198,0.6747161362545977,0.006237006237006237,0.008183306055646482
lgbm,raw,1,8000,0,False,2.912792444229126,All,7807,0.30062764185986934,0.30085668740989,0.1894943336215592,0.6948979368877111,0.05274725274725275,0.08863840143460996
lgbm,raw,1,8000,0,False,2.912792444229126,Men,6857,0.31194399883330903,0.3094643249231696,0.19351079264693707,0.6929119299011217,0.059559135226791016,0.09916873268193087
lgbm,raw,1,8000,0,False,2.912792444229126,Women,950,0.21894736842105264,0.23872766590614516,0.16050395516154226,0.6769386274103255,0.009433962264150943,0.01263157894736842
lgbm,raw,1,8000,0,False,2.912792444229126,Black,4534,0.31473312748125276,0.30474149461908606,0.19547117339176565,0.6898305226189747,0.05535886707434825,0.08910454344949272
lgbm,raw,1,8000,0,False,2.912792444229126,White,3273,0.281087687137183,0.295475167126818,0.18121477617636642,0.7011507049280291,0.04929876753081173,0.08799266727772685
lgbm,raw,1,8000,0,False,2.912792444229126,Black men,4195,0.3215733015494637,0.31040247200502613,0.19856099233021918,0.6847885031831705,0.059732958538299366,0.09511323003575685
lgbm,raw,1,8000,0,False,2.912792444229126,White men,2662,0.29676934635612323,0.3079859150777945,0.18555226985528855,0.7062959807421832,0.05929487179487179,0.10555972952667167
lgbm,raw,1,8000,0,False,2.912792444229126,Black women,339,0.23008849557522124,0.23468898684911965,0.15723580334217105,0.727871107181452,0.007662835249042145,0.014749262536873156
lgbm,raw,1,8000,0,False,2.912792444229126,White women,611,0.2127659574468085,0.2409684387381118,0.16231721779127525,0.6470014393091316,0.010395010395010396,0.011456628477905073
lgbm,raw,1,8000,1,False,2.593099594116211,All,7807,0.30062764185986934,0.30294003576350886,0.18928214515788558,0.6961827974610251,0.0652014652014652,0.10733956705520686
lgbm,raw,1,8000,1,False,2.593099594116211,Men,6857,0.31194399883330903,0.31476307226994904,0.19390404515163298,0.6909711466792551,0.07227638830012717,0.11841913373195274
lgbm,raw,1,8000,1,False,2.593099594116211,Women,950,0.21894736842105264,0.21760260279018215,0.15592175751880577,0.7132814119842421,0.02021563342318059,0.02736842105263158
lgbm,raw,1,8000,1,False,2.593099594116211,Black,4534,0.31473312748125276,0.3072567402079857,0.19572922951890492,0.6866636338272711,0.0653363373028645,0.10498456109395678
lgbm,raw,1,8000,1,False,2.593099594116211,White,3273,0.281087687137183,0.296960219707518,0.1803511703662994,0.7084392727138343,0.06502337441563961,0.11060189428658723
lgbm,raw,1,8000,1,False,2.593099594116211,Black men,4195,0.3215733015494637,0.3152102299763697,0.19901051123662256,0.6808538846348796,0.07097680955727337,0.11203814064362336
lgbm,raw,1,8000,1,False,2.593099594116211,White men,2662,0.29676934635612323,0.3140584041337978,0.18585685310560318,0.7073129665692957,0.07425213675213675,0.1284748309541698
lgbm,raw,1,8000,1,False,2.593099594116211,Black women,339,0.23008849557522124,0.2088352370269511,0.15512457817428676,0.7415757932999313,0.0038314176245210726,0.017699115044247787
lgbm,raw,1,8000,1,False,2.593099594116211,White women,611,0.2127659574468085,0.2224669841219912,0.15636405506020012,0.6987685910762834,0.029106029106029108,0.03273322422258593
lgbm,raw,1,8000,2,False,1.018481731414795,All,7807,0.30062764185986934,0.29868083558753655,0.18950719968536586,0.6942181664380216,0.057509157509157506,0.09722044319200718
lgbm,raw,1,8000,2,False,1.018481731414795,Men,6857,0.31194399883330903,0.3111604642023123,0.1941792623918546,0.6886575856323777,0.06612971598134802,0.11025229692285256
lgbm,raw,1,8000,2,False,1.018481731414795,Women,950,0.21894736842105264,0.2086041898912025,0.15578474286600497,0.7118235538046858,0.0026954177897574125,0.003157894736842105
lgbm,raw,1,8000,2,False,1.018481731414795,Black,4534,0.31473312748125276,0.3035308381022286,0.19676956999615022,0.6824892318789162,0.058577405857740586,0.09616232906925452
lgbm,raw,1,8000,2,False,1.018481731414795,White,3273,0.281087687137183,0.2919622558742418,0.17944683091387298,0.709424139396515,0.05609859753506162,0.09868622059272839
lgbm,raw,1,8000,2,False,1.018481731414795,Black men,4195,0.3215733015494637,0.311416011380017,0.20006898222098518,0.6760664962516156,0.06394940267041462,0.10369487485101311
lgbm,raw,1,8000,2,False,1.018481731414795,White men,2662,0.29676934635612323,0.3107577518016846,0.1848977542463989,0.7093313859136643,0.06944444444444445,0.12058602554470323
lgbm,raw,1,8000,2,False,1.018481731414795,Black women,339,0.23008849557522124,0.20595472630186815,0.15594056031124562,0.7461931427448669,0.0,0.0029498525073746312
lgbm,raw,1,8000,2,False,1.018481731414795,White women,611,0.2127659574468085,0.21007418687448293,0.15569829096103505,0.6924036462498,0.004158004158004158,0.0032733224222585926
lgbm,raw,1,8000,3,False,1.3839762210845947,All,7807,0.30062764185986934,0.2959158762372635,0.19023764334982204,0.6916262831047663,0.056593406593406594,0.08966312283847828
lgbm,raw,1,8000,3,False,1.3839762210845947,Men,6857,0.31194399883330903,0.3062112228303499,0.19451737553332257,0.6882000855744098,0.06337431114879186,0.0996062417967041
lgbm,raw,1,8000,3,False,1.3839762210845947,Women,950,0.21894736842105264,0.2216051482490596,0.1593469869474399,0.6931694484760523,0.013477088948787063,0.017894736842105262
lgbm,raw,1,8000,3,False,1.3839762210845947,Black,4534,0.31473312748125276,0.30083453752974226,0.19667448056357067,0.6841036888243628,0.05986482137109752,0.08932509925011028
lgbm,raw,1,8000,3,False,1.3839762210845947,White,3273,0.281087687137183,0.2891021853420302,0.18132086365928238,0.7009021785324931,0.05227369315767106,0.09013137794072716
lgbm,raw,1,8000,3,False,1.3839762210845947,Black men,4195,0.3215733015494637,0.3075918870371624,0.20014956232890044,0.6769809968290714,0.0646521433591005,0.09487485101311084
lgbm,raw,1,8000,3,False,1.3839762210845947,White men,2662,0.29676934635612323,0.30403545786131236,0.18564170926455878,0.7060992102131343,0.06143162393162393,0.10706235912847484
lgbm,raw,1,8000,3,False,1.3839762210845947,Black women,339,0.23008849557522124,0.21721482902346703,0.15367162508994744,0.7624029865409176,0.007662835249042145,0.02064896755162242
lgbm,raw,1,8000,3,False,1.3839762210845947,White women,611,0.2127659574468085,0.22404102094541947,0.16249583747066398,0.6532704301935071,0.016632016632016633,0.016366612111292964
lgbm,raw,1,8000,4,False,1.6249439716339111,All,7807,0.30062764185986934,0.2987971488197605,0.19147581314703202,0.6862513285606597,0.07454212454212454,0.12014858460356091
lgbm,raw,1,8000,4,False,1.6249439716339111,Men,6857,0.31194399883330903,0.31025999730920495,0.19575717234845946,0.683293726928055,0.08329800763035185,0.132565261776287
lgbm,raw,1,8000,4,False,1.6249439716339111,Women,950,0.21894736842105264,0.21605951503858092,0.16057341310051823,0.6717292141820445,0.018867924528301886,0.030526315789473683
lgbm,raw,1,8000,4,False,1.6249439716339111,Black,4534,0.31473312748125276,0.3024045338358121,0.19736857889872056,0.6803887237016399,0.07241712262632764,0.11689457432730481
lgbm,raw,1,8000,4,False,1.6249439716339111,White,3273,0.281087687137183,0.2937999341351352,0.18331272120747935,0.6938136329200466,0.07734806629834254,0.12465627864344637
lgbm,raw,1,8000,4,False,1.6249439716339111,Black men,4195,0.3215733015494637,0.3094235929218819,0.20092698185094704,0.6736949417777516,0.07800421644413212,0.1232419547079857
lgbm,raw,1,8000,4,False,1.6249439716339111,White men,2662,0.29676934635612323,0.3115780725927587,0.18761015850062499,0.6993562696094342,0.09134615384615384,0.14725770097670923
lgbm,raw,1,8000,4,False,1.6249439716339111,Black women,339,0.23008849557522124,0.21554626579432976,0.15333465446040148,0.7355339424304942,0.011494252873563218,0.038348082595870206
lgbm,raw,1,8000,4,False,1.6249439716339111,White women,611,0.2127659574468085,0.2163442801675517,0.1645896801692573,0.6334719334719334,0.02286902286902287,0.02618657937806874
lgbm,raw,1,8000,5,False,1.4512419700622559,All,7807,0.30062764185986934,0.2973424103458646,0.19065409176474024,0.6897121022706877,0.05952380952380952,0.09504291020878698
lgbm,raw,1,8000,5,False,1.4512419700622559,Men,6857,0.31194399883330903,0.3087795847076549,0.19516681368080924,0.6855391633724086,0.06718948707079271,0.10646055126148461
lgbm,raw,1,8000,5,False,1.4512419700622559,Women,950,0.21894736842105264,0.21479008971555344,0.15808173999791375,0.6960203711382956,0.01078167115902965,0.01263157894736842
lgbm,raw,1,8000,5,False,1.4512419700622559,Black,4534,0.31473312748125276,0.30344511596751933,0.19759488858420304,0.6803716949925896,0.0663018989378822,0.09880899867666519
lgbm,raw,1,8000,5,False,1.4512419700622559,White,3273,0.281087687137183,0.2888884942784701,0.1810391902128171,0.7014555886102847,0.05057373565660858,0.08982584784601283
lgbm,raw,1,8000,5,False,1.4512419700622559,Black men,4195,0.3215733015494637,0.3110646997858339,0.2007416166912159,0.6752089077721869,0.0713281799016163,0.10512514898688916
lgbm,raw,1,8000,5,False,1.4512419700622559,White men,2662,0.29676934635612323,0.30517851117160644,0.18638157753180248,0.7023862652818348,0.060897435897435896,0.10856498873027799
lgbm,raw,1,8000,5,False,1.4512419700622559,Black women,339,0.23008849557522124,0.2091555757969305,0.15865528855789363,0.7229590333038609,0.011494252873563218,0.02064896755162242
lgbm,raw,1,8000,5,False,1.4512419700622559,White women,611,0.2127659574468085,0.21791627665239996,0.15776351911111638,0.6813849352310891,0.010395010395010396,0.008183306055646482
lgbm,raw,1,8000,6,False,1.9944088459014893,All,7807,0.30062764185986934,0.29321512409032596,0.1910193042562236,0.6884406248488055,0.04322344322344322,0.0716024080952991
lgbm,raw,1,8000,6,False,1.9944088459014893,Men,6857,0.31194399883330903,0.302951646351066,0.1957382922706057,0.6828615939948088,0.04959728698601102,0.08093918623304652
lgbm,raw,1,8000,6,False,1.9944088459014893,Women,950,0.21894736842105264,0.22293793130938472,0.15695814550399392,0.6998237611445158,0.0026954177897574125,0.004210526315789474
lgbm,raw,1,8000,6,False,1.9944088459014893,Black,4534,0.31473312748125276,0.29621624035045535,0.19816877001025265,0.677485497967945,0.04377212745413582,0.06881340979267754
lgbm,raw,1,8000,6,False,1.9944088459014893,White,3273,0.281087687137183,0.28905775741650175,0.18111533916952396,0.7032687226297604,0.042498937526561836,0.07546593339443936
lgbm,raw,1,8000,6,False,1.9944088459014893,Black men,4195,0.3215733015494637,0.30263429039527706,0.20164707254701278,0.670105702826643,0.04743499648629656,0.07389749702026222
lgbm,raw,1,8000,6,False,1.9944088459014893,White men,2662,0.29676934635612323,0.3034517621416499,0.1864267470942242,0.7037393162393162,0.052884615384615384,0.09203606311044328
lgbm,raw,1,8000,6,False,1.9944088459014893,Black women,339,0.23008849557522124,0.21679523758341387,0.15512605867777848,0.7499263188918361,0.0038314176245210726,0.0058997050147492625
lgbm,raw,1,8000,6,False,1.9944088459014893,White women,611,0.2127659574468085,0.22634607070890045,0.15797463884947188,0.6705101551255397,0.002079002079002079,0.0032733224222585926
lgbm,raw,1,8000,7,False,1.192277193069458,All,7807,0.30062764185986934,0.3006213418387741,0.19051853078011474,0.694587549221124,0.029304029304029304,0.049442807736646596
lgbm,raw,1,8000,7,False,1.192277193069458,Men,6857,0.31194399883330903,0.3103353138625368,0.19484730211603646,0.6910226241061804,0.03370072064434082,0.05600116669097273
lgbm,raw,1,8000,7,False,1.192277193069458,Women,950,0.21894736842105264,0.23050691429462555,0.1592739149375722,0.6930009848641924,0.0013477088948787063,0.002105263157894737
lgbm,raw,1,8000,7,False,1.192277193069458,Black,4534,0.31473312748125276,0.3056218336653412,0.19673725870915446,0.6866561908153684,0.03379465722561957,0.053153947948831055
lgbm,raw,1,8000,7,False,1.192277193069458,White,3273,0.281087687137183,0.29369429327731517,0.18190389209075755,0.704345978307064,0.02337441563960901,0.04430186373357776
lgbm,raw,1,8000,7,False,1.192277193069458,Black men,4195,0.3215733015494637,0.31195809054392865,0.19982386213532843,0.681085440036007,0.036893886156008436,0.057210965435041714
lgbm,raw,1,8000,7,False,1.192277193069458,White men,2662,0.29676934635612323,0.30777800801038097,0.18700482680389158,0.7071601482202748,0.028846153846153848,0.054094665664913597
lgbm,raw,1,8000,7,False,1.192277193069458,Black women,339,0.23008849557522124,0.22721299117072594,0.15854167943835845,0.730081540426368,0.0,0.0029498525073746312
lgbm,raw,1,8000,7,False,1.192277193069458,White women,611,0.2127659574468085,0.23233447556958792,0.15968017980538474,0.6709419478650247,0.002079002079002079,0.0016366612111292963
lgbm,raw,1,8000,8,False,1.3889992237091064,All,7807,0.30062764185986934,0.29848419720143116,0.19083545283848571,0.6905879378397486,0.06373626373626373,0.09734853336749072
lgbm,raw,1,8000,8,False,1.3889992237091064,Men,6857,0.31194399883330903,0.3087834466409494,0.19544702194187644,0.6854666787953232,0.07248834251801611,0.10937727869330612
lgbm,raw,1,8000,8,False,1.3889992237091064,Women,950,0.21894736842105264,0.2241452988785079,0.1575496324785382,0.7006855173128758,0.008086253369272238,0.010526315789473684
lgbm,raw,1,8000,8,False,1.3889992237091064,Black,4534,0.31473312748125276,0.302142533785942,0.19768936957429079,0.6816486226255383,0.06887672996459607,0.09858844287604764
lgbm,raw,1,8000,8,False,1.3889992237091064,White,3273,0.281087687137183,0.29341640066181246,0.1813409039597383,0.7026095271531255,0.05694857628559286,0.0956309196455851
lgbm,raw,1,8000,8,False,1.3889992237091064,Black men,4195,0.3215733015494637,0.30940060127724445,0.20116532560620123,0.674530520773046,0.07484188334504568,0.10560190703218117
lgbm,raw,1,8000,8,False,1.3889992237091064,White men,2662,0.29676934635612323,0.30781088326782485,0.18643564558130446,0.7035837931407551,0.06891025641025642,0.11532682193839218
lgbm,raw,1,8000,8,False,1.3889992237091064,Black women,339,0.23008849557522124,0.2123266248596465,0.15467569537410128,0.7531682876510463,0.0038314176245210726,0.011799410029498525
lgbm,raw,1,8000,8,False,1.3889992237091064,White women,611,0.2127659574468085,0.23070263192661594,0.15914417368705555,0.6729090036782346,0.010395010395010396,0.009819967266775777
lgbm,raw,1,8000,9,False,1.3345627784729004,All,7807,0.30062764185986934,0.30161144225388153,0.19075250166632726,0.6904943728335292,0.04322344322344322,0.07019341616498015
lgbm,raw,1,8000,9,False,1.3345627784729004,Men,6857,0.31194399883330903,0.3108030814290517,0.19520660149311717,0.6862760981636381,0.049385332768122084,0.0793349861455447
lgbm,raw,1,8000,9,False,1.3345627784729004,Women,950,0.21894736842105264,0.23526715822846866,0.15860327796917123,0.6951424165457185,0.004043126684636119,0.004210526315789474
lgbm,raw,1,8000,9,False,1.3345627784729004,Black,4534,0.31473312748125276,0.3084296825540227,0.19721860502671526,0.6800534498472941,0.0502092050209205,0.07829730921923246
lgbm,raw,1,8000,9,False,1.3345627784729004,White,3273,0.281087687137183,0.2921663149942298,0.18179518035988088,0.7032229900774218,0.033999150021249466,0.058967308279865564
lgbm,raw,1,8000,9,False,1.3345627784729004,Black men,4195,0.3215733015494637,0.3146026786462784,0.20052144735004265,0.6736570437902779,0.054813773717498245,0.08438617401668654
lgbm,raw,1,8000,9,False,1.3345627784729004,White men,2662,0.29676934635612323,0.3048153615469083,0.18683102734969023,0.7058219733852644,0.04113247863247863,0.07137490608564989
lgbm,raw,1,8000,9,False,1.3345627784729004,Black women,339,0.23008849557522124,0.23204113209085817,0.15634714913775236,0.7396600844876706,0.0,0.0029498525073746312
lgbm,raw,1,8000,9,False,1.3345627784729004,White women,611,0.2127659574468085,0.23705704834409871,0.15985504175616141,0.66833519910443,0.006237006237006237,0.004909983633387889
lgbm,raw,1,16000,0,False,2.6130566596984863,All,7807,0.30062764185986934,0.29706073980014747,0.18828879793940898,0.7008018185478773,0.06135531135531135,0.10657102600230563
lgbm,raw,1,16000,0,False,2.6130566596984863,Men,6857,0.31194399883330903,0.30890514122419277,0.19291579254705382,0.6956273022399766,0.06930902924968207,0.11841913373195274
lgbm,raw,1,16000,0,False,2.6130566596984863,Women,950,0.21894736842105264,0.21156909710048621,0.15489163791349247,0.7092836408874144,0.01078167115902965,0.021052631578947368
lgbm,raw,1,16000,0,False,2.6130566596984863,Black,4534,0.31473312748125276,0.3023184886356942,0.19455100138143516,0.6940464249973329,0.0634052140328291,0.1043228936921041
lgbm,raw,1,16000,0,False,2.6130566596984863,White,3273,0.281087687137183,0.289777319934468,0.17961393377621107,0.7093419131913006,0.058648533786655334,0.10968530400244424
lgbm,raw,1,16000,0,False,2.6130566596984863,Black men,4195,0.3215733015494637,0.31015488814860437,0.19807277430083206,0.6869839817839611,0.06851721714687281,0.11036948748510131
lgbm,raw,1,16000,0,False,2.6130566596984863,White men,2662,0.29676934635612323,0.3069356865480443,0.18478899372770757,0.7100197446716434,0.07051282051282051,0.1311044327573253
lgbm,raw,1,16000,0,False,2.6130566596984863,Black women,339,0.23008849557522124,0.20534593419127498,0.15097036009273332,0.7558699282837215,0.007662835249042145,0.029498525073746312
lgbm,raw,1,16000,0,False,2.6130566596984863,White women,611,0.2127659574468085,0.21502188306811737,0.15706727323466652,0.6825363825363826,0.012474012474012475,0.016366612111292964
lgbm,raw,1,16000,1,False,2.094275951385498,All,7807,0.30062764185986934,0.29857218753854514,0.18889341602321644,0.6973967624478916,0.05,0.0868451389778404
lgbm,raw,1,16000,1,False,2.094275951385498,Men,6857,0.31194399883330903,0.30930631136244624,0.1933591905730115,0.6933278615652585,0.05701568461212378,0.09771036896602013
lgbm,raw,1,16000,1,False,2.094275951385498,Women,950,0.21894736842105264,0.2210944116853981,0.1566599254043268,0.6957676757205059,0.005390835579514825,0.008421052631578947
lgbm,raw,1,16000,1,False,2.094275951385498,Black,4534,0.31473312748125276,0.30386946767778394,0.19572595905649193,0.6873909063084939,0.05246218216929514,0.08447287163652405
lgbm,raw,1,16000,1,False,2.094275951385498,White,3273,0.281087687137183,0.2912340060074395,0.17942847556709934,0.7099539902806777,0.04674883127921802,0.09013137794072716
lgbm,raw,1,16000,1,False,2.094275951385498,Black men,4195,0.3215733015494637,0.310904842071464,0.19917031799725482,0.6806253246073325,0.05727336612789881,0.09082240762812872
lgbm,raw,1,16000,1,False,2.094275951385498,White men,2662,0.29676934635612323,0.3067872143210001,0.18420153484622698,0.7135967759385482,0.056623931623931624,0.10856498873027799
lgbm,raw,1,16000,1,False,2.094275951385498,Black women,339,0.23008849557522124,0.2168093037205928,0.1531032872084082,0.7450633657530209,0.0,0.0058997050147492625
lgbm,raw,1,16000,1,False,2.094275951385498,White women,611,0.2127659574468085,0.22347191021251592,0.158633248396825,0.6667359667359667,0.008316008316008316,0.009819967266775777
lgbm,raw,1,16000,2,False,2.139193296432495,All,7807,0.30062764185986934,0.29870513414036187,0.1887129958308319,0.6983356509986249,0.05512820512820513,0.0941462789804022
lgbm,raw,1,16000,2,False,2.139193296432495,Men,6857,0.31194399883330903,0.3097536173736197,0.19318462263689293,0.6942750164935856,0.06273844849512505,0.10587720577512032
lgbm,raw,1,16000,2,False,2.139193296432495,Women,950,0.21894736842105264,0.21895834516094154,0.15643726424224197,0.7007827078581796,0.006738544474393531,0.009473684210526316
lgbm,raw,1,16000,2,False,2.139193296432495,Black,4534,0.31473312748125276,0.30431966147729056,0.19506124512035067,0.6908583348989972,0.06083038300611522,0.09616232906925452
lgbm,raw,1,16000,2,False,2.139193296432495,White,3273,0.281087687137183,0.29092747848938877,0.17991893463966846,0.7076059239823352,0.04759881002974926,0.09135349831958448
lgbm,raw,1,16000,2,False,2.139193296432495,Black men,4195,0.3215733015494637,0.31166707622625833,0.1983416165120518,0.6850674636270484,0.06640899508081517,0.1034564958283671
lgbm,raw,1,16000,2,False,2.139193296432495,White men,2662,0.29676934635612323,0.3067382304890145,0.18505780471567154,0.7091366439467706,0.057158119658119656,0.10969196093163035
lgbm,raw,1,16000,2,False,2.139193296432495,Black women,339,0.23008849557522124,0.2133981131825419,0.15446785872452093,0.7432950191570882,0.0,0.0058997050147492625
lgbm,raw,1,16000,2,False,2.139193296432495,White women,611,0.2127659574468085,0.22204331838627295,0.15752994586336708,0.6774348312809851,0.010395010395010396,0.011456628477905073
lgbm,raw,1,16000,3,False,1.839247226715088,All,7807,0.30062764185986934,0.29783173090944226,0.18934452846669672,0.6983660069514351,0.03717948717948718,0.06314845651338542
lgbm,raw,1,16000,3,False,1.839247226715088,Men,6857,0.31194399883330903,0.30741001740961704,0.19381930174558665,0.6939241376317133,0.04217888935989826,0.07102231296485344
lgbm,raw,1,16000,3,False,1.839247226715088,Women,950,0.21894736842105264,0.22869666719186513,0.15704608596843553,0.7045148247978437,0.005390835579514825,0.00631578947368421
lgbm,raw,1,16000,3,False,1.839247226715088,Black,4534,0.31473312748125276,0.3025676597671189,0.19587803646936616,0.6900132147293145,0.03926617315738655,0.06352007057785619
lgbm,raw,1,16000,3,False,1.839247226715088,White,3273,0.281087687137183,0.29127117440449074,0.18029383329892915,0.7090063101683327,0.034424139396515084,0.06263366941643751
lgbm,raw,1,16000,3,False,1.839247226715088,Black men,4195,0.3215733015494637,0.3089099585474361,0.19918245957950145,0.6836062422543547,0.04286718200983837,0.06841477949940405
lgbm,raw,1,16000,3,False,1.839247226715088,White men,2662,0.29676934635612323,0.3050462859771787,0.18536759358883506,0.7106949177756139,0.04113247863247863,0.07513148009015777
lgbm,raw,1,16000,3,False,1.839247226715088,Black women,339,0.23008849557522124,0.2240840509664402,0.15498701892654163,0.7528735632183908,0.0,0.0029498525073746312
lgbm,raw,1,16000,3,False,1.839247226715088,White women,611,0.2127659574468085,0.23125587652151988,0.15818851432719497,0.6772109387494003,0.008316008316008316,0.008183306055646482
lgbm,raw,1,16000,4,False,3.141383409500122,All,7807,0.30062764185986934,0.2977703989379796,0.18895220319580727,0.6974169347198746,0.05714285714285714,0.09568336108620469
lgbm,raw,1,16000,4,False,3.141383409500122,Men,6857,0.31194399883330903,0.3091643513155006,0.19335297602917315,0.6935732587698411,0.06464603645612547,0.10718973311944
lgbm,raw,1,16000,4,False,3.141383409500122,Women,950,0.21894736842105264,0.2155300500404417,0.15718788812381768,0.6971283433547584,0.009433962264150943,0.01263157894736842
lgbm,raw,1,16000,4,False,3.141383409500122,Black,4534,0.31473312748125276,0.3033287452818804,0.19529471104871768,0.6902946959067269,0.057933698101062116,0.09241288045875606
lgbm,raw,1,16000,4,False,3.141383409500122,White,3273,0.281087687137183,0.290070569325011,0.18016609546433887,0.7060865869657607,0.05609859753506162,0.10021387106630003
lgbm,raw,1,16000,4,False,3.141383409500122,Black men,4195,0.3215733015494637,0.3106237212820949,0.19883188242990243,0.6831308894905104,0.06324666198172874,0.09916567342073898
lgbm,raw,1,16000,4,False,3.141383409500122,White men,2662,0.29676934635612323,0.30686455529376366,0.18471886169744542,0.7104619712214649,0.06677350427350427,0.11983471074380166
lgbm,raw,1,16000,4,False,3.141383409500122,Black women,339,0.23008849557522124,0.21305610716713128,0.15152351947329004,0.7598487081245703,0.0,0.008849557522123894
lgbm,raw,1,16000,4,False,3.141383409500122,White women,611,0.2127659574468085,0.21690266318946336,0.16033063930635266,0.6605309451463297,0.014553014553014554,0.014729950900163666
lgbm,raw,1,16000,5,False,2.4289166927337646,All,7807,0.30062764185986934,0.29991724452119756,0.18830233262497334,0.70082764842032,0.05347985347985348,0.09222492634814909
lgbm,raw,1,16000,5,False,2.4289166927337646,Men,6857,0.31194399883330903,0.3108221364540335,0.19273249468076517,0.6969073511351094,0.06104281475201356,0.10354382382966312
lgbm,raw,1,16000,5,False,2.4289166927337646,Women,950,0.21894736842105264,0.22120688243334904,0.15632588923911594,0.7023895915405349,0.005390835579514825,0.010526315789473684
lgbm,raw,1,16000,5,False,2.4289166927337646,Black,4534,0.31473312748125276,0.30576767080807515,0.1949823547876933,0.6913401007603375,0.058255551979401354,0.09395677106307895
lgbm,raw,1,16000,5,False,2.4289166927337646,White,3273,0.281087687137183,0.2918128043181107,0.1790486752813216,0.712562593543857,0.04717382065448364,0.08982584784601283
lgbm,raw,1,16000,5,False,2.4289166927337646,Black men,4195,0.3215733015494637,0.3128385749902228,0.19829993736563986,0.6851943111864961,0.06324666198172874,0.10035756853396902
lgbm,raw,1,16000,5,False,2.4289166927337646,White men,2662,0.29676934635612323,0.30764446565789755,0.1839588575421291,0.7153589202639836,0.057692307692307696,0.10856498873027799
lgbm,raw,1,16000,5,False,2.4289166927337646,Black women,339,0.23008849557522124,0.21826783881955306,0.1539284936830153,0.7501228018469398,0.0038314176245210726,0.014749262536873156
lgbm,raw,1,16000,5,False,2.4289166927337646,White women,611,0.2127659574468085,0.22283754656604438,0.15765603178169876,0.6753078522309292,0.006237006237006237,0.008183306055646482
lgbm,raw,1,16000,6,False,2.304837465286255,All,7807,0.30062764185986934,0.2986493072323214,0.18876128925673089,0.6983746689328283,0.05311355311355311,0.09132829511976431
lgbm,raw,1,16000,6,False,2.304837465286255,Men,6857,0.31194399883330903,0.3101848911021656,0.19325936065816568,0.694004103528785,0.060406952098346754,0.10266880560011667
lgbm,raw,1,16000,6,False,2.304837465286255,Women,950,0.21894736842105264,0.21538667713177193,0.15629468336237498,0.702376632801161,0.006738544474393531,0.009473684210526316
lgbm,raw,1,16000,6,False,2.304837465286255,Black,4534,0.31473312748125276,0.30449625222318655,0.19533046424326364,0.6900671201791555,0.057933698101062116,0.09285399205999118
lgbm,raw,1,16000,6,False,2.304837465286255,White,3273,0.281087687137183,0.2905496895761704,0.17966118556319616,0.7086619301908756,0.04674883127921802,0.08921478765658418
lgbm,raw,1,16000,6,False,2.304837465286255,Black men,4195,0.3215733015494637,0.31199738194989374,0.19865219207080473,0.6840901904380382,0.06324666198172874,0.09940405244338499
lgbm,raw,1,16000,6,False,2.304837465286255,White men,2662,0.29676934635612323,0.3073286179593335,0.18476089041923974,0.7101617440225036,0.05608974358974359,0.10781367392937641
lgbm,raw,1,16000,6,False,2.304837465286255,Black women,339,0.23008849557522124,0.2116725377584764,0.15422530720333735,0.743884468022399,0.0,0.011799410029498525
lgbm,raw,1,16000,6,False,2.304837465286255,White women,611,0.2127659574468085,0.21744738621122728,0.15744283150953337,0.6782024628178475,0.010395010395010396,0.008183306055646482
lgbm,raw,1,16000,7,False,4.03399920463562,All,7807,0.30062764185986934,0.30039351128815367,0.1890775915186853,0.696917349090336,0.0663003663003663,0.10798001793262457
lgbm,raw,1,16000,7,False,4.03399920463562,Men,6857,0.31194399883330903,0.312003323805836,0.19342433048897312,0.6933066066892711,0.07503179313268334,0.12031500656263672
lgbm,raw,1,16000,7,False,4.03399920463562,Women,950,0.21894736842105264,0.21659510662105108,0.15770328718261845,0.6949188782915198,0.01078167115902965,0.018947368421052633
lgbm,raw,1,16000,7,False,4.03399920463562,Black,4534,0.31473312748125276,0.3066112840019004,0.1954328796789192,0.6888385721235748,0.07338268426134535,0.11049845610939568
lgbm,raw,1,16000,7,False,4.03399920463562,White,3273,0.281087687137183,0.2917801958331804,0.18027377956680607,0.7065101905061069,0.05694857628559286,0.10449129239230064
lgbm,raw,1,16000,7,False,4.03399920463562,Black men,4195,0.3215733015494637,0.3140209030820252,0.19883563246281472,0.6826531925212553,0.0797610681658468,0.11775923718712754
lgbm,raw,1,16000,7,False,4.03399920463562,White men,2662,0.29676934635612323,0.3088238553371607,0.18489675281043608,0.7101590392729634,0.06784188034188034,0.12434259954921112
lgbm,raw,1,16000,7,False,4.03399920463562,Black women,339,0.23008849557522124,0.21491998004578466,0.15332506868056656,0.7448177620591413,0.0038314176245210726,0.02064896755162242
lgbm,raw,1,16000,7,False,4.03399920463562,White women,611,0.2127659574468085,0.2175245140007816,0.16013244605691565,0.6648328802174956,0.014553014553014554,0.01800327332242226
lgbm,raw,1,16000,8,False,2.7452683448791504,All,7807,0.30062764185986934,0.2974135140154557,0.1884090637765736,0.7000799087292483,0.052564102564102565,0.08979121301396183
lgbm,raw,1,16000,8,False,2.7452683448791504,Men,6857,0.31194399883330903,0.30812726363667725,0.1928294221652776,0.6961534718972886,0.059559135226791016,0.10062709639784162
lgbm,raw,1,16000,8,False,2.7452683448791504,Women,950,0.21894736842105264,0.22008279701259653,0.15650338222779095,0.7010418826456563,0.008086253369272238,0.011578947368421053
lgbm,raw,1,16000,8,False,2.7452683448791504,Black,4534,0.31473312748125276,0.30275021673908314,0.19457937015403637,0.6935150390566412,0.05664628258770518,0.09153065725628584
lgbm,raw,1,16000,8,False,2.7452683448791504,White,3273,0.281087687137183,0.2900207214248884,0.17986150217699645,0.7080396903120901,0.04717382065448364,0.0873816070882982
lgbm,raw,1,16000,8,False,2.7452683448791504,Black men,4195,0.3215733015494637,0.30974764953521355,0.1979859928357126,0.6869738235605146,0.06184118060435699,0.09821215733015494
lgbm,raw,1,16000,8,False,2.7452683448791504,White men,2662,0.29676934635612323,0.3055737253780898,0.18470327116509933,0.7110637779941578,0.05608974358974359,0.10443275732531931
lgbm,raw,1,16000,8,False,2.7452683448791504,Black women,339,0.23008849557522124,0.2161595660613039,0.15242367059760017,0.7578838785735337,0.0,0.008849557522123894
lgbm,raw,1,16000,8,False,2.7452683448791504,White women,611,0.2127659574468085,0.22225951598557236,0.15876692108644017,0.6688789381097074,0.012474012474012475,0.01309328968903437
lgbm,raw,1,16000,9,False,3.4121553897857666,All,7807,0.30062764185986934,0.29624628363677,0.1884341814389708,0.6993304522490719,0.05897435897435897,0.09991033687716153
lgbm,raw,1,16000,9,False,3.4121553897857666,Men,6857,0.31194399883330903,0.30776182446492806,0.1928448262113263,0.695465884090869,0.06697753285290377,0.1122940061251276
lgbm,raw,1,16000,9,False,3.4121553897857666,Women,950,0.21894736842105264,0.21312832210131785,0.1565986117505059,0.6973616006634875,0.008086253369272238,0.010526315789473684
lgbm,raw,1,16000,9,False,3.4121553897857666,Black,4534,0.31473312748125276,0.30331417083685674,0.19539235573685926,0.6887136197419351,0.0653363373028645,0.10630789589766211
lgbm,raw,1,16000,9,False,3.4121553897857666,White,3273,0.281087687137183,0.28645532715489014,0.17879520732756654,0.71259862525176,0.05057373565660858,0.09104796822487014
lgbm,raw,1,16000,9,False,3.4121553897857666,Black men,4195,0.3215733015494637,0.31080968470131193,0.19875554083372227,0.6824489861832532,0.07097680955727337,0.1137067938021454
lgbm,raw,1,16000,9,False,3.4121553897857666,White men,2662,0.29676934635612323,0.30295875395717825,0.18353023273238148,0.7159330033538894,0.060897435897435896,0.11006761833208115
lgbm,raw,1,16000,9,False,3.4121553897857666,Black women,339,0.23008849557522124,0.21055995059676988,0.1537741802756784,0.739561843010119,0.0038314176245210726,0.014749262536873156
lgbm,raw,1,16000,9,False,3.4121553897857666,White women,611,0.2127659574468085,0.21455332691317017,0.1581656858421042,0.6712138173676635,0.010395010395010396,0.008183306055646482
lgbm,raw,1,16000,9,False,3.518706798553467,All,7807,0.30062764185986934,0.29624628363677,0.1884341814389708,0.6993304522490719,0.05897435897435897,0.09991033687716153
lgbm,raw,1,16000,9,False,3.518706798553467,Men,6857,0.31194399883330903,0.30776182446492806,0.1928448262113263,0.695465884090869,0.06697753285290377,0.1122940061251276
lgbm,raw,1,16000,9,False,3.518706798553467,Women,950,0.21894736842105264,0.21312832210131785,0.1565986117505059,0.6973616006634875,0.008086253369272238,0.010526315789473684
lgbm,raw,1,16000,9,False,3.518706798553467,Black,4534,0.31473312748125276,0.30331417083685674,0.19539235573685926,0.6887136197419351,0.0653363373028645,0.10630789589766211
lgbm,raw,1,16000,9,False,3.518706798553467,White,3273,0.281087687137183,0.28645532715489014,0.17879520732756654,0.71259862525176,0.05057373565660858,0.09104796822487014
lgbm,raw,1,16000,9,False,3.518706798553467,Black men,4195,0.3215733015494637,0.31080968470131193,0.19875554083372227,0.6824489861832532,0.07097680955727337,0.1137067938021454
lgbm,raw,1,16000,9,False,3.518706798553467,White men,2662,0.29676934635612323,0.30295875395717825,0.18353023273238148,0.7159330033538894,0.060897435897435896,0.11006761833208115
lgbm,raw,1,16000,9,False,3.518706798553467,Black women,339,0.23008849557522124,0.21055995059676988,0.1537741802756784,0.739561843010119,0.0038314176245210726,0.014749262536873156
lgbm,raw,1,16000,9,False,3.518706798553467,White women,611,0.2127659574468085,0.21455332691317017,0.1581656858421042,0.6712138173676635,0.010395010395010396,0.008183306055646482
lgbm,raw,1,18028,0,True,2.7987706661224365,All,7807,0.30062764185986934,0.2981550951966718,0.18827114095044478,0.7003203372398089,0.054945054945054944,0.09581145126168823
lgbm,raw,1,18028,0,True,2.7987706661224365,Men,6857,0.31194399883330903,0.3094408979606093,0.19265178985810516,0.6965542922859564,0.062102585841458245,0.10733556949103107
lgbm,raw,1,18028,0,True,2.7987706661224365,Women,950,0.21894736842105264,0.21669535882580904,0.15665207825589006,0.6994738751814222,0.009433962264150943,0.01263157894736842
lgbm,raw,1,18028,0,True,2.7987706661224365,Black,4534,0.31473312748125276,0.304065988166387,0.19477486872423994,0.6919571941108182,0.056968136466044414,0.09417732686369651
lgbm,raw,1,18028,0,True,2.7987706661224365,White,3273,0.281087687137183,0.28996689210327464,0.17926169954305485,0.7104325652728247,0.05227369315767106,0.09807516040329972
lgbm,raw,1,18028,0,True,2.7987706661224365,Black men,4195,0.3215733015494637,0.31140552699204666,0.19811587737507377,0.6857673391757878,0.06219255094869993,0.10107270560190704
lgbm,raw,1,18028,0,True,2.7987706661224365,White men,2662,0.29676934635612323,0.3063448728716238,0.18404102835033523,0.7135000811424861,0.06196581196581197,0.11720510894064613
lgbm,raw,1,18028,0,True,2.7987706661224365,Black women,339,0.23008849557522124,0.21324190151847577,0.15343111860551448,0.7474211612142646,0.0,0.008849557522123894
lgbm,raw,1,18028,0,True,2.7987706661224365,White women,611,0.2127659574468085,0.218611434156719,0.15843915734177763,0.6724772109387493,0.014553014553014554,0.014729950900163666
lgbm,raw,1,18028,1,True,2.723722457885742,All,7807,0.30062764185986934,0.2980549408574083,0.188311674987676,0.7000371450733615,0.05824175824175824,0.09978224670167798
lgbm,raw,1,18028,1,True,2.723722457885742,Men,6857,0.31194399883330903,0.3096209054082133,0.19269433895218152,0.6962328432523746,0.06591776176345909,0.11185649701035438
lgbm,raw,1,18028,1,True,2.723722457885742,Women,950,0.21894736842105264,0.2145730261996511,0.15667806782492413,0.7000246216048103,0.009433962264150943,0.01263157894736842
lgbm,raw,1,18028,1,True,2.723722457885742,Black,4534,0.31473312748125276,0.30404738732433,0.19488621497529757,0.6913721282661007,0.05986482137109752,0.09770621967357741
lgbm,raw,1,18028,1,True,2.723722457885742,White,3273,0.281087687137183,0.2897537638696225,0.17920413930057671,0.7106579944197048,0.05609859753506162,0.10265811182401467
lgbm,raw,1,18028,1,True,2.723722457885742,Black men,4195,0.3215733015494637,0.3115607816925058,0.1982104211393001,0.6852596884707289,0.06535488404778636,0.10488676996424315
lgbm,raw,1,18028,1,True,2.723722457885742,White men,2662,0.29676934635612323,0.30656388774757953,0.1840016399382963,0.7135399761982041,0.06677350427350427,0.12283996994740796
lgbm,raw,1,18028,1,True,2.723722457885742,Black women,339,0.23008849557522124,0.21107190244380827,0.1537503894355017,0.7458492975734354,0.0,0.008849557522123894
lgbm,raw,1,18028,1,True,2.723722457885742,White women,611,0.2127659574468085,0.216515548218032,0.15830242621119942,0.6747321285782825,0.014553014553014554,0.014729950900163666
lgbm,raw,1,18028,1,True,2.7599775791168213,All,7807,0.30062764185986934,0.2980549408574083,0.188311674987676,0.7000371450733615,0.05824175824175824,0.09978224670167798
lgbm,raw,1,18028,1,True,2.7599775791168213,Men,6857,0.31194399883330903,0.3096209054082133,0.19269433895218152,0.6962328432523746,0.06591776176345909,0.11185649701035438
lgbm,raw,1,18028,1,True,2.7599775791168213,Women,950,0.21894736842105264,0.2145730261996511,0.15667806782492413,0.7000246216048103,0.009433962264150943,0.01263157894736842
lgbm,raw,1,18028,1,True,2.7599775791168213,Black,4534,0.31473312748125276,0.30404738732433,0.19488621497529757,0.6913721282661007,0.05986482137109752,0.09770621967357741
lgbm,raw,1,18028,1,True,2.7599775791168213,White,3273,0.281087687137183,0.2897537638696225,0.17920413930057671,0.7106579944197048,0.05609859753506162,0.10265811182401467
lgbm,raw,1,18028,1,True,2.7599775791168213,Black men,4195,0.3215733015494637,0.3115607816925058,0.1982104211393001,0.6852596884707289,0.06535488404778636,0.10488676996424315
lgbm,raw,1,18028,1,True,2.7599775791168213,White men,2662,0.29676934635612323,0.30656388774757953,0.1840016399382963,0.7135399761982041,0.06677350427350427,0.12283996994740796
lgbm,raw,1,18028,1,True,2.7599775791168213,Black women,339,0.23008849557522124,0.21107190244380827,0.1537503894355017,0.7458492975734354,0.0,0.008849557522123894
lgbm,raw,1,18028,1,True,2.7599775791168213,White women,611,0.2127659574468085,0.216515548218032,0.15830242621119942,0.6747321285782825,0.014553014553014554,0.014729950900163666
lgbm,raw,1,18028,2,True,2.931933641433716,All,7807,0.30062764185986934,0.29817548755629425,0.18823058763373648,0.7005181581662195,0.05512820512820513,0.09517100038427052
lgbm,raw,1,18028,2,True,2.931933641433716,Men,6857,0.31194399883330903,0.3094579860721968,0.19261140384758563,0.6967409784694547,0.06231454005934718,0.10675222400466676
lgbm,raw,1,18028,2,True,2.931933641433716,Women,950,0.21894736842105264,0.21673960089993255,0.156610317340722,0.6995969832054738,0.009433962264150943,0.011578947368421053
lgbm,raw,1,18028,2,True,2.931933641433716,Black,4534,0.31473312748125276,0.3040668812631943,0.19473954816850228,0.692148456962137,0.05664628258770518,0.09351565946184384
lgbm,raw,1,18028,2,True,2.931933641433716,White,3273,0.281087687137183,0.2900142962739585,0.17921389742150662,0.7106159574271512,0.053123671908202295,0.09746410021387107
lgbm,raw,1,18028,2,True,2.931933641433716,Black men,4195,0.3215733015494637,0.31140700387904885,0.19808290377086157,0.6859207543965573,0.06184118060435699,0.10059594755661502
lgbm,raw,1,18028,2,True,2.931933641433716,White men,2662,0.29676934635612323,0.3063865624434423,0.18398896125624734,0.7136785946121389,0.06303418803418803,0.11645379413974455
lgbm,raw,1,18028,2,True,2.931933641433716,Black women,339,0.23008849557522124,0.21323557042688218,0.15336675539004443,0.7481579722959034,0.0,0.0058997050147492625
lgbm,raw,1,18028,2,True,2.931933641433716,White women,611,0.2127659574468085,0.21868373564684596,0.15840993681908483,0.6725731648808573,0.014553014553014554,0.014729950900163666
lgbm,raw,1,18028,3,True,3.200852155685425,All,7807,0.30062764185986934,0.29838106454660956,0.1883922520450715,0.7009434536490352,0.0456043956043956,0.0786473677468938
lgbm,raw,1,18028,3,True,3.200852155685425,Men,6857,0.31194399883330903,0.3087752020402738,0.19278620095633522,0.6971191071723365,0.05192878338278932,0.08881435029896456
lgbm,raw,1,18028,3,True,3.200852155685425,Women,950,0.21894736842105264,0.22335727423707716,0.1566771913245079,0.7003226726104084,0.005390835579514825,0.005263157894736842
lgbm,raw,1,18028,3,True,3.200852155685425,Black,4534,0.31473312748125276,0.3038226900234438,0.19505255003864705,0.6919523448757908,0.04892178950756357,0.07873842082046757
lgbm,raw,1,18028,3,True,3.200852155685425,White,3273,0.281087687137183,0.29084292525178335,0.1791659180692476,0.7121771004637929,0.04122396940076498,0.07852123434158265
lgbm,raw,1,18028,3,True,3.200852155685425,Black men,4195,0.3215733015494637,0.31057810940051683,0.19834218779845203,0.6858380560390117,0.05340829234012649,0.08486293206197855
lgbm,raw,1,18028,3,True,3.200852155685425,White men,2662,0.29676934635612323,0.30593403135048436,0.18403061688320227,0.7151787163258682,0.049679487179487176,0.09504132231404959
lgbm,raw,1,18028,3,True,3.200852155685425,Black women,339,0.23008849557522124,0.22022686616851292,0.1543444957543346,0.746733470871402,0.0,0.0029498525073746312
lgbm,raw,1,18028,3,True,3.200852155685425,White women,611,0.2127659574468085,0.2250941127562969,0.15797143649355658,0.6749080441388133,0.008316008316008316,0.006546644844517185
lgbm,raw,1,18028,4,True,4.2254743576049805,All,7807,0.30062764185986934,0.29815825495426074,0.1882098014367021,0.7007427063775593,0.05384615384615385,0.09222492634814909
lgbm,raw,1,18028,4,True,4.2254743576049805,Men,6857,0.31194399883330903,0.3093178287667262,0.19261192647044284,0.6968636027539977,0.06083086053412463,0.10339798745807205
lgbm,raw,1,18028,4,True,4.2254743576049805,Women,950,0.21894736842105264,0.21760962586786473,0.15643572632474376,0.7007049554219366,0.009433962264150943,0.011578947368421053
lgbm,raw,1,18028,4,True,4.2254743576049805,Black,4534,0.31473312748125276,0.30396574615944755,0.19470544586466393,0.6924779793981941,0.05664628258770518,0.09131010145566829
lgbm,raw,1,18028,4,True,4.2254743576049805,White,3273,0.281087687137183,0.2901132915798894,0.17921155767367766,0.7108887359337756,0.050148746281342964,0.09349220898258478
lgbm,raw,1,18028,4,True,4.2254743576049805,Black men,4195,0.3215733015494637,0.3112393134162709,0.19804124338256082,0.6862661339937395,0.06184118060435699,0.09821215733015494
lgbm,raw,1,18028,4,True,4.2254743576049805,White men,2662,0.29676934635612323,0.3062897941668614,0.18405595936062513,0.7136485042735042,0.05929487179487179,0.1115702479338843
lgbm,raw,1,18028,4,True,4.2254743576049805,Black women,339,0.23008849557522124,0.21395803335008412,0.1534261815945245,0.7489930248550939,0.0,0.0058997050147492625
lgbm,raw,1,18028,4,True,4.2254743576049805,White women,611,0.2127659574468085,0.21963563219115048,0.15810550646147753,0.6741244202782664,0.014553014553014554,0.014729950900163666
lgbm,raw,1,18028,4,True,3.586662769317627,All,7807,0.30062764185986934,0.29815825495426074,0.1882098014367021,0.7007427063775593,0.05384615384615385,0.09222492634814909
lgbm,raw,1,18028,4,True,3.586662769317627,Men,6857,0.31194399883330903,0.3093178287667262,0.19261192647044284,0.6968636027539977,0.06083086053412463,0.10339798745807205
lgbm,raw,1,18028,4,True,3.586662769317627,Women,950,0.21894736842105264,0.21760962586786473,0.15643572632474376,0.7007049554219366,0.009433962264150943,0.011578947368421053
lgbm,raw,1,18028,4,True,3.586662769317627,Black,4534,0.31473312748125276,0.30396574615944755,0.19470544586466393,0.6924779793981941,0.05664628258770518,0.09131010145566829
lgbm,raw,1,18028,4,True,3.586662769317627,White,3273,0.281087687137183,0.2901132915798894,0.17921155767367766,0.7108887359337756,0.050148746281342964,0.09349220898258478
lgbm,raw,1,18028,4,True,3.586662769317627,Black men,4195,0.3215733015494637,0.3112393134162709,0.19804124338256082,0.6862661339937395,0.06184118060435699,0.09821215733015494
lgbm,raw,1,18028,4,True,3.586662769317627,White men,2662,0.29676934635612323,0.3062897941668614,0.18405595936062513,0.7136485042735042,0.05929487179487179,0.1115702479338843
lgbm,raw,1,18028,4,True,3.586662769317627,Black women,339,0.23008849557522124,0.21395803335008412,0.1534261815945245,0.7489930248550939,0.0,0.0058997050147492625
lgbm,raw,1,18028,4,True,3.586662769317627,White women,611,0.2127659574468085,0.21963563219115048,0.15810550646147753,0.6741244202782664,0.014553014553014554,0.014729950900163666
lgbm,raw,1,18028,5,True,2.9158034324645996,All,7807,0.30062764185986934,0.2981072868560971,0.18833786291612287,0.6999634011777173,0.057692307692307696,0.09914179582426028
lgbm,raw,1,18028,5,True,2.9158034324645996,Men,6857,0.31194399883330903,0.3096268324754359,0.19271875079129935,0.6961779472090316,0.06528189910979229,0.11112731515239901
lgbm,raw,1,18028,5,True,2.9158034324645996,Women,950,0.21894736842105264,0.21496041915945938,0.15671707537919122,0.699577545096413,0.009433962264150943,0.01263157894736842
lgbm,raw,1,18028,5,True,2.9158034324645996,Black,4534,0.31473312748125276,0.304121448410894,0.19490453640633368,0.6913660385290894,0.05986482137109752,0.09792677547419497
lgbm,raw,1,18028,5,True,2.9158034324645996,White,3273,0.281087687137183,0.2897760285336258,0.1792412244790267,0.7105041667436575,0.05482362940926477,0.1008249312557287
lgbm,raw,1,18028,5,True,2.9158034324645996,Black men,4195,0.3215733015494637,0.3116048184597396,0.19823563356875934,0.6852227021186929,0.06535488404778636,0.10512514898688916
lgbm,raw,1,18028,5,True,2.9158034324645996,White men,2662,0.29676934635612323,0.30650975839423616,0.1840247901408694,0.7134912907064807,0.06517094017094018,0.12058602554470323
lgbm,raw,1,18028,5,True,2.9158034324645996,Black women,339,0.23008849557522124,0.21151750341116773,0.1536834373019807,0.7462913842224188,0.0,0.008849557522123894
lgbm,raw,1,18028,5,True,2.9158034324645996,White women,611,0.2127659574468085,0.21687064573666212,0.15840022318307723,0.673836558451943,0.014553014553014554,0.014729950900163666
lgbm,raw,1,18028,6,True,2.406923294067383,All,7807,0.30062764185986934,0.2982817370742579,0.18817929284321575,0.7011806046531228,0.04981684981684982,0.08671704880235685
lgbm,raw,1,18028,6,True,2.406923294067383,Men,6857,0.31194399883330903,0.3092471214234127,0.1925782390717091,0.6973138196726412,0.05637982195845697,0.09756453259442906
lgbm,raw,1,18028,6,True,2.406923294067383,Women,950,0.21894736842105264,0.21913474709304245,0.15642816201292195,0.7014500829359319,0.008086253369272238,0.008421052631578947
lgbm,raw,1,18028,6,True,2.406923294067383,Black,4534,0.31473312748125276,0.30399917999887155,0.19472036313263205,0.6927591222568836,0.05310588992597361,0.08623731804146449
lgbm,raw,1,18028,6,True,2.406923294067383,White,3273,0.281087687137183,0.2903615151921319,0.1791181218404007,0.7116412442949797,0.04547386315342117,0.0873816070882982
lgbm,raw,1,18028,6,True,2.406923294067383,Black men,4195,0.3215733015494637,0.3111618909103346,0.19804167527832217,0.6865483502784655,0.05797610681658468,0.09296781883194279
lgbm,raw,1,18028,6,True,2.406923294067383,White men,2662,0.29676934635612323,0.3062296691327902,0.18396850395272274,0.7145965189873418,0.053952991452991456,0.1048084147257701
lgbm,raw,1,18028,6,True,2.406923294067383,Black women,339,0.23008849557522124,0.21536327358710938,0.15362035000233704,0.7494351115040769,0.0,0.0029498525073746312
lgbm,raw,1,18028,6,True,2.406923294067383,White women,611,0.2127659574468085,0.22122726676327376,0.157986015157911,0.6745562130177515,0.012474012474012475,0.011456628477905073
lgbm,raw,1,18028,6,True,2.598742961883545,All,7807,0.30062764185986934,0.2982817370742579,0.18817929284321575,0.7011806046531228,0.04981684981684982,0.08671704880235685
lgbm,raw,1,18028,6,True,2.598742961883545,Men,6857,0.31194399883330903,0.3092471214234127,0.1925782390717091,0.6973138196726412,0.05637982195845697,0.09756453259442906
lgbm,raw,1,18028,6,True,2.598742961883545,Women,950,0.21894736842105264,0.21913474709304245,0.15642816201292195,0.7014500829359319,0.008086253369272238,0.008421052631578947
lgbm,raw,1,18028,6,True,2.598742961883545,Black,4534,0.31473312748125276,0.30399917999887155,0.19472036313263205,0.6927591222568836,0.05310588992597361,0.08623731804146449
lgbm,raw,1,18028,6,True,2.598742961883545,White,3273,0.281087687137183,0.2903615151921319,0.1791181218404007,0.7116412442949797,0.04547386315342117,0.0873816070882982
lgbm,raw,1,18028,6,True,2.598742961883545,Black men,4195,0.3215733015494637,0.3111618909103346,0.19804167527832217,0.6865483502784655,0.05797610681658468,0.09296781883194279
lgbm,raw,1,18028,6,True,2.598742961883545,White men,2662,0.29676934635612323,0.3062296691327902,0.18396850395272274,0.7145965189873418,0.053952991452991456,0.1048084147257701
lgbm,raw,1,18028,6,True,2.598742961883545,Black women,339,0.23008849557522124,0.21536327358710938,0.15362035000233704,0.7494351115040769,0.0,0.0029498525073746312
lgbm,raw,1,18028,6,True,2.598742961883545,White women,611,0.2127659574468085,0.22122726676327376,0.157986015157911,0.6745562130177515,0.012474012474012475,0.011456628477905073
lgbm,raw,1,18028,7,True,2.4271414279937744,All,7807,0.30062764185986934,0.29833565603340895,0.18831355929934784,0.7011483758394708,0.04652014652014652,0.0801844498526963
lgbm,raw,1,18028,7,True,2.4271414279937744,Men,6857,0.31194399883330903,0.3088903084540687,0.1927072470675576,0.697328286860959,0.052988554472233995,0.09041855038646639
lgbm,raw,1,18028,7,True,2.4271414279937744,Women,950,0.21894736842105264,0.22215328587713148,0.15660038348185895,0.7004716981132074,0.005390835579514825,0.00631578947368421
lgbm,raw,1,18028,7,True,2.4271414279937744,Black,4534,0.31473312748125276,0.30384668799783315,0.1949507960927668,0.6922658535589663,0.0502092050209205,0.08028231142479048
lgbm,raw,1,18028,7,True,2.4271414279937744,White,3273,0.281087687137183,0.2907013697741057,0.179119171391813,0.7121775624087658,0.0416489587760306,0.08004888481515429
lgbm,raw,1,18028,7,True,2.4271414279937744,Black men,4195,0.3215733015494637,0.3107230559237594,0.19823962287256333,0.6861537423676578,0.054813773717498245,0.0865315852205006
lgbm,raw,1,18028,7,True,2.4271414279937744,White men,2662,0.29676934635612323,0.306002113249203,0.18398887122157753,0.715176011576328,0.050213675213675216,0.09654395191585274
lgbm,raw,1,18028,7,True,2.4271414279937744,Black women,339,0.23008849557522124,0.21875417044839318,0.15425277738702517,0.7468317123489536,0.0,0.0029498525073746312
lgbm,raw,1,18028,7,True,2.4271414279937744,White women,611,0.2127659574468085,0.22403921080404196,0.1579029014297291,0.6749240364624979,0.008316008316008316,0.008183306055646482
lgbm,raw,1,18028,8,True,2.720257043838501,All,7807,0.30062764185986934,0.29836930025986985,0.18840608019493307,0.7009176237765926,0.04523809523809524,0.07787882669399257
lgbm,raw,1,18028,8,True,2.720257043838501,Men,6857,0.31194399883330903,0.30875074799003976,0.19280112135926633,0.6970815519369088,0.05150487494701145,0.08793933206941812
lgbm,raw,1,18028,8,True,2.720257043838501,Women,950,0.21894736842105264,0.22343710332747505,0.1566831357066876,0.7003356313497823,0.005390835579514825,0.005263157894736842
lgbm,raw,1,18028,8,True,2.720257043838501,Black,4534,0.31473312748125276,0.30378831465432904,0.19506725510500825,0.6919158064537227,0.0482780817508851,0.0776356418173798
lgbm,raw,1,18028,8,True,2.720257043838501,White,3273,0.281087687137183,0.2908624834971206,0.17917853144996487,0.7121115042776105,0.04122396940076498,0.07821570424686831
lgbm,raw,1,18028,8,True,2.720257043838501,Black men,4195,0.3215733015494637,0.31053688491547315,0.19835458607939563,0.6858104465086186,0.05270555165144062,0.08367103694874851
lgbm,raw,1,18028,8,True,2.720257043838501,White men,2662,0.29676934635612323,0.3059360055399296,0.18404951185478005,0.7150705263442606,0.049679487179487176,0.0946656649135988
lgbm,raw,1,18028,8,True,2.720257043838501,Black women,339,0.23008849557522124,0.2202772460835345,0.15438774643965422,0.7468317123489538,0.0,0.0029498525073746312
lgbm,raw,1,18028,8,True,2.720257043838501,White women,611,0.2127659574468085,0.22519028107820474,0.1579566822885604,0.6748920518151287,0.008316008316008316,0.006546644844517185
lgbm,raw,1,18028,9,True,2.689175605773926,All,7807,0.30062764185986934,0.2981471913921239,0.188221874168522,0.7006730203470724,0.054212454212454214,0.09324964775201743
lgbm,raw,1,18028,9,True,2.689175605773926,Men,6857,0.31194399883330903,0.3093460823209498,0.1926181898128646,0.6968209939116919,0.0612547689699025,0.10456467843080064
lgbm,raw,1,18028,9,True,2.689175605773926,Women,950,0.21894736842105264,0.21731477549848258,0.1564897306177253,0.7006660792038151,0.009433962264150943,0.011578947368421053
lgbm,raw,1,18028,9,True,2.689175605773926,Black,4534,0.31473312748125276,0.303995955782579,0.19473092252363955,0.6923394942676404,0.056968136466044414,0.09241288045875606
lgbm,raw,1,18028,9,True,2.689175605773926,White,3273,0.281087687137183,0.2900450533700269,0.17920506230109065,0.7108753395295552,0.05057373565660858,0.09440879926672777
lgbm,raw,1,18028,9,True,2.689175605773926,Black men,4195,0.3215733015494637,0.3112965171556533,0.19807069609040093,0.6861241793327558,0.06219255094869993,0.09940405244338499
lgbm,raw,1,18028,9,True,2.689175605773926,White men,2662,0.29676934635612323,0.30627242562238444,0.18402567898105954,0.7137418181326408,0.05982905982905983,0.11269722013523667
lgbm,raw,1,18028,9,True,2.689175605773926,Black women,339,0.23008849557522124,0.2136542007381935,0.1534024561148963,0.7491403870714216,0.0,0.0058997050147492625
lgbm,raw,1,18028,9,True,2.689175605773926,White women,611,0.2127659574468085,0.2193457654227673,0.15820263742044052,0.6736926275387813,0.014553014553014554,0.014729950900163666
lgbm,raw,1,18028,9,True,2.6379456520080566,All,7807,0.30062764185986934,0.2981471913921239,0.188221874168522,0.7006730203470724,0.054212454212454214,0.09324964775201743
lgbm,raw,1,18028,9,True,2.6379456520080566,Men,6857,0.31194399883330903,0.3093460823209498,0.1926181898128646,0.6968209939116919,0.0612547689699025,0.10456467843080064
lgbm,raw,1,18028,9,True,2.6379456520080566,Women,950,0.21894736842105264,0.21731477549848258,0.1564897306177253,0.7006660792038151,0.009433962264150943,0.011578947368421053
lgbm,raw,1,18028,9,True,2.6379456520080566,Black,4534,0.31473312748125276,0.303995955782579,0.19473092252363955,0.6923394942676404,0.056968136466044414,0.09241288045875606
lgbm,raw,1,18028,9,True,2.6379456520080566,White,3273,0.281087687137183,0.2900450533700269,0.17920506230109065,0.7108753395295552,0.05057373565660858,0.09440879926672777
lgbm,raw,1,18028,9,True,2.6379456520080566,Black men,4195,0.3215733015494637,0.3112965171556533,0.19807069609040093,0.6861241793327558,0.06219255094869993,0.09940405244338499
lgbm,raw,1,18028,9,True,2.6379456520080566,White men,2662,0.29676934635612323,0.30627242562238444,0.18402567898105954,0.7137418181326408,0.05982905982905983,0.11269722013523667
lgbm,raw,1,18028,9,True,2.6379456520080566,Black women,339,0.23008849557522124,0.2136542007381935,0.1534024561148963,0.7491403870714216,0.0,0.0058997050147492625
lgbm,raw,1,18028,9,True,2.6379456520080566,White women,611,0.2127659574468085,0.2193457654227673,0.15820263742044052,0.6736926275387813,0.014553014553014554,0.014729950900163666
lgbm,raw,2,500,0,False,0.4584648609161377,All,5460,0.24065934065934066,0.28192552931283027,0.1759770954460824,0.6578346406394896,0.0,0.0
lgbm,raw,2,500,0,False,0.4584648609161377,Men,4718,0.2507418397626113,0.28295823054370967,0.18008620624315466,0.6574090037913344,0.0,0.0
lgbm,raw,2,500,0,False,0.4584648609161377,Women,742,0.1765498652291105,0.2753591082787484,0.14984935320809467,0.6536275158981022,0.0,0.0
lgbm,raw,2,500,0,False,0.4584648609161377,Black,3107,0.24074670099774703,0.2810734742325659,0.17746398808566033,0.6409657064876126,0.0,0.0
lgbm,raw,2,500,0,False,0.4584648609161377,White,2353,0.24054398640034,0.2830506186177097,0.1740137399717226,0.6799163965902147,0.0,0.0
lgbm,raw,2,500,0,False,0.4584648609161377,Black men,2846,0.2501756851721715,0.2828542874046811,0.18212440594126839,0.631711495529838,0.0,0.0
lgbm,raw,2,500,0,False,0.4584648609161377,White men,1872,0.2516025641025641,0.2831162552091344,0.17698753298416334,0.695173753657912,0.0,0.0
lgbm,raw,2,500,0,False,0.4584648609161377,Black women,261,0.13793103448275862,0.26165510531363956,0.12664579185171185,0.727037037037037,0.0,0.0
lgbm,raw,2,500,0,False,0.4584648609161377,White women,481,0.19750519750519752,0.2827951680997326,0.16244005905843958,0.6113716934824106,0.0,0.0
lgbm,raw,2,500,1,False,0.5558702945709229,All,5460,0.24065934065934066,0.23849183425483456,0.18293041125711532,0.620178551368211,0.052821997105643996,0.06501831501831502
lgbm,raw,2,500,1,False,0.5558702945709229,Men,4718,0.2507418397626113,0.24250493808274365,0.1887963612508331,0.6148767128856346,0.055728429985855726,0.0665536244171259
lgbm,raw,2,500,1,False,0.5558702945709229,Women,742,0.1765498652291105,0.21297455142454402,0.1456318235612117,0.6369485638610212,0.03600654664484452,0.05525606469002695
lgbm,raw,2,500,1,False,0.5558702945709229,Black,3107,0.24074670099774703,0.2392508953136896,0.18612183574561492,0.6026096438035695,0.05002119542178889,0.05535886707434825
lgbm,raw,2,500,1,False,0.5558702945709229,White,2353,0.24054398640034,0.23748953816054527,0.1787163203579363,0.6416156339167247,0.056519306099608285,0.07777305567360816
lgbm,raw,2,500,1,False,0.5558702945709229,Black men,2846,0.2501756851721715,0.24242330557545508,0.19077323782802244,0.601217711108537,0.05154639175257732,0.05657062543921293
lgbm,raw,2,500,1,False,0.5558702945709229,White men,1872,0.2516025641025641,0.24262904391380316,0.18579091748017026,0.633990583007891,0.06209850107066381,0.08173076923076923
lgbm,raw,2,500,1,False,0.5558702945709229,Black women,261,0.13793103448275862,0.20465825314899738,0.13540194943706382,0.5638271604938272,0.035555555555555556,0.0421455938697318
lgbm,raw,2,500,1,False,0.5558702945709229,White women,481,0.19750519750519752,0.21748713739110884,0.15118275317951232,0.6646032178892828,0.03626943005181347,0.062370062370062374
lgbm,raw,2,500,2,False,0.4639098644256592,All,5460,0.24065934065934066,0.2500159865324713,0.17709743875389936,0.6276817948531566,0.005065123010130246,0.005128205128205128
lgbm,raw,2,500,2,False,0.4639098644256592,Men,4718,0.2507418397626113,0.2507170733226677,0.18179423388436852,0.6275032550954649,0.005657708628005658,0.0057227638830012716
lgbm,raw,2,500,2,False,0.4639098644256592,Women,742,0.1765498652291105,0.24555813279103364,0.14723291122619914,0.6258917304881249,0.0016366612111292963,0.0013477088948787063
lgbm,raw,2,500,2,False,0.4639098644256592,Black,3107,0.24074670099774703,0.25769423543222486,0.17805273105327712,0.6223718243704279,0.006782534972445952,0.007080785323463148
lgbm,raw,2,500,2,False,0.4639098644256592,White,2353,0.24054398640034,0.23987730428362541,0.1758360306900801,0.6343472982138373,0.0027979854504756574,0.0025499362515937103
lgbm,raw,2,500,2,False,0.4639098644256592,Black men,2846,0.2501756851721715,0.2597672441042232,0.18284523090179572,0.6177356575718964,0.007497656982193065,0.007730147575544624
lgbm,raw,2,500,2,False,0.4639098644256592,White men,1872,0.2516025641025641,0.23695810641865767,0.18019640401706202,0.6428680757299532,0.0028551034975017845,0.002670940170940171
lgbm,raw,2,500,2,False,0.4639098644256592,Black women,261,0.13793103448275862,0.2350897040892855,0.12579428442920051,0.6520987654320988,0.0,0.0
lgbm,raw,2,500,2,False,0.4639098644256592,White women,481,0.19750519750519752,0.2512385067851215,0.1588659290931776,0.610921734387783,0.0025906735751295338,0.002079002079002079
lgbm,raw,2,500,3,False,0.5384542942047119,All,5460,0.24065934065934066,0.23903219745536042,0.1777752311814329,0.6196945066708959,0.0,0.0
lgbm,raw,2,500,3,False,0.5384542942047119,Men,4718,0.2507418397626113,0.2451759917512269,0.18296320844386108,0.6151005343258635,0.0,0.0
lgbm,raw,2,500,3,False,0.5384542942047119,Women,742,0.1765498652291105,0.1999669393854172,0.14478752670146508,0.5809585087642584,0.0,0.0
lgbm,raw,2,500,3,False,0.5384542942047119,Black,3107,0.24074670099774703,0.24381052191716907,0.1786107109765965,0.609209977489782,0.0,0.0
lgbm,raw,2,500,3,False,0.5384542942047119,White,2353,0.24054398640034,0.23272269719916017,0.1766720285789793,0.6337802859679547,0.0,0.0
lgbm,raw,2,500,3,False,0.5384542942047119,Black men,2846,0.2501756851721715,0.24823120746173544,0.18389519161721601,0.5987285837642029,0.0,0.0
lgbm,raw,2,500,3,False,0.5384542942047119,White men,1872,0.2516025641025641,0.24053114991783628,0.1815463152219763,0.6402039186447048,0.0,0.0
lgbm,raw,2,500,3,False,0.5384542942047119,Black women,261,0.13793103448275862,0.1956064182396369,0.12098760023635424,0.6167901234567902,0.0,0.0
lgbm,raw,2,500,3,False,0.5384542942047119,White women,481,0.19750519750519752,0.20233304337512337,0.15770183191434226,0.5577720207253886,0.0,0.0
lgbm,raw,2,500,4,False,0.49843406677246094,All,5460,0.24065934065934066,0.26823130036571124,0.17062457516838977,0.6783253154826019,0.005788712011577424,0.012087912087912088
lgbm,raw,2,500,4,False,0.49843406677246094,Men,4718,0.2507418397626113,0.27136279161580845,0.17485393866826635,0.6789078183268152,0.006789250353606789,0.01377702416278084
lgbm,raw,2,500,4,False,0.49843406677246094,Women,742,0.1765498652291105,0.24831974279433866,0.14373220725408056,0.6497732412138778,0.0,0.0013477088948787063
lgbm,raw,2,500,4,False,0.49843406677246094,Black,3107,0.24074670099774703,0.27298717404335954,0.17216002804114752,0.672771307066123,0.005086901229334464,0.009333762471837787
lgbm,raw,2,500,4,False,0.49843406677246094,White,2353,0.24054398640034,0.2619514450676011,0.16859709872314618,0.6844643588065357,0.006715165081141578,0.01572460688482788
lgbm,raw,2,500,4,False,0.49843406677246094,Black men,2846,0.2501756851721715,0.27592964559792654,0.17649291031516234,0.6692675700009476,0.005623242736644799,0.009838369641602248
lgbm,raw,2,500,4,False,0.49843406677246094,White men,1872,0.2516025641025641,0.2644198074100883,0.1723622114743207,0.6919413036790525,0.008565310492505354,0.019764957264957264
lgbm,raw,2,500,4,False,0.49843406677246094,Black women,261,0.13793103448275862,0.24090183287746772,0.12491335006472508,0.6653086419753087,0.0,0.0038314176245210726
lgbm,raw,2,500,4,False,0.49843406677246094,White women,481,0.19750519750519752,0.25234484568062415,0.1539436869347911,0.6384646850286337,0.0,0.0
lgbm,raw,2,500,5,False,0.4108433723449707,All,5460,0.24065934065934066,0.272591372357296,0.18225191383505046,0.6048201820756982,0.0,0.0
lgbm,raw,2,500,5,False,0.4108433723449707,Men,4718,0.2507418397626113,0.2725413072312987,0.1869265771738602,0.598675005768902,0.0,0.0
lgbm,raw,2,500,5,False,0.4108433723449707,Women,742,0.1765498652291105,0.2729097109886376,0.15252811109582645,0.6559200909533864,0.0,0.0
lgbm,raw,2,500,5,False,0.4108433723449707,Black,3107,0.24074670099774703,0.2719197751976405,0.18236639184505232,0.5992605971441719,0.0,0.0
lgbm,raw,2,500,5,False,0.4108433723449707,White,2353,0.24054398640034,0.27347817744656494,0.18210075226383257,0.6128547163356871,0.0,0.0
lgbm,raw,2,500,5,False,0.4108433723449707,Black men,2846,0.2501756851721715,0.27205292599560416,0.18665839939127998,0.5976998936427872,0.0,0.0
lgbm,raw,2,500,5,False,0.4108433723449707,White men,1872,0.2516025641025641,0.2732837928065052,0.18733428762750504,0.6012387269633004,0.0,0.0
lgbm,raw,2,500,5,False,0.4108433723449707,Black women,261,0.13793103448275862,0.2704678703278911,0.1355654206704775,0.6035802469135803,0.0,0.0
lgbm,raw,2,500,5,False,0.4108433723449707,White women,481,0.19750519750519752,0.27423470145112167,0.16173239841602624,0.6690346332151623,0.0,0.0
lgbm,raw,2,500,6,False,0.5064563751220703,All,5460,0.24065934065934066,0.2574918553809357,0.17089602226160772,0.6777058961306528,0.0306319343945972,0.040293040293040296
lgbm,raw,2,500,6,False,0.5064563751220703,Men,4718,0.2507418397626113,0.2623347448329267,0.1767792941134623,0.6676141614886039,0.033663366336633666,0.043662568885120816
lgbm,raw,2,500,6,False,0.5064563751220703,Women,742,0.1765498652291105,0.22669838848808765,0.1334872936941549,0.7402831049087344,0.01309328968903437,0.018867924528301886
lgbm,raw,2,500,6,False,0.5064563751220703,Black,3107,0.24074670099774703,0.2661031519423279,0.1753381347648967,0.6527407833918569,0.03815175922000848,0.0482780817508851
lgbm,raw,2,500,6,False,0.5064563751220703,White,2353,0.24054398640034,0.24612113782197034,0.16503047039262386,0.7129207606565675,0.020705092333519866,0.029749256268593285
lgbm,raw,2,500,6,False,0.5064563751220703,Black men,2846,0.2501756851721715,0.26992209859226735,0.1803965330201141,0.6452592062171583,0.04029990627928772,0.050597329585382995
lgbm,raw,2,500,6,False,0.5064563751220703,White men,1872,0.2516025641025641,0.25079969739751873,0.1712800088953368,0.7038421145951255,0.023554603854389723,0.03311965811965812
lgbm,raw,2,500,6,False,0.5064563751220703,Black women,261,0.13793103448275862,0.22446053828053636,0.12018027486317788,0.7290123456790123,0.017777777777777778,0.022988505747126436
lgbm,raw,2,500,6,False,0.5064563751220703,White women,481,0.19750519750519752,0.22791268974416015,0.1407079421658493,0.7454595036814835,0.010362694300518135,0.016632016632016633
lgbm,raw,2,500,7,False,0.7665743827819824,All,5460,0.24065934065934066,0.2508755370367399,0.17858008998304467,0.6516972585852312,0.06174626145682586,0.07472527472527472
lgbm,raw,2,500,7,False,0.7665743827819824,Men,4718,0.2507418397626113,0.2537775048577417,0.18428620032943782,0.6460424136846723,0.06393210749646393,0.07524374735057228
lgbm,raw,2,500,7,False,0.7665743827819824,Women,742,0.1765498652291105,0.232423402023955,0.14229784117673355,0.6780649916917579,0.049099836333878884,0.07142857142857142
lgbm,raw,2,500,7,False,0.7665743827819824,Black,3107,0.24074670099774703,0.2533590370292455,0.18248680152855445,0.631615635193921,0.06061890631623569,0.06984229159961378
lgbm,raw,2,500,7,False,0.7665743827819824,White,2353,0.24054398640034,0.24759621936707785,0.17342150401963666,0.6765894633602322,0.06323447118074986,0.0811729706757331
lgbm,raw,2,500,7,False,0.7665743827819824,Black men,2846,0.2501756851721715,0.2571335777562826,0.18858373295441824,0.6224213641102324,0.06419868791002811,0.07167955024595925
lgbm,raw,2,500,7,False,0.7665743827819824,White men,1872,0.2516025641025641,0.24867527009852833,0.17775266515278484,0.6801071724624965,0.0635260528194147,0.08066239316239317
lgbm,raw,2,500,7,False,0.7665743827819824,Black women,261,0.13793103448275862,0.21220063507848838,0.11600455310706666,0.7106172839506173,0.02666666666666667,0.04980842911877394
lgbm,raw,2,500,7,False,0.7665743827819824,White women,481,0.19750519750519752,0.24339667057440573,0.15656509312306008,0.657022088901009,0.06217616580310881,0.08316008316008316
lgbm,raw,2,500,8,False,0.40779972076416016,All,5460,0.24065934065934066,0.2150260297048139,0.1808693235957715,0.5914583824353267,0.0,0.0
lgbm,raw,2,500,8,False,0.40779972076416016,Men,4718,0.2507418397626113,0.21546416387390535,0.18668516766486445,0.5862757523186204,0.0,0.0
lgbm,raw,2,500,8,False,0.40779972076416016,Women,742,0.1765498652291105,0.21224015772398688,0.14388933394889744,0.6235429342461988,0.0,0.0
lgbm,raw,2,500,8,False,0.40779972076416016,Black,3107,0.24074670099774703,0.21395761700176782,0.18202961993708508,0.5631014342613225,0.0,0.0
lgbm,raw,2,500,8,False,0.40779972076416016,White,2353,0.24054398640034,0.21643680669944373,0.17933721958707569,0.627211446627686,0.0,0.0
lgbm,raw,2,500,8,False,0.40779972076416016,Black men,2846,0.2501756851721715,0.2146997770195681,0.1876279903904321,0.5537469198529954,0.0,0.0
lgbm,raw,2,500,8,False,0.40779972076416016,White men,1872,0.2516025641025641,0.21662626055523215,0.18525179508101536,0.632772163043989,0.0,0.0
lgbm,raw,2,500,8,False,0.40779972076416016,Black women,261,0.13793103448275862,0.2058649449302748,0.12098378733085675,0.6525925925925926,0.0,0.0
lgbm,raw,2,500,8,False,0.40779972076416016,White women,481,0.19750519750519752,0.21569947277421322,0.1563183311782293,0.6033133351513499,0.0,0.0
lgbm,raw,2,500,9,False,0.5840039253234863,All,5460,0.24065934065934066,0.25764086654412277,0.1784526657817187,0.6119124372871176,0.0,0.0
lgbm,raw,2,500,9,False,0.5840039253234863,Men,4718,0.2507418397626113,0.258345553140168,0.18292627353403584,0.616404844203778,0.0,0.0
lgbm,raw,2,500,9,False,0.5840039253234863,Women,742,0.1765498652291105,0.2531601234711561,0.15000727309245665,0.5643919991004611,0.0,0.0
lgbm,raw,2,500,9,False,0.5840039253234863,Black,3107,0.24074670099774703,0.26243639334136964,0.17959573165641643,0.5984966552037594,0.0,0.0
lgbm,raw,2,500,9,False,0.5840039253234863,White,2353,0.24054398640034,0.2513086516019019,0.17694331360463156,0.6291527344128482,0.0,0.0
lgbm,raw,2,500,9,False,0.5840039253234863,Black men,2846,0.2501756851721715,0.26315144913837935,0.18388920053813607,0.5996822446637111,0.0,0.0
lgbm,raw,2,500,9,False,0.5840039253234863,White men,1872,0.2516025641025641,0.25103915356169076,0.18146233643271686,0.6414958378228471,0.0,0.0
lgbm,raw,2,500,9,False,0.5840039253234863,Black women,261,0.13793103448275862,0.2546392715088426,0.13277882576609443,0.540925925925926,0.0,0.0
lgbm,raw,2,500,9,False,0.5840039253234863,White women,481,0.19750519750519752,0.25235750883948005,0.1593557653007322,0.5766839378238342,0.0,0.0
lgbm,raw,2,1000,0,False,0.8790977001190186,All,5460,0.24065934065934066,0.2644410597855849,0.17298562263722808,0.6736152870750337,0.0547515677761698,0.06886446886446887
lgbm,raw,2,1000,0,False,0.8790977001190186,Men,4718,0.2507418397626113,0.27215631085581804,0.17839704593309466,0.6682134099172505,0.0628005657708628,0.07799915218312845
lgbm,raw,2,1000,0,False,0.8790977001190186,Women,742,0.1765498652291105,0.21538370864089473,0.13857713866162352,0.6770530103322047,0.008183306055646482,0.01078167115902965
lgbm,raw,2,1000,0,False,0.8790977001190186,Black,3107,0.24074670099774703,0.26739021777591404,0.17561206674809612,0.664947986208241,0.06401017380245867,0.0766012230447377
lgbm,raw,2,1000,0,False,0.8790977001190186,White,2353,0.24054398640034,0.2605468677431061,0.1695175555516068,0.6852187273219819,0.042529378847229994,0.058648533786655334
lgbm,raw,2,1000,0,False,0.8790977001190186,Black men,2846,0.2501756851721715,0.2739112915873596,0.18120150706230134,0.655671814285564,0.07029053420805999,0.08327477160927618
lgbm,raw,2,1000,0,False,0.8790977001190186,White men,1872,0.2516025641025641,0.269488215149639,0.17413342607533713,0.6872206840427902,0.05139186295503212,0.06997863247863248
lgbm,raw,2,1000,0,False,0.8790977001190186,Black women,261,0.13793103448275862,0.19628302977831202,0.11466361029511472,0.717530864197531,0.0044444444444444444,0.0038314176245210726
lgbm,raw,2,1000,0,False,0.8790977001190186,White women,481,0.19750519750519752,0.22574811026903216,0.151553086486278,0.6549495500409054,0.010362694300518135,0.014553014553014554
lgbm,raw,2,1000,1,False,0.5320253372192383,All,5460,0.24065934065934066,0.24435538231113718,0.1766351335487759,0.651554816914728,0.0,0.0
lgbm,raw,2,1000,1,False,0.5320253372192383,Men,4718,0.2507418397626113,0.24463016723744216,0.18159352639368737,0.6525567893101349,0.0,0.0
lgbm,raw,2,1000,1,False,0.5320253372192383,Women,742,0.1765498652291105,0.24260816494953777,0.14510723942169726,0.6408528129333716,0.0,0.0
lgbm,raw,2,1000,1,False,0.5320253372192383,Black,3107,0.24074670099774703,0.24413068173760094,0.17724303532091204,0.6461968385951629,0.0,0.0
lgbm,raw,2,1000,1,False,0.5320253372192383,White,2353,0.24054398640034,0.2446520863833757,0.17583243452369002,0.6576096306065993,0.0,0.0
lgbm,raw,2,1000,1,False,0.5320253372192383,Black men,2846,0.2501756851721715,0.24436318849527106,0.1819508889204243,0.6440208949801501,0.0,0.0
lgbm,raw,2,1000,1,False,0.5320253372192383,White men,1872,0.2516025641025641,0.24503605479097798,0.18105022844972732,0.6641472348383245,0.0,0.0
lgbm,raw,2,1000,1,False,0.5320253372192383,Black women,261,0.13793103448275862,0.2415953781654586,0.1259075895576486,0.6798148148148149,0.0,0.0
lgbm,raw,2,1000,1,False,0.5320253372192383,White women,481,0.19750519750519752,0.24315772285108592,0.15552534464938272,0.6243250613580583,0.0,0.0
lgbm,raw,2,1000,2,False,0.833240270614624,All,5460,0.24065934065934066,0.22961820307144268,0.17606486638130503,0.6760657977724766,0.0612638687891944,0.0749084249084249
lgbm,raw,2,1000,2,False,0.833240270614624,Men,4718,0.2507418397626113,0.23524796151262584,0.18075340498745263,0.6764754340426193,0.06506364922206506,0.07990674014412887
lgbm,raw,2,1000,2,False,0.833240270614624,Women,742,0.1765498652291105,0.19382143713410807,0.14625283788561197,0.6452318186929199,0.03927986906710311,0.0431266846361186
lgbm,raw,2,1000,2,False,0.833240270614624,Black,3107,0.24074670099774703,0.24211453771918484,0.17895821180817387,0.6681970063450253,0.07842306061890632,0.09011908593498552
lgbm,raw,2,1000,2,False,0.833240270614624,White,2353,0.24054398640034,0.2131175180945897,0.17224437159113015,0.6860670211440696,0.03861219921656407,0.05482362940926477
lgbm,raw,2,1000,2,False,0.833240270614624,Black men,2846,0.2501756851721715,0.247637120551948,0.18418435682742276,0.6634300990912251,0.08341143392689784,0.09451862262825017
lgbm,raw,2,1000,2,False,0.833240270614624,White men,1872,0.2516025641025641,0.21641273361416913,0.17553733183758338,0.6963633801152044,0.037116345467523196,0.057692307692307696
lgbm,raw,2,1000,2,False,0.833240270614624,Black women,261,0.13793103448275862,0.181895109588748,0.12197120519981183,0.6653086419753087,0.03111111111111111,0.0421455938697318
lgbm,raw,2,1000,2,False,0.833240270614624,White women,481,0.19750519750519752,0.2002928955319022,0.1594285263076366,0.633678756476684,0.04404145077720207,0.04365904365904366
lgbm,raw,2,1000,3,False,0.6390326023101807,All,5460,0.24065934065934066,0.23701163196349878,0.17199074481283877,0.6712437066846995,0.01326579835986493,0.018131868131868133
lgbm,raw,2,1000,3,False,0.6390326023101807,Men,4718,0.2507418397626113,0.24539860386567036,0.17652796170231708,0.6705292205346607,0.01471004243281471,0.020347604917337857
lgbm,raw,2,1000,3,False,0.6390326023101807,Women,742,0.1765498652291105,0.1836831502459177,0.14314089402502383,0.627634587274022,0.004909983633387889,0.004043126684636119
lgbm,raw,2,1000,3,False,0.6390326023101807,Black,3107,0.24074670099774703,0.24142867615406985,0.17340186327608959,0.663621572178912,0.01738024586689275,0.02156420984872868
lgbm,raw,2,1000,3,False,0.6390326023101807,White,2353,0.24054398640034,0.23117918134721993,0.17012744474257943,0.6808635591561354,0.00783435926133184,0.013599660008499787
lgbm,raw,2,1000,3,False,0.6390326023101807,Black men,2846,0.2501756851721715,0.2478577324278852,0.17844330791988675,0.6570457046428608,0.018275538894095594,0.022839072382290933
lgbm,raw,2,1000,3,False,0.6390326023101807,White men,1872,0.2516025641025641,0.24165999281435444,0.17361606248479403,0.6900788184357245,0.009279086366880799,0.01655982905982906
lgbm,raw,2,1000,3,False,0.6390326023101807,Black women,261,0.13793103448275862,0.17132486713001463,0.11842886919085313,0.6227160493827161,0.008888888888888889,0.007662835249042145
lgbm,raw,2,1000,3,False,0.6390326023101807,White women,481,0.19750519750519752,0.1903889961778318,0.15655012163774432,0.6182437960185436,0.0025906735751295338,0.002079002079002079
lgbm,raw,2,1000,4,False,0.6605098247528076,All,5460,0.24065934065934066,0.27222550935539924,0.16913296114140902,0.6909661877249054,0.039556198745779064,0.05695970695970696
lgbm,raw,2,1000,4,False,0.6605098247528076,Men,4718,0.2507418397626113,0.2758476670148206,0.17432926456477194,0.6839548005035982,0.04384724186704385,0.0612547689699025
lgbm,raw,2,1000,4,False,0.6605098247528076,Women,742,0.1765498652291105,0.24919405404926687,0.13609231484568632,0.7311877662697868,0.014729950900163666,0.029649595687331536
lgbm,raw,2,1000,4,False,0.6605098247528076,Black,3107,0.24074670099774703,0.2785121397410536,0.17308715452628767,0.6707461241847698,0.0453582026282323,0.058255551979401354
lgbm,raw,2,1000,4,False,0.6605098247528076,White,2353,0.24054398640034,0.2639243786251705,0.16391167816358587,0.7174618020608201,0.0318970341354225,0.055248618784530384
lgbm,raw,2,1000,4,False,0.6605098247528076,Black men,2846,0.2501756851721715,0.28238053221964154,0.17782710892596248,0.6646792698208775,0.04920337394564199,0.06219255094869993
lgbm,raw,2,1000,4,False,0.6605098247528076,White men,1872,0.2516025641025641,0.2659157576275769,0.1690114947720645,0.71311968551429,0.03568879371877231,0.05982905982905983
lgbm,raw,2,1000,4,False,0.6605098247528076,Black women,261,0.13793103448275862,0.2363303581546116,0.12140167475052299,0.7058024691358025,0.008888888888888889,0.01532567049808429
lgbm,raw,2,1000,4,False,0.6605098247528076,White women,481,0.19750519750519752,0.25617414683202155,0.14406374325491214,0.7376874829560949,0.018134715025906734,0.037422037422037424
lgbm,raw,2,1000,5,False,0.8600800037384033,All,5460,0.24065934065934066,0.27539732878340845,0.17487356399179171,0.6537372399062821,0.010371442354076218,0.012637362637362638
lgbm,raw,2,1000,5,False,0.8600800037384033,Men,4718,0.2507418397626113,0.27533286069620627,0.17933283149204346,0.6496643276210244,0.010466760961810467,0.012505298855447223
lgbm,raw,2,1000,5,False,0.8600800037384033,Women,742,0.1765498652291105,0.275807248507694,0.14651935366000207,0.6919828587848728,0.009819967266775777,0.013477088948787063
lgbm,raw,2,1000,5,False,0.8600800037384033,Black,3107,0.24074670099774703,0.27239795515707327,0.17651018970970636,0.6373338652968606,0.009749894022891056,0.01126488574187319
lgbm,raw,2,1000,5,False,0.8600800037384033,White,2353,0.24054398640034,0.2793578276601715,0.1727124946736613,0.6750204163956015,0.01119194180190263,0.014449638759031025
lgbm,raw,2,1000,5,False,0.8600800037384033,Black men,2846,0.2501756851721715,0.2730708409168974,0.18115356041759476,0.631016158925055,0.010309278350515464,0.011595221363316937
lgbm,raw,2,1000,5,False,0.8600800037384033,White men,1872,0.2516025641025641,0.27877180743333935,0.17656477886270647,0.6768989696470977,0.010706638115631691,0.013888888888888888
lgbm,raw,2,1000,5,False,0.8600800037384033,Black women,261,0.13793103448275862,0.26506066445799514,0.1258778792321189,0.7293827160493827,0.0044444444444444444,0.007662835249042145
lgbm,raw,2,1000,5,False,0.8600800037384033,White women,481,0.19750519750519752,0.28163855502946405,0.15771982107305302,0.672020725388601,0.012953367875647668,0.016632016632016633
lgbm,raw,2,1000,6,False,0.7133698463439941,All,5460,0.24065934065934066,0.25739660230405265,0.1692540406317728,0.6936968092331572,0.032320308731307285,0.042673992673992675
lgbm,raw,2,1000,6,False,0.7133698463439941,Men,4718,0.2507418397626113,0.2614423196924949,0.174720808940881,0.6868178497598583,0.037057991513437055,0.04747774480712166
lgbm,raw,2,1000,6,False,0.7133698463439941,Women,742,0.1765498652291105,0.23167194645678738,0.13449364591159413,0.7299259129696031,0.004909983633387889,0.012129380053908356
lgbm,raw,2,1000,6,False,0.7133698463439941,Black,3107,0.24074670099774703,0.2623189804560118,0.17254550529297566,0.6781815234861142,0.039423484527342095,0.046990666237528164
lgbm,raw,2,1000,6,False,0.7133698463439941,White,2353,0.24054398640034,0.25089688750671424,0.16490785248797454,0.7139934865271562,0.02294348069390039,0.0369740756481088
lgbm,raw,2,1000,6,False,0.7133698463439941,Black men,2846,0.2501756851721715,0.2664664193990422,0.17741958374251096,0.6725217979634173,0.04311152764761012,0.050597329585382995
lgbm,raw,2,1000,6,False,0.7133698463439941,White men,1872,0.2516025641025641,0.25380418520273346,0.17061786391660813,0.7084233130414885,0.027837259100642397,0.042735042735042736
lgbm,raw,2,1000,6,False,0.7133698463439941,Black women,261,0.13793103448275862,0.21709441634925195,0.11939750809995851,0.7059259259259258,0.0044444444444444444,0.007662835249042145
lgbm,raw,2,1000,6,False,0.7133698463439941,White women,481,0.19750519750519752,0.2395819991762608,0.14268510530626544,0.7377420234524135,0.0051813471502590676,0.014553014553014554
lgbm,raw,2,1000,7,False,0.816730260848999,All,5460,0.24065934065934066,0.24994407426167686,0.17229309071661278,0.6853406595343039,0.05740472744814279,0.07124542124542124
lgbm,raw,2,1000,7,False,0.816730260848999,Men,4718,0.2507418397626113,0.2551358593551507,0.1778618874402862,0.678218419595854,0.061386138613861385,0.07503179313268334
lgbm,raw,2,1000,7,False,0.816730260848999,Women,742,0.1765498652291105,0.2169321577239283,0.13688394928495365,0.7179445534163741,0.03436988543371522,0.04716981132075472
lgbm,raw,2,1000,7,False,0.816730260848999,Black,3107,0.24074670099774703,0.25734852415358306,0.17691574520743464,0.6655169756059963,0.06697753285290377,0.07595751528805922
lgbm,raw,2,1000,7,False,0.816730260848999,White,2353,0.24054398640034,0.2401669277193256,0.1661891436265221,0.710703134732392,0.04476776720761052,0.06502337441563961
lgbm,raw,2,1000,7,False,0.816730260848999,Black men,2846,0.2501756851721715,0.26261135382981754,0.1829716668488366,0.6534538451818077,0.07122774133083412,0.08011243851018975
lgbm,raw,2,1000,7,False,0.816730260848999,White men,1872,0.2516025641025641,0.24377087149462615,0.17009349417279984,0.7146836275575074,0.046395431834404,0.0673076923076923
lgbm,raw,2,1000,7,False,0.816730260848999,Black women,261,0.13793103448275862,0.19996150017441333,0.11088067627475275,0.79,0.02666666666666667,0.03065134099616858
lgbm,raw,2,1000,7,False,0.816730260848999,White women,481,0.19750519750519752,0.22614076816139905,0.15099383339236,0.684374147804745,0.038860103626943004,0.056133056133056136
lgbm,raw,2,1000,8,False,0.7220211029052734,All,5460,0.24065934065934066,0.21646849871474247,0.1756763790849403,0.6664252867739973,0.028461167390255667,0.03534798534798535
lgbm,raw,2,1000,8,False,0.7220211029052734,Men,4718,0.2507418397626113,0.21712407532250214,0.18154785386962857,0.6593502243594725,0.02743988684582744,0.03412462908011869
lgbm,raw,2,1000,8,False,0.7220211029052734,Women,742,0.1765498652291105,0.21230002103898774,0.13834266205777143,0.717082495221199,0.03436988543371522,0.0431266846361186
lgbm,raw,2,1000,8,False,0.7220211029052734,Black,3107,0.24074670099774703,0.20901081004024544,0.17868368319489703,0.647891338893259,0.02161933022467147,0.024460894753781784
lgbm,raw,2,1000,8,False,0.7220211029052734,White,2353,0.24054398640034,0.2263159439810673,0.1717054084646107,0.6900682392069937,0.03749300503637381,0.049723756906077346
lgbm,raw,2,1000,8,False,0.7220211029052734,Black men,2846,0.2501756851721715,0.21194282328149822,0.18486824146294184,0.6380221770584332,0.02155576382380506,0.023893183415319746
lgbm,raw,2,1000,8,False,0.7220211029052734,White men,1872,0.2516025641025641,0.22500112837201977,0.17649987144945256,0.6900606330631289,0.03640256959314775,0.049679487179487176
lgbm,raw,2,1000,8,False,0.7220211029052734,Black women,261,0.13793103448275862,0.177039508566661,0.11124593288510595,0.7382716049382716,0.022222222222222223,0.03065134099616858
lgbm,raw,2,1000,8,False,0.7220211029052734,White women,481,0.19750519750519752,0.2314330641892523,0.15304587684792872,0.6950095445868556,0.04145077720207254,0.0498960498960499
lgbm,raw,2,1000,9,False,0.5560591220855713,All,5460,0.24065934065934066,0.25227680344559456,0.17560980212657315,0.6565880924637342,0.0,0.0
lgbm,raw,2,1000,9,False,0.5560591220855713,Men,4718,0.2507418397626113,0.25293019172736664,0.1800511706886496,0.6615804280585045,0.0,0.0
lgbm,raw,2,1000,9,False,0.5560591220855713,Women,742,0.1765498652291105,0.24812224021998683,0.1473694020243134,0.6000049974388126,0.0,0.0
lgbm,raw,2,1000,9,False,0.5560591220855713,Black,3107,0.24074670099774703,0.25693767319887756,0.17619221974545685,0.6486861672103426,0.0,0.0
lgbm,raw,2,1000,9,False,0.5560591220855713,White,2353,0.24054398640034,0.24612239531833127,0.1748407534474947,0.6687373077250104,0.0,0.0
lgbm,raw,2,1000,9,False,0.5560591220855713,Black men,2846,0.2501756851721715,0.25775363410640306,0.1804544942286354,0.6497635921358844,0.0,0.0
lgbm,raw,2,1000,9,False,0.5560591220855713,White men,1872,0.2516025641025641,0.24559711640111792,0.1794379982555301,0.6827463246604261,0.0,0.0
lgbm,raw,2,1000,9,False,0.5560591220855713,Black women,261,0.13793103448275862,0.24804026039114785,0.12971546426987737,0.5755555555555556,0.0,0.0
lgbm,raw,2,1000,9,False,0.5560591220855713,White women,481,0.19750519750519752,0.24816672407721546,0.15694877365405935,0.6090537223888737,0.0,0.0
lgbm,raw,2,1000,9,False,0.5935730934143066,All,5460,0.24065934065934066,0.25227680344559456,0.17560980212657315,0.6565880924637342,0.0,0.0
lgbm,raw,2,1000,9,False,0.5935730934143066,Men,4718,0.2507418397626113,0.25293019172736664,0.1800511706886496,0.6615804280585045,0.0,0.0
lgbm,raw,2,1000,9,False,0.5935730934143066,Women,742,0.1765498652291105,0.24812224021998683,0.1473694020243134,0.6000049974388126,0.0,0.0
lgbm,raw,2,1000,9,False,0.5935730934143066,Black,3107,0.24074670099774703,0.25693767319887756,0.17619221974545685,0.6486861672103426,0.0,0.0
lgbm,raw,2,1000,9,False,0.5935730934143066,White,2353,0.24054398640034,0.24612239531833127,0.1748407534474947,0.6687373077250104,0.0,0.0
lgbm,raw,2,1000,9,False,0.5935730934143066,Black men,2846,0.2501756851721715,0.25775363410640306,0.1804544942286354,0.6497635921358844,0.0,0.0
lgbm,raw,2,1000,9,False,0.5935730934143066,White men,1872,0.2516025641025641,0.24559711640111792,0.1794379982555301,0.6827463246604261,0.0,0.0
lgbm,raw,2,1000,9,False,0.5935730934143066,Black women,261,0.13793103448275862,0.24804026039114785,0.12971546426987737,0.5755555555555556,0.0,0.0
lgbm,raw,2,1000,9,False,0.5935730934143066,White women,481,0.19750519750519752,0.24816672407721546,0.15694877365405935,0.6090537223888737,0.0,0.0
lgbm,raw,2,2000,0,False,0.9750912189483643,All,5460,0.24065934065934066,0.2662908329628391,0.16816108585893813,0.7033850455336093,0.060781476121562955,0.08315018315018315
lgbm,raw,2,2000,0,False,0.9750912189483643,Men,4718,0.2507418397626113,0.2753073829462104,0.17388738578700322,0.695470604903746,0.06930693069306931,0.09241203899957609
lgbm,raw,2,2000,0,False,0.9750912189483643,Women,742,0.1765498652291105,0.20895918495536503,0.13175046178803343,0.7222298571981858,0.011456628477905073,0.02425876010781671
lgbm,raw,2,2000,0,False,0.9750912189483643,Black,3107,0.24074670099774703,0.2690877934625169,0.1731962688953514,0.681030437532445,0.06528189910979229,0.0794979079497908
lgbm,raw,2,2000,0,False,0.9750912189483643,White,2353,0.24054398640034,0.2625976088776292,0.1615124187556078,0.7307784331676953,0.05484051482932289,0.087972800679983
lgbm,raw,2,2000,0,False,0.9750912189483643,Black men,2846,0.2501756851721715,0.27649005737708254,0.17846373701175997,0.6725810315596601,0.07075913776944705,0.08573436401967674
lgbm,raw,2,2000,0,False,0.9750912189483643,White men,1872,0.2516025641025641,0.2735093640197882,0.16692996293141688,0.7280559382061039,0.06709493219129194,0.10256410256410256
lgbm,raw,2,2000,0,False,0.9750912189483643,Black women,261,0.13793103448275862,0.1883719195128851,0.11575866636930265,0.722716049382716,0.013333333333333334,0.011494252873563218
lgbm,raw,2,2000,0,False,0.9750912189483643,White women,481,0.19750519750519752,0.22013023751355068,0.1404279225038104,0.718052904281429,0.010362694300518135,0.031185031185031187
lgbm,raw,2,2000,0,False,0.9581172466278076,All,5460,0.24065934065934066,0.2662908329628391,0.16816108585893813,0.7033850455336093,0.060781476121562955,0.08315018315018315
lgbm,raw,2,2000,0,False,0.9581172466278076,Men,4718,0.2507418397626113,0.2753073829462104,0.17388738578700322,0.695470604903746,0.06930693069306931,0.09241203899957609
lgbm,raw,2,2000,0,False,0.9581172466278076,Women,742,0.1765498652291105,0.20895918495536503,0.13175046178803343,0.7222298571981858,0.011456628477905073,0.02425876010781671
lgbm,raw,2,2000,0,False,0.9581172466278076,Black,3107,0.24074670099774703,0.2690877934625169,0.1731962688953514,0.681030437532445,0.06528189910979229,0.0794979079497908
lgbm,raw,2,2000,0,False,0.9581172466278076,White,2353,0.24054398640034,0.2625976088776292,0.1615124187556078,0.7307784331676953,0.05484051482932289,0.087972800679983
lgbm,raw,2,2000,0,False,0.9581172466278076,Black men,2846,0.2501756851721715,0.27649005737708254,0.17846373701175997,0.6725810315596601,0.07075913776944705,0.08573436401967674
lgbm,raw,2,2000,0,False,0.9581172466278076,White men,1872,0.2516025641025641,0.2735093640197882,0.16692996293141688,0.7280559382061039,0.06709493219129194,0.10256410256410256
lgbm,raw,2,2000,0,False,0.9581172466278076,Black women,261,0.13793103448275862,0.1883719195128851,0.11575866636930265,0.722716049382716,0.013333333333333334,0.011494252873563218
lgbm,raw,2,2000,0,False,0.9581172466278076,White women,481,0.19750519750519752,0.22013023751355068,0.1404279225038104,0.718052904281429,0.010362694300518135,0.031185031185031187
lgbm,raw,2,2000,1,False,0.9302690029144287,All,5460,0.24065934065934066,0.23770657555720914,0.1694384165190048,0.6878496337266633,0.026772793053545588,0.038644688644688646
lgbm,raw,2,2000,1,False,0.9302690029144287,Men,4718,0.2507418397626113,0.2431237991103669,0.17474482891240778,0.6825365473390717,0.029985855728429985,0.04217888935989826
lgbm,raw,2,2000,1,False,0.9302690029144287,Women,742,0.1765498652291105,0.20326121070033792,0.13569764337604634,0.7004035431841181,0.008183306055646482,0.016172506738544475
lgbm,raw,2,2000,1,False,0.9302690029144287,Black,3107,0.24074670099774703,0.24189995398130074,0.17113104877218058,0.6746553760430528,0.027130139889783807,0.03830061152236885
lgbm,raw,2,2000,1,False,0.9302690029144287,White,2353,0.24054398640034,0.2321694626104805,0.16720339382006003,0.7045994728318579,0.02630106323447118,0.03909902252443689
lgbm,raw,2,2000,1,False,0.9302690029144287,Black men,2846,0.2501756851721715,0.24582725984624856,0.17624003930615398,0.668022677253246,0.029053420805998126,0.040407589599437806
lgbm,raw,2,2000,1,False,0.9302690029144287,White men,1872,0.2516025641025641,0.23901373006425627,0.17247166182875298,0.7036519259067303,0.03140613847251963,0.04487179487179487
lgbm,raw,2,2000,1,False,0.9302690029144287,Black women,261,0.13793103448275862,0.19907576818957073,0.11542151980785711,0.7179012345679013,0.008888888888888889,0.01532567049808429
lgbm,raw,2,2000,1,False,0.9302690029144287,White women,481,0.19750519750519752,0.20553231360119079,0.14669986427271453,0.691655304063267,0.007772020725388601,0.016632016632016633
lgbm,raw,2,2000,2,False,0.8525373935699463,All,5460,0.24065934065934066,0.2586722693129142,0.16797096021846708,0.698878492115413,0.03786782440906898,0.051831501831501835
lgbm,raw,2,2000,2,False,0.8525373935699463,Men,4718,0.2507418397626113,0.2610407819856259,0.17262422038620043,0.6961690904025797,0.039321074964639324,0.05341246290801187
lgbm,raw,2,2000,2,False,0.8525373935699463,Women,742,0.1765498652291105,0.24361210382793588,0.13838324934061563,0.705001186891718,0.029459901800327332,0.04177897574123989
lgbm,raw,2,2000,2,False,0.8525373935699463,Black,3107,0.24074670099774703,0.26245502829284606,0.17117617949802524,0.6847708060834261,0.0423908435777872,0.05310588992597361
lgbm,raw,2,2000,2,False,0.8525373935699463,White,2353,0.24054398640034,0.2536773555217334,0.16373865409794558,0.7166263611754307,0.0318970341354225,0.050148746281342964
lgbm,raw,2,2000,2,False,0.8525373935699463,Black men,2846,0.2501756851721715,0.2659214808686896,0.17597013849140292,0.6779192948832703,0.04498594189315839,0.05586788475052706
lgbm,raw,2,2000,2,False,0.8525373935699463,White men,1872,0.2516025641025641,0.25362065964524166,0.16753742395062013,0.7231701347687655,0.030692362598144184,0.049679487179487176
lgbm,raw,2,2000,2,False,0.8525373935699463,Black women,261,0.13793103448275862,0.22465608564590817,0.11890182204533237,0.7322222222222222,0.017777777777777778,0.022988505747126436
lgbm,raw,2,2000,2,False,0.8525373935699463,White women,481,0.19750519750519752,0.2538980097437555,0.14895425250915809,0.687973820561767,0.03626943005181347,0.05197505197505198
lgbm,raw,2,2000,3,False,1.7492115497589111,All,5460,0.24065934065934066,0.2506267409770557,0.16911079708532425,0.6955848956027375,0.049204052098408106,0.06556776556776557
lgbm,raw,2,2000,3,False,1.7492115497589111,Men,4718,0.2507418397626113,0.2578739241210678,0.17412884658495192,0.6902861255815231,0.05487977369165488,0.0718524798643493
lgbm,raw,2,2000,3,False,1.7492115497589111,Women,742,0.1765498652291105,0.2045455953255069,0.13720357668203126,0.7123099411551581,0.016366612111292964,0.025606469002695417
lgbm,raw,2,2000,3,False,1.7492115497589111,Black,3107,0.24074670099774703,0.2604134974368163,0.17234222244205122,0.6817688769600098,0.057227638830012716,0.07402639201802381
lgbm,raw,2,2000,3,False,1.7492115497589111,White,2353,0.24054398640034,0.2377038968119575,0.1648438873601434,0.7140656607101543,0.03861219921656407,0.05439864003399915
lgbm,raw,2,2000,3,False,1.7492115497589111,Black men,2846,0.2501756851721715,0.2666608302825685,0.1771227059610322,0.6762443004117393,0.061855670103092786,0.07905832747716093
lgbm,raw,2,2000,3,False,1.7492115497589111,White men,1872,0.2516025641025641,0.24451519819391465,0.1695772847343513,0.7116300004091709,0.04425410421127766,0.060897435897435896
lgbm,raw,2,2000,3,False,1.7492115497589111,Black women,261,0.13793103448275862,0.1922912396628291,0.12021480445346898,0.6971604938271605,0.013333333333333334,0.019157088122605363
lgbm,raw,2,2000,3,False,1.7492115497589111,White women,481,0.19750519750519752,0.21119504819028634,0.14642201649836137,0.7166348513771474,0.018134715025906734,0.029106029106029108
lgbm,raw,2,2000,4,False,0.9015324115753174,All,5460,0.24065934065934066,0.26038357018108205,0.1662070684849478,0.708365547912165,0.04341534008683068,0.06428571428571428
lgbm,raw,2,2000,4,False,0.9015324115753174,Men,4718,0.2507418397626113,0.2649514238009077,0.17109033152727415,0.7027541276045247,0.04554455445544554,0.06740144128868164
lgbm,raw,2,2000,4,False,0.9015324115753174,Women,742,0.1765498652291105,0.23133891603237985,0.1351568864988348,0.7304381504478954,0.031096563011456628,0.0444743935309973
lgbm,raw,2,2000,4,False,0.9015324115753174,Black,3107,0.24074670099774703,0.26525458844900135,0.17036711291904894,0.6854214035222937,0.04662992793556592,0.06147409076279369
lgbm,raw,2,2000,4,False,0.9015324115753174,White,2353,0.24054398640034,0.2539516731311777,0.16071397113826177,0.7375697271815883,0.03917179630665921,0.06799830004249893
lgbm,raw,2,2000,4,False,0.9015324115753174,Black men,2846,0.2501756851721715,0.27001958325497794,0.1750744407573997,0.6796015290165643,0.04873477038425492,0.06430077301475755
lgbm,raw,2,2000,4,False,0.9015324115753174,White men,1872,0.2516025641025641,0.2572463053146449,0.1650332936699358,0.7364287868386398,0.04068522483940043,0.07211538461538461
lgbm,raw,2,2000,4,False,0.9015324115753174,Black women,261,0.13793103448275862,0.21329606271026813,0.11903740016829668,0.6938271604938271,0.02666666666666667,0.03065134099616858
lgbm,raw,2,2000,4,False,0.9015324115753174,White women,481,0.19750519750519752,0.24112932084957564,0.1439036347987734,0.7392691573493319,0.03367875647668394,0.05197505197505198
lgbm,raw,2,2000,5,False,0.8840987682342529,All,5460,0.24065934065934066,0.24994008332021117,0.16901328155272924,0.6909874805519395,0.02532561505065123,0.03498168498168498
lgbm,raw,2,2000,5,False,0.8840987682342529,Men,4718,0.2507418397626113,0.25432243306474833,0.17432846239420488,0.683392855648323,0.026591230551626592,0.03730394234845273
lgbm,raw,2,2000,5,False,0.8840987682342529,Women,742,0.1765498652291105,0.22207495381249348,0.13521675431542193,0.7254532052323185,0.01800327332242226,0.02021563342318059
lgbm,raw,2,2000,5,False,0.8840987682342529,Black,3107,0.24074670099774703,0.25392648227320885,0.1718658805308178,0.672635577025523,0.025858414582450192,0.03379465722561957
lgbm,raw,2,2000,5,False,0.8840987682342529,White,2353,0.24054398640034,0.2446762747579657,0.16524659008442444,0.7145352872433615,0.024622271964185788,0.03654908627284318
lgbm,raw,2,2000,5,False,0.8840987682342529,Black men,2846,0.2501756851721715,0.2580555583171929,0.17675067644310316,0.665550003685646,0.026710402999062792,0.035488404778636684
lgbm,raw,2,2000,5,False,0.8840987682342529,White men,1872,0.2516025641025641,0.24864696593416233,0.17064597244593321,0.7100221103821807,0.026409707351891507,0.04006410256410257
lgbm,raw,2,2000,5,False,0.8840987682342529,Black women,261,0.13793103448275862,0.20890215115758193,0.11860101782444199,0.7159259259259259,0.017777777777777778,0.01532567049808429
lgbm,raw,2,2000,5,False,0.8840987682342529,White women,481,0.19750519750519752,0.22922277396411914,0.1442327776504443,0.7265612217071176,0.018134715025906734,0.02286902286902287
lgbm,raw,2,2000,6,False,0.8438704013824463,All,5460,0.24065934065934066,0.2579843839042387,0.1661062284831555,0.7092226759797087,0.03256150506512301,0.04725274725274725
lgbm,raw,2,2000,6,False,0.8438704013824463,Men,4718,0.2507418397626113,0.2639641310726531,0.1713540882180317,0.7021741287762395,0.03790664780763791,0.05341246290801187
lgbm,raw,2,2000,6,False,0.8438704013824463,Women,742,0.1765498652291105,0.2199622179465854,0.13273776186705621,0.734236203945478,0.0016366612111292963,0.008086253369272238
lgbm,raw,2,2000,6,False,0.8438704013824463,Black,3107,0.24074670099774703,0.26405049842860145,0.16864484287037085,0.6960939217877602,0.039423484527342095,0.0511747666559382
lgbm,raw,2,2000,6,False,0.8438704013824463,White,2353,0.24054398640034,0.24997443157648905,0.16275413545252318,0.7271993846409384,0.023503077783995522,0.04207394815129622
lgbm,raw,2,2000,6,False,0.8438704013824463,Black men,2846,0.2501756851721715,0.2698441416279108,0.17375360060277892,0.6879975622084391,0.04358013120899719,0.05586788475052706
lgbm,raw,2,2000,6,False,0.8438704013824463,White men,1872,0.2516025641025641,0.25502475605114466,0.1677061115903657,0.7243582457783415,0.02926481084939329,0.049679487179487176
lgbm,raw,2,2000,6,False,0.8438704013824463,Black women,261,0.13793103448275862,0.20087536990279906,0.11293785242426563,0.7271604938271605,0.0,0.0
lgbm,raw,2,2000,6,False,0.8438704013824463,White women,481,0.19750519750519752,0.23031911470215352,0.14348157967281158,0.7288519225524952,0.0025906735751295338,0.012474012474012475
lgbm,raw,2,2000,7,False,1.0045578479766846,All,5460,0.24065934065934066,0.2493520552166965,0.16602073758204633,0.7116343639795853,0.04438012542209358,0.06025641025641026
lgbm,raw,2,2000,7,False,1.0045578479766846,Men,4718,0.2507418397626113,0.25732757661325056,0.1710620369808772,0.7061714697010095,0.04837340876944837,0.06506994489190335
lgbm,raw,2,2000,7,False,1.0045578479766846,Women,742,0.1765498652291105,0.19863977765747523,0.13396568291400834,0.7153208980397546,0.02127659574468085,0.029649595687331536
lgbm,raw,2,2000,7,False,1.0045578479766846,Black,3107,0.24074670099774703,0.2570682775190549,0.17000470458282574,0.6903609568996198,0.04959728698601102,0.0643707756678468
lgbm,raw,2,2000,7,False,1.0045578479766846,White,2353,0.24054398640034,0.23916323129258785,0.16076014027162489,0.7391585478949855,0.03749300503637381,0.05482362940926477
lgbm,raw,2,2000,7,False,1.0045578479766846,Black men,2846,0.2501756851721715,0.26412817998383487,0.17513201080308125,0.6828738561334414,0.05295220243673852,0.06886858749121574
lgbm,raw,2,2000,7,False,1.0045578479766846,White men,1872,0.2516025641025641,0.24698862512143283,0.16487445925759056,0.7409523982717834,0.04139900071377588,0.05929487179487179
lgbm,raw,2,2000,7,False,1.0045578479766846,Black women,261,0.13793103448275862,0.18008558627474983,0.11409545744548041,0.7082716049382716,0.017777777777777778,0.01532567049808429
lgbm,raw,2,2000,7,False,1.0045578479766846,White women,481,0.19750519750519752,0.20870764449924514,0.14474765556948815,0.713935096809381,0.023316062176165803,0.037422037422037424
lgbm,raw,2,2000,8,False,0.937997579574585,All,5460,0.24065934065934066,0.24595232443497447,0.16815794451940505,0.7002610574017906,0.029908345393150026,0.03901098901098901
lgbm,raw,2,2000,8,False,0.937997579574585,Men,4718,0.2507418397626113,0.24772617391241736,0.1734326576631209,0.6948586828251718,0.0314002828854314,0.040059347181008904
lgbm,raw,2,2000,8,False,0.937997579574585,Women,742,0.1765498652291105,0.23467331926708312,0.1346187307565328,0.7356979547981659,0.02127659574468085,0.03234501347708895
lgbm,raw,2,2000,8,False,0.937997579574585,Black,3107,0.24074670099774703,0.24503790817607546,0.17172814777336828,0.678948865761573,0.026706231454005934,0.03154168007724493
lgbm,raw,2,2000,8,False,0.937997579574585,White,2353,0.24054398640034,0.24715975805860368,0.16344369823378518,0.7260811791481864,0.03413542249580302,0.04887377815554611
lgbm,raw,2,2000,8,False,0.937997579574585,Black men,2846,0.2501756851721715,0.24786776343041664,0.17725641817626392,0.6696542337541991,0.027647610121836926,0.03197470133520731
lgbm,raw,2,2000,8,False,0.937997579574585,White men,1872,0.2516025641025641,0.24751091548921977,0.1676193978231609,0.7294668200299756,0.037116345467523196,0.05235042735042735
lgbm,raw,2,2000,8,False,0.937997579574585,Black women,261,0.13793103448275862,0.2141805593107303,0.11144670115788523,0.7820987654320987,0.017777777777777778,0.02681992337164751
lgbm,raw,2,2000,8,False,0.937997579574585,White women,481,0.19750519750519752,0.2457930913016114,0.14719232685891745,0.7122170711753476,0.023316062176165803,0.035343035343035345
lgbm,raw,2,2000,9,False,0.9671199321746826,All,5460,0.24065934065934066,0.2587271310047208,0.16806137443721414,0.6995114030431121,0.04413892908827786,0.05897435897435897
lgbm,raw,2,2000,9,False,0.9671199321746826,Men,4718,0.2507418397626113,0.26428367610594394,0.17296814396138532,0.6950480701976732,0.04978783592644979,0.06549385332768122
lgbm,raw,2,2000,9,False,0.9671199321746826,Women,742,0.1765498652291105,0.2233958913988303,0.13686172670805008,0.7080871053585037,0.011456628477905073,0.01752021563342318
lgbm,raw,2,2000,9,False,0.9671199321746826,Black,3107,0.24074670099774703,0.2709745035968872,0.17102723951887555,0.6882748513486862,0.05680373039423484,0.07209526874798841
lgbm,raw,2,2000,9,False,0.9671199321746826,White,2353,0.24054398640034,0.24255518597970552,0.1641451216498269,0.7148457350989973,0.027420257414661444,0.0416489587760306
lgbm,raw,2,2000,9,False,0.9671199321746826,Black men,2846,0.2501756851721715,0.2761219010789666,0.1758504947047523,0.6813706390910145,0.06138706654170572,0.07730147575544624
lgbm,raw,2,2000,9,False,0.9671199321746826,White men,1872,0.2516025641025641,0.24628603279759861,0.16858610858979217,0.7173871862833796,0.032119914346895075,0.04754273504273504
lgbm,raw,2,2000,9,False,0.9671199321746826,Black women,261,0.13793103448275862,0.21484617702984526,0.11843343009739969,0.7348148148148148,0.013333333333333334,0.01532567049808429
lgbm,raw,2,2000,9,False,0.9671199321746826,White women,481,0.19750519750519752,0.2280351334992567,0.14686128058617848,0.6950640850831743,0.010362694300518135,0.018711018711018712
lgbm,raw,2,4000,0,False,1.68916916847229,All,5460,0.24065934065934066,0.2605102364188038,0.16475945698078362,0.7198781756599492,0.056439942112879886,0.07985347985347985
lgbm,raw,2,4000,0,False,1.68916916847229,Men,4718,0.2507418397626113,0.2666338846386835,0.17073416286487064,0.7100783016352595,0.06308345120226308,0.08584145824501907
lgbm,raw,2,4000,0,False,1.68916916847229,Women,742,0.1765498652291105,0.22157307698296466,0.12676934598196618,0.7636461313576792,0.01800327332242226,0.04177897574123989
lgbm,raw,2,4000,0,False,1.68916916847229,Black,3107,0.24074670099774703,0.2627654612850487,0.17005280233837683,0.6929304767496425,0.055955913522679104,0.06984229159961378
lgbm,raw,2,4000,0,False,1.68916916847229,White,2353,0.24054398640034,0.25753234281088916,0.1577699015086025,0.7522695320146879,0.05707890318970341,0.09307267318317042
lgbm,raw,2,4000,0,False,1.68916916847229,Black men,2846,0.2501756851721715,0.2687396502764137,0.17577735287250826,0.6816154712888177,0.06138706654170572,0.07519325368938862
lgbm,raw,2,4000,0,False,1.68916916847229,White men,1872,0.2516025641025641,0.26343249093944193,0.163067005406678,0.7494085965287154,0.06566738044254104,0.10202991452991453
lgbm,raw,2,4000,0,False,1.68916916847229,Black women,261,0.13793103448275862,0.19762162270487701,0.10763107505815488,0.7839506172839507,0.0044444444444444444,0.011494252873563218
lgbm,raw,2,4000,0,False,1.68916916847229,White women,481,0.19750519750519752,0.23456960414841344,0.13715414579717355,0.7516498500136352,0.025906735751295335,0.058212058212058215
lgbm,raw,2,4000,1,False,1.300851821899414,All,5460,0.24065934065934066,0.2399048319727317,0.16444173329763762,0.7173153269440168,0.025566811384466957,0.039194139194139194
lgbm,raw,2,4000,1,False,1.300851821899414,Men,4718,0.2507418397626113,0.2452398742819042,0.16951477148265928,0.7117026809552105,0.0297029702970297,0.044298431538787625
lgbm,raw,2,4000,1,False,1.300851821899414,Women,742,0.1765498652291105,0.20598201578044645,0.13218486785702802,0.7366474681725615,0.0016366612111292963,0.006738544474393531
lgbm,raw,2,4000,1,False,1.300851821899414,Black,3107,0.24074670099774703,0.2468873887123737,0.16707110146001625,0.7023822747334704,0.03136922424756253,0.04377212745413582
lgbm,raw,2,4000,1,False,1.300851821899414,White,2353,0.24054398640034,0.23068477086348071,0.16096980517162388,0.736599824804586,0.01790710688304421,0.03314917127071823
lgbm,raw,2,4000,1,False,1.300851821899414,Black men,2846,0.2501756851721715,0.25163699036177095,0.17230125558981005,0.693494439939766,0.03467666354264293,0.04743499648629656
lgbm,raw,2,4000,1,False,1.300851821899414,White men,1872,0.2516025641025641,0.23551434417330333,0.16527848207616838,0.7390353569106689,0.02212705210563883,0.03952991452991453
lgbm,raw,2,4000,1,False,1.300851821899414,Black women,261,0.13793103448275862,0.19509671325572792,0.11004037865008061,0.7816049382716049,0.0,0.0038314176245210726
lgbm,raw,2,4000,1,False,1.300851821899414,White women,481,0.19750519750519752,0.21188859365768453,0.14420090046204526,0.7148350149986364,0.0025906735751295338,0.008316008316008316
lgbm,raw,2,4000,2,False,1.5047602653503418,All,5460,0.24065934065934066,0.25379850361054046,0.16431348150425848,0.718262857747028,0.05016883743367101,0.07051282051282051
lgbm,raw,2,4000,2,False,1.5047602653503418,Men,4718,0.2507418397626113,0.2602493245965602,0.16948033785239025,0.7120876729624418,0.05487977369165488,0.07672742687579483
lgbm,raw,2,4000,2,False,1.5047602653503418,Women,742,0.1765498652291105,0.21278101922773615,0.13146007415859057,0.7393335915343386,0.022913256955810146,0.03099730458221024
lgbm,raw,2,4000,2,False,1.5047602653503418,Black,3107,0.24074670099774703,0.2572088097254292,0.16784820440073642,0.7019305968948141,0.05214073760067826,0.06855487608625684
lgbm,raw,2,4000,2,False,1.5047602653503418,White,2353,0.24054398640034,0.24929539222126762,0.15964608497244512,0.7388125072915699,0.04756575265808618,0.07309817254568636
lgbm,raw,2,4000,2,False,1.5047602653503418,Black men,2846,0.2501756851721715,0.26344699488569084,0.17312476140133806,0.6932331539652286,0.056232427366447985,0.07343640196767393
lgbm,raw,2,4000,2,False,1.5047602653503418,White men,1872,0.2516025641025641,0.2553879091890463,0.16393972384581676,0.7395748562976703,0.05281941470378301,0.08173076923076923
lgbm,raw,2,4000,2,False,1.5047602653503418,Black women,261,0.13793103448275862,0.189186300276752,0.11031149473134039,0.7613580246913579,0.013333333333333334,0.01532567049808429
lgbm,raw,2,4000,2,False,1.5047602653503418,White women,481,0.19750519750519752,0.22558397483315587,0.14293570665445812,0.7240523588764658,0.02849740932642487,0.0395010395010395
lgbm,raw,2,4000,3,False,1.6805346012115479,All,5460,0.24065934065934066,0.2490391465359002,0.1648115167702974,0.7141797746044123,0.04220935841775205,0.06062271062271062
lgbm,raw,2,4000,3,False,1.6805346012115479,Men,4718,0.2507418397626113,0.2549588658634372,0.17050944131475443,0.7061676436934843,0.047807637906647805,0.06697753285290377
lgbm,raw,2,4000,3,False,1.6805346012115479,Women,742,0.1765498652291105,0.21139866703816498,0.12858131730837244,0.7521395284916481,0.009819967266775777,0.02021563342318059
lgbm,raw,2,4000,3,False,1.6805346012115479,Black,3107,0.24074670099774703,0.25798094643856767,0.16867427989940698,0.6971531261546972,0.04917337855023315,0.06308336015448986
lgbm,raw,2,4000,3,False,1.6805346012115479,White,2353,0.24054398640034,0.23723201848762654,0.15971096214125216,0.7362735579499368,0.03301622831561276,0.05737356566085848
lgbm,raw,2,4000,3,False,1.6805346012115479,Black men,2846,0.2501756851721715,0.26354727754992996,0.17400187125926753,0.6888110369301728,0.05388940955951265,0.06851721714687281
lgbm,raw,2,4000,3,False,1.6805346012115479,White men,1872,0.2516025641025641,0.24190191091698507,0.1651999030550941,0.7325189317305959,0.03854389721627409,0.06463675213675214
lgbm,raw,2,4000,3,False,1.6805346012115479,Black women,261,0.13793103448275862,0.19728447769168286,0.11058108062675134,0.7585185185185185,0.0044444444444444444,0.0038314176245210726
lgbm,raw,2,4000,3,False,1.6805346012115479,White women,481,0.19750519750519752,0.21905730200579873,0.13834859750359718,0.745623125170439,0.012953367875647668,0.029106029106029108
lgbm,raw,2,4000,4,False,1.2318673133850098,All,5460,0.24065934065934066,0.26251176956195954,0.16463883870392634,0.7167255523469469,0.04100337674867342,0.056776556776556776
lgbm,raw,2,4000,4,False,1.2318673133850098,Men,4718,0.2507418397626113,0.266231348288866,0.16989581426152714,0.7092542752645027,0.04328147100424328,0.05871131835523527
lgbm,raw,2,4000,4,False,1.2318673133850098,Women,742,0.1765498652291105,0.23886086331729003,0.13121240921503083,0.755088017391087,0.027823240589198037,0.0444743935309973
lgbm,raw,2,4000,4,False,1.2318673133850098,Black,3107,0.24074670099774703,0.26571204119968483,0.16766407798193442,0.7009660351866671,0.03984739296311997,0.051496620534277435
lgbm,raw,2,4000,4,False,1.2318673133850098,White,2353,0.24054398640034,0.2582859965154604,0.16064418573462289,0.736196440329747,0.042529378847229994,0.06374840628984275
lgbm,raw,2,4000,4,False,1.2318673133850098,Black men,2846,0.2501756851721715,0.27049274711861526,0.17266924896378422,0.6928369470214716,0.042642924086223055,0.054813773717498245
lgbm,raw,2,4000,4,False,1.2318673133850098,White men,1872,0.2516025641025641,0.2597527472902195,0.1656793638541427,0.7333372734973957,0.04425410421127766,0.06463675213675214
lgbm,raw,2,4000,4,False,1.2318673133850098,Black women,261,0.13793103448275862,0.21358219811433596,0.11308661968942649,0.7582716049382715,0.013333333333333334,0.01532567049808429
lgbm,raw,2,4000,4,False,1.2318673133850098,White women,481,0.19750519750519752,0.25257756106774953,0.14104781683703235,0.7479683665121353,0.03626943005181347,0.060291060291060294
lgbm,raw,2,4000,5,False,1.6427161693572998,All,5460,0.24065934065934066,0.24685526898025462,0.1656410862920841,0.7104696830525985,0.04872165943077665,0.0706959706959707
lgbm,raw,2,4000,5,False,1.6427161693572998,Men,4718,0.2507418397626113,0.25305933929885577,0.17142109796473762,0.7016445854221939,0.053182461103253184,0.07503179313268334
lgbm,raw,2,4000,5,False,1.6427161693572998,Women,742,0.1765498652291105,0.2074067463883946,0.12888893659992873,0.7499406554141003,0.022913256955810146,0.0431266846361186
lgbm,raw,2,4000,5,False,1.6427161693572998,Black,3107,0.24074670099774703,0.25327912528165464,0.16965708196965612,0.6885242092520851,0.05086901229334464,0.06984229159961378
lgbm,raw,2,4000,5,False,1.6427161693572998,White,2353,0.24054398640034,0.23837293938890333,0.1603381969719752,0.7384150549413608,0.04588696138780078,0.0718232044198895
lgbm,raw,2,4000,5,False,1.6427161693572998,Black men,2846,0.2501756851721715,0.2593836662449674,0.174999115265194,0.6795850752398302,0.05435801312089972,0.0741391426563598
lgbm,raw,2,4000,5,False,1.6427161693572998,White men,1872,0.2516025641025641,0.2434444704480899,0.16598144132098824,0.734413241375966,0.05139186295503212,0.0763888888888889
lgbm,raw,2,4000,5,False,1.6427161693572998,Black women,261,0.13793103448275862,0.18671390083112507,0.1114064047317219,0.7564197530864197,0.017777777777777778,0.022988505747126436
lgbm,raw,2,4000,5,False,1.6427161693572998,White women,481,0.19750519750519752,0.2186350887801771,0.1383753000460867,0.7456503954185983,0.025906735751295335,0.05405405405405406
lgbm,raw,2,4000,6,False,0.9504334926605225,All,5460,0.24065934065934066,0.2552381244301278,0.16372741094323925,0.7233247684772178,0.010371442354076218,0.017216117216117217
lgbm,raw,2,4000,6,False,0.9504334926605225,Men,4718,0.2507418397626113,0.2594777285002541,0.1685937420931096,0.717349270248846,0.011881188118811881,0.01949978804578211
lgbm,raw,2,4000,6,False,0.9504334926605225,Women,742,0.1765498652291105,0.22828064194649425,0.13278489023557283,0.7449307230044602,0.0016366612111292963,0.0026954177897574125
lgbm,raw,2,4000,6,False,0.9504334926605225,Black,3107,0.24074670099774703,0.2615628419805035,0.16668260191563022,0.7050810073152541,0.01314116150911403,0.02027679433537174
lgbm,raw,2,4000,6,False,0.9504334926605225,White,2353,0.24054398640034,0.2468867018083609,0.15982525269792736,0.7478120346989744,0.006715165081141578,0.01317467063323417
lgbm,raw,2,4000,6,False,0.9504334926605225,Black men,2846,0.2501756851721715,0.2661347424676997,0.17153759717206882,0.6973018438760359,0.014526710402999063,0.02213633169360506
lgbm,raw,2,4000,6,False,0.9504334926605225,White men,1872,0.2516025641025641,0.249357075855302,0.16411820173268338,0.748239428615593,0.007851534618129907,0.015491452991452992
lgbm,raw,2,4000,6,False,0.9504334926605225,Black women,261,0.13793103448275862,0.21170985812394993,0.11374269195461803,0.748641975308642,0.0,0.0
lgbm,raw,2,4000,6,False,0.9504334926605225,White women,481,0.19750519750519752,0.23727227308513058,0.14311755915725516,0.7382328879192801,0.0025906735751295338,0.004158004158004158
lgbm,raw,2,4000,7,False,1.7869198322296143,All,5460,0.24065934065934066,0.2457055996995072,0.1633284771646217,0.7276460192325624,0.05523396044380125,0.08553113553113553
lgbm,raw,2,4000,7,False,1.7869198322296143,Men,4718,0.2507418397626113,0.2528155785190682,0.16890014139021822,0.7208571213358507,0.061103253182461105,0.09198813056379822
lgbm,raw,2,4000,7,False,1.7869198322296143,Women,742,0.1765498652291105,0.20049686645060008,0.12790110274903618,0.7512899638935046,0.02127659574468085,0.0444743935309973
lgbm,raw,2,4000,7,False,1.7869198322296143,Black,3107,0.24074670099774703,0.2511633527053488,0.1675336071080622,0.7083124590542987,0.058499364137346334,0.08271644673318314
lgbm,raw,2,4000,7,False,1.7869198322296143,White,2353,0.24054398640034,0.2384989534652744,0.15777584701831074,0.7525839346200771,0.050923335198656966,0.08924776880577985
lgbm,raw,2,4000,7,False,1.7869198322296143,Black men,2846,0.2501756851721715,0.2575383475926466,0.17293522496711192,0.6999765698219307,0.06326148078725398,0.0881939564300773
lgbm,raw,2,4000,7,False,1.7869198322296143,White men,1872,0.2516025641025641,0.24563555673306192,0.16276560727705613,0.7520591145845172,0.057815845824411134,0.09775641025641026
lgbm,raw,2,4000,7,False,1.7869198322296143,Black women,261,0.13793103448275862,0.1816490406392585,0.10863320700516775,0.7754320987654321,0.013333333333333334,0.022988505747126436
lgbm,raw,2,4000,7,False,1.7869198322296143,White women,481,0.19750519750519752,0.210724065071723,0.1383562395248151,0.7344423234251432,0.025906735751295335,0.056133056133056136
lgbm,raw,2,4000,8,False,1.2988717555999756,All,5460,0.24065934065934066,0.2444631375436267,0.1643360719279744,0.718010464323134,0.03907380607814761,0.054945054945054944
lgbm,raw,2,4000,8,False,1.2988717555999756,Men,4718,0.2507418397626113,0.24864410338333248,0.16969504558698256,0.7117454844143996,0.042432814710042434,0.05807545570156846
lgbm,raw,2,4000,8,False,1.2988717555999756,Women,742,0.1765498652291105,0.21787850569493145,0.13026108847352624,0.7480791094564037,0.019639934533551555,0.03504043126684636
lgbm,raw,2,4000,8,False,1.2988717555999756,Black,3107,0.24074670099774703,0.24742856995355889,0.16782794549062557,0.7005982322791539,0.04027130139889784,0.0502092050209205
lgbm,raw,2,4000,8,False,1.2988717555999756,White,2353,0.24054398640034,0.24054745607415826,0.1597252554557444,0.7389390592836762,0.03749300503637381,0.06119847003824904
lgbm,raw,2,4000,8,False,1.2988717555999756,Black men,2846,0.2501756851721715,0.2517641968517274,0.17279504868858073,0.6928455029853732,0.04217432052483599,0.05305692199578355
lgbm,raw,2,4000,8,False,1.2988717555999756,White men,1872,0.2516025641025641,0.24390062795007825,0.1649821135211982,0.7376032588187692,0.042826552462526764,0.06570512820512821
lgbm,raw,2,4000,8,False,1.2988717555999756,Black women,261,0.13793103448275862,0.20015196400647994,0.11366558648150552,0.7628395061728395,0.022222222222222223,0.019157088122605363
lgbm,raw,2,4000,8,False,1.2988717555999756,White women,481,0.19750519750519752,0.22749727363814526,0.13926613217397826,0.7403599672757022,0.018134715025906734,0.04365904365904366
lgbm,raw,2,4000,9,False,1.273010492324829,All,5460,0.24065934065934066,0.2572032282624279,0.16380622009255516,0.7216256559475638,0.03835021707670044,0.057326007326007324
lgbm,raw,2,4000,9,False,1.273010492324829,Men,4718,0.2507418397626113,0.2619493043860469,0.16864075923773236,0.7163503235965427,0.042432814710042434,0.061466723187791436
lgbm,raw,2,4000,9,False,1.273010492324829,Women,742,0.1765498652291105,0.22702534800469976,0.13306584854680564,0.7418697917317375,0.014729950900163666,0.03099730458221024
lgbm,raw,2,4000,9,False,1.273010492324829,Black,3107,0.24074670099774703,0.26605047056894543,0.1666782849941116,0.7078352787027948,0.0453582026282323,0.06147409076279369
lgbm,raw,2,4000,9,False,1.273010492324829,White,2353,0.24054398640034,0.24552095803448495,0.16001382500154962,0.7409589477201857,0.029099048684946838,0.05184870378240544
lgbm,raw,2,4000,9,False,1.273010492324829,Black men,2846,0.2501756851721715,0.2711335806897794,0.17122592720281754,0.7020227614965829,0.048266166822867856,0.06500351370344343
lgbm,raw,2,4000,9,False,1.273010492324829,White men,1872,0.2516025641025641,0.24798645697129115,0.1647105305899587,0.7405508046269649,0.03354746609564597,0.05608974358974359
lgbm,raw,2,4000,9,False,1.273010492324829,Black women,261,0.13793103448275862,0.21062314718238012,0.11708981861105812,0.7482716049382716,0.017777777777777778,0.022988505747126436
lgbm,raw,2,4000,9,False,1.273010492324829,White women,481,0.19750519750519752,0.2359255027128607,0.14173475460341706,0.7371148077447505,0.012953367875647668,0.035343035343035345
lgbm,raw,2,8000,0,False,1.8389945030212402,All,5460,0.24065934065934066,0.25951095758186943,0.16105386598773933,0.7336838206086663,0.035214664737095995,0.05879120879120879
lgbm,raw,2,8000,0,False,1.8389945030212402,Men,4718,0.2507418397626113,0.2652199692834252,0.16605019547147065,0.727364203634468,0.039603960396039604,0.06443408223823655
lgbm,raw,2,8000,0,False,1.8389945030212402,Women,742,0.1765498652291105,0.22321026053612747,0.12928475210061743,0.7548006646593621,0.009819967266775777,0.022911051212938006
lgbm,raw,2,8000,0,False,1.8389945030212402,Black,3107,0.24074670099774703,0.2639813715847595,0.16504749759546888,0.7125317081243072,0.03603221704111912,0.05374959768265208
lgbm,raw,2,8000,0,False,1.8389945030212402,White,2353,0.24054398640034,0.25360803522446196,0.15578050712449415,0.7603629273848624,0.03413542249580302,0.06544836379090523
lgbm,raw,2,8000,0,False,1.8389945030212402,Black men,2846,0.2501756851721715,0.2694550299208138,0.16983377195338367,0.7054872687257142,0.03936269915651359,0.05832747716092762
lgbm,raw,2,8000,0,False,1.8389945030212402,White men,1872,0.2516025641025641,0.25878141021611334,0.16029802737984425,0.7596757548066213,0.03997144896502498,0.07371794871794872
lgbm,raw,2,8000,0,False,1.8389945030212402,Black women,261,0.13793103448275862,0.2042954266636463,0.11285693505667382,0.7579012345679013,0.0044444444444444444,0.0038314176245210726
lgbm,raw,2,8000,0,False,1.8389945030212402,White women,481,0.19750519750519752,0.23347381904073786,0.13819880667123965,0.750259067357513,0.012953367875647668,0.033264033264033266
lgbm,raw,2,8000,1,False,2.5562329292297363,All,5460,0.24065934065934066,0.24856496157120636,0.1608378163743735,0.7356363361359098,0.04148576941630487,0.06593406593406594
lgbm,raw,2,8000,1,False,2.5562329292297363,Men,4718,0.2507418397626113,0.2557865683662076,0.16614836928520435,0.7282743151745437,0.04611032531824611,0.07142857142857142
lgbm,raw,2,8000,1,False,2.5562329292297363,Women,742,0.1765498652291105,0.20264644289355724,0.1270707157904113,0.7666071138541497,0.014729950900163666,0.03099730458221024
lgbm,raw,2,8000,1,False,2.5562329292297363,Black,3107,0.24074670099774703,0.257190435321159,0.1643240066012471,0.7202147651615273,0.05086901229334464,0.07177341486964918
lgbm,raw,2,8000,1,False,2.5562329292297363,White,2353,0.24054398640034,0.2371755238571805,0.1562345044173415,0.7561303564613691,0.029099048684946838,0.058223544411389716
lgbm,raw,2,8000,1,False,2.5562329292297363,Black men,2846,0.2501756851721715,0.2637369846736547,0.16962443807121247,0.7109183313501048,0.054826616682286784,0.07624736472241743
lgbm,raw,2,8000,1,False,2.5562329292297363,White men,1872,0.2516025641025641,0.24369955724922338,0.16086370488083512,0.755000598601848,0.03283369022127052,0.0641025641025641
lgbm,raw,2,8000,1,False,2.5562329292297363,Black women,261,0.13793103448275862,0.18580545655793076,0.10652696459541763,0.7961728395061728,0.013333333333333334,0.022988505747126436
lgbm,raw,2,8000,1,False,2.5562329292297363,White women,481,0.19750519750519752,0.21178469119625684,0.13821815666752846,0.7500136351240796,0.015544041450777202,0.035343035343035345
lgbm,raw,2,8000,2,False,2.007607936859131,All,5460,0.24065934065934066,0.25081514788570863,0.1602827450278951,0.737308373734637,0.03907380607814761,0.06117216117216117
lgbm,raw,2,8000,2,False,2.007607936859131,Men,4718,0.2507418397626113,0.2580844149892471,0.1653936053069382,0.7306660481287834,0.04384724186704385,0.06803730394234846
lgbm,raw,2,8000,2,False,2.007607936859131,Women,742,0.1765498652291105,0.20459358158585067,0.12778538815926274,0.762871528341725,0.011456628477905073,0.01752021563342318
lgbm,raw,2,8000,2,False,2.007607936859131,Black,3107,0.24074670099774703,0.25807704465457243,0.164775703329965,0.7154780984419666,0.043662568885120816,0.06179594464113292
lgbm,raw,2,8000,2,False,2.007607936859131,White,2353,0.24054398640034,0.24122623447267855,0.1543500542312393,0.7653676631976919,0.03301622831561276,0.060348491287717805
lgbm,raw,2,8000,2,False,2.007607936859131,Black men,2846,0.2501756851721715,0.26511788484211085,0.16992819497643902,0.7067811937280836,0.04732895970009372,0.06676036542515812
lgbm,raw,2,8000,2,False,2.007607936859131,White men,1872,0.2516025641025641,0.2473914367834511,0.15849967250811378,0.7660694287216744,0.03854389721627409,0.06997863247863248
lgbm,raw,2,8000,2,False,2.007607936859131,Black women,261,0.13793103448275862,0.18130221257129892,0.10859182890136375,0.7733333333333333,0.008888888888888889,0.007662835249042145
lgbm,raw,2,8000,2,False,2.007607936859131,White women,481,0.19750519750519752,0.2172319335875097,0.13820018850502497,0.7529860921734388,0.012953367875647668,0.02286902286902287
lgbm,raw,2,8000,3,False,2.314520835876465,All,5460,0.24065934065934066,0.2512481206752879,0.16165685021027193,0.7310469976746764,0.03979739507959479,0.05952380952380952
lgbm,raw,2,8000,3,False,2.314520835876465,Men,4718,0.2507418397626113,0.25936297608422143,0.16690998958647957,0.7234485240578157,0.04554455445544554,0.06761339550657058
lgbm,raw,2,8000,3,False,2.314520835876465,Women,742,0.1765498652291105,0.19964988911282364,0.1282548130445743,0.7650454142252096,0.006546644844517185,0.008086253369272238
lgbm,raw,2,8000,3,False,2.314520835876465,Black,3107,0.24074670099774703,0.2586735338412864,0.16564562930521853,0.7114299995692909,0.04493429419245443,0.06147409076279369
lgbm,raw,2,8000,3,False,2.314520835876465,White,2353,0.24054398640034,0.24144329334559922,0.15638989880865736,0.7567680598590922,0.03301622831561276,0.05694857628559286
lgbm,raw,2,8000,3,False,2.314520835876465,Black men,2846,0.2501756851721715,0.26608207547954194,0.17095062265928807,0.7022373187451955,0.04920337394564199,0.06676036542515812
lgbm,raw,2,8000,3,False,2.314520835876465,White men,1872,0.2516025641025641,0.24914793501633567,0.16076701857942133,0.7549505888272102,0.03997144896502498,0.06891025641025642
lgbm,raw,2,8000,3,False,2.314520835876465,Black women,261,0.13793103448275862,0.17788920624559593,0.10779884353632216,0.7682716049382716,0.0044444444444444444,0.0038314176245210726
lgbm,raw,2,8000,3,False,2.314520835876465,White women,481,0.19750519750519752,0.2114576608973277,0.13935462186298145,0.7560949004635942,0.007772020725388601,0.010395010395010396
lgbm,raw,2,8000,4,False,2.0830912590026855,All,5460,0.24065934065934066,0.253502088329172,0.16179937438865907,0.7306846524973917,0.03762662807525326,0.056776556776556776
lgbm,raw,2,8000,4,False,2.0830912590026855,Men,4718,0.2507418397626113,0.26010970804773226,0.1670579030412048,0.7230881619740286,0.04045261669024045,0.06083086053412463
lgbm,raw,2,8000,4,False,2.0830912590026855,Women,742,0.1765498652291105,0.21148760068474157,0.1283630695602079,0.7623592908634325,0.02127659574468085,0.03099730458221024
lgbm,raw,2,8000,4,False,2.0830912590026855,Black,3107,0.24074670099774703,0.2588770835829225,0.16541700591251596,0.7114810045949861,0.039423484527342095,0.052784036047634375
lgbm,raw,2,8000,4,False,2.0830912590026855,White,2353,0.24054398640034,0.2464047189057114,0.15702250182400826,0.7553809313831145,0.035254616675993285,0.06204844878878028
lgbm,raw,2,8000,4,False,2.0830912590026855,Black men,2846,0.2501756851721715,0.2651180361703385,0.17048769264106833,0.7029389077851373,0.04217432052483599,0.05657062543921293
lgbm,raw,2,8000,4,False,2.0830912590026855,White men,1872,0.2516025641025641,0.25249555108355637,0.16184359684397642,0.7533881622317089,0.03783012134189864,0.0673076923076923
lgbm,raw,2,8000,4,False,2.0830912590026855,Black women,261,0.13793103448275862,0.19082439751477726,0.11012514986094511,0.7795061728395062,0.013333333333333334,0.011494252873563218
lgbm,raw,2,8000,4,False,2.0830912590026855,White women,481,0.19750519750519752,0.22269985853788224,0.13825932120575385,0.752058903736024,0.025906735751295335,0.04158004158004158
lgbm,raw,2,8000,5,False,2.858678102493286,All,5460,0.24065934065934066,0.25366375554944104,0.16130330405213225,0.7331582916104058,0.054027978774722624,0.08131868131868132
lgbm,raw,2,8000,5,False,2.858678102493286,Men,4718,0.2507418397626113,0.26142516013469685,0.16697492965572633,0.7240865108126558,0.05997171145685997,0.08859686307757525
lgbm,raw,2,8000,5,False,2.858678102493286,Women,742,0.1765498652291105,0.20431293771489029,0.12524032615758102,0.7743156632225985,0.019639934533551555,0.03504043126684636
lgbm,raw,2,8000,5,False,2.858678102493286,Black,3107,0.24074670099774703,0.2607550104451441,0.16615840883679153,0.7113540587532557,0.06401017380245867,0.085291277759897
lgbm,raw,2,8000,5,False,2.858678102493286,White,2353,0.24054398640034,0.2443001648308056,0.1548924198337147,0.7612122098943884,0.0408505875769446,0.07607309817254569
lgbm,raw,2,8000,5,False,2.858678102493286,Black men,2846,0.2501756851721715,0.26784774140781625,0.17160527956622285,0.7018207091182882,0.06982193064667291,0.09205903021784961
lgbm,raw,2,8000,5,False,2.858678102493286,White men,1872,0.2516025641025641,0.251660915314559,0.15993541264436256,0.7574556239022475,0.044967880085653104,0.08333333333333333
lgbm,raw,2,8000,5,False,2.858678102493286,Black women,261,0.13793103448275862,0.18341435021615926,0.10676456172582799,0.7877777777777778,0.008888888888888889,0.011494252873563218
lgbm,raw,2,8000,5,False,2.858678102493286,White women,481,0.19750519750519752,0.2156529197048462,0.1352656370030853,0.7641396236705754,0.025906735751295335,0.04781704781704782
lgbm,raw,2,8000,6,False,2.2474939823150635,All,5460,0.24065934065934066,0.25430247865097805,0.16026424182878568,0.7384526796288587,0.04220935841775205,0.06904761904761905
lgbm,raw,2,8000,6,False,2.2474939823150635,Men,4718,0.2507418397626113,0.2613680184924215,0.1654805977269113,0.7317406779924459,0.04695898161244696,0.07503179313268334
lgbm,raw,2,8000,6,False,2.2474939823150635,Women,742,0.1765498652291105,0.20937631022519596,0.12709609206145864,0.7613473095038793,0.014729950900163666,0.03099730458221024
lgbm,raw,2,8000,6,False,2.2474939823150635,Black,3107,0.24074670099774703,0.2608432074339092,0.16328469907170884,0.7250676099951715,0.046206019499788045,0.07145156099130995
lgbm,raw,2,8000,6,False,2.2474939823150635,White,2353,0.24054398640034,0.24566582572766008,0.15627590325940094,0.7557853045453917,0.03693340794627868,0.06587335316617085
lgbm,raw,2,8000,6,False,2.2474939823150635,Black men,2846,0.2501756851721715,0.26769151127498503,0.16819053916482965,0.7177953518738878,0.05014058106841612,0.07695010541110331
lgbm,raw,2,8000,6,False,2.2474939823150635,White men,1872,0.2516025641025641,0.25175441781978486,0.16136067607503327,0.7528426010538423,0.042112776588151324,0.07211538461538461
lgbm,raw,2,8000,6,False,2.2474939823150635,Black women,261,0.13793103448275862,0.1861678329829443,0.10979036610227644,0.7677777777777778,0.008888888888888889,0.011494252873563218
lgbm,raw,2,8000,6,False,2.2474939823150635,White women,481,0.19750519750519752,0.22196968353128263,0.13648651716612925,0.7557949277338424,0.018134715025906734,0.04158004158004158
lgbm,raw,2,8000,6,False,2.2259583473205566,All,5460,0.24065934065934066,0.25430247865097805,0.16026424182878568,0.7384526796288587,0.04220935841775205,0.06904761904761905
lgbm,raw,2,8000,6,False,2.2259583473205566,Men,4718,0.2507418397626113,0.2613680184924215,0.1654805977269113,0.7317406779924459,0.04695898161244696,0.07503179313268334
lgbm,raw,2,8000,6,False,2.2259583473205566,Women,742,0.1765498652291105,0.20937631022519596,0.12709609206145864,0.7613473095038793,0.014729950900163666,0.03099730458221024
lgbm,raw,2,8000,6,False,2.2259583473205566,Black,3107,0.24074670099774703,0.2608432074339092,0.16328469907170884,0.7250676099951715,0.046206019499788045,0.07145156099130995
lgbm,raw,2,8000,6,False,2.2259583473205566,White,2353,0.24054398640034,0.24566582572766008,0.15627590325940094,0.7557853045453917,0.03693340794627868,0.06587335316617085
lgbm,raw,2,8000,6,False,2.2259583473205566,Black men,2846,0.2501756851721715,0.26769151127498503,0.16819053916482965,0.7177953518738878,0.05014058106841612,0.07695010541110331
lgbm,raw,2,8000,6,False,2.2259583473205566,White men,1872,0.2516025641025641,0.25175441781978486,0.16136067607503327,0.7528426010538423,0.042112776588151324,0.07211538461538461
lgbm,raw,2,8000,6,False,2.2259583473205566,Black women,261,0.13793103448275862,0.1861678329829443,0.10979036610227644,0.7677777777777778,0.008888888888888889,0.011494252873563218
lgbm,raw,2,8000,6,False,2.2259583473205566,White women,481,0.19750519750519752,0.22196968353128263,0.13648651716612925,0.7557949277338424,0.018134715025906734,0.04158004158004158
lgbm,raw,2,8000,7,False,2.0541019439697266,All,5460,0.24065934065934066,0.25143617822947123,0.16027133598325852,0.7384405647445118,0.03642064640617462,0.05824175824175824
lgbm,raw,2,8000,7,False,2.0541019439697266,Men,4718,0.2507418397626113,0.2582459705802928,0.16564230185929266,0.7310962348499069,0.0413012729844413,0.06401017380245867
lgbm,raw,2,8000,7,False,2.0541019439697266,Women,742,0.1765498652291105,0.20813617781009663,0.1261201001299846,0.767831486363239,0.008183306055646482,0.0215633423180593
lgbm,raw,2,8000,7,False,2.0541019439697266,Black,3107,0.24074670099774703,0.2581634833687461,0.16423064874660123,0.7181275261655782,0.03984739296311997,0.059221113614419056
lgbm,raw,2,8000,7,False,2.0541019439697266,White,2353,0.24054398640034,0.24255316205109165,0.155043293163154,0.7647734620472553,0.0318970341354225,0.05694857628559286
lgbm,raw,2,8000,7,False,2.0541019439697266,Black men,2846,0.2501756851721715,0.2640485212699954,0.1695561143246224,0.7086588987289787,0.04358013120899719,0.06430077301475755
lgbm,raw,2,8000,7,False,2.0541019439697266,White men,1872,0.2516025641025641,0.24942435772618293,0.15969213611339075,0.7646888558521288,0.03783012134189864,0.06356837606837606
lgbm,raw,2,8000,7,False,2.0541019439697266,Black women,261,0.13793103448275862,0.19399176740340035,0.1061606294552286,0.8008641975308641,0.0044444444444444444,0.0038314176245210726
lgbm,raw,2,8000,7,False,2.0541019439697266,White women,481,0.19750519750519752,0.21581121131560127,0.13695049897844883,0.7536405781292611,0.010362694300518135,0.031185031185031187
lgbm,raw,2,8000,8,False,1.9032657146453857,All,5460,0.24065934065934066,0.24901893120427698,0.1611081606508199,0.7345430596030283,0.028461167390255667,0.042673992673992675
lgbm,raw,2,8000,8,False,1.9032657146453857,Men,4718,0.2507418397626113,0.25567018820637466,0.1666582286699075,0.7250363171808064,0.031117397454031116,0.046206019499788045
lgbm,raw,2,8000,8,False,1.9032657146453857,Women,742,0.1765498652291105,0.20672697630414635,0.12581810551058353,0.7806624105146112,0.01309328968903437,0.02021563342318059
lgbm,raw,2,8000,8,False,1.9032657146453857,Black,3107,0.24074670099774703,0.25411052181971283,0.16531871158494335,0.7125152731715831,0.03136922424756253,0.03990988091406501
lgbm,raw,2,8000,8,False,1.9032657146453857,White,2353,0.24054398640034,0.24229578116511025,0.15554837240078953,0.7624114877570836,0.024622271964185788,0.046323841903952404
lgbm,raw,2,8000,8,False,1.9032657146453857,Black men,2846,0.2501756851721715,0.26052922086533514,0.1706486619299765,0.7022675936943863,0.03280224929709466,0.0421644413211525
lgbm,raw,2,8000,8,False,1.9032657146453857,White men,1872,0.2516025641025641,0.2482830050079763,0.16059157639525146,0.7582482030578706,0.028551034975017844,0.05235042735042735
lgbm,raw,2,8000,8,False,1.9032657146453857,Black women,261,0.13793103448275862,0.18411965023411414,0.1071997894318235,0.7939506172839506,0.017777777777777778,0.01532567049808429
lgbm,raw,2,8000,8,False,1.9032657146453857,White women,481,0.19750519750519752,0.21899415323611807,0.13592076766558642,0.7710117262067084,0.010362694300518135,0.02286902286902287
lgbm,raw,2,8000,9,False,2.902517557144165,All,5460,0.24065934065934066,0.2544720551429807,0.16316251863058007,0.7278347177342083,0.05451037144235408,0.07985347985347985
lgbm,raw,2,8000,9,False,2.902517557144165,Men,4718,0.2507418397626113,0.2634624970272811,0.16911620131259747,0.7179204214347289,0.06195190947666195,0.08817295464179738
lgbm,raw,2,8000,9,False,2.902517557144165,Women,742,0.1765498652291105,0.19730641523714593,0.12530608346379013,0.7686060893791932,0.011456628477905073,0.026954177897574125
lgbm,raw,2,8000,9,False,2.902517557144165,Black,3107,0.24074670099774703,0.26441315531467735,0.1675283238772023,0.7098120068097377,0.06740144128868164,0.08818796266495012
lgbm,raw,2,8000,9,False,2.902517557144165,White,2353,0.24054398640034,0.24134540905991161,0.1573977260673607,0.751560643121405,0.03749300503637381,0.06884827879303017
lgbm,raw,2,8000,9,False,2.902517557144165,Black men,2846,0.2501756851721715,0.27254530989591313,0.17292658913138245,0.7004774227857165,0.07310215557638237,0.09522136331693605
lgbm,raw,2,8000,9,False,2.902517557144165,White men,1872,0.2516025641025641,0.24965390438618773,0.16332327196844043,0.7444955150324837,0.044967880085653104,0.07745726495726496
lgbm,raw,2,8000,9,False,2.902517557144165,Black women,261,0.13793103448275862,0.17573839693078006,0.1086644812971383,0.7580246913580246,0.013333333333333334,0.011494252873563218
lgbm,raw,2,8000,9,False,2.902517557144165,White women,481,0.19750519750519752,0.20900964346575615,0.13433614201991514,0.768530133624216,0.010362694300518135,0.035343035343035345
lgbm,raw,2,12651,0,True,2.7435693740844727,All,5460,0.24065934065934066,0.25429243471358043,0.15999705252657243,0.7386883691970623,0.032320308731307285,0.05054945054945055
lgbm,raw,2,12651,0,True,2.7435693740844727,Men,4718,0.2507418397626113,0.2616733114011393,0.16527372214975827,0.7302695780989764,0.03592644978783593,0.05574395930479017
lgbm,raw,2,12651,0,True,2.7435693740844727,Women,742,0.1765498652291105,0.20736119992664928,0.12644539850744738,0.7746030159543235,0.011456628477905073,0.01752021563342318
lgbm,raw,2,12651,0,True,2.7435693740844727,Black,3107,0.24074670099774703,0.2608264344073452,0.16359874124898688,0.7201733944184632,0.035184400169563375,0.0511747666559382
lgbm,raw,2,12651,0,True,2.7435693740844727,White,2353,0.24054398640034,0.2456646671621453,0.1552412315063677,0.7626448179925294,0.028539451594851706,0.049723756906077346
lgbm,raw,2,12651,0,True,2.7435693740844727,Black men,2846,0.2501756851721715,0.2679696187855498,0.1688204605475574,0.7107570843381107,0.03889409559512652,0.05586788475052706
lgbm,raw,2,12651,0,True,2.7435693740844727,White men,1872,0.2516025641025641,0.25210104066607947,0.1598816187949846,0.7596727239111888,0.03140613847251963,0.05555555555555555
lgbm,raw,2,12651,0,True,2.7435693740844727,Black women,261,0.13793103448275862,0.1829356193101403,0.1066599936484823,0.7930864197530865,0.0,0.0
lgbm,raw,2,12651,0,True,2.7435693740844727,White women,481,0.19750519750519752,0.22061499730899614,0.1371813458425615,0.7622852467957458,0.018134715025906734,0.02702702702702703
lgbm,raw,2,12651,1,True,4.551403999328613,All,5460,0.24065934065934066,0.2517902965406164,0.16053967006818237,0.7367543931140466,0.053545586107091175,0.08315018315018315
lgbm,raw,2,12651,1,True,4.551403999328613,Men,4718,0.2507418397626113,0.26083548425330727,0.1660407118569682,0.7284546157791724,0.05997171145685997,0.09092835947435354
lgbm,raw,2,12651,1,True,4.551403999328613,Women,742,0.1765498652291105,0.19427655580143055,0.12556134775080857,0.7673317424819779,0.016366612111292964,0.03369272237196765
lgbm,raw,2,12651,1,True,4.551403999328613,Black,3107,0.24074670099774703,0.2601022109251924,0.1650695345180037,0.7171601308448925,0.06061890631623569,0.08625683939491471
lgbm,raw,2,12651,1,True,4.551403999328613,White,2353,0.24054398640034,0.24081489577866233,0.15455824684438518,0.7627674152348825,0.04420817011751539,0.07904802379940501
lgbm,raw,2,12651,1,True,4.551403999328613,Black men,2846,0.2501756851721715,0.26872954343799405,0.1703910804718843,0.708265324389499,0.06654170571696345,0.0938158819395643
lgbm,raw,2,12651,1,True,4.551403999328613,White men,1872,0.2516025641025641,0.24883415282188728,0.15942685016997496,0.7596363531659975,0.049964311206281226,0.08653846153846154
lgbm,raw,2,12651,1,True,4.551403999328613,Black women,261,0.13793103448275862,0.16602792613042897,0.107042255649252,0.7697530864197532,0.0044444444444444444,0.0038314176245210726
lgbm,raw,2,12651,1,True,4.551403999328613,White women,481,0.19750519750519752,0.20960481431313827,0.1356101690366844,0.7619307335696756,0.023316062176165803,0.0498960498960499
lgbm,raw,2,12651,1,True,4.5983006954193115,All,5460,0.24065934065934066,0.2517902965406164,0.16053967006818237,0.7367543931140466,0.053545586107091175,0.08315018315018315
lgbm,raw,2,12651,1,True,4.5983006954193115,Men,4718,0.2507418397626113,0.26083548425330727,0.1660407118569682,0.7284546157791724,0.05997171145685997,0.09092835947435354
lgbm,raw,2,12651,1,True,4.5983006954193115,Women,742,0.1765498652291105,0.19427655580143055,0.12556134775080857,0.7673317424819779,0.016366612111292964,0.03369272237196765
lgbm,raw,2,12651,1,True,4.5983006954193115,Black,3107,0.24074670099774703,0.2601022109251924,0.1650695345180037,0.7171601308448925,0.06061890631623569,0.08625683939491471
lgbm,raw,2,12651,1,True,4.5983006954193115,White,2353,0.24054398640034,0.24081489577866233,0.15455824684438518,0.7627674152348825,0.04420817011751539,0.07904802379940501
lgbm,raw,2,12651,1,True,4.5983006954193115,Black men,2846,0.2501756851721715,0.26872954343799405,0.1703910804718843,0.708265324389499,0.06654170571696345,0.0938158819395643
lgbm,raw,2,12651,1,True,4.5983006954193115,White men,1872,0.2516025641025641,0.24883415282188728,0.15942685016997496,0.7596363531659975,0.049964311206281226,0.08653846153846154
lgbm,raw,2,12651,1,True,4.5983006954193115,Black women,261,0.13793103448275862,0.16602792613042897,0.107042255649252,0.7697530864197532,0.0044444444444444444,0.0038314176245210726
lgbm,raw,2,12651,1,True,4.5983006954193115,White women,481,0.19750519750519752,0.20960481431313827,0.1356101690366844,0.7619307335696756,0.023316062176165803,0.0498960498960499
lgbm,raw,2,12651,2,True,2.918020725250244,All,5460,0.24065934065934066,0.2542336878994262,0.1599481284511176,0.7383856806472432,0.03786782440906898,0.05989010989010989
lgbm,raw,2,12651,2,True,2.918020725250244,Men,4718,0.2507418397626113,0.2619183033102149,0.16527568846630736,0.7298503911494881,0.042432814710042434,0.06634167019923697
lgbm,raw,2,12651,2,True,2.918020725250244,Women,742,0.1765498652291105,0.2053711333062978,0.12607288835453354,0.7753901125673092,0.011456628477905073,0.018867924528301886
lgbm,raw,2,12651,2,True,2.918020725250244,Black,3107,0.24074670099774703,0.260926741616859,0.16361581116382531,0.7200657171419957,0.04323866044934294,0.06276150627615062
lgbm,raw,2,12651,2,True,2.918020725250244,White,2353,0.24054398640034,0.24539589873662812,0.15510516619511125,0.7623768836967418,0.03077783995523223,0.05609859753506162
lgbm,raw,2,12651,2,True,2.918020725250244,Black men,2846,0.2501756851721715,0.26833342243563424,0.16890202060532872,0.7105438433916368,0.04732895970009372,0.06816584680252986
lgbm,raw,2,12651,2,True,2.918020725250244,White men,1872,0.2516025641025641,0.2521654031868477,0.15976257881478237,0.7593953969791064,0.03497501784439686,0.06356837606837606
lgbm,raw,2,12651,2,True,2.918020725250244,Black women,261,0.13793103448275862,0.1801627047960379,0.10597384920781494,0.7960493827160494,0.0044444444444444444,0.0038314176245210726
lgbm,raw,2,12651,2,True,2.918020725250244,White women,481,0.19750519750519752,0.2190497192546924,0.13697901978341828,0.7619580038178347,0.015544041450777202,0.02702702702702703
lgbm,raw,2,12651,3,True,3.3992302417755127,All,5460,0.24065934065934066,0.2538620422830811,0.16022205514534033,0.7366143377086423,0.04365653642064641,0.0695970695970696
lgbm,raw,2,12651,3,True,3.3992302417755127,Men,4718,0.2507418397626113,0.26227028436407035,0.16574966047384532,0.7275844381926418,0.04865629420084865,0.0765154726579059
lgbm,raw,2,12651,3,True,3.3992302417755127,Women,742,0.1765498652291105,0.20039831433414904,0.12507482881126128,0.7763521195387364,0.014729950900163666,0.025606469002695417
lgbm,raw,2,12651,3,True,3.3992302417755127,Black,3107,0.24074670099774703,0.26113356093631074,0.16440712149110923,0.7169277746167256,0.05002119542178889,0.07306083038300612
lgbm,raw,2,12651,3,True,3.3992302417755127,White,2353,0.24054398640034,0.24426042372992154,0.15469591781584435,0.7628306912309356,0.035254616675993285,0.06502337441563961
lgbm,raw,2,12651,3,True,3.3992302417755127,Black men,2846,0.2501756851721715,0.2691698085949925,0.16978032678320804,0.7074334214378233,0.05435801312089972,0.07905832747716093
lgbm,raw,2,12651,3,True,3.3992302417755127,White men,1872,0.2516025641025641,0.2517809435728288,0.1596218419287351,0.7587028373727592,0.03997144896502498,0.07264957264957266
lgbm,raw,2,12651,3,True,3.3992302417755127,Black women,261,0.13793103448275862,0.17350459221367373,0.10581653811443005,0.7811111111111112,0.008888888888888889,0.007662835249042145
lgbm,raw,2,12651,3,True,3.3992302417755127,White women,481,0.19750519750519752,0.2149913735304984,0.13552475370081002,0.7690209980910827,0.018134715025906734,0.035343035343035345
lgbm,raw,2,12651,4,True,3.1061887741088867,All,5460,0.24065934065934066,0.2541061964959621,0.16003011942505357,0.7377349645107313,0.04003859141341052,0.06593406593406594
lgbm,raw,2,12651,4,True,3.1061887741088867,Men,4718,0.2507418397626113,0.2622585334781353,0.16549214654043345,0.7288152169884299,0.044978783592644976,0.07291225095379399
lgbm,raw,2,12651,4,True,3.1061887741088867,Women,742,0.1765498652291105,0.20226963870365317,0.12529987154046812,0.7768018890318712,0.011456628477905073,0.0215633423180593
lgbm,raw,2,12651,4,True,3.1061887741088867,Black,3107,0.24074670099774703,0.2611286416058666,0.16396418723061956,0.7187361861388742,0.046206019499788045,0.06855487608625684
lgbm,raw,2,12651,4,True,3.1061887741088867,White,2353,0.24054398640034,0.24483346510774578,0.15483541110720672,0.762799053232909,0.0318970341354225,0.0624734381640459
lgbm,raw,2,12651,4,True,3.1061887741088867,Black men,2846,0.2501756851721715,0.2689223986424115,0.16932219977665974,0.709104467002938,0.05060918462980318,0.07449051300070274
lgbm,raw,2,12651,4,True,3.1061887741088867,White men,1872,0.2516025641025641,0.25212746496449745,0.15966931987894836,0.7589892569911392,0.03640256959314775,0.07051282051282051
lgbm,raw,2,12651,4,True,3.1061887741088867,Black women,261,0.13793103448275862,0.1761438426556479,0.1055392688167099,0.7897530864197531,0.0044444444444444444,0.0038314176245210726
lgbm,raw,2,12651,4,True,3.1061887741088867,White women,481,0.19750519750519752,0.21644600620579327,0.13602236075232035,0.7668939187346606,0.015544041450777202,0.031185031185031187
lgbm,raw,2,12651,5,True,3.108107328414917,All,5460,0.24065934065934066,0.25401207440793483,0.16012701858118783,0.7372239366619161,0.041726965750120595,0.06758241758241758
lgbm,raw,2,12651,5,True,3.108107328414917,Men,4718,0.2507418397626113,0.262269858334616,0.16563871151143394,0.7281633609563106,0.04639321074964639,0.07418397626112759
lgbm,raw,2,12651,5,True,3.108107328414917,Women,742,0.1765498652291105,0.20150503321375435,0.12508097108132113,0.7769393185992178,0.014729950900163666,0.025606469002695417
lgbm,raw,2,12651,5,True,3.108107328414917,Black,3107,0.24074670099774703,0.2611138446124864,0.16418864705763545,0.7177891928284666,0.04747774480712166,0.07048599935629224
lgbm,raw,2,12651,5,True,3.108107328414917,White,2353,0.24054398640034,0.24463459883396904,0.15476387379737033,0.7630422703427384,0.03413542249580302,0.06374840628984275
lgbm,raw,2,12651,5,True,3.108107328414917,Black men,2846,0.2501756851721715,0.2689977814623038,0.16957333387679757,0.7081514642544992,0.05154639175257732,0.07624736472241743
lgbm,raw,2,12651,5,True,3.108107328414917,White men,1872,0.2516025641025641,0.252041402553954,0.1596569084922967,0.7589922878865718,0.03854389721627409,0.07104700854700854
lgbm,raw,2,12651,5,True,3.108107328414917,Black women,261,0.13793103448275862,0.17514570562941942,0.10547286664638833,0.7859259259259259,0.008888888888888889,0.007662835249042145
lgbm,raw,2,12651,5,True,3.108107328414917,White women,481,0.19750519750519752,0.2158081194913249,0.1357207117414406,0.7680938096536679,0.018134715025906734,0.035343035343035345
lgbm,raw,2,12651,6,True,2.5416316986083984,All,5460,0.24065934065934066,0.2542576341014132,0.1599525165088338,0.738626876981059,0.03569705740472745,0.05641025641025641
lgbm,raw,2,12651,6,True,2.5416316986083984,Men,4718,0.2507418397626113,0.2618394340974839,0.16526115107868294,0.7301552761241588,0.039886845827439885,0.06252649427723611
lgbm,raw,2,12651,6,True,2.5416316986083984,Women,742,0.1765498652291105,0.2060488303528129,0.12619761367790616,0.7751777214177734,0.011456628477905073,0.01752021563342318
lgbm,raw,2,12651,6,True,2.5416316986083984,Black,3107,0.24074670099774703,0.26086630546834366,0.1636308679748505,0.7201983302088033,0.04027130139889784,0.058577405857740586
lgbm,raw,2,12651,6,True,2.5416316986083984,White,2353,0.24054398640034,0.24553126693734484,0.15509546678298852,0.762589451495983,0.02965864577504197,0.05354866128346791
lgbm,raw,2,12651,6,True,2.5416316986083984,Black men,2846,0.2501756851721715,0.2681794479031677,0.16887682231366288,0.7108018386108274,0.044048734770384255,0.06359803232607168
lgbm,raw,2,12651,6,True,2.5416316986083984,White men,1872,0.2516025641025641,0.25220071652751813,0.15976424919046026,0.7594620766786236,0.03354746609564597,0.060897435897435896
lgbm,raw,2,12651,6,True,2.5416316986083984,Black women,261,0.13793103448275862,0.18112223125566482,0.10642785629569326,0.7938271604938272,0.0044444444444444444,0.0038314176245210726
lgbm,raw,2,12651,6,True,2.5416316986083984,White women,481,0.19750519750519752,0.21957449015396813,0.13692507038634186,0.7627488410144533,0.015544041450777202,0.02494802494802495
lgbm,raw,2,12651,7,True,3.177922010421753,All,5460,0.24065934065934066,0.2539533417807371,0.16017416910653656,0.7368962841079886,0.04293294741919923,0.06941391941391942
lgbm,raw,2,12651,7,True,3.177922010421753,Men,4718,0.2507418397626113,0.2623375999221742,0.16571312661481272,0.7277855427131894,0.04809052333804809,0.0765154726579059
lgbm,raw,2,12651,7,True,3.177922010421753,Women,742,0.1765498652291105,0.20064211548518393,0.12495476004447893,0.7767519146437452,0.01309328968903437,0.02425876010781671
lgbm,raw,2,12651,7,True,3.177922010421753,Black,3107,0.24074670099774703,0.2611689529109868,0.16433567217455072,0.7172513731686363,0.04917337855023315,0.07273897650466687
lgbm,raw,2,12651,7,True,3.177922010421753,White,2353,0.24054398640034,0.24442554586841841,0.15467914571838526,0.7629948133456985,0.03469501958589815,0.06502337441563961
lgbm,raw,2,12651,7,True,3.177922010421753,Black men,2846,0.2501756851721715,0.26917439134110854,0.16971084028431496,0.707755257310742,0.053420805998125584,0.07870695713281799
lgbm,raw,2,12651,7,True,3.177922010421753,White men,1872,0.2516025641025641,0.25194363177137985,0.1596354059399177,0.7586755593138659,0.03997144896502498,0.07318376068376069
lgbm,raw,2,12651,7,True,3.177922010421753,Black women,261,0.13793103448275862,0.17387593462697726,0.1057236858129072,0.7822222222222223,0.008888888888888889,0.007662835249042145
lgbm,raw,2,12651,7,True,3.177922010421753,White women,481,0.19750519750519752,0.21516596830013598,0.1353899167480969,0.7692391600763566,0.015544041450777202,0.033264033264033266
lgbm,raw,2,12651,8,True,2.917231798171997,All,5460,0.24065934065934066,0.2541736660756372,0.15996396198309745,0.7381841330258354,0.03859141341051616,0.06263736263736264
lgbm,raw,2,12651,8,True,2.917231798171997,Men,4718,0.2507418397626113,0.2620745234297095,0.16531411166710044,0.7296136569338616,0.04356435643564356,0.069520983467571
lgbm,raw,2,12651,8,True,2.917231798171997,Women,742,0.1765498652291105,0.20393613912615863,0.12594508569047458,0.7754400869554354,0.009819967266775777,0.018867924528301886
lgbm,raw,2,12651,8,True,2.917231798171997,Black,3107,0.24074670099774703,0.2610117895628952,0.1637307136787457,0.7195437657123815,0.04493429419245443,0.06598004505954297
lgbm,raw,2,12651,8,True,2.917231798171997,White,2353,0.24054398640034,0.2451443206974346,0.15499018488221383,0.7627337998619793,0.0302182428651371,0.058223544411389716
lgbm,raw,2,12651,8,True,2.917231798171997,Black men,2846,0.2501756851721715,0.26859899512951557,0.1690184881872992,0.7101292082179376,0.04967197750702906,0.07203092059030218
lgbm,raw,2,12651,8,True,2.917231798171997,White men,1872,0.2516025641025641,0.2521553746809657,0.15968235120957608,0.7594514685446094,0.034261241970021415,0.06570512820512821
lgbm,raw,2,12651,8,True,2.917231798171997,Black women,261,0.13793103448275862,0.1782792721582912,0.10607168589582155,0.7922222222222223,0.0,0.0
lgbm,raw,2,12651,8,True,2.917231798171997,White women,481,0.19750519750519752,0.21785805654531334,0.13672878079734452,0.7639214616853014,0.015544041450777202,0.029106029106029108
lgbm,raw,2,12651,9,True,4.3908703327178955,All,5460,0.24065934065934066,0.25153647038712235,0.16059074324557357,0.7367072184886352,0.055716353111432707,0.08553113553113553
lgbm,raw,2,12651,9,True,4.3908703327178955,Men,4718,0.2507418397626113,0.2606688610225317,0.16608447403107895,0.7285031582496494,0.06251768033946252,0.09368376430690971
lgbm,raw,2,12651,9,True,4.3908703327178955,Women,742,0.1765498652291105,0.19346825068650084,0.12565890787358655,0.766494671480866,0.016366612111292964,0.03369272237196765
lgbm,raw,2,12651,9,True,4.3908703327178955,Black,3107,0.24074670099774703,0.25998161697302574,0.165210614537971,0.7170139164378998,0.06273844849512505,0.08883167042162858
lgbm,raw,2,12651,9,True,4.3908703327178955,White,2353,0.24054398640034,0.2403851442322554,0.15449047120754603,0.7629117636008789,0.046446558477895916,0.0811729706757331
lgbm,raw,2,12651,9,True,4.3908703327178955,Black men,2846,0.2501756851721715,0.2686749563525035,0.17052099297902912,0.7082383401956552,0.06841611996251172,0.09627547434996486
lgbm,raw,2,12651,9,True,4.3908703327178955,White men,1872,0.2516025641025641,0.24849720113519197,0.15933963806640683,0.7598954947254843,0.05353319057815846,0.08974358974358974
lgbm,raw,2,12651,9,True,4.3908703327178955,Black women,261,0.13793103448275862,0.16518757914163193,0.10730510862513026,0.7693827160493827,0.008888888888888889,0.007662835249042145
lgbm,raw,2,12651,9,True,4.3908703327178955,White women,481,0.19750519750519752,0.20881389574515108,0.13561803802711478,0.7618216525770385,0.02072538860103627,0.04781704781704782
lgbm,raw,3,500,0,False,0.432079553604126,All,4146,0.19826338639652677,0.19087664134906823,0.15470081704595076,0.6446872410632984,0.017749699157641397,0.024602026049204053
lgbm,raw,3,500,0,False,0.432079553604126,Men,3535,0.2065063649222065,0.1938106973529183,0.1591909077410601,0.6453461284887555,0.0196078431372549,0.027722772277227723
lgbm,raw,3,500,0,False,0.432079553604126,Women,611,0.15057283142389524,0.17390137461648253,0.12872296007833783,0.6298483706123816,0.007707129094412331,0.006546644844517185
lgbm,raw,3,500,0,False,0.432079553604126,Black,2359,0.19584569732937684,0.19729806290824606,0.15223009949399297,0.652887790473452,0.019504480759093307,0.028825773632895294
lgbm,raw,3,500,0,False,0.432079553604126,White,1787,0.20145495243424735,0.18239978994554254,0.15796238543155144,0.6348244179708792,0.015416958654519973,0.019026301063234472
lgbm,raw,3,500,0,False,0.432079553604126,Black men,2134,0.20290534208059982,0.19992887321311462,0.15605419706369955,0.6529252592891289,0.0205761316872428,0.030927835051546393
lgbm,raw,3,500,0,False,0.432079553604126,White men,1401,0.21199143468950749,0.18449150585708746,0.16396873828030878,0.6355920314253647,0.018115942028985508,0.022840827980014276
lgbm,raw,3,500,0,False,0.432079553604126,Black women,225,0.1288888888888889,0.17234628872784835,0.1159606585439761,0.6284306826178747,0.01020408163265306,0.008888888888888889
lgbm,raw,3,500,0,False,0.432079553604126,White women,386,0.16321243523316062,0.17480783659819935,0.13616212548049172,0.6295149638802889,0.006191950464396285,0.0051813471502590676
lgbm,raw,3,500,1,False,0.42869997024536133,All,4146,0.19826338639652677,0.1843428442159534,0.15578703290304816,0.6258798358030222,0.003910950661853189,0.005306319343945972
lgbm,raw,3,500,1,False,0.42869997024536133,Men,3535,0.2065063649222065,0.1897979219393267,0.16099010041857878,0.6211960051766658,0.004634581105169341,0.006223479490806223
lgbm,raw,3,500,1,False,0.42869997024536133,Women,611,0.15057283142389524,0.15278196082458761,0.12568417911024804,0.6183086202563458,0.0,0.0
lgbm,raw,3,500,1,False,0.42869997024536133,Black,2359,0.19584569732937684,0.19001132765607592,0.15398982696727462,0.6256791881462413,0.004744333157617291,0.006782534972445952
lgbm,raw,3,500,1,False,0.42869997024536133,White,1787,0.20145495243424735,0.1768599385442976,0.15815950565206313,0.628352020555945,0.002803083391730904,0.003357582540570789
lgbm,raw,3,500,1,False,0.42869997024536133,Black men,2134,0.20290534208059982,0.1938372028953694,0.15838436248730262,0.6227636779343221,0.005291005291005291,0.007497656982193065
lgbm,raw,3,500,1,False,0.42869997024536133,White men,1401,0.21199143468950749,0.18364529841313457,0.16495915448377754,0.6207576977504514,0.0036231884057971015,0.004282655246252677
lgbm,raw,3,500,1,False,0.42869997024536133,Black women,225,0.1288888888888889,0.15372502649762138,0.11231009896843137,0.5860309641097818,0.0,0.0
lgbm,raw,3,500,1,False,0.42869997024536133,White women,386,0.16321243523316062,0.15223224637787103,0.13347995121363856,0.6368863334807606,0.0,0.0
lgbm,raw,3,500,2,False,0.3697781562805176,All,4146,0.19826338639652677,0.1800677350491362,0.15735009233287114,0.5911987872612658,0.0,0.0
lgbm,raw,3,500,2,False,0.3697781562805176,Men,3535,0.2065063649222065,0.1817100951354888,0.16270667257872293,0.5863941591580593,0.0,0.0
lgbm,raw,3,500,2,False,0.3697781562805176,Women,611,0.15057283142389524,0.17056570083431377,0.1263590756895226,0.6100569657367849,0.0,0.0
lgbm,raw,3,500,2,False,0.3697781562805176,Black,2359,0.19584569732937684,0.18735850338098456,0.1561264683690737,0.5866890533469342,0.0,0.0
lgbm,raw,3,500,2,False,0.3697781562805176,White,1787,0.20145495243424735,0.17044326806825746,0.15896538552290926,0.6016283189285992,0.0,0.0
lgbm,raw,3,500,2,False,0.3697781562805176,Black men,2134,0.20290534208059982,0.18892536235055538,0.16080231462465958,0.5802828929593108,0.0,0.0
lgbm,raw,3,500,2,False,0.3697781562805176,White men,1401,0.21199143468950749,0.17071981659376717,0.16560738626464094,0.6019540208851804,0.0,0.0
lgbm,raw,3,500,2,False,0.3697781562805176,Black women,225,0.1288888888888889,0.17249771653181084,0.11177866432720628,0.6396903589021816,0.0,0.0
lgbm,raw,3,500,2,False,0.3697781562805176,White women,386,0.16321243523316062,0.16943952588110947,0.13485802013646864,0.5958523760381346,0.0,0.0
lgbm,raw,3,500,3,False,0.3863248825073242,All,4146,0.19826338639652677,0.16620885404206626,0.15979911368623614,0.5501220936871416,0.0,0.0
lgbm,raw,3,500,3,False,0.3863248825073242,Men,3535,0.2065063649222065,0.1662563338108819,0.1653325611779062,0.5395297047835323,0.0,0.0
lgbm,raw,3,500,3,False,0.3863248825073242,Women,611,0.15057283142389524,0.16593415521593968,0.12778481436863606,0.6152718438468627,0.0,0.0
lgbm,raw,3,500,3,False,0.3863248825073242,Black,2359,0.19584569732937684,0.1664650384716289,0.15819378984344146,0.5436785583069188,0.0,0.0
lgbm,raw,3,500,3,False,0.3863248825073242,White,1787,0.20145495243424735,0.16587066765743372,0.1619182848922533,0.5594954449894884,0.0,0.0
lgbm,raw,3,500,3,False,0.3863248825073242,Black men,2134,0.20290534208059982,0.16650561656328167,0.16291254986142972,0.5393363230160766,0.0,0.0
lgbm,raw,3,500,3,False,0.3863248825073242,White men,1401,0.21199143468950749,0.16587662689180904,0.16901871688765696,0.5417657858781048,0.0,0.0
lgbm,raw,3,500,3,False,0.3863248825073242,Black women,225,0.1288888888888889,0.16608017781568693,0.11343897260616627,0.5758268824771289,0.0,0.0
lgbm,raw,3,500,3,False,0.3863248825073242,White women,386,0.16321243523316062,0.1658490384155689,0.13614702783121568,0.6338886431765688,0.0,0.0
lgbm,raw,3,500,4,False,0.4299771785736084,All,4146,0.19826338639652677,0.18036982454945452,0.15683823702622307,0.6288533075092009,0.014741275571600482,0.019054510371442353
lgbm,raw,3,500,4,False,0.4299771785736084,Men,3535,0.2065063649222065,0.18172852127641043,0.1619905603004339,0.6287412399580006,0.014973262032085561,0.020084865629420086
lgbm,raw,3,500,4,False,0.4299771785736084,Women,611,0.15057283142389524,0.1725089523239404,0.12702896898312122,0.6266231046326547,0.01348747591522158,0.01309328968903437
lgbm,raw,3,500,4,False,0.4299771785736084,Black,2359,0.19584569732937684,0.18482283687933873,0.15533573081623805,0.6263501039463085,0.0158144438587243,0.02161933022467147
lgbm,raw,3,500,4,False,0.4299771785736084,White,1787,0.20145495243424735,0.1744914495711687,0.1588216797510998,0.6333644787043525,0.013314646110721794,0.01566871852266368
lgbm,raw,3,500,4,False,0.4299771785736084,Black men,2134,0.20290534208059982,0.18741833605404531,0.1598951241413389,0.6238634249924986,0.017048794826572605,0.023430178069353328
lgbm,raw,3,500,4,False,0.4299771785736084,White men,1401,0.21199143468950749,0.17306180840312507,0.1651823238718177,0.638312472551603,0.01177536231884058,0.014989293361884369
lgbm,raw,3,500,4,False,0.4299771785736084,Black women,225,0.1288888888888889,0.16020596915123275,0.11209241812394805,0.6279028852920479,0.00510204081632653,0.0044444444444444444
lgbm,raw,3,500,4,False,0.4299771785736084,White women,386,0.16321243523316062,0.1796803803391197,0.13573550769636983,0.6243058626959557,0.018575851393188854,0.018134715025906734
lgbm,raw,3,500,5,False,0.46868181228637695,All,4146,0.19826338639652677,0.1711772217489104,0.1640878631611172,0.6025941980611405,0.030084235860409144,0.0371442354076218
lgbm,raw,3,500,5,False,0.46868181228637695,Men,3535,0.2065063649222065,0.17290729797668777,0.16942699720605,0.6027968646985569,0.03208556149732621,0.039603960396039604
lgbm,raw,3,500,5,False,0.46868181228637695,Women,611,0.15057283142389524,0.1611676972559595,0.13319778321212014,0.5954804389712658,0.019267822736030827,0.022913256955810146
lgbm,raw,3,500,5,False,0.46868181228637695,Black,2359,0.19584569732937684,0.1762893671273799,0.16301037447575442,0.6040432946073431,0.03426462836056932,0.041966935142009325
lgbm,raw,3,500,5,False,0.46868181228637695,White,1787,0.20145495243424735,0.1644287321306622,0.1655102446993214,0.6018492564042669,0.02452697967764541,0.03077783995523223
lgbm,raw,3,500,5,False,0.46868181228637695,Black men,2134,0.20290534208059982,0.1791649360239249,0.16749162743820664,0.6039240604290643,0.0376249265138154,0.04592314901593252
lgbm,raw,3,500,5,False,0.46868181228637695,White men,1401,0.21199143468950749,0.16337567799609956,0.17237494801588413,0.603318816181135,0.02355072463768116,0.029978586723768737
lgbm,raw,3,500,5,False,0.46868181228637695,Black women,225,0.1288888888888889,0.14901619368192648,0.12050817971187422,0.5804011259676285,0.00510204081632653,0.0044444444444444444
lgbm,raw,3,500,5,False,0.46868181228637695,White women,386,0.16321243523316062,0.1682508275776109,0.14059457281718576,0.5999803430143987,0.02786377708978328,0.03367875647668394
lgbm,raw,3,500,6,False,0.408890962600708,All,4146,0.19826338639652677,0.20560157104034865,0.15816757035949666,0.5935652674203098,0.0,0.0
lgbm,raw,3,500,6,False,0.408890962600708,Men,3535,0.2065063649222065,0.20631010105294484,0.16315691248687794,0.5781786438111983,0.0,0.0
lgbm,raw,3,500,6,False,0.408890962600708,Women,611,0.15057283142389524,0.2015023016548701,0.1293012456126998,0.6347805143670939,0.0,0.0
lgbm,raw,3,500,6,False,0.408890962600708,Black,2359,0.19584569732937684,0.20531405399813782,0.15680893650023625,0.599599618445164,0.0,0.0
lgbm,raw,3,500,6,False,0.408890962600708,White,1787,0.20145495243424735,0.20598111927905902,0.15996108869972903,0.587480534143113,0.0,0.0
lgbm,raw,3,500,6,False,0.408890962600708,Black men,2134,0.20290534208059982,0.20573535552081548,0.1610531837114677,0.586059280439573,0.0,0.0
lgbm,raw,3,500,6,False,0.408890962600708,White men,1401,0.21199143468950749,0.20718555213471787,0.16636130735249208,0.5681482701410238,0.0,0.0
lgbm,raw,3,500,6,False,0.408890962600708,Black women,225,0.1288888888888889,0.20131824311194185,0.11655460961682315,0.6661681914144969,0.0,0.0
lgbm,raw,3,500,6,False,0.408890962600708,White women,386,0.16321243523316062,0.20160958966564432,0.13673127954812014,0.6230527298638754,0.0,0.0
lgbm,raw,3,500,7,False,0.392777681350708,All,4146,0.19826338639652677,0.21985994450876672,0.15761186781695144,0.5944149091909903,0.0,0.0
lgbm,raw,3,500,7,False,0.392777681350708,Men,3535,0.2065063649222065,0.22043075981917945,0.1622904250102899,0.5885183014675359,0.0,0.0
lgbm,raw,3,500,7,False,0.392777681350708,Women,611,0.15057283142389524,0.2165574369436128,0.13054361957071356,0.6275027226271257,0.0,0.0
lgbm,raw,3,500,7,False,0.392777681350708,Black,2359,0.19584569732937684,0.22108553179856788,0.15681338613083667,0.5723025875898833,0.0,0.0
lgbm,raw,3,500,7,False,0.392777681350708,White,1787,0.20145495243424735,0.21824205955261627,0.15866593513510743,0.6254593942225337,0.0,0.0
lgbm,raw,3,500,7,False,0.392777681350708,Black men,2134,0.20290534208059982,0.2218047574344963,0.1609549191214871,0.5632436021196606,0.0,0.0
lgbm,raw,3,500,7,False,0.392777681350708,White men,1401,0.21199143468950749,0.2183378897898532,0.16432466452970826,0.6287253574391255,0.0,0.0
lgbm,raw,3,500,7,False,0.392777681350708,Black women,225,0.1288888888888889,0.21426407621158453,0.11753324656617874,0.6526213933849402,0.0,0.0
lgbm,raw,3,500,7,False,0.392777681350708,White women,386,0.16321243523316062,0.21789424047912156,0.13812738621843462,0.6102265467590545,0.0,0.0
lgbm,raw,3,500,8,False,0.35474133491516113,All,4146,0.19826338639652677,0.16119144312766925,0.15671159764313292,0.6205338451313313,0.0,0.0
lgbm,raw,3,500,8,False,0.35474133491516113,Men,3535,0.2065063649222065,0.16507258793578442,0.1618186018100128,0.6210465655751716,0.0,0.0
lgbm,raw,3,500,8,False,0.35474133491516113,Women,611,0.15057283142389524,0.13873670188922865,0.1271645277087293,0.5779299656530116,0.0,0.0
lgbm,raw,3,500,8,False,0.35474133491516113,Black,2359,0.19584569732937684,0.1648105822035208,0.15525645504414873,0.622387364875504,0.0,0.0
lgbm,raw,3,500,8,False,0.35474133491516113,White,1787,0.20145495243424735,0.1564138555059939,0.15863251616076227,0.6178803628435724,0.0,0.0
lgbm,raw,3,500,8,False,0.35474133491516113,Black men,2134,0.20290534208059982,0.16781121016009895,0.15987631446765296,0.6181298054533877,0.0,0.0
lgbm,raw,3,500,8,False,0.35474133491516113,White men,1401,0.21199143468950749,0.16090112481894842,0.16477708945355027,0.6257014590347924,0.0,0.0
lgbm,raw,3,500,8,False,0.35474133491516113,Black women,225,0.1288888888888889,0.13635129305090818,0.11143965500077958,0.6255277973258269,0.0,0.0
lgbm,raw,3,500,8,False,0.35474133491516113,White women,386,0.16321243523316062,0.14012716040897508,0.13633058045300053,0.5531230035873999,0.0,0.0
lgbm,raw,3,500,9,False,0.49802255630493164,All,4146,0.19826338639652677,0.18878995727899983,0.15646499540878137,0.5879083697125674,0.0,0.0
lgbm,raw,3,500,9,False,0.49802255630493164,Men,3535,0.2065063649222065,0.19020537679162647,0.16142068199255138,0.5870766488413548,0.0,0.0
lgbm,raw,3,500,9,False,0.49802255630493164,Women,611,0.15057283142389524,0.18060090985324678,0.1277933880869697,0.5731234816117953,0.0,0.0
lgbm,raw,3,500,9,False,0.49802255630493164,Black,2359,0.19584569732937684,0.19120645794940172,0.1545550376768517,0.5928545185266324,0.0,0.0
lgbm,raw,3,500,9,False,0.49802255630493164,White,1787,0.20145495243424735,0.18559996003139037,0.1589863106240148,0.5832885618624932,0.0,0.0
lgbm,raw,3,500,9,False,0.49802255630493164,Black men,2134,0.20290534208059982,0.19264964466658702,0.15903041160328563,0.5858705584135402,0.0,0.0
lgbm,raw,3,500,9,False,0.49802255630493164,White men,1401,0.21199143468950749,0.1864822735473966,0.1650615363899055,0.5918270872981017,0.0,0.0
lgbm,raw,3,500,9,False,0.49802255630493164,Black women,225,0.1288888888888889,0.17751863370729729,0.11210860230347384,0.6245601688951442,0.0,0.0
lgbm,raw,3,500,9,False,0.49802255630493164,White women,386,0.16321243523316062,0.18239757340982357,0.1369360741006655,0.5391174013465034,0.0,0.0
lgbm,raw,3,1000,0,False,0.5337655544281006,All,4146,0.19826338639652677,0.19837692724745984,0.15257042210197294,0.657624194459816,0.007220216606498195,0.008924264351181863
lgbm,raw,3,1000,0,False,0.5337655544281006,Men,3535,0.2065063649222065,0.2000267943365864,0.15764273116881306,0.6535306326764828,0.00819964349376114,0.009618104667609617
lgbm,raw,3,1000,0,False,0.5337655544281006,Women,611,0.15057283142389524,0.1888314605370467,0.12322408404750504,0.6773477423138141,0.0019267822736030828,0.004909983633387889
lgbm,raw,3,1000,0,False,0.5337655544281006,Black,2359,0.19584569732937684,0.2026974592932048,0.15182987712969778,0.6550956511420402,0.0063257775434897206,0.008902077151335312
lgbm,raw,3,1000,0,False,0.5337655544281006,White,1787,0.20145495243424735,0.1926734381059308,0.15354800777046604,0.6609047730281087,0.008409250175192713,0.008953553441522105
lgbm,raw,3,1000,0,False,0.5337655544281006,Black men,2134,0.20290534208059982,0.2046365140990484,0.1559640845897717,0.6519802914465476,0.007054673721340388,0.00937207122774133
lgbm,raw,3,1000,0,False,0.5337655544281006,White men,1401,0.21199143468950749,0.19300527972338588,0.16019964180384116,0.6565809056751085,0.009963768115942028,0.009992862241256246
lgbm,raw,3,1000,0,False,0.5337655544281006,Black women,225,0.1288888888888889,0.18430660171244798,0.11261921615281871,0.6600985221674877,0.0,0.0044444444444444444
lgbm,raw,3,1000,0,False,0.5337655544281006,White women,386,0.16321243523316062,0.19146900777936457,0.12940567802756833,0.6833259619637329,0.0030959752321981426,0.0051813471502590676
lgbm,raw,3,1000,1,False,0.4370553493499756,All,4146,0.19826338639652677,0.19107597774515617,0.1549756770301009,0.6244374760277683,0.0,0.0
lgbm,raw,3,1000,1,False,0.4370553493499756,Men,3535,0.2065063649222065,0.19449784128557926,0.16055750645668002,0.6133499377334994,0.0,0.0
lgbm,raw,3,1000,1,False,0.4370553493499756,Women,611,0.15057283142389524,0.17127845300637443,0.1226814593165867,0.6635880036860182,0.0,0.0
lgbm,raw,3,1000,1,False,0.4370553493499756,Black,2359,0.19584569732937684,0.1967345358847179,0.15347379912352568,0.6189175435353611,0.0,0.0
lgbm,raw,3,1000,1,False,0.4370553493499756,White,1787,0.20145495243424735,0.18360617435890764,0.15695829033822115,0.6337168107140077,0.0,0.0
lgbm,raw,3,1000,1,False,0.4370553493499756,Black men,2134,0.20290534208059982,0.19958909266774458,0.15833996276652232,0.6081411151978255,0.0,0.0
lgbm,raw,3,1000,1,False,0.4370553493499756,White men,1401,0.21199143468950749,0.18674285880910474,0.16393526394047478,0.6239264626945786,0.0,0.0
lgbm,raw,3,1000,1,False,0.4370553493499756,Black women,225,0.1288888888888889,0.1696606506625892,0.1073209403939486,0.6664320900774103,0.0,0.0
lgbm,raw,3,1000,1,False,0.4370553493499756,White women,386,0.16321243523316062,0.17222147250728545,0.13163512967304675,0.6616049928743428,0.0,0.0
lgbm,raw,3,1000,2,False,0.5057775974273682,All,4146,0.19826338639652677,0.17908294360376845,0.1567627089418072,0.6230906391911952,0.0036101083032490976,0.00482392667631452
lgbm,raw,3,1000,2,False,0.5057775974273682,Men,3535,0.2065063649222065,0.18453435208776342,0.16209984244536402,0.6168681171098578,0.0042780748663101605,0.005657708628005658
lgbm,raw,3,1000,2,False,0.5057775974273682,Women,611,0.15057283142389524,0.14754328895414112,0.1258842033197559,0.6375554997067938,0.0,0.0
lgbm,raw,3,1000,2,False,0.5057775974273682,Black,2359,0.19584569732937684,0.1917404595503728,0.15505358580414355,0.62092344485597,0.004744333157617291,0.0072064434082238235
lgbm,raw,3,1000,2,False,0.5057775974273682,White,1787,0.20145495243424735,0.16237388925679597,0.1590189045107767,0.6305652884839991,0.002102312543798178,0.0016787912702853946
lgbm,raw,3,1000,2,False,0.5057775974273682,Black men,2134,0.20290534208059982,0.1960606124889562,0.15958688781444041,0.6153614298341012,0.005291005291005291,0.007966260543580132
lgbm,raw,3,1000,2,False,0.5057775974273682,White men,1401,0.21199143468950749,0.16697757857159962,0.16592756919939036,0.6249512028497536,0.002717391304347826,0.0021413276231263384
lgbm,raw,3,1000,2,False,0.5057775974273682,Black women,225,0.1288888888888889,0.15076620901287505,0.1120577347375944,0.6331808585503167,0.0,0.0
lgbm,raw,3,1000,2,False,0.5057775974273682,White women,386,0.16321243523316062,0.14566464384218486,0.13394367334821788,0.6423411469851098,0.0,0.0
lgbm,raw,3,1000,3,False,0.5028011798858643,All,4146,0.19826338639652677,0.17794595989887033,0.15755159846012778,0.5885839840604788,0.0,0.0
lgbm,raw,3,1000,3,False,0.5028011798858643,Men,3535,0.2065063649222065,0.17908490933913954,0.16285091506586183,0.5833931580104023,0.0,0.0
lgbm,raw,3,1000,3,False,0.5028011798858643,Women,611,0.15057283142389524,0.17135645699976784,0.12689188618309036,0.6056379324788473,0.0,0.0
lgbm,raw,3,1000,3,False,0.5028011798858643,Black,2359,0.19584569732937684,0.18036923656866521,0.15589793679975142,0.5858538316366466,0.0,0.0
lgbm,raw,3,1000,3,False,0.5028011798858643,White,1787,0.20145495243424735,0.17474701772536944,0.15973457991330509,0.5943733940668068,0.0,0.0
lgbm,raw,3,1000,3,False,0.5028011798858643,Black men,2134,0.20290534208059982,0.18123661518128384,0.16055569936190434,0.576247092798286,0.0,0.0
lgbm,raw,3,1000,3,False,0.5028011798858643,White men,1401,0.21199143468950749,0.17580743591505968,0.16634698238366724,0.597014834333675,0.0,0.0
lgbm,raw,3,1000,3,False,0.5028011798858643,Black women,225,0.1288888888888889,0.1721426323049847,0.11172164654359922,0.680594651653765,0.0,0.0
lgbm,raw,3,1000,3,False,0.5028011798858643,White women,386,0.16321243523316062,0.1708981941923228,0.13573464244963307,0.569266303012433,0.0,0.0
lgbm,raw,3,1000,4,False,0.49584317207336426,All,4146,0.19826338639652677,0.20108137016934052,0.15342487886240228,0.6389776410445598,0.0012033694344163659,0.00120598166907863
lgbm,raw,3,1000,4,False,0.49584317207336426,Men,3535,0.2065063649222065,0.205010362511863,0.15905954212868442,0.6275620833638562,0.00142602495543672,0.0011315417256011315
lgbm,raw,3,1000,4,False,0.49584317207336426,Women,611,0.15057283142389524,0.1783498023611294,0.12082498582425595,0.6994638518890843,0.0,0.0016366612111292963
lgbm,raw,3,1000,4,False,0.49584317207336426,Black,2359,0.19584569732937684,0.20795842446238672,0.1526582415545545,0.6357731619987814,0.0021085925144965737,0.001695633743111488
lgbm,raw,3,1000,4,False,0.49584317207336426,White,1787,0.20145495243424735,0.19200304276178826,0.15443690875004235,0.6450420462508759,0.0,0.0005595970900951316
lgbm,raw,3,1000,4,False,0.49584317207336426,Black men,2134,0.20290534208059982,0.2117508307692388,0.1572803762309416,0.6276303980948579,0.0023515579071134627,0.0018744142455482662
lgbm,raw,3,1000,4,False,0.49584317207336426,White men,1401,0.21199143468950749,0.19474329665801585,0.1617695635603641,0.630550675840531,0.0,0.0
lgbm,raw,3,1000,4,False,0.49584317207336426,Black women,225,0.1288888888888889,0.17198955753428755,0.10881986200162136,0.6863124560168895,0.0,0.0
lgbm,raw,3,1000,4,False,0.49584317207336426,White women,386,0.16321243523316062,0.18205719895708652,0.1278227911612839,0.7040149393090569,0.0,0.0025906735751295338
lgbm,raw,3,1000,5,False,0.694176435470581,All,4146,0.19826338639652677,0.1871103429727731,0.1578850507318731,0.6263263414934077,0.01654632972322503,0.02170767004341534
lgbm,raw,3,1000,5,False,0.694176435470581,Men,3535,0.2065063649222065,0.1902127832098377,0.16402099100816062,0.615767343051791,0.016042780748663103,0.020933521923620933
lgbm,raw,3,1000,5,False,0.694176435470581,Women,611,0.15057283142389524,0.16916087286144194,0.12238497073731264,0.6773477423138141,0.019267822736030827,0.02618657937806874
lgbm,raw,3,1000,5,False,0.694176435470581,Black,2359,0.19584569732937684,0.1923243816120532,0.15770359714352292,0.6185969188077781,0.013178703215603585,0.016532428995337006
lgbm,raw,3,1000,5,False,0.694176435470581,White,1787,0.20145495243424735,0.1802273451271874,0.15812458571503932,0.6360332476835631,0.02102312543798178,0.028539451594851706
lgbm,raw,3,1000,5,False,0.694176435470581,Black men,2134,0.20290534208059982,0.19559232562706416,0.1630027798798702,0.6096658262426803,0.014109347442680775,0.017338331771321464
lgbm,raw,3,1000,5,False,0.694176435470581,White men,1401,0.21199143468950749,0.1820186764872387,0.16557192787309405,0.6259362953203532,0.019021739130434784,0.026409707351891507
lgbm,raw,3,1000,5,False,0.694176435470581,Black women,225,0.1288888888888889,0.16132974815412682,0.1074437928796779,0.6898311048557354,0.00510204081632653,0.008888888888888889
lgbm,raw,3,1000,5,False,0.694176435470581,White women,386,0.16321243523316062,0.17372564762606857,0.13109420653515672,0.6709420610349403,0.02786377708978328,0.03626943005181347
lgbm,raw,3,1000,6,False,0.513657808303833,All,4146,0.19826338639652677,0.19744423087999585,0.1567098435487684,0.6141283184156514,0.0009025270758122744,0.000964785335262904
lgbm,raw,3,1000,6,False,0.513657808303833,Men,3535,0.2065063649222065,0.19958450437734987,0.1623896762311711,0.6054420921544209,0.0010695187165775401,0.0011315417256011315
lgbm,raw,3,1000,6,False,0.513657808303833,Women,611,0.15057283142389524,0.18506147013834867,0.12384861845499809,0.6589595375722543,0.0,0.0
lgbm,raw,3,1000,6,False,0.513657808303833,Black,2359,0.19584569732937684,0.202102960736509,0.15559373180374386,0.6126556627347349,0.0005271481286241434,0.000847816871555744
lgbm,raw,3,1000,6,False,0.513657808303833,White,1787,0.20145495243424735,0.19129429034753115,0.15818321098386232,0.6171922448026161,0.001401541695865452,0.001119194180190263
lgbm,raw,3,1000,6,False,0.513657808303833,Black men,2134,0.20290534208059982,0.2038915257856516,0.16005763482808827,0.6079904091194828,0.0005878894767783657,0.0009372071227741331
lgbm,raw,3,1000,6,False,0.513657808303833,White men,1401,0.21199143468950749,0.19302405920581825,0.16594183636977122,0.6035856755965451,0.0018115942028985507,0.0014275517487508922
lgbm,raw,3,1000,6,False,0.513657808303833,Black women,225,0.1288888888888889,0.185139414892641,0.11325609156396177,0.6284306826178747,0.0,0.0
lgbm,raw,3,1000,6,False,0.513657808303833,White women,386,0.16321243523316062,0.18501603601991404,0.1300230188448509,0.6729323308270676,0.0,0.0
lgbm,raw,3,1000,7,False,0.4870584011077881,All,4146,0.19826338639652677,0.19039420409411334,0.15364173442482892,0.6396362369378786,0.0,0.0
lgbm,raw,3,1000,7,False,0.4870584011077881,Men,3535,0.2065063649222065,0.19178752332831764,0.158452250076732,0.6394398456767514,0.0,0.0
lgbm,raw,3,1000,7,False,0.4870584011077881,Women,611,0.15057283142389524,0.18233301998132762,0.1258100276662737,0.6284661137639272,0.0,0.0
lgbm,raw,3,1000,7,False,0.4870584011077881,Black,2359,0.19584569732937684,0.19640711673885,0.15213431926155122,0.6404404767609828,0.0,0.0
lgbm,raw,3,1000,7,False,0.4870584011077881,White,1787,0.20145495243424735,0.18245662103371396,0.1556316574075778,0.6403254691271509,0.0,0.0
lgbm,raw,3,1000,7,False,0.4870584011077881,Black men,2134,0.20290534208059982,0.1975457050670316,0.156101935602056,0.639770383675952,0.0,0.0
lgbm,raw,3,1000,7,False,0.4870584011077881,White men,1401,0.21199143468950749,0.18301667405607236,0.16203224371624558,0.64239008441907,0.0,0.0
lgbm,raw,3,1000,7,False,0.4870584011077881,Black women,225,0.1288888888888889,0.18560823899511875,0.11450368250316338,0.6249120337790288,0.0,0.0
lgbm,raw,3,1000,7,False,0.4870584011077881,White women,386,0.16321243523316062,0.18042388972717477,0.13240051383648047,0.6297606762003046,0.0,0.0
lgbm,raw,3,1000,8,False,0.5740137100219727,All,4146,0.19826338639652677,0.18771715572460657,0.15280515420746682,0.6520571468725571,0.0009025270758122744,0.000964785335262904
lgbm,raw,3,1000,8,False,0.5740137100219727,Men,3535,0.2065063649222065,0.19451053931340267,0.15802924760795606,0.6436378287304959,0.0010695187165775401,0.0011315417256011315
lgbm,raw,3,1000,8,False,0.5740137100219727,Women,611,0.15057283142389524,0.14841337342281563,0.12258065310970997,0.6658708218145263,0.0,0.0
lgbm,raw,3,1000,8,False,0.5740137100219727,Black,2359,0.19584569732937684,0.19256934856453517,0.15207159594033978,0.6443895236726022,0.0010542962572482868,0.000847816871555744
lgbm,raw,3,1000,8,False,0.5740137100219727,White,1787,0.20145495243424735,0.18131182673222176,0.15377351679960596,0.6635346102935451,0.000700770847932726,0.001119194180190263
lgbm,raw,3,1000,8,False,0.5740137100219727,Black men,2134,0.20290534208059982,0.19730962094092866,0.15665762465920374,0.6365390281222972,0.0011757789535567313,0.0009372071227741331
lgbm,raw,3,1000,8,False,0.5740137100219727,White men,1401,0.21199143468950749,0.1902469845716893,0.1601185005505952,0.655748304299029,0.0009057971014492754,0.0014275517487508922
lgbm,raw,3,1000,8,False,0.5740137100219727,Black women,225,0.1288888888888889,0.14761049855909647,0.10857566133564811,0.6687192118226601,0.0,0.0
lgbm,raw,3,1000,8,False,0.5740137100219727,White women,386,0.16321243523316062,0.14888137042886956,0.13074418458422787,0.6638655462184875,0.0,0.0
lgbm,raw,3,1000,9,False,0.6280174255371094,All,4146,0.19826338639652677,0.17450299541476694,0.15439757636186804,0.6485656187690497,0.007220216606498195,0.009889049686444766
lgbm,raw,3,1000,9,False,0.6280174255371094,Men,3535,0.2065063649222065,0.1782852197426378,0.15961906446939617,0.6464615534881449,0.00819964349376114,0.01074964639321075
lgbm,raw,3,1000,9,False,0.6280174255371094,Women,611,0.15057283142389524,0.15262056824778886,0.12418814844024462,0.6414090642540002,0.0019267822736030828,0.004909983633387889
lgbm,raw,3,1000,9,False,0.6280174255371094,Black,2359,0.19584569732937684,0.17712379767522732,0.1534634739157181,0.6457998160686615,0.00790722192936215,0.0105977108944468
lgbm,raw,3,1000,9,False,0.6280174255371094,White,1787,0.20145495243424735,0.17104330177602822,0.1556306752261477,0.6526337304368138,0.006306937631394534,0.008953553441522105
lgbm,raw,3,1000,9,False,0.6280174255371094,Black men,2134,0.20290534208059982,0.18112528790395996,0.157750799576905,0.6429895198178492,0.008818342151675485,0.011715089034676664
lgbm,raw,3,1000,9,False,0.6280174255371094,White men,1401,0.21199143468950749,0.1739592344062628,0.16246480128636712,0.6527289806275314,0.007246376811594203,0.009279086366880799
lgbm,raw,3,1000,9,False,0.6280174255371094,Black women,225,0.1288888888888889,0.13917188590582527,0.11280057186695021,0.6335327234342012,0.0,0.0
lgbm,raw,3,1000,9,False,0.6280174255371094,White women,386,0.16321243523316062,0.160459826089607,0.13082598452571412,0.6413582977050468,0.0030959752321981426,0.007772020725388601
lgbm,raw,3,2000,0,False,0.6250486373901367,All,4146,0.19826338639652677,0.19080626691229574,0.1522339224604774,0.6568278039825379,0.0,0.0
lgbm,raw,3,2000,0,False,0.6250486373901367,Men,3535,0.2065063649222065,0.192265000950109,0.15732140051632817,0.6532324860205602,0.0,0.0
lgbm,raw,3,2000,0,False,0.6250486373901367,Women,611,0.15057283142389524,0.18236661908304858,0.12279982274291217,0.6676719443746335,0.0,0.0
lgbm,raw,3,2000,0,False,0.6250486373901367,Black,2359,0.19584569732937684,0.19418513488827766,0.1505071155900611,0.6592352472689846,0.0,0.0
lgbm,raw,3,2000,0,False,0.6250486373901367,White,1787,0.20145495243424735,0.18634585865524958,0.15451346214000294,0.6546465000389317,0.0,0.0
lgbm,raw,3,2000,0,False,0.6250486373901367,Black men,2134,0.20290534208059982,0.19564372872986854,0.15505548329435107,0.6523441583744382,0.0,0.0
lgbm,raw,3,2000,0,False,0.6250486373901367,White men,1401,0.21199143468950749,0.18711853051327332,0.16077284045330115,0.6561600302542331,0.0,0.0
lgbm,raw,3,2000,0,False,0.6250486373901367,Black women,225,0.1288888888888889,0.18035118263070007,0.10736837478581751,0.7162209711470796,0.0,0.0
lgbm,raw,3,2000,0,False,0.6250486373901367,White women,386,0.16321243523316062,0.1835414201239253,0.1317948377438093,0.6407685881370092,0.0,0.0
lgbm,raw,3,2000,1,False,0.7900457382202148,All,4146,0.19826338639652677,0.18835325652677884,0.1547437593167004,0.6513738467709587,0.0105294825511432,0.012301013024602027
lgbm,raw,3,2000,1,False,0.7900457382202148,Men,3535,0.2065063649222065,0.19215021282224493,0.16029883883805235,0.6440973799233267,0.011764705882352941,0.013861386138613862
lgbm,raw,3,2000,1,False,0.7900457382202148,Women,611,0.15057283142389524,0.1663855961266603,0.12260430578481957,0.6837563877021027,0.0038535645472061657,0.0032733224222585926
lgbm,raw,3,2000,1,False,0.7900457382202148,Black,2359,0.19584569732937684,0.19796855582875908,0.155307458474826,0.6409174203059285,0.015287295730100159,0.01695633743111488
lgbm,raw,3,2000,1,False,0.7900457382202148,White,1787,0.20145495243424735,0.1756602005372034,0.15399962595686922,0.6659697889901114,0.004204625087596356,0.006155567991046447
lgbm,raw,3,2000,1,False,0.7900457382202148,Black men,2134,0.20290534208059982,0.20160343095589645,0.16035585722988238,0.6321916329614559,0.017048794826572605,0.01874414245548266
lgbm,raw,3,2000,1,False,0.7900457382202148,White men,1401,0.21199143468950749,0.17775109255299976,0.16021198855385158,0.6637052896110867,0.0036231884057971015,0.006423982869379015
lgbm,raw,3,2000,1,False,0.7900457382202148,Black women,225,0.1288888888888889,0.16349378462293152,0.10742620094909108,0.7135819845179451,0.0,0.0
lgbm,raw,3,2000,1,False,0.7900457382202148,White women,386,0.16321243523316062,0.16807123754722758,0.13145164668647477,0.6693203597228364,0.006191950464396285,0.0051813471502590676
lgbm,raw,3,2000,2,False,1.0286924839019775,All,4146,0.19826338639652677,0.18487534731416838,0.15427426440712103,0.6456197791773168,0.007821901323706379,0.0120598166907863
lgbm,raw,3,2000,2,False,1.0286924839019775,Men,3535,0.2065063649222065,0.19096352958541743,0.15941128109030744,0.6404698068517568,0.009269162210338681,0.013861386138613862
lgbm,raw,3,2000,2,False,1.0286924839019775,Women,611,0.15057283142389524,0.14965157590849654,0.12455355413696736,0.6548127670268912,0.0,0.0016366612111292963
lgbm,raw,3,2000,2,False,1.0286924839019775,Black,2359,0.19584569732937684,0.19416086139105865,0.15363396108070773,0.6409082921998052,0.008434370057986295,0.01314116150911403
lgbm,raw,3,2000,2,False,1.0286924839019775,White,1787,0.20145495243424735,0.17261763734920796,0.15511952212788713,0.6538834384489605,0.00700770847932726,0.010632344711807499
lgbm,raw,3,2000,2,False,1.0286924839019775,Black men,2134,0.20290534208059982,0.19925728671798046,0.1580519632912023,0.6360583979265015,0.00940623162845385,0.014526710402999063
lgbm,raw,3,2000,2,False,1.0286924839019775,White men,1401,0.21199143468950749,0.17833049766472542,0.16148179085710992,0.6502220270336213,0.009057971014492754,0.01284796573875803
lgbm,raw,3,2000,2,False,1.0286924839019775,Black women,225,0.1288888888888889,0.14582409851260908,0.11173166455983917,0.6456720619282196,0.0,0.0
lgbm,raw,3,2000,2,False,1.0286924839019775,White women,386,0.16321243523316062,0.151882618432006,0.1320274535018737,0.6588038724261635,0.0,0.0025906735751295338
lgbm,raw,3,2000,3,False,0.8537187576293945,All,4146,0.19826338639652677,0.1811459730293262,0.153662966320041,0.6450510334044814,0.006618531889290012,0.007718282682103232
lgbm,raw,3,2000,3,False,0.8537187576293945,Men,3535,0.2065063649222065,0.18708644251214987,0.1593020400614948,0.6360994310551119,0.00784313725490196,0.00876944837340877
lgbm,raw,3,2000,3,False,0.8537187576293945,Women,611,0.15057283142389524,0.14677680834555917,0.12103755604829113,0.6717349417776661,0.0,0.0016366612111292963
lgbm,raw,3,2000,3,False,0.8537187576293945,Black,2359,0.19584569732937684,0.18810762357045488,0.1526604868403409,0.64101668846002,0.008434370057986295,0.009325985587113183
lgbm,raw,3,2000,3,False,0.8537187576293945,White,1787,0.20145495243424735,0.1719559709999347,0.15498632899078107,0.6522716654987153,0.004204625087596356,0.005595970900951315
lgbm,raw,3,2000,3,False,0.8537187576293945,Black men,2134,0.20290534208059982,0.19292099864365755,0.15758145716316205,0.6328202538107593,0.00940623162845385,0.009840674789128397
lgbm,raw,3,2000,3,False,0.8537187576293945,White men,1401,0.21199143468950749,0.17819925993924662,0.16192282800228147,0.6429878495095886,0.005434782608695652,0.007137758743754461
lgbm,raw,3,2000,3,False,0.8537187576293945,Black women,225,0.1288888888888889,0.14245543509839048,0.10598781720078407,0.6564039408866995,0.0,0.0044444444444444444
lgbm,raw,3,2000,3,False,0.8537187576293945,White women,386,0.16321243523316062,0.14929574352849426,0.12981007221587942,0.6759545923632612,0.0,0.0
lgbm,raw,3,2000,4,False,0.5863573551177979,All,4146,0.19826338639652677,0.1988114885013657,0.15293149059994557,0.6482428171141972,0.0,0.0
lgbm,raw,3,2000,4,False,0.5863573551177979,Men,3535,0.2065063649222065,0.20118619312841807,0.15806273179964647,0.6400637315947549,0.0,0.0
lgbm,raw,3,2000,4,False,0.5863573551177979,Women,611,0.15057283142389524,0.18507240362963062,0.12324419495192139,0.694008125994806,0.0,0.0
lgbm,raw,3,2000,4,False,0.5863573551177979,Black,2359,0.19584569732937684,0.20389732947574854,0.15121783911410103,0.650774063399261,0.0,0.0
lgbm,raw,3,2000,4,False,0.5863573551177979,White,1787,0.20145495243424735,0.1920977230516907,0.15519366399396192,0.64731565833528,0.0,0.0
lgbm,raw,3,2000,4,False,0.5863573551177979,Black men,2134,0.20290534208059982,0.2066971403898733,0.15567819555118662,0.6428096229225302,0.0,0.0
lgbm,raw,3,2000,4,False,0.5863573551177979,White men,1401,0.21199143468950749,0.19279193084722926,0.16169485196682232,0.6397123407992973,0.0,0.0
lgbm,raw,3,2000,4,False,0.5863573551177979,Black women,225,0.1288888888888889,0.1773426784057831,0.10891383628414268,0.7062807881773399,0.0,0.0
lgbm,raw,3,2000,4,False,0.5863573551177979,White women,386,0.16321243523316062,0.1895780724777283,0.13159738329453852,0.683424246891739,0.0,0.0
lgbm,raw,3,2000,5,False,0.8785173892974854,All,4146,0.19826338639652677,0.19173686860528297,0.15287131542467366,0.6629273645038224,0.01444043321299639,0.02050168837433671
lgbm,raw,3,2000,5,False,0.8785173892974854,Men,3535,0.2065063649222065,0.19899127394962457,0.1587887441058332,0.6521627231216274,0.01675579322638146,0.023196605374823195
lgbm,raw,3,2000,5,False,0.8785173892974854,Women,611,0.15057283142389524,0.14976580004186635,0.11863545554267883,0.7056421211359638,0.0019267822736030828,0.004909983633387889
lgbm,raw,3,2000,5,False,0.8785173892974854,Black,2359,0.19584569732937684,0.19560340825958314,0.15214082780415158,0.652445077326469,0.010542962572482868,0.017804154302670624
lgbm,raw,3,2000,5,False,0.8785173892974854,White,1787,0.20145495243424735,0.18663269006891248,0.15383562448836233,0.6771918554854783,0.019621583742116328,0.024062674874090653
lgbm,raw,3,2000,5,False,0.8785173892974854,Black men,2134,0.20290534208059982,0.20098595580837267,0.15674312210440883,0.6466064656980747,0.011757789535567314,0.019681349578256794
lgbm,raw,3,2000,5,False,0.8785173892974854,White men,1401,0.21199143468950749,0.19595297909839796,0.1619046308660328,0.6605670228858634,0.024456521739130436,0.028551034975017844
lgbm,raw,3,2000,5,False,0.8785173892974854,Black women,225,0.1288888888888889,0.144552935063508,0.10849062319637862,0.6655524278676987,0.0,0.0
lgbm,raw,3,2000,5,False,0.8785173892974854,White women,386,0.16321243523316062,0.15280438714065037,0.12454889408650664,0.7276524644945697,0.0030959752321981426,0.007772020725388601
lgbm,raw,3,2000,6,False,1.1072468757629395,All,4146,0.19826338639652677,0.17733702391199843,0.15807276409046137,0.6497067701974287,0.028279181708784597,0.031114327062228653
lgbm,raw,3,2000,6,False,1.1072468757629395,Men,3535,0.2065063649222065,0.18427503942032697,0.16368499358164285,0.6438571044856298,0.03208556149732621,0.03507779349363508
lgbm,raw,3,2000,6,False,1.1072468757629395,Women,611,0.15057283142389524,0.13719645955530205,0.12560266384279117,0.6629178185473737,0.007707129094412331,0.008183306055646482
lgbm,raw,3,2000,6,False,1.1072468757629395,Black,2359,0.19584569732937684,0.18378447698646566,0.15548150384360857,0.6559365779186549,0.0279388508170796,0.03221704111911827
lgbm,raw,3,2000,6,False,1.1072468757629395,White,1787,0.20145495243424735,0.168825808577545,0.16149345962617806,0.6434789379428482,0.028731604765241767,0.02965864577504197
lgbm,raw,3,2000,6,False,1.1072468757629395,Black men,2134,0.20290534208059982,0.18870242451228988,0.16020157875081223,0.6504732306631203,0.029982363315696647,0.03420805998125586
lgbm,raw,3,2000,6,False,1.1072468757629395,White men,1401,0.21199143468950749,0.1775312565607632,0.16899092309555605,0.6359763089835553,0.035326086956521736,0.03640256959314775
lgbm,raw,3,2000,6,False,1.1072468757629395,Black women,225,0.1288888888888889,0.13714047689709286,0.11071421561261886,0.6586910626319493,0.01020408163265306,0.013333333333333334
lgbm,raw,3,2000,6,False,1.1072468757629395,White women,386,0.16321243523316062,0.13722909193379185,0.13428116345882424,0.661359280554327,0.006191950464396285,0.0051813471502590676
lgbm,raw,3,2000,7,False,0.716646671295166,All,4146,0.19826338639652677,0.18921779400368882,0.1521271566916997,0.6603497091125224,0.006618531889290012,0.00844187168355041
lgbm,raw,3,2000,7,False,0.716646671295166,Men,3535,0.2065063649222065,0.19394887262511606,0.15689303386208958,0.6582272360999194,0.00784313725490196,0.009900990099009901
lgbm,raw,3,2000,7,False,0.716646671295166,Women,611,0.15057283142389524,0.16184567792063598,0.12455371021489435,0.6474826170729664,0.0,0.0
lgbm,raw,3,2000,7,False,0.716646671295166,Black,2359,0.19584569732937684,0.19503276412618595,0.15057612350883526,0.6655610248124745,0.006852925672113864,0.008054260279779568
lgbm,raw,3,2000,7,False,0.716646671295166,White,1787,0.20145495243424735,0.18154151279553507,0.15417465936566568,0.6543194736432297,0.006306937631394534,0.008953553441522105
lgbm,raw,3,2000,7,False,0.716646671295166,Black men,2134,0.20290534208059982,0.198483459333935,0.15462308215548545,0.6627876822898634,0.007642563198118754,0.008903467666354265
lgbm,raw,3,2000,7,False,0.716646671295166,White men,1401,0.21199143468950749,0.1870418005076146,0.16035061911683135,0.652924169228517,0.008152173913043478,0.011420413990007138
lgbm,raw,3,2000,7,False,0.716646671295166,Black women,225,0.1288888888888889,0.16230483713357974,0.11219296905571778,0.6502463054187192,0.0,0.0
lgbm,raw,3,2000,7,False,0.716646671295166,White women,386,0.16321243523316062,0.1615780333016921,0.13175880545016563,0.6445525578652513,0.0,0.0
lgbm,raw,3,2000,8,False,0.7955207824707031,All,4146,0.19826338639652677,0.19260022305033947,0.15027416712290834,0.6742444538137442,0.003910950661853189,0.005306319343945972
lgbm,raw,3,2000,8,False,0.7955207824707031,Men,3535,0.2065063649222065,0.20064699034982325,0.1550436968950382,0.6698791297340854,0.004634581105169341,0.006223479490806223
lgbm,raw,3,2000,8,False,0.7955207824707031,Women,611,0.15057283142389524,0.14604486723417737,0.12267958816304092,0.6707924939264474,0.0,0.0
lgbm,raw,3,2000,8,False,0.7955207824707031,Black,2359,0.19584569732937684,0.19931569040706557,0.14912303741365998,0.6692647538720286,0.004217185028993147,0.005934718100890208
lgbm,raw,3,2000,8,False,0.7955207824707031,White,1787,0.20145495243424735,0.1837352048665024,0.15179376140612993,0.6835571906875342,0.00350385423966363,0.004476776720761052
lgbm,raw,3,2000,8,False,0.7955207824707031,Black men,2134,0.20290534208059982,0.2051725731981528,0.15338119713930484,0.6641766220929681,0.004703115814226925,0.006560449859418931
lgbm,raw,3,2000,8,False,0.7955207824707031,White men,1401,0.21199143468950749,0.19375363289205358,0.15757601272568417,0.68089408578539,0.004528985507246377,0.005710206995003569
lgbm,raw,3,2000,8,False,0.7955207824707031,Black women,225,0.1288888888888889,0.14376641095737616,0.10873675806021044,0.670390570021112,0.0,0.0
lgbm,raw,3,2000,8,False,0.7955207824707031,White women,386,0.16321243523316062,0.14737298293956663,0.13080688550277375,0.6716546267629857,0.0,0.0
lgbm,raw,3,2000,9,False,0.7455158233642578,All,4146,0.19826338639652677,0.18832827581641137,0.1508769387251304,0.6674762327216939,0.0009025270758122744,0.000723589001447178
lgbm,raw,3,2000,9,False,0.7455158233642578,Men,3535,0.2065063649222065,0.1922439490830641,0.15610309058715577,0.6601811833076942,0.0010695187165775401,0.0008486562942008486
lgbm,raw,3,2000,9,False,0.7455158233642578,Women,611,0.15057283142389524,0.16567376681867413,0.12064052819770026,0.6984166876099523,0.0,0.0
lgbm,raw,3,2000,9,False,0.7455158233642578,Black,2359,0.19584569732937684,0.19279178178487189,0.15028905137697524,0.6582893472719514,0.0010542962572482868,0.000847816871555744
lgbm,raw,3,2000,9,False,0.7455158233642578,White,1787,0.20145495243424735,0.1824360482956512,0.15165300266150303,0.6811570505333645,0.000700770847932726,0.0005595970900951316
lgbm,raw,3,2000,9,False,0.7455158233642578,Black men,2134,0.20290534208059982,0.19654283928699157,0.1546930252293124,0.6523428006620205,0.0011757789535567313,0.0009372071227741331
lgbm,raw,3,2000,9,False,0.7455158233642578,White men,1401,0.21199143468950749,0.18569588934346296,0.1582508989195168,0.6741844776265067,0.0009057971014492754,0.0007137758743754461
lgbm,raw,3,2000,9,False,0.7455158233642578,Black women,225,0.1288888888888889,0.15721508529810124,0.10851980603969757,0.6783954961294864,0.0,0.0
lgbm,raw,3,2000,9,False,0.7455158233642578,White women,386,0.16321243523316062,0.17060434542522562,0.1277057159841008,0.7045063639490884,0.0,0.0
lgbm,raw,3,4000,0,False,0.9521381855010986,All,4146,0.19826338639652677,0.19430088329644052,0.1504889277788407,0.6740890917927863,0.0018050541516245488,0.001447178002894356
lgbm,raw,3,4000,0,False,0.9521381855010986,Men,3535,0.2065063649222065,0.19841241599271478,0.15538176115868746,0.6689876199545821,0.0021390374331550803,0.0016973125884016972
lgbm,raw,3,4000,0,False,0.9521381855010986,Women,611,0.15057283142389524,0.17051321049557427,0.12218096378905635,0.6867093909692553,0.0,0.0
lgbm,raw,3,4000,0,False,0.9521381855010986,Black,2359,0.19584569732937684,0.2030805751614414,0.14955622876939084,0.6649328970098607,0.0015814443858724301,0.001271725307333616
lgbm,raw,3,4000,0,False,0.9521381855010986,White,1787,0.20145495243424735,0.18271090394023626,0.1517201739810188,0.6898076773339563,0.002102312543798178,0.0016787912702853946
lgbm,raw,3,4000,0,False,0.9521381855010986,Black men,2134,0.20290534208059982,0.206668615382233,0.15378698197290253,0.6601353910822733,0.001763668430335097,0.0014058106841611997
lgbm,raw,3,4000,0,False,0.9521381855010986,White men,1401,0.21199143468950749,0.18583659194044355,0.15781092517186737,0.686490508954277,0.002717391304347826,0.0021413276231263384
lgbm,raw,3,4000,0,False,0.9521381855010986,Black women,225,0.1288888888888889,0.16905000702291134,0.109429885052529,0.6741731175228712,0.0,0.0
lgbm,raw,3,4000,0,False,0.9521381855010986,White women,386,0.16321243523316062,0.17136611407419902,0.12961358740490778,0.6934984520123839,0.0,0.0
lgbm,raw,3,4000,1,False,1.4912474155426025,All,4146,0.19826338639652677,0.18513165272062437,0.1508107700863804,0.6841469984569933,0.014741275571600482,0.019778099372889532
lgbm,raw,3,4000,1,False,1.4912474155426025,Men,3535,0.2065063649222065,0.19300150578790282,0.15579354670068304,0.6789680853661515,0.01746880570409982,0.023196605374823195
lgbm,raw,3,4000,1,False,1.4912474155426025,Women,611,0.15057283142389524,0.13959985142303147,0.12198243075485865,0.6958197201977045,0.0,0.0
lgbm,raw,3,4000,1,False,1.4912474155426025,Black,2359,0.19584569732937684,0.194333824851698,0.15013649476354304,0.6771069380452616,0.016341591987348445,0.02161933022467147
lgbm,raw,3,4000,1,False,1.4912474155426025,White,1787,0.20145495243424735,0.1729839615862076,0.15170087388412712,0.6953087284902282,0.012613875262789068,0.017347509792949075
lgbm,raw,3,4000,1,False,1.4912474155426025,Black men,2134,0.20290534208059982,0.20084851850929802,0.15476734569066827,0.6697500315668137,0.018224573780129337,0.023898781630740395
lgbm,raw,3,4000,1,False,1.4912474155426025,White men,1401,0.21199143468950749,0.1810489539339004,0.1573566537352094,0.6947280778802517,0.016304347826086956,0.02212705210563883
lgbm,raw,3,4000,1,False,1.4912474155426025,Black women,225,0.1288888888888889,0.13254557478361645,0.10621544641471933,0.7127023223082337,0.0,0.0
lgbm,raw,3,4000,1,False,1.4912474155426025,White women,386,0.16321243523316062,0.1437118002413433,0.13117303043499168,0.6866676495159467,0.0,0.0
lgbm,raw,3,4000,2,False,1.1437833309173584,All,4146,0.19826338639652677,0.19742762681062417,0.1492910118160203,0.6802137225106208,0.005114320096269555,0.00723589001447178
lgbm,raw,3,4000,2,False,1.1437833309173584,Men,3535,0.2065063649222065,0.20154840082751432,0.15378829004521186,0.6781114936634678,0.0053475935828877,0.007920792079207921
lgbm,raw,3,4000,2,False,1.1437833309173584,Women,611,0.15057283142389524,0.17358648744940205,0.12327157067004293,0.673787383764765,0.0038535645472061657,0.0032733224222585926
lgbm,raw,3,4000,2,False,1.1437833309173584,Black,2359,0.19584569732937684,0.20412115346791665,0.14913379652815734,0.671546780402869,0.0063257775434897206,0.00847816871555744
lgbm,raw,3,4000,2,False,1.1437833309173584,White,1787,0.20145495243424735,0.18859157231451174,0.14949855007235427,0.6925114848555635,0.00350385423966363,0.005595970900951315
lgbm,raw,3,4000,2,False,1.1437833309173584,Black men,2134,0.20290534208059982,0.20804592923042275,0.15297534256374778,0.669253108822008,0.005878894767783657,0.008434864104967198
lgbm,raw,3,4000,2,False,1.1437833309173584,White men,1401,0.21199143468950749,0.19165138040509713,0.15502656979213864,0.6928341384863125,0.004528985507246377,0.007137758743754461
lgbm,raw,3,4000,2,False,1.1437833309173584,Black women,225,0.1288888888888889,0.16689683579152537,0.1126988665728239,0.6509500351864884,0.01020408163265306,0.008888888888888889
lgbm,raw,3,4000,2,False,1.1437833309173584,White women,386,0.16321243523316062,0.1774858957992006,0.129434416322567,0.6827853948596984,0.0,0.0
lgbm,raw,3,4000,3,False,1.1790103912353516,All,4146,0.19826338639652677,0.18672327772362762,0.15016388992820937,0.6788204051636553,0.002707581227436823,0.00241196333815726
lgbm,raw,3,4000,3,False,1.1790103912353516,Men,3535,0.2065063649222065,0.1901091554186723,0.15520819560280918,0.6723175347349399,0.0032085561497326204,0.002828854314002829
lgbm,raw,3,4000,3,False,1.1790103912353516,Women,611,0.15057283142389524,0.16713395259763275,0.1209795682265557,0.7014744073050181,0.0,0.0
lgbm,raw,3,4000,3,False,1.1790103912353516,Black,2359,0.19584569732937684,0.19034370156655495,0.14887428358443985,0.678934841296465,0.0021085925144965737,0.001695633743111488
lgbm,raw,3,4000,3,False,1.1790103912353516,White,1787,0.20145495243424735,0.18194399409438006,0.1518662857675783,0.6803433777154871,0.00350385423966363,0.003357582540570789
lgbm,raw,3,4000,3,False,1.1790103912353516,Black men,2134,0.20290534208059982,0.1935069358773956,0.15331105932273384,0.6718015350296592,0.0023515579071134627,0.0018744142455482662
lgbm,raw,3,4000,3,False,1.1790103912353516,White men,1401,0.21199143468950749,0.18493366398475686,0.15809790925140366,0.6751482213438735,0.004528985507246377,0.004282655246252677
lgbm,raw,3,4000,3,False,1.1790103912353516,Black women,225,0.1288888888888889,0.1603421814806261,0.10679393058213156,0.7206192821956369,0.0,0.0
lgbm,raw,3,4000,3,False,1.1790103912353516,White women,386,0.16321243523316062,0.1710928865388931,0.12924839845970446,0.6909921863482235,0.0,0.0
lgbm,raw,3,4000,4,False,0.9384276866912842,All,4146,0.19826338639652677,0.19899715413230679,0.14994608057785408,0.6715077765187781,0.00421179302045728,0.003859141341051616
lgbm,raw,3,4000,4,False,0.9384276866912842,Men,3535,0.2065063649222065,0.20440793251666034,0.15513665077424083,0.6622393963812174,0.004991087344028521,0.004526166902404526
lgbm,raw,3,4000,4,False,0.9384276866912842,Women,611,0.15057283142389524,0.16769256888076864,0.11991553124196687,0.7114434112423558,0.0,0.0
lgbm,raw,3,4000,4,False,0.9384276866912842,Black,2359,0.19584569732937684,0.20424705463380788,0.14839082024417358,0.6692128377684519,0.0036900369003690036,0.0038151759220008477
lgbm,raw,3,4000,4,False,0.9384276866912842,White,1787,0.20145495243424735,0.1920668154176783,0.15199916346937742,0.6767733395624076,0.004905395935529082,0.00391717963066592
lgbm,raw,3,4000,4,False,0.9384276866912842,Black men,2134,0.20290534208059982,0.20874271852128107,0.15279472853580808,0.6616044359180104,0.00411522633744856,0.004217432052483599
lgbm,raw,3,4000,4,False,0.9384276866912842,White men,1401,0.21199143468950749,0.19780519637543223,0.15870386137867717,0.6657151222368614,0.006340579710144928,0.004996431120628123
lgbm,raw,3,4000,4,False,0.9384276866912842,Black women,225,0.1288888888888889,0.16160818025217352,0.10662219671373802,0.7169247009148487,0.0,0.0
lgbm,raw,3,4000,4,False,0.9384276866912842,White women,386,0.16321243523316062,0.1712391684699757,0.12766423660168577,0.706373777581208,0.0,0.0
lgbm,raw,3,4000,5,False,1.0235595703125,All,4146,0.19826338639652677,0.18502513979424207,0.14966857739991365,0.6789572847769375,0.00421179302045728,0.004341534008683068
lgbm,raw,3,4000,5,False,1.0235595703125,Men,3535,0.2065063649222065,0.19084790564624055,0.15450971844219794,0.6738524650208777,0.004991087344028521,0.005091937765205092
lgbm,raw,3,4000,5,False,1.0235595703125,Women,611,0.15057283142389524,0.15133696092875185,0.12165968446296622,0.68040546200888,0.0,0.0
lgbm,raw,3,4000,5,False,1.0235595703125,Black,2359,0.19584569732937684,0.19078125713711835,0.14873753223493139,0.6687033753454418,0.0031628887717448603,0.003391267486222976
lgbm,raw,3,4000,5,False,1.0235595703125,White,1787,0.20145495243424735,0.17742654952460296,0.1508976403793167,0.6950323133224324,0.005606166783461808,0.005595970900951315
lgbm,raw,3,4000,5,False,1.0235595703125,Black men,2134,0.20290534208059982,0.19571097957790212,0.153189119261755,0.6615100749049941,0.003527336860670194,0.0037488284910965324
lgbm,raw,3,4000,5,False,1.0235595703125,White men,1401,0.21199143468950749,0.18344048254119708,0.15652125209749074,0.6947280778802516,0.007246376811594203,0.007137758743754461
lgbm,raw,3,4000,5,False,1.0235595703125,Black women,225,0.1288888888888889,0.14402557852097347,0.10651670238941323,0.67100633356791,0.0,0.0
lgbm,raw,3,4000,5,False,1.0235595703125,White women,386,0.16321243523316062,0.15559877709908898,0.13048655225195438,0.6777728635313774,0.0,0.0
lgbm,raw,3,4000,6,False,1.152597188949585,All,4146,0.19826338639652677,0.18555863118194513,0.15062352250737154,0.679802351694233,0.009025270758122744,0.009165460684997588
lgbm,raw,3,4000,6,False,1.152597188949585,Men,3535,0.2065063649222065,0.1907231081142357,0.15614786019855045,0.6699118501697068,0.0106951871657754,0.01074964639321075
lgbm,raw,3,4000,6,False,1.152597188949585,Women,611,0.15057283142389524,0.15567904696648346,0.1186619288276375,0.7246376811594203,0.0,0.0
lgbm,raw,3,4000,6,False,1.152597188949585,Black,2359,0.19584569732937684,0.19105006070656927,0.1494901058953293,0.6765455595186749,0.010542962572482868,0.011869436201780416
lgbm,raw,3,4000,6,False,1.152597188949585,White,1787,0.20145495243424735,0.17830945253136407,0.15211973391632932,0.6855290819901891,0.00700770847932726,0.005595970900951315
lgbm,raw,3,4000,6,False,1.152597188949585,Black men,2134,0.20290534208059982,0.1950936718003982,0.15396472346280732,0.6701247601940443,0.011757789535567314,0.013120899718837863
lgbm,raw,3,4000,6,False,1.152597188949585,White men,1401,0.21199143468950749,0.18406587549020226,0.15947320908796936,0.6716287268823501,0.009057971014492754,0.007137758743754461
lgbm,raw,3,4000,6,False,1.152597188949585,Black women,225,0.1288888888888889,0.15269865593220958,0.10705084416644893,0.7086558761435608,0.0,0.0
lgbm,raw,3,4000,6,False,1.152597188949585,White women,386,0.16321243523316062,0.15741632153309387,0.12543004812496242,0.7325667108948842,0.0,0.0
lgbm,raw,3,4000,7,False,1.173097848892212,All,4146,0.19826338639652677,0.18165216482502142,0.1498267979971073,0.6840576973189164,0.007220216606498195,0.00844187168355041
lgbm,raw,3,4000,7,False,1.173097848892212,Men,3535,0.2065063649222065,0.1896105875937116,0.15476861712400666,0.678328327595048,0.008556149732620321,0.009900990099009901
lgbm,raw,3,4000,7,False,1.173097848892212,Women,611,0.15057283142389524,0.13560793489487438,0.12123542219745233,0.6970344307614978,0.0,0.0
lgbm,raw,3,4000,7,False,1.173097848892212,Black,2359,0.19584569732937684,0.18954060502278938,0.14795120319956592,0.6850335572001361,0.008434370057986295,0.010173802458668928
lgbm,raw,3,4000,7,False,1.173097848892212,White,1787,0.20145495243424735,0.1712387174682589,0.15230275106224445,0.6859106127851748,0.005606166783461808,0.006155567991046447
lgbm,raw,3,4000,7,False,1.173097848892212,Black men,2134,0.20290534208059982,0.19596823991630635,0.15257967294797045,0.6771495642421995,0.00940623162845385,0.011246485473289597
lgbm,raw,3,4000,7,False,1.173097848892212,White men,1401,0.21199143468950749,0.17992662609733961,0.1581028118932153,0.6830777582589177,0.007246376811594203,0.007851534618129907
lgbm,raw,3,4000,7,False,1.173097848892212,Black women,225,0.1288888888888889,0.12857805896605512,0.10405273900803141,0.7190358902181562,0.0,0.0
lgbm,raw,3,4000,7,False,1.173097848892212,White women,386,0.16321243523316062,0.13970566050105143,0.1312512349373997,0.6817042606516289,0.0,0.0
lgbm,raw,3,4000,8,False,1.1723546981811523,All,4146,0.19826338639652677,0.19141825344231445,0.1491459353326583,0.6842816821406508,0.009025270758122744,0.011336227689339121
lgbm,raw,3,4000,8,False,1.1723546981811523,Men,3535,0.2065063649222065,0.20043354654283604,0.15359564144130003,0.6823592899177106,0.0106951871657754,0.013295615275813296
lgbm,raw,3,4000,8,False,1.1723546981811523,Women,611,0.15057283142389524,0.1392593972879055,0.12340172732275922,0.6665619502387534,0.0,0.0
lgbm,raw,3,4000,8,False,1.1723546981811523,Black,2359,0.19584569732937684,0.19841478786256403,0.14771133706285455,0.6834429847081402,0.010015814443858724,0.01271725307333616
lgbm,raw,3,4000,8,False,1.1723546981811523,White,1787,0.20145495243424735,0.18218220156913661,0.15103973349632202,0.6877209374756676,0.007708479327259986,0.009513150531617236
lgbm,raw,3,4000,8,False,1.1723546981811523,Black men,2134,0.20290534208059982,0.2055506166738452,0.15185748149681907,0.6791182472475775,0.011169900058788948,0.014058106841611996
lgbm,raw,3,4000,8,False,1.1723546981811523,White men,1401,0.21199143468950749,0.19263923700709476,0.15624320269863212,0.6891835016835017,0.009963768115942028,0.012134189864382585
lgbm,raw,3,4000,8,False,1.1723546981811523,Black women,225,0.1288888888888889,0.13073541593690197,0.1083874605202756,0.676460239268121,0.0,0.0
lgbm,raw,3,4000,8,False,1.1723546981811523,White women,386,0.16321243523316062,0.1442280392671174,0.13215356678016546,0.6611627106983143,0.0,0.0
lgbm,raw,3,4000,9,False,0.8659539222717285,All,4146,0.19826338639652677,0.1861292040576099,0.14980590472974392,0.678506387227302,0.0,0.0
lgbm,raw,3,4000,9,False,0.8659539222717285,Men,3535,0.2065063649222065,0.1889100264473967,0.1546878143658443,0.6743803872732157,0.0,0.0
lgbm,raw,3,4000,9,False,0.8659539222717285,Women,611,0.15057283142389524,0.17004048532128196,0.12156114112317293,0.6903325793750524,0.0,0.0
lgbm,raw,3,4000,9,False,0.8659539222717285,Black,2359,0.19584569732937684,0.19112695539557276,0.14817006603305719,0.6775741829774513,0.0,0.0
lgbm,raw,3,4000,9,False,0.8659539222717285,White,1787,0.20145495243424735,0.17953172481516205,0.15196535827506238,0.6829050844818189,0.0,0.0
lgbm,raw,3,4000,9,False,0.8659539222717285,Black men,2134,0.20290534208059982,0.1938633931705349,0.15235474991421144,0.6741544506491902,0.0,0.0
lgbm,raw,3,4000,9,False,0.8659539222717285,White men,1401,0.21199143468950749,0.18136506956861245,0.15824153280965914,0.6789513492412043,0.0,0.0
lgbm,raw,3,4000,9,False,0.8659539222717285,Black women,225,0.1288888888888889,0.16517336334326527,0.10848066424468733,0.6741731175228712,0.0,0.0
lgbm,raw,3,4000,9,False,0.8659539222717285,White women,386,0.16321243523316062,0.17287753828774247,0.12918577142798965,0.6974298491326355,0.0,0.0
lgbm,raw,3,8000,0,False,1.5162301063537598,All,4146,0.19826338639652677,0.1906565871465392,0.14786045631043504,0.6932070381008429,0.0030084235860409147,0.004341534008683068
lgbm,raw,3,8000,0,False,1.5162301063537598,Men,3535,0.2065063649222065,0.19815536556124538,0.1525783663051163,0.6875896759700143,0.0035650623885918,0.005091937765205092
lgbm,raw,3,8000,0,False,1.5162301063537598,Women,611,0.15057283142389524,0.14727167438715077,0.12056452859979971,0.7021027058724973,0.0,0.0
lgbm,raw,3,8000,0,False,1.5162301063537598,Black,2359,0.19584569732937684,0.19943026093672286,0.14684644217828738,0.6870405995340102,0.0031628887717448603,0.005934718100890208
lgbm,raw,3,8000,0,False,1.5162301063537598,White,1787,0.20145495243424735,0.1790745521879252,0.14919904575516718,0.7047710815230087,0.002803083391730904,0.002238388360380526
lgbm,raw,3,8000,0,False,1.5162301063537598,Black men,2134,0.20290534208059982,0.20522356988017848,0.15093084534535872,0.6820617677687218,0.003527336860670194,0.006560449859418931
lgbm,raw,3,8000,0,False,1.5162301063537598,White men,1401,0.21199143468950749,0.18738909288701042,0.15508786646794478,0.6988270385009514,0.0036231884057971015,0.0028551034975017845
lgbm,raw,3,8000,0,False,1.5162301063537598,Black women,225,0.1288888888888889,0.1444839441130151,0.10810814725148661,0.6813863476425053,0.0,0.0
lgbm,raw,3,8000,0,False,1.5162301063537598,White women,386,0.16321243523316062,0.14889664669720395,0.12782537264998223,0.710796599341491,0.0,0.0
lgbm,raw,3,8000,1,False,1.4928531646728516,All,4146,0.19826338639652677,0.19043591514246136,0.1476445480240219,0.6951610494786864,0.0012033694344163659,0.001447178002894356
lgbm,raw,3,8000,1,False,1.4928531646728516,Men,3535,0.2065063649222065,0.19746331804983683,0.15239695164350572,0.6887011940517178,0.00142602495543672,0.0016973125884016972
lgbm,raw,3,8000,1,False,1.4928531646728516,Women,611,0.15057283142389524,0.14977819128391429,0.1201490540880558,0.7190667671944375,0.0,0.0
lgbm,raw,3,8000,1,False,1.4928531646728516,Black,2359,0.19584569732937684,0.19800017677929477,0.14621548203961468,0.6927901653784626,0.0010542962572482868,0.001695633743111488
lgbm,raw,3,8000,1,False,1.4928531646728516,White,1787,0.20145495243424735,0.18045041251163316,0.14953104307562612,0.7016000934361131,0.001401541695865452,0.001119194180190263
lgbm,raw,3,8000,1,False,1.4928531646728516,Black men,2134,0.20290534208059982,0.2036640589772096,0.15065592870035222,0.6843210012314451,0.0011757789535567313,0.0018744142455482662
lgbm,raw,3,8000,1,False,1.4928531646728516,White men,1401,0.21199143468950749,0.18801836363226831,0.15504887381387664,0.6984244620114186,0.0018115942028985507,0.0014275517487508922
lgbm,raw,3,8000,1,False,1.4928531646728516,Black women,225,0.1288888888888889,0.1442814007332934,0.10410031237733058,0.7389162561576355,0.0,0.0
lgbm,raw,3,8000,1,False,1.4928531646728516,White women,386,0.16321243523316062,0.15298227904010522,0.12950389057746817,0.7046046488770947,0.0,0.0
lgbm,raw,3,8000,2,False,2.697101593017578,All,4146,0.19826338639652677,0.18838765486847994,0.1493923258891926,0.6900335538046676,0.01444043321299639,0.01881331403762663
lgbm,raw,3,8000,2,False,2.697101593017578,Men,3535,0.2065063649222065,0.1975427993633744,0.1542240927553797,0.6839562425219154,0.016042780748663103,0.021216407355021217
lgbm,raw,3,8000,2,False,2.697101593017578,Women,611,0.15057283142389524,0.13541967485301026,0.12143766816092529,0.7009508251654519,0.005780346820809248,0.004909983633387889
lgbm,raw,3,8000,2,False,2.697101593017578,Black,2359,0.19584569732937684,0.19710674525165947,0.14862895457842695,0.6833562676999683,0.01686874011597259,0.022043238660449344
lgbm,raw,3,8000,2,False,2.697101593017578,White,1787,0.20145495243424735,0.17687767489426592,0.15040004436826152,0.7024059799112357,0.011212333566923615,0.014549524342473419
lgbm,raw,3,8000,2,False,2.697101593017578,Black men,2134,0.20290534208059982,0.20373400358427596,0.1528362649652712,0.6769404765299042,0.017048794826572605,0.02296157450796626
lgbm,raw,3,8000,2,False,2.697101593017578,White men,1401,0.21199143468950749,0.18811237123532018,0.15633802887535939,0.6982689210950082,0.014492753623188406,0.018558172733761598
lgbm,raw,3,8000,2,False,2.697101593017578,Black women,225,0.1288888888888889,0.13425088177697653,0.10872495295386879,0.7083040112596762,0.015306122448979591,0.013333333333333334
lgbm,raw,3,8000,2,False,2.697101593017578,White women,386,0.16321243523316062,0.13610096615380712,0.12884792961581573,0.6977738463806575,0.0,0.0
lgbm,raw,3,8000,3,False,3.860374689102173,All,4146,0.19826338639652677,0.18997446148449842,0.14764471387632286,0.6948060408560026,0.00421179302045728,0.006512301013024602
lgbm,raw,3,8000,3,False,3.860374689102173,Men,3535,0.2065063649222065,0.19810002449061426,0.1524740776781045,0.6881136913046664,0.004991087344028521,0.007637906647807638
lgbm,raw,3,8000,3,False,3.860374689102173,Women,611,0.15057283142389524,0.1429632254343849,0.11970395931118684,0.7076526765518975,0.0,0.0
lgbm,raw,3,8000,3,False,3.860374689102173,Black,2359,0.19584569732937684,0.1994094963677053,0.14668232317502383,0.6891081155709516,0.002635740643120717,0.005510809665112336
lgbm,raw,3,8000,3,False,3.860374689102173,White,1787,0.20145495243424735,0.17751937066777496,0.14891515577020334,0.7055867009265748,0.006306937631394534,0.00783435926133184
lgbm,raw,3,8000,3,False,3.860374689102173,Black men,2134,0.20290534208059982,0.20592755120821513,0.1510515847650819,0.6813448956122807,0.0029394473838918285,0.006091846298031865
lgbm,raw,3,8000,3,False,3.860374689102173,White men,1401,0.21199143468950749,0.18617715367308374,0.1546408156341289,0.7016969208998195,0.008152173913043478,0.009992862241256246
lgbm,raw,3,8000,3,False,3.860374689102173,Black women,225,0.1288888888888889,0.13758936734704755,0.10524230436087292,0.7251935256861365,0.0,0.0
lgbm,raw,3,8000,3,False,3.860374689102173,White women,386,0.16321243523316062,0.14609565566664115,0.12813368046098123,0.6986584107327142,0.0,0.0
lgbm,raw,3,8000,4,False,1.7102208137512207,All,4146,0.19826338639652677,0.1904637802929914,0.14789315567873013,0.6921101712532317,0.00210589651022864,0.003376748673420164
lgbm,raw,3,8000,4,False,1.7102208137512207,Men,3535,0.2065063649222065,0.19940021784457937,0.1527155680501666,0.684604302493102,0.0024955436720142605,0.0039603960396039604
lgbm,raw,3,8000,4,False,1.7102208137512207,Women,611,0.15057283142389524,0.1387611505959972,0.11999261929079567,0.7290567144173579,0.0,0.0
lgbm,raw,3,8000,4,False,1.7102208137512207,Black,2359,0.19584569732937684,0.19722443176812796,0.14669770581604225,0.6872208796299466,0.002635740643120717,0.0046629927935565915
lgbm,raw,3,8000,4,False,1.7102208137512207,White,1787,0.20145495243424735,0.18153911502726836,0.1494712565327204,0.7008272989176983,0.001401541695865452,0.0016787912702853946
lgbm,raw,3,8000,4,False,1.7102208137512207,Black men,2134,0.20290534208059982,0.20401466270283003,0.1511731696448363,0.6784244562022339,0.0029394473838918285,0.005154639175257732
lgbm,raw,3,8000,4,False,1.7102208137512207,White men,1401,0.21199143468950749,0.19237150597626612,0.15506494577820001,0.6957070707070707,0.0018115942028985507,0.0021413276231263384
lgbm,raw,3,8000,4,False,1.7102208137512207,Black women,225,0.1288888888888889,0.13282286370299795,0.10425041776872448,0.7494722026741731,0.0,0.0
lgbm,raw,3,8000,4,False,1.7102208137512207,White women,386,0.16321243523316062,0.14222258725642423,0.12916877302775426,0.7143839992137205,0.0,0.0
lgbm,raw,3,8000,5,False,1.590421438217163,All,4146,0.19826338639652677,0.18535915245230683,0.1477910974298988,0.6963413616520417,0.003910950661853189,0.004100337674867342
lgbm,raw,3,8000,5,False,1.590421438217163,Men,3535,0.2065063649222065,0.1922121510522405,0.15263777048257013,0.6900002441823554,0.004634581105169341,0.004809052333804809
lgbm,raw,3,8000,5,False,1.590421438217163,Women,611,0.15057283142389524,0.14571046169818996,0.11975019850814231,0.7105847365334674,0.0,0.0
lgbm,raw,3,8000,5,False,1.590421438217163,Black,2359,0.19584569732937684,0.1927932600048553,0.1462735929471165,0.6927365377549879,0.004744333157617291,0.005086901229334464
lgbm,raw,3,8000,5,False,1.590421438217163,White,1787,0.20145495243424735,0.17554546486615022,0.1497943392177463,0.7054504399283656,0.002803083391730904,0.0027979854504756574
lgbm,raw,3,8000,5,False,1.590421438217163,Black men,2134,0.20290534208059982,0.19826393293808856,0.150564963922351,0.6863779355439606,0.005291005291005291,0.005623242736644799
lgbm,raw,3,8000,5,False,1.590421438217163,White men,1401,0.21199143468950749,0.18299409070648753,0.15579506470063414,0.7001750597765091,0.0036231884057971015,0.0035688793718772305
lgbm,raw,3,8000,5,False,1.590421438217163,Black women,225,0.1288888888888889,0.1409069664958784,0.10557232334200362,0.7112948627726953,0.0,0.0
lgbm,raw,3,8000,5,False,1.590421438217163,White women,386,0.16321243523316062,0.14851042651819024,0.1280145039806325,0.7082411912133274,0.0,0.0
lgbm,raw,3,8000,6,False,1.6565942764282227,All,4146,0.19826338639652677,0.18833855709016895,0.14813014506049887,0.6936681833220608,0.0036101083032490976,0.005788712011577424
lgbm,raw,3,8000,6,False,1.6565942764282227,Men,3535,0.2065063649222065,0.19512677149363875,0.153106778448007,0.6864288330525236,0.0042780748663101605,0.006789250353606789
lgbm,raw,3,8000,6,False,1.6565942764282227,Women,611,0.15057283142389524,0.14906468161346573,0.11933734796583242,0.7101239842506493,0.0,0.0
lgbm,raw,3,8000,6,False,1.6565942764282227,Black,2359,0.19584569732937684,0.1958680930507828,0.14744755206989685,0.6841447078663736,0.004217185028993147,0.008054260279779568
lgbm,raw,3,8000,6,False,1.6565942764282227,White,1787,0.20145495243424735,0.17839889546113258,0.14903122892442175,0.7083819979755508,0.002803083391730904,0.0027979854504756574
lgbm,raw,3,8000,6,False,1.6565942764282227,Black men,2134,0.20290534208059982,0.20121017148284065,0.15190083651813227,0.6761054833931406,0.004703115814226925,0.008903467666354265
lgbm,raw,3,8000,6,False,1.6565942764282227,White men,1401,0.21199143468950749,0.18586055052507566,0.15494366644112095,0.7044905577514273,0.0036231884057971015,0.0035688793718772305
lgbm,raw,3,8000,6,False,1.6565942764282227,Black women,225,0.1288888888888889,0.14520144694406528,0.10521062312529948,0.7167487684729064,0.0,0.0
lgbm,raw,3,8000,6,False,1.6565942764282227,White women,386,0.16321243523316062,0.15131656710728725,0.12757183783401874,0.7049977885891199,0.0,0.0
lgbm,raw,3,8000,7,False,1.5090515613555908,All,4146,0.19826338639652677,0.19329942303057687,0.14776272123142217,0.6966967362629962,0.0030084235860409147,0.003376748673420164
lgbm,raw,3,8000,7,False,1.5090515613555908,Men,3535,0.2065063649222065,0.20032884554817548,0.15255523834061618,0.6902707982321198,0.0035650623885918,0.0039603960396039604
lgbm,raw,3,8000,7,False,1.5090515613555908,Women,611,0.15057283142389524,0.15263001452041117,0.12003514679443249,0.716574516210103,0.0,0.0
lgbm,raw,3,8000,7,False,1.5090515613555908,Black,2359,0.19584569732937684,0.20130296646347304,0.1470983114731807,0.6873863265534325,0.002635740643120717,0.003391267486222976
lgbm,raw,3,8000,7,False,1.5090515613555908,White,1787,0.20145495243424735,0.1827340290976154,0.14863980160058377,0.7116074904617302,0.00350385423966363,0.003357582540570789
lgbm,raw,3,8000,7,False,1.5090515613555908,Black men,2134,0.20290534208059982,0.2069972142842196,0.15139480052810245,0.680847972867475,0.0029394473838918285,0.0037488284910965324
lgbm,raw,3,8000,7,False,1.5090515613555908,White men,1401,0.21199143468950749,0.19017160152053944,0.15432281456610103,0.7071835504806518,0.004528985507246377,0.004282655246252677
lgbm,raw,3,8000,7,False,1.5090515613555908,Black women,225,0.1288888888888889,0.1472961893547033,0.10634849972561161,0.7163969035890219,0.0,0.0
lgbm,raw,3,8000,7,False,1.5090515613555908,White women,386,0.16321243523316062,0.15573910950042225,0.1280131146454291,0.7153177060297802,0.0,0.0
lgbm,raw,3,8000,8,False,1.8847370147705078,All,4146,0.19826338639652677,0.1920868688479433,0.14816840208764115,0.6943134206434952,0.007821901323706379,0.009889049686444766
lgbm,raw,3,8000,8,False,1.8847370147705078,Men,3535,0.2065063649222065,0.20176405877067438,0.15309116798519784,0.6872956804141334,0.008912655971479501,0.011315417256011316
lgbm,raw,3,8000,8,False,1.8847370147705078,Women,611,0.15057283142389524,0.13609854417224065,0.11968726060177695,0.7159043310714586,0.0019267822736030828,0.0016366612111292963
lgbm,raw,3,8000,8,False,1.8847370147705078,Black,2359,0.19584569732937684,0.1987667921182,0.14741635216103613,0.6881850358392267,0.008434370057986295,0.011445527766002543
lgbm,raw,3,8000,8,False,1.8847370147705078,White,1787,0.20145495243424735,0.18326877204070452,0.1491611753259518,0.7044829868410808,0.00700770847932726,0.00783435926133184
lgbm,raw,3,8000,8,False,1.8847370147705078,Black men,2134,0.20290534208059982,0.20607897933977287,0.151710023090088,0.682186677311132,0.00940623162845385,0.012652296157450796
lgbm,raw,3,8000,8,False,1.8847370147705078,White men,1401,0.21199143468950749,0.19519158161545935,0.15519492473477986,0.696484775289123,0.008152173913043478,0.009279086366880799
lgbm,raw,3,8000,8,False,1.8847370147705078,Black women,225,0.1288888888888889,0.1294147586478157,0.10669326877171746,0.6900070372976777,0.0,0.0
lgbm,raw,3,8000,8,False,1.8847370147705078,White women,386,0.16321243523316062,0.13999453314373186,0.1272614786374334,0.7277016069585729,0.0030959752321981426,0.0025906735751295338
lgbm,raw,3,8000,9,False,1.5418741703033447,All,4146,0.19826338639652677,0.19013405900634425,0.1478542625133994,0.6936367083307714,0.0009025270758122744,0.001929570670525808
lgbm,raw,3,8000,9,False,1.5418741703033447,Men,3535,0.2065063649222065,0.1960111087051819,0.15262005628920997,0.6876609772177863,0.0010695187165775401,0.002263083451202263
lgbm,raw,3,8000,9,False,1.5418741703033447,Women,611,0.15057283142389524,0.15613181565873177,0.12028129852405336,0.7113386948144426,0.0,0.0
lgbm,raw,3,8000,9,False,1.5418741703033447,Black,2359,0.19584569732937684,0.19829140740572992,0.14647282276340332,0.6907660078456073,0.0015814443858724301,0.003391267486222976
lgbm,raw,3,8000,9,False,1.5418741703033447,White,1787,0.20145495243424735,0.1793656287466068,0.14967788667134047,0.7019387993459473,0.0,0.0
lgbm,raw,3,8000,9,False,1.5418741703033447,Black men,2134,0.20290534208059982,0.20340522120891769,0.1506261850707188,0.6853596512308342,0.001763668430335097,0.0037488284910965324
lgbm,raw,3,8000,9,False,1.5418741703033447,White men,1401,0.21199143468950749,0.18474841342825676,0.15565711637504884,0.6959175084175084,0.0,0.0
lgbm,raw,3,8000,9,False,1.5418741703033447,Black women,225,0.1288888888888889,0.149789724490162,0.10708048870202026,0.6945812807881774,0.0,0.0
lgbm,raw,3,8000,9,False,1.5418741703033447,White women,386,0.16321243523316062,0.1598286304590639,0.12797607108870995,0.7158091306698118,0.0,0.0
lgbm,raw,3,9398,0,True,1.7736871242523193,All,4146,0.19826338639652677,0.1902758241506044,0.14699276497940383,0.6983755244611921,0.002707581227436823,0.004582730342498794
lgbm,raw,3,9398,0,True,1.7736871242523193,Men,3535,0.2065063649222065,0.19849128528580517,0.15149058975258364,0.6944800136742119,0.0032085561497326204,0.005374823196605375
lgbm,raw,3,9398,0,True,1.7736871242523193,Women,611,0.15057283142389524,0.14274447372026935,0.12097016174995909,0.695379911200469,0.0,0.0
lgbm,raw,3,9398,0,True,1.7736871242523193,Black,2359,0.19584569732937684,0.19859243217708167,0.14580610037745795,0.6942255600663614,0.0036900369003690036,0.0072064434082238235
lgbm,raw,3,9398,0,True,1.7736871242523193,White,1787,0.20145495243424735,0.17929715692371032,0.14855926850262172,0.7062096083469596,0.001401541695865452,0.001119194180190263
lgbm,raw,3,9398,0,True,1.7736871242523193,Black men,2134,0.20290534208059982,0.20495806632649008,0.1499898620917736,0.6882027010330833,0.00411522633744856,0.007966260543580132
lgbm,raw,3,9398,0,True,1.7736871242523193,White men,1401,0.21199143468950749,0.18864109917529728,0.15377649469774338,0.7060856146001073,0.0018115942028985507,0.0014275517487508922
lgbm,raw,3,9398,0,True,1.7736871242523193,Black women,225,0.1288888888888889,0.13821792873335909,0.10612544482923747,0.7112948627726953,0.0,0.0
lgbm,raw,3,9398,0,True,1.7736871242523193,White women,386,0.16321243523316062,0.14538300382921968,0.12962317031773718,0.6872573590839844,0.0,0.0
lgbm,raw,3,9398,1,True,2.1782424449920654,All,4146,0.19826338639652677,0.18960404146474974,0.14733229362067568,0.6973039108042666,0.007521058965102286,0.011095031355523395
lgbm,raw,3,9398,1,True,2.1782424449920654,Men,3535,0.2065063649222065,0.1988565466191857,0.15201220185189165,0.6920342832026958,0.008912655971479501,0.013012729844413012
lgbm,raw,3,9398,1,True,2.1782424449920654,Women,611,0.15057283142389524,0.13607277187239097,0.12025622881323139,0.6993591354611711,0.0,0.0
lgbm,raw,3,9398,1,True,2.1782424449920654,Black,2359,0.19584569732937684,0.1985972718867039,0.14620280890396264,0.6925106171284348,0.008434370057986295,0.014412886816447647
lgbm,raw,3,9398,1,True,2.1782424449920654,White,1787,0.20145495243424735,0.1777321720940783,0.1488233145757546,0.705853383165927,0.006306937631394534,0.006715165081141578
lgbm,raw,3,9398,1,True,2.1782424449920654,Black men,2134,0.20290534208059982,0.2056301759172615,0.15048749261383132,0.6857628918188323,0.00940623162845385,0.015932521087160263
lgbm,raw,3,9398,1,True,2.1782424449920654,White men,1401,0.21199143468950749,0.18853896994388689,0.15433463548074303,0.7036854047723613,0.008152173913043478,0.008565310492505354
lgbm,raw,3,9398,1,True,2.1782424449920654,Black women,225,0.1288888888888889,0.13189408432577115,0.10556496429569724,0.717100633356791,0.0,0.0
lgbm,raw,3,9398,1,True,2.1782424449920654,White women,386,0.16321243523316062,0.1385085353386849,0.12881978973666453,0.6905499041721952,0.0,0.0
lgbm,raw,3,9398,2,True,2.341681957244873,All,4146,0.19826338639652677,0.19042352819439717,0.14692591391725426,0.6987096717524396,0.0024067388688327317,0.003376748673420164
lgbm,raw,3,9398,2,True,2.341681957244873,Men,3535,0.2065063649222065,0.19839806852895392,0.15141519303657647,0.6949434717847288,0.00285204991087344,0.0039603960396039604
lgbm,raw,3,9398,2,True,2.341681957244873,Women,611,0.15057283142389524,0.144286048517379,0.12095275240039018,0.6948563290609031,0.0,0.0
lgbm,raw,3,9398,2,True,2.341681957244873,Black,2359,0.19584569732937684,0.19855636938398796,0.14579259821001647,0.6942221370265651,0.0031628887717448603,0.005086901229334464
lgbm,raw,3,9398,2,True,2.341681957244873,White,1787,0.20145495243424735,0.1796874496458551,0.1484219921228357,0.7071556489916685,0.001401541695865452,0.001119194180190263
lgbm,raw,3,9398,2,True,2.341681957244873,Black men,2134,0.20290534208059982,0.20475785397734517,0.14995404922217107,0.6884498046930687,0.003527336860670194,0.005623242736644799
lgbm,raw,3,9398,2,True,2.341681957244873,White men,1401,0.21199143468950749,0.1887108578602409,0.15364080395730534,0.7070005611672279,0.0018115942028985507,0.0014275517487508922
lgbm,raw,3,9398,2,True,2.341681957244873,Black women,225,0.1288888888888889,0.1397387332852133,0.10632354727695933,0.7065446868402533,0.0,0.0
lgbm,raw,3,9398,2,True,2.341681957244873,White women,386,0.16321243523316062,0.1469366856345741,0.12948013880653508,0.6897144822841418,0.0,0.0
lgbm,raw,3,9398,3,True,1.7169718742370605,All,4146,0.19826338639652677,0.19045991141734908,0.14697459473914554,0.698577549986678,0.002707581227436823,0.00361794500723589
lgbm,raw,3,9398,3,True,1.7169718742370605,Men,3535,0.2065063649222065,0.19830966459587482,0.15145581537926908,0.6949971919029131,0.0032085561497326204,0.004243281471004243
lgbm,raw,3,9398,3,True,1.7169718742370605,Women,611,0.15057283142389524,0.14504439998348884,0.12104805633843091,0.6945421797771634,0.0,0.0
lgbm,raw,3,9398,3,True,1.7169718742370605,Black,2359,0.19584569732937684,0.19852891718768695,0.1458188992773504,0.6943202641673911,0.0036900369003690036,0.005510809665112336
lgbm,raw,3,9398,3,True,1.7169718742370605,White,1787,0.20145495243424735,0.17980810133775924,0.14850021622452592,0.7069103791948922,0.001401541695865452,0.001119194180190263
lgbm,raw,3,9398,3,True,1.7169718742370605,Black men,2134,0.20290534208059982,0.20464025660479188,0.1499707663966344,0.6887389974379967,0.00411522633744856,0.006091846298031865
lgbm,raw,3,9398,3,True,1.7169718742370605,White men,1401,0.21199143468950749,0.18866692130748872,0.15371783859764332,0.7068633191821597,0.0018115942028985507,0.0014275517487508922
lgbm,raw,3,9398,3,True,1.7169718742370605,Black women,225,0.1288888888888889,0.14056625800501163,0.10644074624378537,0.7068965517241379,0.0,0.0
lgbm,raw,3,9398,3,True,1.7169718742370605,White women,386,0.16321243523316062,0.14765471590358564,0.12956268009826313,0.6890756302521008,0.0,0.0
lgbm,raw,3,9398,4,True,3.301063299179077,All,4146,0.19826338639652677,0.18926426057581658,0.1474619057045978,0.6974312747225077,0.009025270758122744,0.014230583695127834
lgbm,raw,3,9398,4,True,3.301063299179077,Men,3535,0.2065063649222065,0.1986242242220965,0.15215622241327334,0.6920684687324494,0.0106951871657754,0.01669024045261669
lgbm,raw,3,9398,4,True,3.301063299179077,Women,611,0.15057283142389524,0.13511127941444276,0.12030247924769404,0.7015581804473485,0.0,0.0
lgbm,raw,3,9398,4,True,3.301063299179077,Black,2359,0.19584569732937684,0.1985692191347565,0.14625308574082485,0.6933880563295429,0.01107011070110701,0.01907587961000424
lgbm,raw,3,9398,4,True,3.301063299179077,White,1787,0.20145495243424735,0.17698088215357866,0.1490576562891195,0.7054270809001013,0.006306937631394534,0.00783435926133184
lgbm,raw,3,9398,4,True,3.301063299179077,Black men,2134,0.20290534208059982,0.2056956555108631,0.15054841185855353,0.6866508357398786,0.012345679012345678,0.021087160262417994
lgbm,raw,3,9398,4,True,3.301063299179077,White men,1401,0.21199143468950749,0.18785303623478164,0.1546052357778502,0.7027216610549945,0.008152173913043478,0.009992862241256246
lgbm,raw,3,9398,4,True,3.301063299179077,Black women,225,0.1288888888888889,0.13097892923870502,0.10551430380645618,0.7195636875439831,0.0,0.0
lgbm,raw,3,9398,4,True,3.301063299179077,White women,386,0.16321243523316062,0.13752003275522257,0.1289225296991928,0.6930070273723525,0.0,0.0
lgbm,raw,3,9398,5,True,1.9050896167755127,All,4146,0.19826338639652677,0.1901161285110267,0.14705825112112272,0.698080537914921,0.00421179302045728,0.006271104679208876
lgbm,raw,3,9398,5,True,1.9050896167755127,Men,3535,0.2065063649222065,0.1987415359613326,0.15165530632063168,0.6934236808048251,0.004991087344028521,0.007355021216407355
lgbm,raw,3,9398,5,True,1.9050896167755127,Women,611,0.15057283142389524,0.14021299375352847,0.1204615405969589,0.6981863114685432,0.0,0.0
lgbm,raw,3,9398,5,True,1.9050896167755127,Black,2359,0.19584569732937684,0.19881744294244236,0.14592459149689,0.6935341060275166,0.004744333157617291,0.008902077151335312
lgbm,raw,3,9398,5,True,1.9050896167755127,White,1787,0.20145495243424735,0.17862961438472028,0.14855478332793026,0.706316670559838,0.00350385423966363,0.0027979854504756574
lgbm,raw,3,9398,5,True,1.9050896167755127,Black men,2134,0.20290534208059982,0.205404415193781,0.15018112734126388,0.6869821175697491,0.005291005291005291,0.009840674789128397
lgbm,raw,3,9398,5,True,1.9050896167755127,White men,1401,0.21199143468950749,0.18859265353303503,0.15390077237485786,0.7052835114429317,0.004528985507246377,0.0035688793718772305
lgbm,raw,3,9398,5,True,1.9050896167755127,Black women,225,0.1288888888888889,0.1363436705675236,0.10555371375513953,0.7148135116115412,0.0,0.0
lgbm,raw,3,9398,5,True,1.9050896167755127,White women,386,0.16321243523316062,0.14246842825314274,0.12915133603584325,0.6896161973561354,0.0,0.0
lgbm,raw,3,9398,6,True,2.7353789806365967,All,4146,0.19826338639652677,0.18894084769004013,0.14755106900905102,0.6976062171159538,0.009927797833935019,0.014954172696575013
lgbm,raw,3,9398,6,True,2.7353789806365967,Men,3535,0.2065063649222065,0.19847112497991376,0.15226642389415618,0.692121700485923,0.011764705882352941,0.01753889674681754
lgbm,raw,3,9398,6,True,2.7353789806365967,Women,611,0.15057283142389524,0.13380250035828367,0.12026992413368802,0.7041551478595962,0.0,0.0
lgbm,raw,3,9398,6,True,2.7353789806365967,Black,2359,0.19584569732937684,0.1983440298653114,0.146278584015442,0.6941593812969671,0.012124406958355299,0.020347604917337857
lgbm,raw,3,9398,6,True,2.7353789806365967,White,1787,0.20145495243424735,0.17652780529974083,0.14923086313323886,0.7050630693763139,0.00700770847932726,0.00783435926133184
lgbm,raw,3,9398,6,True,2.7353789806365967,Black men,2134,0.20290534208059982,0.2056125103053186,0.15059909515528222,0.6873378382231345,0.01352145796590241,0.022492970946579195
lgbm,raw,3,9398,6,True,2.7353789806365967,White men,1401,0.21199143468950749,0.18759338316377241,0.15480609522089214,0.7020110525545308,0.009057971014492754,0.009992862241256246
lgbm,raw,3,9398,6,True,2.7353789806365967,Black women,225,0.1288888888888889,0.12940653093653193,0.10530093613802421,0.723082336382829,0.0,0.0
lgbm,raw,3,9398,6,True,2.7353789806365967,White women,386,0.16321243523316062,0.13636491776733584,0.12899537050421742,0.695955575212541,0.0,0.0
lgbm,raw,3,9398,7,True,1.7431097030639648,All,4146,0.19826338639652677,0.19044508708466742,0.1469715417067444,0.6985581526083252,0.0024067388688327317,0.003376748673420164
lgbm,raw,3,9398,7,True,1.7431097030639648,Men,3535,0.2065063649222065,0.19824226148070787,0.15145673201209886,0.694920030278612,0.00285204991087344,0.0039603960396039604
lgbm,raw,3,9398,7,True,1.7431097030639648,Women,611,0.15057283142389524,0.14533377531706868,0.1210220364212648,0.6946468962050767,0.0,0.0
lgbm,raw,3,9398,7,True,1.7431097030639648,Black,2359,0.19584569732937684,0.1984283862234887,0.14577263740589877,0.6943932890163781,0.0031628887717448603,0.005086901229334464
lgbm,raw,3,9398,7,True,1.7431097030639648,White,1787,0.20145495243424735,0.17990641743246855,0.1485542027283979,0.7068480884528536,0.001401541695865452,0.001119194180190263
lgbm,raw,3,9398,7,True,1.7431097030639648,Black men,2134,0.20290534208059982,0.20451488834272263,0.1499266857215277,0.6887838019477741,0.003527336860670194,0.005623242736644799
lgbm,raw,3,9398,7,True,1.7431097030639648,White men,1401,0.21199143468950749,0.18868781057168607,0.1537872950271444,0.7066772800468453,0.0018115942028985507,0.0014275517487508922
lgbm,raw,3,9398,7,True,1.7431097030639648,Black women,225,0.1288888888888889,0.14070129501262132,0.10637379693677812,0.7072484166080225,0.0,0.0
lgbm,raw,3,9398,7,True,1.7431097030639648,White women,386,0.16321243523316062,0.14803405528727756,0.12956051798605628,0.6887807754680819,0.0,0.0
lgbm,raw,3,9398,8,True,2.2042927742004395,All,4146,0.19826338639652677,0.18953233246732532,0.14739959507943792,0.6972285172204801,0.007821901323706379,0.011336227689339121
lgbm,raw,3,9398,8,True,2.2042927742004395,Men,3535,0.2065063649222065,0.19882921912010645,0.15208587446376123,0.691964935413767,0.009269162210338681,0.013295615275813296
lgbm,raw,3,9398,8,True,2.2042927742004395,Women,611,0.15057283142389524,0.13574428939436056,0.12028666934525951,0.6999036608863198,0.0,0.0
lgbm,raw,3,9398,8,True,2.2042927742004395,Black,2359,0.19584569732937684,0.19872543173566468,0.1462118273948127,0.693073136668287,0.008434370057986295,0.014412886816447647
lgbm,raw,3,9398,8,True,2.2042927742004395,White,1787,0.20145495243424735,0.1773966183240614,0.14896755477055756,0.7052382620882971,0.00700770847932726,0.007274762171236709
lgbm,raw,3,9398,8,True,2.2042927742004395,Black men,2134,0.20290534208059982,0.20579820804459067,0.15050041075049733,0.6863630007073681,0.00940623162845385,0.015932521087160263
lgbm,raw,3,9398,8,True,2.2042927742004395,White men,1401,0.21199143468950749,0.18821407110807983,0.15450084917047444,0.7028772019714049,0.009057971014492754,0.009279086366880799
lgbm,raw,3,9398,8,True,2.2042927742004395,Black women,225,0.1288888888888889,0.13164407776567316,0.1055369968124527,0.7174524982406755,0.0,0.0
lgbm,raw,3,9398,8,True,2.2042927742004395,White women,386,0.16321243523316062,0.13813430912610838,0.12888427639158473,0.6920733205562927,0.0,0.0
lgbm,raw,3,9398,9,True,2.1505887508392334,All,4146,0.19826338639652677,0.19011858308168322,0.14705059232985793,0.6982283971763273,0.003910950661853189,0.00602990834539315
lgbm,raw,3,9398,9,True,2.1505887508392334,Men,3535,0.2065063649222065,0.19866042659917968,0.1516442260936509,0.6935589578297072,0.004634581105169341,0.007072135785007072
lgbm,raw,3,9398,9,True,2.1505887508392334,Women,611,0.15057283142389524,0.14069891559502207,0.12047367685521296,0.6989193264639357,0.0,0.0
lgbm,raw,3,9398,9,True,2.1505887508392334,Black,2359,0.19584569732937684,0.19879295347450956,0.14590519805375676,0.693863858861223,0.004744333157617291,0.008902077151335312
lgbm,raw,3,9398,9,True,2.1505887508392334,White,1787,0.20145495243424735,0.1786676374987636,0.1485626153278001,0.7063283500739703,0.002803083391730904,0.002238388360380526
lgbm,raw,3,9398,9,True,2.1505887508392334,Black men,2134,0.20290534208059982,0.2053272654808502,0.1501711835953718,0.6871559047591894,0.005291005291005291,0.009840674789128397
lgbm,raw,3,9398,9,True,2.1505887508392334,White men,1401,0.21199143468950749,0.18850551284223105,0.15388796106247862,0.7054878495095886,0.0036231884057971015,0.0028551034975017845
lgbm,raw,3,9398,9,True,2.1505887508392334,Black women,225,0.1288888888888889,0.1368186342677052,0.10544469518350591,0.7179802955665024,0.0,0.0
lgbm,raw,3,9398,9,True,2.1505887508392334,White women,386,0.16321243523316062,0.14296073761224046,0.1292340936327624,0.6891739151801071,0.0,0.0
