model,features,round,size,rep,full,seconds,group,n,base_rate,mean_pred,brier,auc,fpr50,flag50
logit,raw,1,500,0,False,0.41762256622314453,All,7807,0.30062764185986934,0.2926365565703645,0.19959084248175502,0.6556399643532154,0.0003663003663003663,0.0011528115793518637
logit,raw,1,500,0,False,0.41762256622314453,Men,6857,0.31194399883330903,0.29700485953657313,0.20454862318046274,0.6475470882207163,0.000423908435777872,0.0013125273443196734
logit,raw,1,500,0,False,0.41762256622314453,Women,950,0.21894736842105264,0.2611066055816356,0.16380610327013534,0.6781178726933443,0.0,0.0
logit,raw,1,500,0,False,0.41762256622314453,Black,4534,0.31473312748125276,0.29289266952368376,0.20610680001757256,0.6459848672290727,0.000321853878339234,0.0011027790030877812
logit,raw,1,500,0,False,0.41762256622314453,White,3273,0.281087687137183,0.292281770096075,0.1905644595097426,0.6698377649254421,0.00042498937526561835,0.0012221203788573174
logit,raw,1,500,0,False,0.41762256622314453,Black men,4195,0.3215733015494637,0.29586196563681977,0.20936065884079078,0.6380945360739352,0.00035137034434293746,0.0011918951132300357
logit,raw,1,500,0,False,0.41762256622314453,White men,2662,0.29676934635612323,0.29880592636958037,0.19696541897494943,0.6640369739262144,0.0005341880341880342,0.0015026296018031556
logit,raw,1,500,0,False,0.41762256622314453,Black women,339,0.23008849557522124,0.25614872499682373,0.16584149688069783,0.7105806071323312,0.0,0.0
logit,raw,1,500,0,False,0.41762256622314453,White women,611,0.2127659574468085,0.2638573772972677,0.16267680959749922,0.6596353750199905,0.0,0.0
logit,raw,1,500,1,False,0.36241888999938965,All,7807,0.30062764185986934,0.3055559039433974,0.19978781300663911,0.6467639305730486,0.0695970695970696,0.09184065582169848
logit,raw,1,500,1,False,0.36241888999938965,Men,6857,0.31194399883330903,0.31538544893931464,0.20528437693220788,0.6371360635097676,0.07842306061890632,0.10150211462738808
logit,raw,1,500,1,False,0.36241888999938965,Women,950,0.21894736842105264,0.23460728285181368,0.16011419317755998,0.6791156956251296,0.013477088948787063,0.022105263157894735
logit,raw,1,500,1,False,0.36241888999938965,Black,4534,0.31473312748125276,0.305661511248054,0.20667002225794937,0.6350195063298305,0.0634052140328291,0.08292898103220114
logit,raw,1,500,1,False,0.36241888999938965,White,3273,0.281087687137183,0.30540960894819014,0.19025407125734461,0.6635280585376669,0.07777305567360816,0.10418576229758632
logit,raw,1,500,1,False,0.36241888999938965,Black men,4195,0.3215733015494637,0.31185145044012963,0.21056154564316773,0.625674414873306,0.06886858749121574,0.08796185935637664
logit,raw,1,500,1,False,0.36241888999938965,White men,2662,0.29676934635612323,0.3209546163713512,0.1969681775548688,0.6570458725522016,0.09294871794871795,0.12283996994740796
logit,raw,1,500,1,False,0.36241888999938965,Black women,339,0.23008849557522124,0.2290632961720745,0.1585138552933741,0.7189802534630121,0.0038314176245210726,0.02064896755162242
logit,raw,1,500,1,False,0.36241888999938965,White women,611,0.2127659574468085,0.23768324272813376,0.1610021056861345,0.6571085878778187,0.018711018711018712,0.022913256955810146
logit,raw,1,500,2,False,0.3813753128051758,All,7807,0.30062764185986934,0.2864892607359068,0.2016172074354208,0.6391962461625862,0.05549450549450549,0.07749455616754194
logit,raw,1,500,2,False,0.3813753128051758,Men,6857,0.31194399883330903,0.2992432397647051,0.20671396352307106,0.6319611700665551,0.06295040271301398,0.08662680472509844
logit,raw,1,500,2,False,0.3813753128051758,Women,950,0.21894736842105264,0.19443238263014856,0.16482935849540212,0.6536452933858594,0.008086253369272238,0.011578947368421053
logit,raw,1,500,2,False,0.3813753128051758,Black,4534,0.31473312748125276,0.2943180522560584,0.20789078138295145,0.6328635138820067,0.05954296749275829,0.08138509042787825
logit,raw,1,500,2,False,0.3813753128051758,White,3273,0.281087687137183,0.2756442437018808,0.19292659201284088,0.645163898076461,0.050148746281342964,0.07210510235258173
logit,raw,1,500,2,False,0.3813753128051758,Black men,4195,0.3215733015494637,0.3021037799151152,0.2116933564178265,0.6239295446459129,0.06500351370344343,0.08724672228843862
logit,raw,1,500,2,False,0.3813753128051758,White men,2662,0.29676934635612323,0.2947353637575789,0.19886702393122319,0.6442524072270908,0.05982905982905983,0.08564988730277986
logit,raw,1,500,2,False,0.3813753128051758,Black women,339,0.23008849557522124,0.19797254331876277,0.16083531745581064,0.7319972492386285,0.0,0.008849557522123894
logit,raw,1,500,2,False,0.3813753128051758,White women,611,0.2127659574468085,0.1924682018225541,0.16704536489871058,0.6028146489684951,0.012474012474012475,0.01309328968903437
logit,raw,1,500,3,False,0.3778860569000244,All,7807,0.30062764185986934,0.3095002761341221,0.1987659069909055,0.6457655396726552,0.04816849816849817,0.06993723581401307
logit,raw,1,500,3,False,0.3778860569000244,Men,6857,0.31194399883330903,0.3227462310426039,0.20330740042170564,0.6431246867506912,0.055320050869012295,0.07904331340236255
logit,raw,1,500,3,False,0.3778860569000244,Women,950,0.21894736842105264,0.21389236791574312,0.16598588545932988,0.622343458428364,0.0026954177897574125,0.004210526315789474
logit,raw,1,500,3,False,0.3778860569000244,Black,4534,0.31473312748125276,0.3180631434816713,0.2053698264977872,0.6352233997468022,0.053427743804312845,0.0756506396118218
logit,raw,1,500,3,False,0.3778860569000244,White,3273,0.281087687137183,0.29763836334653027,0.18961767263581783,0.6567975202793843,0.04122396940076498,0.06202260922700886
logit,raw,1,500,3,False,0.3778860569000244,Black men,4195,0.3215733015494637,0.32645677754154695,0.20857623336287134,0.629542093333757,0.05797610681658468,0.08152562574493445
logit,raw,1,500,3,False,0.3778860569000244,White men,2662,0.29676934635612323,0.31689884465527646,0.19500433724056745,0.6635988045007033,0.05128205128205128,0.07513148009015777
logit,raw,1,500,3,False,0.3778860569000244,Black women,339,0.23008849557522124,0.2141950169885199,0.16569172384578795,0.6867079280872385,0.0038314176245210726,0.0029498525073746312
logit,raw,1,500,3,False,0.3778860569000244,White women,611,0.2127659574468085,0.21372444969042176,0.16614909460334082,0.5853030545338237,0.002079002079002079,0.004909983633387889
logit,raw,1,500,4,False,0.3799419403076172,All,7807,0.30062764185986934,0.32923118532836115,0.20067289441168307,0.6528805380104912,0.12087912087912088,0.15767900602023824
logit,raw,1,500,4,False,0.3799419403076172,Men,6857,0.31194399883330903,0.33913761169670464,0.20569334650034257,0.6465391413743551,0.13331920305214073,0.1725244275922415
logit,raw,1,500,4,False,0.3799419403076172,Women,950,0.21894736842105264,0.25772764258338143,0.1644357997043797,0.6654701430644827,0.04177897574123989,0.05052631578947368
logit,raw,1,500,4,False,0.3799419403076172,Black,4534,0.31473312748125276,0.3251922800520114,0.2054301689644299,0.6457931532861235,0.10749919536530415,0.14336127040141156
logit,raw,1,500,4,False,0.3799419403076172,White,3273,0.281087687137183,0.33482617357247063,0.19408276828209123,0.6646547423270941,0.13854653633659159,0.17751298502902535
logit,raw,1,500,4,False,0.3799419403076172,Black men,4195,0.3215733015494637,0.3305746382577154,0.20937273528856182,0.6366140401234199,0.11419536191145467,0.1504171632896305
logit,raw,1,500,4,False,0.3799419403076172,White men,2662,0.29676934635612323,0.35263185421231696,0.19989506101327278,0.6655015958022287,0.1623931623931624,0.20736288504883546
logit,raw,1,500,4,False,0.3799419403076172,Black women,339,0.23008849557522124,0.2585875819017808,0.156642364451942,0.7404951370468612,0.034482758620689655,0.05604719764011799
logit,raw,1,500,4,False,0.3799419403076172,White women,611,0.2127659574468085,0.257250524041749,0.16875981697209883,0.6146009915240683,0.04573804573804574,0.04746317512274959
logit,raw,1,500,5,False,0.419888973236084,All,7807,0.30062764185986934,0.2846906134770342,0.2007602859746579,0.6394053042540473,0.040293040293040296,0.05571922633534008
logit,raw,1,500,5,False,0.419888973236084,Men,6857,0.31194399883330903,0.2887256616575845,0.2057821021639399,0.6349242682327696,0.04493429419245443,0.061105439696660345
logit,raw,1,500,5,False,0.419888973236084,Women,950,0.21894736842105264,0.25556606045173597,0.16451334533265055,0.6521096827700601,0.01078167115902965,0.016842105263157894
logit,raw,1,500,5,False,0.419888973236084,Black,4534,0.31473312748125276,0.2867019786976165,0.20801574636556802,0.630052987478373,0.04119729642742195,0.054697838553153945
logit,raw,1,500,5,False,0.419888973236084,White,3273,0.281087687137183,0.281904322639845,0.19070948933170445,0.6519942164489366,0.03909902252443689,0.057134127711579594
logit,raw,1,500,5,False,0.419888973236084,Black men,4195,0.3215733015494637,0.288608244128937,0.21176941927334603,0.6223284523503785,0.04251581166549543,0.05649582836710369
logit,raw,1,500,5,False,0.419888973236084,White men,2662,0.29676934635612323,0.2889106979207989,0.19634679214366996,0.6553526993400413,0.04861111111111111,0.06836964688204357
logit,raw,1,500,5,False,0.419888973236084,Black women,339,0.23008849557522124,0.2631126468852593,0.16156542822949513,0.7290991256508498,0.02681992337164751,0.032448377581120944
logit,raw,1,500,5,False,0.419888973236084,White women,611,0.2127659574468085,0.25137900185768614,0.16614893272703635,0.6055653286422517,0.002079002079002079,0.008183306055646482
logit,raw,1,500,6,False,0.34710168838500977,All,7807,0.30062764185986934,0.2774176715127383,0.20000721429749788,0.645073361519889,0.050915750915750915,0.07442039195593698
logit,raw,1,500,6,False,0.34710168838500977,Men,6857,0.31194399883330903,0.28797618717451756,0.2040972162580639,0.6447424354936809,0.0582874099194574,0.0840017500364591
logit,raw,1,500,6,False,0.34710168838500977,Women,950,0.21894736842105264,0.2012074168887169,0.17048601067265468,0.5938536699149907,0.004043126684636119,0.005263157894736842
logit,raw,1,500,6,False,0.34710168838500977,Black,4534,0.31473312748125276,0.28428777051058096,0.2057101253259511,0.6407646093354765,0.05471515931766978,0.08072342302602559
logit,raw,1,500,6,False,0.34710168838500977,White,3273,0.281087687137183,0.2679007057760384,0.19210712306529293,0.6491587982039579,0.045898852528686786,0.06568897036358082
logit,raw,1,500,6,False,0.34710168838500977,Black men,4195,0.3215733015494637,0.2911474975024171,0.2087864526121059,0.6359975141003955,0.05938158819395643,0.0867699642431466
logit,raw,1,500,6,False,0.34710168838500977,White men,2662,0.29676934635612323,0.28297857379152047,0.19670752936655142,0.6578478307908688,0.056623931623931624,0.07963936889556725
logit,raw,1,500,6,False,0.34710168838500977,Black women,339,0.23008849557522124,0.19940117838446839,0.16764170949875512,0.6650456822870615,0.0038314176245210726,0.0058997050147492625
logit,raw,1,500,6,False,0.34710168838500977,White women,611,0.2127659574468085,0.20220956885752256,0.17206410903264147,0.5533983687829842,0.004158004158004158,0.004909983633387889
logit,raw,1,500,7,False,0.340484619140625,All,7807,0.30062764185986934,0.28016272203630055,0.20147808057228347,0.6422808479689605,0.0,0.0
logit,raw,1,500,7,False,0.340484619140625,Men,6857,0.31194399883330903,0.2798776817401478,0.2064086107161135,0.6396222399131493,0.0,0.0
logit,raw,1,500,7,False,0.340484619140625,Women,950,0.21894736842105264,0.28222011288968907,0.16589003299729144,0.6785843873108024,0.0,0.0
logit,raw,1,500,7,False,0.340484619140625,Black,4534,0.31473312748125276,0.2802998087917742,0.20778165279119304,0.6387608603129358,0.0,0.0
logit,raw,1,500,7,False,0.340484619140625,White,3273,0.281087687137183,0.2799728193936737,0.19274590934083347,0.647524898834051,0.0,0.0
logit,raw,1,500,7,False,0.340484619140625,Black men,4195,0.3215733015494637,0.2796453227674078,0.2109990746114085,0.6355700873138375,0.0,0.0
logit,raw,1,500,7,False,0.340484619140625,White men,2662,0.29676934635612323,0.28024385224752757,0.19917457764294944,0.6465926917667424,0.0,0.0
logit,raw,1,500,7,False,0.340484619140625,Black women,339,0.23008849557522124,0.28839883201365446,0.16796724413100447,0.7171627861283034,0.0,0.0
logit,raw,1,500,7,False,0.340484619140625,White women,611,0.2127659574468085,0.27879198558523033,0.16473753778562414,0.6538301615224692,0.0,0.0
logit,raw,1,500,8,False,0.36017537117004395,All,7807,0.30062764185986934,0.3268526705249493,0.19939789697763513,0.6515076529776146,0.09175824175824175,0.12078903548097861
logit,raw,1,500,8,False,0.36017537117004395,Men,6857,0.31194399883330903,0.3319750260803824,0.20325666173654328,0.6496548386502232,0.09622721492157695,0.12760682514219046
logit,raw,1,500,8,False,0.36017537117004395,Women,950,0.21894736842105264,0.28988004732115513,0.17154573913360024,0.6381336823553805,0.06334231805929919,0.07157894736842105
logit,raw,1,500,8,False,0.36017537117004395,Black,4534,0.31473312748125276,0.3266955675716571,0.20593757413836222,0.6400392539936832,0.08915352429996781,0.11314512571680635
logit,raw,1,500,8,False,0.36017537117004395,White,3273,0.281087687137183,0.32707030107497287,0.19033865583900492,0.6689286572183522,0.09519762005949851,0.13137794072716164
logit,raw,1,500,8,False,0.36017537117004395,Black men,4195,0.3215733015494637,0.3302065738732059,0.20919111985609068,0.6350113850242782,0.09451862262825017,0.11775923718712754
logit,raw,1,500,8,False,0.36017537117004395,White men,2662,0.29676934635612323,0.334761899487259,0.19390465128894693,0.6747653629773883,0.09882478632478632,0.14312546957175057
logit,raw,1,500,8,False,0.36017537117004395,Black women,339,0.23008849557522124,0.28324815920883323,0.16567614556647187,0.6768346595932804,0.03065134099616858,0.05604719764011799
logit,raw,1,500,8,False,0.36017537117004395,White women,611,0.2127659574468085,0.2935596055373206,0.17480235487706425,0.6160243083320005,0.08108108108108109,0.08019639934533551
logit,raw,1,500,9,False,0.37082982063293457,All,7807,0.30062764185986934,0.2623869546888963,0.20636310549739614,0.6168516116747902,0.04010989010989011,0.051107980017932625
logit,raw,1,500,9,False,0.37082982063293457,Men,6857,0.31194399883330903,0.2676115696170519,0.2112244357527353,0.6160039604423472,0.04451038575667656,0.05570949394779058
logit,raw,1,500,9,False,0.37082982063293457,Women,950,0.21894736842105264,0.2246762340969354,0.17127453543333224,0.591261922040224,0.012129380053908356,0.017894736842105262
logit,raw,1,500,9,False,0.37082982063293457,Black,4534,0.31473312748125276,0.25599994149005006,0.2158711706446233,0.6049919153102529,0.03830061152236885,0.04543449492721659
logit,raw,1,500,9,False,0.37082982063293457,White,3273,0.281087687137183,0.2712347144944474,0.19319183529344625,0.6393489347548921,0.042498937526561836,0.058967308279865564
logit,raw,1,500,9,False,0.37082982063293457,Black men,4195,0.3215733015494637,0.25960750730215953,0.21970230663773535,0.5992533966234065,0.040758959943780745,0.047199046483909414
logit,raw,1,500,9,False,0.37082982063293457,White men,2662,0.29676934635612323,0.28022503370832663,0.19786430488775592,0.6487375581521151,0.050213675213675216,0.06912096168294515
logit,raw,1,500,9,False,0.37082982063293457,Black women,339,0.23008849557522124,0.2113576447885771,0.16846227539062625,0.6512918754298065,0.011494252873563218,0.02359882005899705
logit,raw,1,500,9,False,0.37082982063293457,White women,611,0.2127659574468085,0.232065762371131,0.17283485647175667,0.5569806492883415,0.012474012474012475,0.014729950900163666
logit,raw,1,1000,0,False,0.3468492031097412,All,7807,0.30062764185986934,0.2928851960998818,0.19848249305777624,0.6538915707215665,0.06373626373626373,0.08710131932880748
logit,raw,1,1000,0,False,0.3468492031097412,Men,6857,0.31194399883330903,0.3014825491786126,0.20387976570361574,0.6459853255147099,0.07206443408223824,0.09639784162170045
logit,raw,1,1000,0,False,0.3468492031097412,Women,950,0.21894736842105264,0.23083040656213735,0.1595255472340697,0.6771783640887414,0.01078167115902965,0.02
logit,raw,1,1000,0,False,0.3468492031097412,Black,4534,0.31473312748125276,0.2945332954866954,0.20488004408749247,0.6471858986951949,0.0634052140328291,0.08601676224084694
logit,raw,1,1000,0,False,0.3468492031097412,White,3273,0.281087687137183,0.29060212777729927,0.18962013547490628,0.6629598662207358,0.06417339566510838,0.08860372746715552
logit,raw,1,1000,0,False,0.3468492031097412,Black men,4195,0.3215733015494637,0.2996561532011023,0.20868117341044026,0.6391012420642135,0.06816584680252986,0.09129916567342074
logit,raw,1,1000,0,False,0.3468492031097412,White men,2662,0.29676934635612323,0.30436073517622947,0.19631330990717363,0.657754516931732,0.07799145299145299,0.10443275732531931
logit,raw,1,1000,0,False,0.3468492031097412,Black women,339,0.23008849557522124,0.23113982023024365,0.15784247031237164,0.7157874054425778,0.011494252873563218,0.02064896755162242
logit,raw,1,1000,0,False,0.3468492031097412,White women,611,0.2127659574468085,0.23065873514889998,0.16045936568980718,0.6541979849672157,0.010395010395010396,0.019639934533551555
logit,raw,1,1000,1,False,0.44312286376953125,All,7807,0.30062764185986934,0.31673481583431634,0.1965817994557616,0.662991957623402,0.02893772893772894,0.04700909440245933
logit,raw,1,1000,1,False,0.44312286376953125,Men,6857,0.31194399883330903,0.32460641200529367,0.2017312968698418,0.6531589700233913,0.03327681220856295,0.052792766515969085
logit,raw,1,1000,1,False,0.44312286376953125,Women,950,0.21894736842105264,0.2599184632612727,0.15941326917329016,0.7004198631557123,0.0013477088948787063,0.005263157894736842
logit,raw,1,1000,1,False,0.44312286376953125,Black,4534,0.31473312748125276,0.31589423636801944,0.2031307975567494,0.6490881521008803,0.024460894753781784,0.03859726510807234
logit,raw,1,1000,1,False,0.44312286376953125,White,3273,0.281087687137183,0.3178992482511174,0.18750964626606445,0.6830692547903694,0.03484912877178071,0.05866177818515124
logit,raw,1,1000,1,False,0.44312286376953125,Black men,4195,0.3215733015494637,0.3207843002902986,0.20679552638121879,0.6389780410465158,0.026704146170063246,0.04123957091775924
logit,raw,1,1000,1,False,0.44312286376953125,White men,2662,0.29676934635612323,0.330629612097106,0.19375066471348318,0.677880558260305,0.04326923076923077,0.07099924868519909
logit,raw,1,1000,1,False,0.44312286376953125,Black women,339,0.23008849557522124,0.2553814984507313,0.15778112965513014,0.7479123686020238,0.0,0.0058997050147492625
logit,raw,1,1000,1,False,0.44312286376953125,White women,611,0.2127659574468085,0.26243569905631947,0.16031882612362772,0.6724772109387495,0.002079002079002079,0.004909983633387889
logit,raw,1,1000,2,False,0.3837401866912842,All,7807,0.30062764185986934,0.2908933331249789,0.19562448830481996,0.6681843862713057,0.05970695970695971,0.08966312283847828
logit,raw,1,1000,2,False,0.3837401866912842,Men,6857,0.31194399883330903,0.303005155425302,0.20059489946122075,0.6617091774095448,0.0688851208139042,0.101356278255797
logit,raw,1,1000,2,False,0.3837401866912842,Women,950,0.21894736842105264,0.20347147468991045,0.1597485837790933,0.6796664420485176,0.0013477088948787063,0.005263157894736842
logit,raw,1,1000,2,False,0.3837401866912842,Black,4534,0.31473312748125276,0.29533809362123264,0.2022755322892529,0.6601351605852372,0.0653363373028645,0.0937362152624614
logit,raw,1,1000,2,False,0.3837401866912842,White,3273,0.281087687137183,0.28473612442042223,0.18641097366216208,0.6786803156008056,0.05227369315767106,0.08402077604644058
logit,raw,1,1000,2,False,0.3837401866912842,Black men,4195,0.3215733015494637,0.302624650570844,0.20626252240937634,0.6506222302561903,0.0713281799016163,0.10059594755661502
logit,raw,1,1000,2,False,0.3837401866912842,White men,2662,0.29676934635612323,0.3036047864788148,0.19166338996929264,0.6807178405279671,0.06517094017094018,0.10255447032306536
logit,raw,1,1000,2,False,0.3837401866912842,Black women,339,0.23008849557522124,0.20516963815332717,0.1529379996818263,0.7673150604185087,0.0,0.008849557522123894
logit,raw,1,1000,2,False,0.3837401866912842,White women,611,0.2127659574468085,0.20252928579613258,0.16352728755810061,0.6247561170638093,0.002079002079002079,0.0032733224222585926
logit,raw,1,1000,3,False,0.44780731201171875,All,7807,0.30062764185986934,0.29958277147135337,0.19692257470837782,0.6602744365420122,0.06593406593406594,0.09734853336749072
logit,raw,1,1000,3,False,0.44780731201171875,Men,6857,0.31194399883330903,0.314618531009628,0.20146140879856886,0.6569094399592857,0.07609156422212802,0.10996062417967041
logit,raw,1,1000,3,False,0.44780731201171875,Women,950,0.21894736842105264,0.1910562418356179,0.16416174801738845,0.642844184117769,0.0013477088948787063,0.00631578947368421
logit,raw,1,1000,3,False,0.44780731201171875,Black,4534,0.31473312748125276,0.30754456723683943,0.20453891657141088,0.6474116700562443,0.07241712262632764,0.10299955888839876
logit,raw,1,1000,3,False,0.44780731201171875,White,3273,0.281087687137183,0.2885535071876035,0.18637185854369956,0.6752489883405088,0.05737356566085848,0.0895203177512985
logit,raw,1,1000,3,False,0.44780731201171875,Black men,4195,0.3215733015494637,0.31663640961336864,0.20804681869428987,0.640109771325367,0.07905832747716093,0.11108462455303933
logit,raw,1,1000,3,False,0.44780731201171875,White men,2662,0.29676934635612323,0.3114385908358142,0.19108357464659675,0.683103429622417,0.07158119658119658,0.10818933132982719
logit,raw,1,1000,3,False,0.44780731201171875,Black women,339,0.23008849557522124,0.19503637027654314,0.16112992127501743,0.7158365261813537,0.0,0.0029498525073746312
logit,raw,1,1000,3,False,0.44780731201171875,White women,611,0.2127659574468085,0.18884795453369702,0.16584389084171539,0.6029425875579721,0.002079002079002079,0.008183306055646482
logit,raw,1,1000,4,False,0.4519977569580078,All,7807,0.30062764185986934,0.3270940074947804,0.19778065553667548,0.6546834006782878,0.048534798534798536,0.07147431791981555
logit,raw,1,1000,4,False,0.4519977569580078,Men,6857,0.31194399883330903,0.3370507034836077,0.20261941190388688,0.6477923367898022,0.055955913522679104,0.08079334986145545
logit,raw,1,1000,4,False,0.4519977569580078,Women,950,0.21894736842105264,0.25522762392068693,0.16285502142091896,0.667699046236782,0.0013477088948787063,0.004210526315789474
logit,raw,1,1000,4,False,0.4519977569580078,Black,4534,0.31473312748125276,0.32551888871528667,0.20399135969111729,0.6406655947225888,0.03765690376569038,0.05690339655932951
logit,raw,1,1000,4,False,0.4519977569580078,White,3273,0.281087687137183,0.3292759777197191,0.189177131969233,0.6747496258245718,0.06289842753931152,0.09165902841429881
logit,raw,1,1000,4,False,0.4519977569580078,Black men,4195,0.3215733015494637,0.3316343852282203,0.20759594207602575,0.6316526596052254,0.041110330288123685,0.06126340882002384
logit,raw,1,1000,4,False,0.4519977569580078,White men,2662,0.29676934635612323,0.3455861862339271,0.19477698362735704,0.6758181867359083,0.07852564102564102,0.1115702479338843
logit,raw,1,1000,4,False,0.4519977569580078,Black women,339,0.23008849557522124,0.2498418743443235,0.15938598180117333,0.7312113174182139,0.0,0.0029498525073746312
logit,raw,1,1000,4,False,0.4519977569580078,White women,611,0.2127659574468085,0.258215789397589,0.16477974225740627,0.6257156564848873,0.002079002079002079,0.004909983633387889
logit,raw,1,1000,5,False,0.4383718967437744,All,7807,0.30062764185986934,0.2866465316088927,0.1968174660365775,0.6640300687808143,0.011538461538461539,0.01908543614704752
logit,raw,1,1000,5,False,0.4383718967437744,Men,6857,0.31194399883330903,0.290239083371545,0.20185886522155724,0.657140320430385,0.01314116150911403,0.021292110252296922
logit,raw,1,1000,5,False,0.4383718967437744,Women,950,0.21894736842105264,0.2607158711494118,0.16042917739299223,0.6997460087082729,0.0013477088948787063,0.003157894736842105
logit,raw,1,1000,5,False,0.4383718967437744,Black,4534,0.31473312748125276,0.2849392957309467,0.20421627797480588,0.6527329724750653,0.010943031863533955,0.015880017644464048
logit,raw,1,1000,5,False,0.4383718967437744,White,3273,0.281087687137183,0.2890115201425339,0.18656808830118876,0.6817582549566696,0.012324691882702932,0.023525817293003362
logit,raw,1,1000,5,False,0.4383718967437744,Black men,4195,0.3215733015494637,0.28715781834948934,0.20776338659844107,0.6448601733565948,0.011595221363316937,0.0166865315852205
logit,raw,1,1000,5,False,0.4383718967437744,White men,2662,0.29676934635612323,0.29509479590630217,0.1925540315716595,0.6788603537812399,0.015491452991452992,0.028549962434259956
logit,raw,1,1000,5,False,0.4383718967437744,Black women,339,0.23008849557522124,0.2574858963657942,0.1603221166882289,0.7435897435897435,0.0038314176245210726,0.0058997050147492625
logit,raw,1,1000,5,False,0.4383718967437744,White women,611,0.2127659574468085,0.2625079520850033,0.16048857768581515,0.6738205661282585,0.0,0.0016366612111292963
logit,raw,1,1000,6,False,0.3590209484100342,All,7807,0.30062764185986934,0.27917043112616097,0.19579688349739202,0.664473390549232,0.04835164835164835,0.07967208915076214
logit,raw,1,1000,6,False,0.3590209484100342,Men,6857,0.31194399883330903,0.29286736883070313,0.1997041596927508,0.6635300613309695,0.05553200508690123,0.09012687764328424
logit,raw,1,1000,6,False,0.3590209484100342,Women,950,0.21894736842105264,0.1803073765576919,0.16759457521152385,0.6333065519386274,0.0026954177897574125,0.004210526315789474
logit,raw,1,1000,6,False,0.3590209484100342,Black,4534,0.31473312748125276,0.2850569548584975,0.2012452540962435,0.6622316089378394,0.0511747666559382,0.08381120423467137
logit,raw,1,1000,6,False,0.3590209484100342,White,3273,0.281087687137183,0.27101598609028754,0.1882494003641221,0.6665667325708162,0.044623884402889925,0.07393828292086771
logit,raw,1,1000,6,False,0.3590209484100342,Black men,4195,0.3215733015494637,0.2938083245098843,0.2041310314765705,0.657779870776979,0.05586788475052706,0.09058402860548272
logit,raw,1,1000,6,False,0.3590209484100342,White men,2662,0.29676934635612323,0.29138453296512645,0.19272792861344062,0.6728977334198853,0.05502136752136752,0.08940646130728776
logit,raw,1,1000,6,False,0.3590209484100342,Black women,339,0.23008849557522124,0.17676198232879933,0.16553482309190226,0.703605462226152,0.0,0.0
logit,raw,1,1000,6,False,0.3590209484100342,White women,611,0.2127659574468085,0.18227446108076,0.16873738367069194,0.5914760914760916,0.004158004158004158,0.006546644844517185
logit,raw,1,1000,7,False,0.48566699028015137,All,7807,0.30062764185986934,0.2917142305008598,0.1973606732211375,0.6568505347798061,0.009706959706959707,0.016779812988343794
logit,raw,1,1000,7,False,0.48566699028015137,Men,6857,0.31194399883330903,0.2985195831329975,0.2022572988001965,0.6503836480343154,0.011233573548113607,0.019104564678430802
logit,raw,1,1000,7,False,0.48566699028015137,Women,950,0.21894736842105264,0.24259391155499882,0.1620173452257616,0.6676277731702259,0.0,0.0
logit,raw,1,1000,7,False,0.48566699028015137,Black,4534,0.31473312748125276,0.29275289627579404,0.20427834288545513,0.6453664206037004,0.00804634695848085,0.015218350242611381
logit,raw,1,1000,7,False,0.48566699028015137,White,3273,0.281087687137183,0.2902753943800069,0.18777780910319797,0.6728810584083224,0.011899702507437314,0.018942865872288422
logit,raw,1,1000,7,False,0.48566699028015137,Black men,4195,0.3215733015494637,0.2965632372465247,0.2075980719070236,0.638713666769638,0.008784258608573436,0.016448152562574495
logit,raw,1,1000,7,False,0.48566699028015137,White men,2662,0.29676934635612323,0.3016025549563458,0.19384086634973072,0.6708353618954884,0.014957264957264958,0.02329075882794891
logit,raw,1,1000,7,False,0.48566699028015137,Black women,339,0.23008849557522124,0.2456013317559852,0.16319792033241812,0.6986933883485608,0.0,0.0
logit,raw,1,1000,7,False,0.48566699028015137,White women,611,0.2127659574468085,0.24092531016689017,0.16136232892272306,0.6477530785223092,0.0,0.0
logit,raw,1,1000,8,False,0.4628767967224121,All,7807,0.30062764185986934,0.30721699514037215,0.19622745930600713,0.6630829474459641,0.02197802197802198,0.03599333931087485
logit,raw,1,1000,8,False,0.4628767967224121,Men,6857,0.31194399883330903,0.3136989199237713,0.20091660472030046,0.6570821544061209,0.024586689275116574,0.04010500218754558
logit,raw,1,1000,8,False,0.4628767967224121,Women,950,0.21894736842105264,0.26043114436166875,0.16238170129989205,0.6731093199253577,0.005390835579514825,0.00631578947368421
logit,raw,1,1000,8,False,0.4628767967224121,Black,4534,0.31473312748125276,0.3070693909046941,0.2035297772757796,0.6480474837093896,0.02252977148374638,0.035288928098809
logit,raw,1,1000,8,False,0.4628767967224121,White,3273,0.281087687137183,0.30742146736908105,0.186111752103151,0.6855175631478777,0.021249468763280918,0.036969141460433855
logit,raw,1,1000,8,False,0.4628767967224121,Black men,4195,0.3215733015494637,0.31151500610858834,0.2068638766521305,0.6411519008640741,0.024244553759662685,0.03742550655542312
logit,raw,1,1000,8,False,0.4628767967224121,White men,2662,0.29676934635612323,0.31714051213064315,0.19154440120639105,0.6850494969165856,0.025106837606837608,0.04432757325319309
logit,raw,1,1000,8,False,0.4628767967224121,Black women,339,0.23008849557522124,0.252056541995148,0.16227152688111265,0.7014441497200117,0.0038314176245210726,0.008849557522123894
logit,raw,1,1000,8,False,0.4628767967224121,White women,611,0.2127659574468085,0.2650776095044683,0.16244282916890385,0.655397409243563,0.006237006237006237,0.004909983633387889
logit,raw,1,1000,9,False,0.3671231269836426,All,7807,0.30062764185986934,0.29708548611213326,0.19949482002244168,0.6403322142989804,0.024175824175824177,0.03535288843345715
logit,raw,1,1000,9,False,0.3671231269836426,Men,6857,0.31194399883330903,0.30579160228212304,0.20457997551327506,0.6328713147562745,0.027766002543450616,0.04010500218754558
logit,raw,1,1000,9,False,0.3671231269836426,Women,950,0.21894736842105264,0.23424565603042818,0.16279070296913173,0.6618028198216876,0.0013477088948787063,0.0010526315789473684
logit,raw,1,1000,9,False,0.3671231269836426,Black,4534,0.31473312748125276,0.2937891167164779,0.20759456982911886,0.6213475956477778,0.021242355970389443,0.030436700485222762
logit,raw,1,1000,9,False,0.3671231269836426,White,3273,0.281087687137183,0.301651859115464,0.18827445166818732,0.6706004360760546,0.02804929876753081,0.04216315307057745
logit,raw,1,1000,9,False,0.3671231269836426,Black men,4195,0.3215733015494637,0.2995236991788215,0.2111733568565458,0.6127471639021539,0.023190442726633873,0.03289630512514899
logit,raw,1,1000,9,False,0.3671231269836426,White men,2662,0.29676934635612323,0.3156690829426602,0.19418957929425898,0.670141593638429,0.034722222222222224,0.05146506386175808
logit,raw,1,1000,9,False,0.3671231269836426,Black women,339,0.23008849557522124,0.22282577326653247,0.16330839997644644,0.7046861184792219,0.0,0.0
logit,raw,1,1000,9,False,0.3671231269836426,White women,611,0.2127659574468085,0.24058172846407902,0.16250347009600621,0.6399968015352631,0.002079002079002079,0.0016366612111292963
logit,raw,1,2000,0,False,0.4099562168121338,All,7807,0.30062764185986934,0.2917072003278443,0.19593031074382214,0.6654260524307393,0.0684981684981685,0.10042269757909568
logit,raw,1,2000,0,False,0.4099562168121338,Men,6857,0.31194399883330903,0.299379064781382,0.20069360307342923,0.6611167163208316,0.0765154726579059,0.11010646055126148
logit,raw,1,2000,0,False,0.4099562168121338,Women,950,0.21894736842105264,0.23633249026688818,0.16154936810791062,0.6684636118598384,0.01752021563342318,0.030526315789473683
logit,raw,1,2000,0,False,0.4099562168121338,Black,4534,0.31473312748125276,0.29273127369738977,0.20268392634827517,0.6580892344952477,0.0682330222079176,0.09616232906925452
logit,raw,1,2000,0,False,0.4099562168121338,White,3273,0.281087687137183,0.2902885786787398,0.18657470635928497,0.6761779596814428,0.06884827879303017,0.10632447296058661
logit,raw,1,2000,0,False,0.4099562168121338,Black men,4195,0.3215733015494637,0.2974192730346577,0.20632552707445026,0.6517761002528096,0.07378777231201687,0.10178784266984506
logit,raw,1,2000,0,False,0.4099562168121338,White men,2662,0.29676934635612323,0.30246746687661447,0.1918183509380862,0.6774511792707995,0.08066239316239317,0.12321562734785875
logit,raw,1,2000,0,False,0.4099562168121338,Black women,339,0.23008849557522124,0.234719010512024,0.15762046013498787,0.7145102662344042,0.007662835249042145,0.02654867256637168
logit,raw,1,2000,0,False,0.4099562168121338,White women,611,0.2127659574468085,0.23722769425526613,0.16372923685229823,0.6418998880537341,0.02286902286902287,0.03273322422258593
logit,raw,1,2000,1,False,0.4364614486694336,All,7807,0.30062764185986934,0.30634979569423154,0.1934520624596272,0.6771400946731156,0.036813186813186814,0.06071474317919816
logit,raw,1,2000,1,False,0.4364614486694336,Men,6857,0.31194399883330903,0.31665556422348073,0.1983425101729159,0.6705783565710068,0.04217888935989826,0.06825142190462301
logit,raw,1,2000,1,False,0.4364614486694336,Women,950,0.21894736842105264,0.23196384326785038,0.15815332564907922,0.6941219158200291,0.0026954177897574125,0.00631578947368421
logit,raw,1,2000,1,False,0.4364614486694336,Black,4534,0.31473312748125276,0.3058677755938508,0.20074675301183853,0.6640298857227018,0.0341165111039588,0.052712836347595944
logit,raw,1,2000,1,False,0.4364614486694336,White,3273,0.281087687137183,0.30701752534138294,0.1833469213158063,0.6964582678911287,0.04037399065023375,0.0717995722578674
logit,raw,1,2000,1,False,0.4364614486694336,Black men,4195,0.3215733015494637,0.31223635148959183,0.20442098177220996,0.6549832337219679,0.03724525650035137,0.056257449344457686
logit,raw,1,2000,1,False,0.4364614486694336,White men,2662,0.29676934635612323,0.3236197255377799,0.18876355136035447,0.6982216271773234,0.049679487179487176,0.08715251690458302
logit,raw,1,2000,1,False,0.4364614486694336,Black women,339,0.23008849557522124,0.227058997179002,0.1552795269063569,0.7535612535612536,0.0,0.008849557522123894
logit,raw,1,2000,1,False,0.4364614486694336,White women,611,0.2127659574468085,0.23468518995217053,0.15974779009062243,0.6591076283383975,0.004158004158004158,0.004909983633387889
logit,raw,1,2000,2,False,0.4129211902618408,All,7807,0.30062764185986934,0.3044820098557971,0.19312524694087066,0.6801578197402653,0.07472527472527472,0.10990137056487767
logit,raw,1,2000,2,False,0.4129211902618408,Men,6857,0.31194399883330903,0.31504202399570463,0.19830384899893214,0.6729783243864674,0.08520559559135227,0.12235671576491176
logit,raw,1,2000,2,False,0.4129211902618408,Women,950,0.21894736842105264,0.22826093937438036,0.15574664240178915,0.7066659755339001,0.008086253369272238,0.02
logit,raw,1,2000,2,False,0.4129211902618408,Black,4534,0.31473312748125276,0.3069533832916358,0.19970654047154546,0.6713380212279211,0.07756678467975539,0.11204234671371857
logit,raw,1,2000,2,False,0.4129211902618408,White,3273,0.281087687137183,0.30105848185149137,0.18400835574989005,0.692712356104141,0.07097322566935826,0.10693553315001528
logit,raw,1,2000,2,False,0.4129211902618408,Black men,4195,0.3215733015494637,0.3136702220759558,0.20394150156658006,0.6611542242321033,0.08397751229796205,0.11847437425506556
logit,raw,1,2000,2,False,0.4129211902618408,White men,2662,0.29676934635612323,0.3172038230390354,0.1894195693140024,0.6934565346748891,0.08707264957264957,0.1284748309541698
logit,raw,1,2000,2,False,0.4129211902618408,Black women,339,0.23008849557522124,0.22383498004614233,0.14730045848431833,0.784310836034974,0.007662835249042145,0.032448377581120944
logit,raw,1,2000,2,False,0.4129211902618408,White women,611,0.2127659574468085,0.23071658620297716,0.1604328230041175,0.6599072445226292,0.008316008316008316,0.01309328968903437
logit,raw,1,2000,3,False,0.4645981788635254,All,7807,0.30062764185986934,0.30440300322133135,0.19403324128928362,0.6718318607964964,0.0663003663003663,0.10413731266811836
logit,raw,1,2000,3,False,0.4645981788635254,Men,6857,0.31194399883330903,0.32039467319236803,0.19847996518055333,0.6684871542267673,0.0765154726579059,0.11768995187399738
logit,raw,1,2000,3,False,0.4645981788635254,Women,950,0.21894736842105264,0.1889768127040693,0.1619372563182979,0.6625414679659963,0.0013477088948787063,0.00631578947368421
logit,raw,1,2000,3,False,0.4645981788635254,Black,4534,0.31473312748125276,0.3102332889447283,0.20081303047807192,0.6618436701356365,0.06855487608625684,0.1043228936921041
logit,raw,1,2000,3,False,0.4645981788635254,White,3273,0.281087687137183,0.29632646320609096,0.18464137933329025,0.6838568709695301,0.06332341691457713,0.10388023220287199
logit,raw,1,2000,3,False,0.4645981788635254,Black men,4195,0.3215733015494637,0.3201130645196374,0.2039980134503655,0.6562162857680165,0.07449051300070274,0.11179976162097735
logit,raw,1,2000,3,False,0.4645981788635254,White men,2662,0.29676934635612323,0.32083845545461637,0.18978416785077795,0.688176187385048,0.07959401709401709,0.12697220135236664
logit,raw,1,2000,3,False,0.4645981788635254,Black women,339,0.23008849557522124,0.1879747091903214,0.1614000405996899,0.7004126142057177,0.0038314176245210726,0.011799410029498525
logit,raw,1,2000,3,False,0.4645981788635254,White women,611,0.2127659574468085,0.1895328079432846,0.16223531872191185,0.6388933312010234,0.0,0.0032733224222585926
logit,raw,1,2000,4,False,0.40183186531066895,All,7807,0.30062764185986934,0.3234393937550391,0.19508497054699328,0.6680267538171245,0.057692307692307696,0.09017548354041245
logit,raw,1,2000,4,False,0.40183186531066895,Men,6857,0.31194399883330903,0.33499762531661004,0.19990793462471662,0.6617872605903288,0.06634167019923697,0.10150211462738808
logit,raw,1,2000,4,False,0.40183186531066895,Women,950,0.21894736842105264,0.24001329499957327,0.1602733235144156,0.6773921832884098,0.0026954177897574125,0.008421052631578947
logit,raw,1,2000,4,False,0.40183186531066895,Black,4534,0.31473312748125276,0.3236558028051431,0.20173085244546715,0.6530343016842183,0.0492436433859028,0.07984119982355536
logit,raw,1,2000,4,False,0.40183186531066895,White,3273,0.281087687137183,0.3231396080437125,0.18587860680495832,0.6888916092315083,0.06884827879303017,0.10449129239230064
logit,raw,1,2000,4,False,0.40183186531066895,Black men,4195,0.3215733015494637,0.3308377883794813,0.20539973223708666,0.6442306239701776,0.05375966268446943,0.08510131108462456
logit,raw,1,2000,4,False,0.40183186531066895,White men,2662,0.29676934635612323,0.3415530407753838,0.19125350525435889,0.6916396191712648,0.08547008547008547,0.12734785875281743
logit,raw,1,2000,4,False,0.40183186531066895,Black women,339,0.23008849557522124,0.2347813795474785,0.15632981785595726,0.7425090873366735,0.0,0.014749262536873156
logit,raw,1,2000,4,False,0.40183186531066895,White women,611,0.2127659574468085,0.2429161089738125,0.16246129146567148,0.6377578762194147,0.004158004158004158,0.004909983633387889
logit,raw,1,2000,5,False,0.42715930938720703,All,7807,0.30062764185986934,0.29606187769109493,0.1937033677629135,0.6760881711669952,0.023992673992673994,0.04265402843601896
logit,raw,1,2000,5,False,0.42715930938720703,Men,6857,0.31194399883330903,0.30151415381243896,0.1984103300821326,0.6706399907568539,0.02691818567189487,0.04754265713869039
logit,raw,1,2000,5,False,0.42715930938720703,Women,950,0.21894736842105264,0.256707922571036,0.15972900921250774,0.6911219676549866,0.005390835579514825,0.007368421052631579
logit,raw,1,2000,5,False,0.42715930938720703,Black,4534,0.31473312748125276,0.29682184915629983,0.20037345420011973,0.6683323976941098,0.024782748632121016,0.04102337891486546
logit,raw,1,2000,5,False,0.42715930938720703,White,3273,0.281087687137183,0.2950091093980186,0.1844634741160167,0.6878083482695541,0.022949426264343393,0.044912923923006415
logit,raw,1,2000,5,False,0.42715930938720703,Black men,4195,0.3215733015494637,0.3002609000554107,0.20375372964543634,0.661849932304557,0.026704146170063246,0.04362336114421931
logit,raw,1,2000,5,False,0.42715930938720703,White men,2662,0.29676934635612323,0.30348913484577233,0.18998975864409376,0.6866452991452991,0.027243589743589744,0.05371900826446281
logit,raw,1,2000,5,False,0.42715930938720703,Black women,339,0.23008849557522124,0.2542648623664166,0.15854379197857624,0.7297376952549367,0.0038314176245210726,0.008849557522123894
logit,raw,1,2000,5,False,0.42715930938720703,White women,611,0.2127659574468085,0.25806340114610304,0.160386601098437,0.667855429393891,0.006237006237006237,0.006546644844517185
logit,raw,1,2000,6,False,0.399979829788208,All,7807,0.30062764185986934,0.29563697734615957,0.19311374474540885,0.6769826963265394,0.031135531135531136,0.05520686563340592
logit,raw,1,2000,6,False,0.399979829788208,Men,6857,0.31194399883330903,0.30402076378870807,0.197380574569412,0.6746635536448297,0.03603221704111912,0.06212629429779787
logit,raw,1,2000,6,False,0.399979829788208,Women,950,0.21894736842105264,0.2351236893076805,0.16231621621573578,0.6583817126269957,0.0,0.005263157894736842
logit,raw,1,2000,6,False,0.399979829788208,Black,4534,0.31473312748125276,0.29518059764964805,0.1987878726459788,0.6757395478122169,0.0321853878339234,0.051830613145125715
logit,raw,1,2000,6,False,0.399979829788208,White,3273,0.281087687137183,0.2962691880225982,0.18525352601605216,0.6801395997708752,0.029749256268593285,0.05988389856400855
logit,raw,1,2000,6,False,0.399979829788208,Black men,4195,0.3215733015494637,0.30060744769757497,0.20199785594946695,0.6702046803884296,0.035137034434293744,0.05530393325387366
logit,raw,1,2000,6,False,0.399979829788208,White men,2662,0.29676934635612323,0.30939974989024954,0.19010428028341242,0.6846349940495511,0.03739316239316239,0.07287753568745305
logit,raw,1,2000,6,False,0.399979829788208,Black women,339,0.23008849557522124,0.2280253293574537,0.15906551288747528,0.7220257392671187,0.0,0.008849557522123894
logit,raw,1,2000,6,False,0.399979829788208,White women,611,0.2127659574468085,0.23906205923096505,0.1641197979314155,0.6218135295058371,0.0,0.0032733224222585926
logit,raw,1,2000,7,False,0.5129082202911377,All,7807,0.30062764185986934,0.30296167801836804,0.19381304405523905,0.675526312914468,0.026923076923076925,0.045472012296656844
logit,raw,1,2000,7,False,0.5129082202911377,Men,6857,0.31194399883330903,0.3123644771749091,0.19874369224046656,0.6687090174777507,0.030733361593895718,0.051042730056876186
logit,raw,1,2000,7,False,0.5129082202911377,Women,950,0.21894736842105264,0.23509326347478685,0.15822414446986524,0.6975300642753473,0.0026954177897574125,0.005263157894736842
logit,raw,1,2000,7,False,0.5129082202911377,Black,4534,0.31473312748125276,0.30512007778908073,0.200831068355671,0.6641067968456967,0.02510460251046025,0.041243934715483016
logit,raw,1,2000,7,False,0.5129082202911377,White,3273,0.281087687137183,0.2999717041227337,0.18409116132436268,0.6914808108058169,0.029324266893327667,0.051329055912007336
logit,raw,1,2000,7,False,0.5129082202911377,Black men,4195,0.3215733015494637,0.31066520644553797,0.20431797799130746,0.6565249394804302,0.027406886858749122,0.043861740166865316
logit,raw,1,2000,7,False,0.5129082202911377,White men,2662,0.29676934635612323,0.3150423286811872,0.18995927123191006,0.6903278156442714,0.03579059829059829,0.06235912847483095
logit,raw,1,2000,7,False,0.5129082202911377,Black women,339,0.23008849557522124,0.23650115532938162,0.1576818473483109,0.7287061597406426,0.0,0.008849557522123894
logit,raw,1,2000,7,False,0.5129082202911377,White women,611,0.2127659574468085,0.23431212544089547,0.15852502617887818,0.6805373420758036,0.004158004158004158,0.0032733224222585926
logit,raw,1,2000,8,False,0.4416494369506836,All,7807,0.30062764185986934,0.29306320260267765,0.19464761704872427,0.6715120698077665,0.03333333333333333,0.05277315229921865
logit,raw,1,2000,8,False,0.4416494369506836,Men,6857,0.31194399883330903,0.30291341181724013,0.19962297871472032,0.6643447820319899,0.03815175922000848,0.05950123960915853
logit,raw,1,2000,8,False,0.4416494369506836,Women,950,0.21894736842105264,0.22196542935609356,0.15873598026584546,0.6867548724860045,0.0026954177897574125,0.004210526315789474
logit,raw,1,2000,8,False,0.4416494369506836,Black,4534,0.31473312748125276,0.2935876287084703,0.20215261039880206,0.6592223766709844,0.03379465722561957,0.049404499338332596
logit,raw,1,2000,8,False,0.4416494369506836,White,3273,0.281087687137183,0.2923367290421327,0.18425114902267706,0.6894967571462887,0.03272418189545261,0.05743965780629392
logit,raw,1,2000,8,False,0.4416494369506836,Black men,4195,0.3215733015494637,0.2998153612827957,0.20567742720060217,0.6511556672207675,0.036542515811665496,0.05268176400476758
logit,raw,1,2000,8,False,0.4416494369506836,White men,2662,0.29676934635612323,0.30779557635217425,0.19008187751326489,0.6880700259655955,0.0405982905982906,0.07024793388429752
logit,raw,1,2000,8,False,0.4416494369506836,Black women,339,0.23008849557522124,0.21652173446276243,0.15853430218773576,0.733962078789665,0.0038314176245210726,0.008849557522123894
logit,raw,1,2000,8,False,0.4416494369506836,White women,611,0.2127659574468085,0.2249857445260432,0.15884787694093414,0.6608987685910763,0.002079002079002079,0.0016366612111292963
logit,raw,1,2000,9,False,0.43837785720825195,All,7807,0.30062764185986934,0.3003046678006794,0.19509168491708323,0.6661534247601568,0.03131868131868132,0.05187652107083387
logit,raw,1,2000,9,False,0.43837785720825195,Men,6857,0.31194399883330903,0.31271983455898295,0.19985022928677051,0.6605913393861672,0.03624417125900806,0.0590637304943853
logit,raw,1,2000,9,False,0.43837785720825195,Women,950,0.21894736842105264,0.21069330099890282,0.1607450125560874,0.6778910947543023,0.0,0.0
logit,raw,1,2000,9,False,0.43837785720825195,Black,4534,0.31473312748125276,0.30180568593829116,0.20228650726912303,0.6518145499154316,0.02735757965883489,0.0458756065284517
logit,raw,1,2000,9,False,0.43837785720825195,White,3273,0.281087687137183,0.2982253472275257,0.18512488853940268,0.6854154733088194,0.03654908627284318,0.060189428658722885
logit,raw,1,2000,9,False,0.43837785720825195,Black men,4195,0.3215733015494637,0.30945907727440913,0.2055942709441475,0.6448799688689522,0.029866479269149683,0.04958283671036949
logit,raw,1,2000,9,False,0.43837785720825195,White men,2662,0.29676934635612323,0.31785840586205844,0.19079829286577268,0.6873958671427026,0.045940170940170943,0.07400450788880542
logit,raw,1,2000,9,False,0.43837785720825195,Black women,339,0.23008849557522124,0.20709779020078353,0.16135415146756635,0.7114156596915217,0.0,0.0
logit,raw,1,2000,9,False,0.43837785720825195,White women,611,0.2127659574468085,0.21268819160538796,0.1604070451403896,0.655877178954102,0.0,0.0
logit,raw,1,4000,0,False,0.6764090061187744,All,7807,0.30062764185986934,0.29610075723484697,0.19210291021127282,0.6806576394774094,0.04194139194139194,0.07249903932368387
logit,raw,1,4000,0,False,0.6764090061187744,Men,6857,0.31194399883330903,0.3042927662981494,0.19665013575549994,0.676562520747038,0.04811360746078847,0.08166836809100189
logit,raw,1,4000,0,False,0.6764090061187744,Women,950,0.21894736842105264,0.23697169813267357,0.15928151488836204,0.6795044578063446,0.0026954177897574125,0.00631578947368421
logit,raw,1,4000,0,False,0.6764090061187744,Black,4534,0.31473312748125276,0.29514944230682066,0.1989417602993624,0.6732664379481736,0.04248471194077889,0.06771063078958976
logit,raw,1,4000,0,False,0.6764090061187744,White,3273,0.281087687137183,0.29741858854669284,0.18262923275957776,0.6932144902899166,0.04122396940076498,0.07913229453101131
logit,raw,1,4000,0,False,0.6764090061187744,Black men,4195,0.3215733015494637,0.30026121409112105,0.20245740537184062,0.6663466392168895,0.046380885453267746,0.07246722288438617
logit,raw,1,4000,0,False,0.6764090061187744,White men,2662,0.29676934635612323,0.31064602005791064,0.18749855948181499,0.6965142540300768,0.05074786324786325,0.09616829451540196
logit,raw,1,4000,0,False,0.6764090061187744,Black women,339,0.23008849557522124,0.23189315134770547,0.15543694885674786,0.7405933785244131,0.0,0.008849557522123894
logit,raw,1,4000,0,False,0.6764090061187744,White women,611,0.2127659574468085,0.239789418852975,0.1614145883494377,0.6430513353590277,0.004158004158004158,0.004909983633387889
logit,raw,1,4000,1,False,0.502169132232666,All,7807,0.30062764185986934,0.30704774531289747,0.1911606066001823,0.6851013139679522,0.050915750915750915,0.0862046881004227
logit,raw,1,4000,1,False,0.502169132232666,Men,6857,0.31194399883330903,0.31968915970002015,0.19588000707118328,0.6798722368908942,0.05892327257312421,0.09756453259442906
logit,raw,1,4000,1,False,0.502169132232666,Women,950,0.21894736842105264,0.21580334694184491,0.15709647077949396,0.697711486626581,0.0,0.004210526315789474
logit,raw,1,4000,1,False,0.502169132232666,Black,4534,0.31473312748125276,0.30599665828385986,0.19763907706257436,0.6765700075039093,0.04763437399420663,0.0791795324217027
logit,raw,1,4000,1,False,0.502169132232666,White,3273,0.281087687137183,0.30850378826726865,0.18218615347568318,0.6986737559821874,0.055248618784530384,0.09593644974029943
logit,raw,1,4000,1,False,0.502169132232666,Black men,4195,0.3215733015494637,0.3138339108899935,0.20111080765563677,0.6693003380344202,0.05200281096275474,0.08486293206197855
logit,raw,1,4000,1,False,0.502169132232666,White men,2662,0.29676934635612323,0.32891634555954746,0.18763687842663698,0.7008323866709942,0.06944444444444445,0.11758076634109692
logit,raw,1,4000,1,False,0.502169132232666,Black women,339,0.23008849557522124,0.2090135471253623,0.15467769111007643,0.7523332350918557,0.0,0.008849557522123894
logit,raw,1,4000,1,False,0.502169132232666,White women,611,0.2127659574468085,0.21957051901678373,0.15843847783012005,0.6661602430833201,0.0,0.0016366612111292963
logit,raw,1,4000,2,False,0.6145401000976562,All,7807,0.30062764185986934,0.3037898882682439,0.19141304051657873,0.6866998787322606,0.06794871794871794,0.10503394389650314
logit,raw,1,4000,2,False,0.6145401000976562,Men,6857,0.31194399883330903,0.3169806188062619,0.19621751833659756,0.6812110463522768,0.07821110640101737,0.11827329736036167
logit,raw,1,4000,2,False,0.6145401000976562,Women,950,0.21894736842105264,0.20858058374278152,0.15673482534619027,0.6972708894878707,0.0026954177897574125,0.009473684210526316
logit,raw,1,4000,2,False,0.6145401000976562,Black,4534,0.31473312748125276,0.3073666011120095,0.19835470666960367,0.6764220494491157,0.06952043772127454,0.10145566828407587
logit,raw,1,4000,2,False,0.6145401000976562,White,3273,0.281087687137183,0.29883516292952317,0.18179693469995326,0.7005298508841626,0.06587335316617085,0.10999083409715857
logit,raw,1,4000,2,False,0.6145401000976562,Black men,4195,0.3215733015494637,0.31555854814833323,0.20208384498076187,0.6684756986643761,0.0758959943780745,0.10822407628128725
logit,raw,1,4000,2,False,0.6145401000976562,White men,2662,0.29676934635612323,0.31922163548921106,0.18697287510884797,0.7028974629449313,0.08173076923076923,0.13410969196093164
logit,raw,1,4000,2,False,0.6145401000976562,Black women,339,0.23008849557522124,0.20599427716694121,0.15220799512002095,0.7618626584143826,0.0,0.017699115044247787
logit,raw,1,4000,2,False,0.6145401000976562,White women,611,0.2127659574468085,0.21001553943706935,0.15924643818853298,0.6587238125699666,0.004158004158004158,0.004909983633387889
logit,raw,1,4000,3,False,0.5525448322296143,All,7807,0.30062764185986934,0.29986017832737366,0.19019037478926862,0.6904771269066114,0.06904761904761905,0.115665428461637
logit,raw,1,4000,3,False,0.5525448322296143,Men,6857,0.31194399883330903,0.3157957108636703,0.19456139466086092,0.6869642309668778,0.07905892327257312,0.13008604345923874
logit,raw,1,4000,3,False,0.5525448322296143,Women,950,0.21894736842105264,0.18483918190486204,0.15864081346347067,0.6878693240721543,0.005390835579514825,0.011578947368421053
logit,raw,1,4000,3,False,0.5525448322296143,Black,4534,0.31473312748125276,0.3038952200773462,0.1967449934238726,0.6818761983531094,0.06952043772127454,0.11314512571680635
logit,raw,1,4000,3,False,0.5525448322296143,White,3273,0.281087687137183,0.29427054212377585,0.18111043562358137,0.701705962785713,0.06842328941776456,0.11915673693858846
logit,raw,1,4000,3,False,0.5525448322296143,Black men,4195,0.3215733015494637,0.3136548258657923,0.20028217231086268,0.6747860391628164,0.0758959943780745,0.12109654350417164
logit,raw,1,4000,3,False,0.5525448322296143,White men,2662,0.29676934635612323,0.31916949469766653,0.18554611958882575,0.7076618792599805,0.08386752136752136,0.14425244177310292
logit,raw,1,4000,3,False,0.5525448322296143,Black women,339,0.23008849557522124,0.18312369712002574,0.15297370896687143,0.7434423813734158,0.0,0.014749262536873156
logit,raw,1,4000,3,False,0.5525448322296143,White women,611,0.2127659574468085,0.18579098115536855,0.16178508257042182,0.654405885175116,0.008316008316008316,0.009819967266775777
logit,raw,1,4000,4,False,0.5495407581329346,All,7807,0.30062764185986934,0.30547568753813414,0.1920625378880098,0.6807227994275289,0.0663003663003663,0.10529012424747022
logit,raw,1,4000,4,False,0.5495407581329346,Men,6857,0.31194399883330903,0.31700763748033917,0.19666849743522427,0.6759603488058922,0.07397202204323866,0.11681493364445093
logit,raw,1,4000,4,False,0.5495407581329346,Women,950,0.21894736842105264,0.22223928674476617,0.15881720671406305,0.6855367509848642,0.01752021563342318,0.022105263157894735
logit,raw,1,4000,4,False,0.5495407581329346,Black,4534,0.31473312748125276,0.3055516037471086,0.19933166228642113,0.6686344035407085,0.06179594464113292,0.09660344067048963
logit,raw,1,4000,4,False,0.5495407581329346,White,3273,0.281087687137183,0.3053705228294601,0.1819928128582522,0.6984580276797429,0.07224819379515512,0.11732355637030248
logit,raw,1,4000,4,False,0.5495407581329346,Black men,4195,0.3215733015494637,0.3125946623090145,0.20297558491555648,0.6611732383426572,0.06640899508081517,0.10226460071513707
logit,raw,1,4000,4,False,0.5495407581329346,White men,2662,0.29676934635612323,0.32396196912711106,0.186729266789096,0.7023815319701395,0.08547008547008547,0.13974455296769348
logit,raw,1,4000,4,False,0.5495407581329346,Black women,339,0.23008849557522124,0.21839635104151825,0.15423946338015948,0.7372531682876511,0.011494252873563218,0.02654867256637168
logit,raw,1,4000,4,False,0.5495407581329346,White women,611,0.2127659574468085,0.22437145565376956,0.1613570675818099,0.6540860387014232,0.02079002079002079,0.019639934533551555
logit,raw,1,4000,5,False,0.5584712028503418,All,7807,0.30062764185986934,0.2971197050273711,0.19172598335312147,0.6845183079950868,0.06318681318681318,0.10055078775457922
logit,raw,1,4000,5,False,0.5584712028503418,Men,6857,0.31194399883330903,0.3110276948443954,0.19625068959131853,0.6802016131509516,0.07291225095379399,0.11360653346944728
logit,raw,1,4000,5,False,0.5584712028503418,Women,950,0.21894736842105264,0.19673329852701815,0.15906713001068218,0.6846814741861911,0.0013477088948787063,0.00631578947368421
logit,raw,1,4000,5,False,0.5584712028503418,Black,4534,0.31473312748125276,0.3023552143390942,0.1984514880744621,0.6764360332896601,0.06565819118120374,0.10013233348037054
logit,raw,1,4000,5,False,0.5584712028503418,White,3273,0.281087687137183,0.2898670929835726,0.1824093202286,0.6944742142316007,0.05992350191245219,0.10113046135044301
logit,raw,1,4000,5,False,0.5584712028503418,Black men,4195,0.3215733015494637,0.31086018939335847,0.2017338326370047,0.6704010727083959,0.07167955024595925,0.10750893921334922
logit,raw,1,4000,5,False,0.5584712028503418,White men,2662,0.29676934635612323,0.311291663802735,0.18760989880369514,0.6967353673049876,0.07478632478632478,0.12321562734785875
logit,raw,1,4000,5,False,0.5584712028503418,Black women,339,0.23008849557522124,0.19710928409532338,0.15783368441704038,0.7318007662835249,0.0,0.008849557522123894
logit,raw,1,4000,5,False,0.5584712028503418,White women,611,0.2127659574468085,0.19652469114951332,0.15975148034823466,0.657748280825204,0.002079002079002079,0.004909983633387889
logit,raw,1,4000,6,False,0.6253001689910889,All,7807,0.30062764185986934,0.2930457999334546,0.1915303125472634,0.6859472227814792,0.07362637362637363,0.11707442039195594
logit,raw,1,4000,6,False,0.6253001689910889,Men,6857,0.31194399883330903,0.3037952033961692,0.19568488620685073,0.6839692257140993,0.08202628232301823,0.12950269797287445
logit,raw,1,4000,6,False,0.6253001689910889,Women,950,0.21894736842105264,0.2154577372557338,0.16154303719590504,0.6652044889073191,0.02021563342318059,0.02736842105263158
logit,raw,1,4000,6,False,0.6253001689910889,Black,4534,0.31473312748125276,0.2941139385747949,0.1979631002937285,0.6794881192614096,0.07080785323463147,0.11182179091310102
logit,raw,1,4000,6,False,0.6253001689910889,White,3273,0.281087687137183,0.2915661358332904,0.18261914247623598,0.6955145143110553,0.07734806629834254,0.12435074854873206
logit,raw,1,4000,6,False,0.6253001689910889,Black men,4195,0.3215733015494637,0.3006886099608747,0.20149090703895442,0.6733339341444979,0.07659873506676036,0.11895113230035757
logit,raw,1,4000,6,False,0.6253001689910889,White men,2662,0.29676934635612323,0.30869083054157137,0.1865352778707595,0.702445093584334,0.09027777777777778,0.14613072877535688
logit,raw,1,4000,6,False,0.6253001689910889,Black women,339,0.23008849557522124,0.2127548044609171,0.15430779263525418,0.7315551625896455,0.007662835249042145,0.02359882005899705
logit,raw,1,4000,6,False,0.6253001689910889,White women,611,0.2127659574468085,0.21695740045940465,0.1655573545544331,0.6261954261954261,0.02702702702702703,0.029459901800327332
logit,raw,1,4000,7,False,0.5351030826568604,All,7807,0.30062764185986934,0.3000863771554103,0.19069805411730595,0.6876831306741831,0.05805860805860806,0.09568336108620469
logit,raw,1,4000,7,False,0.5351030826568604,Men,6857,0.31194399883330903,0.3149993547048675,0.1950802079298499,0.6844648755494808,0.06676557863501484,0.10762724223421322
logit,raw,1,4000,7,False,0.5351030826568604,Women,950,0.21894736842105264,0.19244607499053867,0.15906812917771238,0.6888801057433133,0.0026954177897574125,0.009473684210526316
logit,raw,1,4000,7,False,0.5351030826568604,Black,4534,0.31473312748125276,0.30554428572908204,0.19707482625386952,0.6808984572440693,0.06243965239781139,0.09616232906925452
logit,raw,1,4000,7,False,0.5351030826568604,White,3273,0.281087687137183,0.29252568131886053,0.181864480983429,0.6961912636966685,0.05227369315767106,0.09501985945615643
logit,raw,1,4000,7,False,0.5351030826568604,Black men,4195,0.3215733015494637,0.3143249307176703,0.20038811140696053,0.6748488117743707,0.06816584680252986,0.10250297973778308
logit,raw,1,4000,7,False,0.5351030826568604,White men,2662,0.29676934635612323,0.31606216786275343,0.18671557416332887,0.7014707075624796,0.06463675213675214,0.11570247933884298
logit,raw,1,4000,7,False,0.5351030826568604,Black women,339,0.23008849557522124,0.19688704169625607,0.15607414419718288,0.7318007662835249,0.0,0.017699115044247787
logit,raw,1,4000,7,False,0.5351030826568604,White women,611,0.2127659574468085,0.18998210164644996,0.16072927632730238,0.662513993283224,0.004158004158004158,0.004909983633387889
logit,raw,1,4000,8,False,0.5098352432250977,All,7807,0.30062764185986934,0.2923893315121672,0.19263653417805565,0.6831786662421516,0.07032967032967033,0.11169463302164724
logit,raw,1,4000,8,False,0.5098352432250977,Men,6857,0.31194399883330903,0.3041694936203566,0.19740016259171042,0.6780405521233969,0.07884696905468419,0.12366924310923144
logit,raw,1,4000,8,False,0.5098352432250977,Women,950,0.21894736842105264,0.20736136143232037,0.15825316572286574,0.6882710449927432,0.016172506738544475,0.02526315789473684
logit,raw,1,4000,8,False,0.5098352432250977,Black,4534,0.31473312748125276,0.29608962052510396,0.19940321650706777,0.6743583052397225,0.07080785323463147,0.1109395677106308
logit,raw,1,4000,8,False,0.5098352432250977,White,3273,0.281087687137183,0.28726341938731087,0.18326282880691577,0.6948118960069476,0.06969825754356142,0.11274060494958753
logit,raw,1,4000,8,False,0.5098352432250977,Black men,4195,0.3215733015494637,0.30345760476208705,0.20303104379270917,0.6675492165925984,0.07730147575544624,0.11823599523241955
logit,raw,1,4000,8,False,0.5098352432250977,White men,2662,0.29676934635612323,0.3052913470239783,0.1885265537869809,0.6956696959861517,0.0811965811965812,0.1322314049586777
logit,raw,1,4000,8,False,0.5098352432250977,Black women,339,0.23008849557522124,0.20491353240078544,0.1545101915416824,0.7336673543570096,0.0,0.02064896755162242
logit,raw,1,4000,8,False,0.5098352432250977,White women,611,0.2127659574468085,0.20871948588680542,0.16032987316545352,0.6620182312490004,0.02494802494802495,0.027823240589198037
logit,raw,1,4000,9,False,0.6004917621612549,All,7807,0.30062764185986934,0.3005690137574915,0.1918008760388511,0.6837040037082643,0.04084249084249084,0.0675035224798258
logit,raw,1,4000,9,False,0.6004917621612549,Men,6857,0.31194399883330903,0.3132391947376191,0.19653168364378518,0.6780006187200264,0.04705383637134379,0.07656409508531428
logit,raw,1,4000,9,False,0.6004917621612549,Women,950,0.21894736842105264,0.2091169811461918,0.15765440472618492,0.7051433236574747,0.0013477088948787063,0.002105263157894737
logit,raw,1,4000,9,False,0.6004917621612549,Black,4534,0.31473312748125276,0.30295903126806617,0.19929818880971834,0.6691191014976468,0.04184100418410042,0.0650639611821791
logit,raw,1,4000,9,False,0.6004917621612549,White,3273,0.281087687137183,0.2972581859564083,0.1814150477152605,0.7033786655333617,0.039524011899702505,0.07088298197372442
logit,raw,1,4000,9,False,0.6004917621612549,Black men,4195,0.3215733015494637,0.3107796734636891,0.20263029803207055,0.6624599466458849,0.04567814476458187,0.0700834326579261
logit,raw,1,4000,9,False,0.6004917621612549,White men,2662,0.29676934635612323,0.3171151119968739,0.18692098215661115,0.704748187817808,0.049145299145299144,0.08677685950413223
logit,raw,1,4000,9,False,0.6004917621612549,Black women,339,0.23008849557522124,0.2061814678148556,0.15806456583695266,0.7410354651733962,0.0,0.0029498525073746312
logit,raw,1,4000,9,False,0.6004917621612549,White women,611,0.2127659574468085,0.21074568657879889,0.15742683579566077,0.6836078682232529,0.002079002079002079,0.0016366612111292963
logit,raw,1,8000,0,False,0.8634092807769775,All,7807,0.30062764185986934,0.29879871512506345,0.18881182450071016,0.696124816810799,0.06538461538461539,0.1102856410913283
logit,raw,1,8000,0,False,0.8634092807769775,Men,6857,0.31194399883330903,0.3102637319068686,0.19303262815636058,0.6933856807733644,0.07418397626112759,0.12323173399445822
logit,raw,1,8000,0,False,0.8634092807769775,Women,950,0.21894736842105264,0.21604543083786532,0.15834650800934696,0.6850313601492847,0.009433962264150943,0.016842105263157894
logit,raw,1,8000,0,False,0.8634092807769775,Black,4534,0.31473312748125276,0.30183895824889645,0.19477909072285154,0.6910247877106399,0.06919858384293531,0.11049845610939568
logit,raw,1,8000,0,False,0.8634092807769775,White,3273,0.281087687137183,0.29458714704579103,0.18054552903746873,0.7030465270976921,0.060348491287717805,0.10999083409715857
logit,raw,1,8000,0,False,0.8634092807769775,Black men,4195,0.3215733015494637,0.3089932944286465,0.19820964750195186,0.68480803822826,0.07554462403373155,0.11799761620977355
logit,raw,1,8000,0,False,0.8634092807769775,White men,2662,0.29676934635612323,0.31226579247078373,0.18487425244082514,0.7083083144000866,0.07211538461538461,0.13148009015777612
logit,raw,1,8000,0,False,0.8634092807769775,Black women,339,0.23008849557522124,0.21330668605405365,0.15232721553604972,0.7481088515571275,0.0,0.017699115044247787
logit,raw,1,8000,0,False,0.8634092807769775,White women,611,0.2127659574468085,0.21756496354115853,0.1616861809200634,0.6463937310091157,0.014553014553014554,0.016366612111292964
logit,raw,1,8000,1,False,0.8243980407714844,All,7807,0.30062764185986934,0.3023234039454307,0.1893805570728471,0.6942400164811754,0.05805860805860806,0.09991033687716153
logit,raw,1,8000,1,False,0.8243980407714844,Men,6857,0.31194399883330903,0.31583475742871603,0.1939312130158099,0.6897238966836646,0.06634167019923697,0.11214816975353653
logit,raw,1,8000,1,False,0.8243980407714844,Women,950,0.21894736842105264,0.2047998767508123,0.15653440149295655,0.7045472216462783,0.005390835579514825,0.011578947368421053
logit,raw,1,8000,1,False,0.8243980407714844,Black,4534,0.31473312748125276,0.3045064276632866,0.19578229787924425,0.6869094787658765,0.056968136466044414,0.09461843846493163
logit,raw,1,8000,1,False,0.8243980407714844,White,3273,0.281087687137183,0.29929931914959845,0.18051239550358195,0.7045104307174929,0.05949851253718657,0.10724106324472961
logit,raw,1,8000,1,False,0.8243980407714844,Black men,4195,0.3215733015494637,0.3129540325854554,0.199220840040111,0.6801605207678367,0.06219255094869993,0.10083432657926103
logit,raw,1,8000,1,False,0.8243980407714844,White men,2662,0.29676934635612323,0.3203744421460257,0.185595380796823,0.7070134155577193,0.07264957264957266,0.12997746055597295
logit,raw,1,8000,1,False,0.8243980407714844,Black women,339,0.23008849557522124,0.19997043165001827,0.15323160653754528,0.7502701640632676,0.0,0.017699115044247787
logit,raw,1,8000,1,False,0.8243980407714844,White women,611,0.2127659574468085,0.20747938884437891,0.1583668851097887,0.677914600991524,0.008316008316008316,0.008183306055646482
logit,raw,1,8000,2,False,0.8928706645965576,All,7807,0.30062764185986934,0.2969362807278454,0.18929431462911583,0.6955677187462446,0.06868131868131869,0.11617778916357116
logit,raw,1,8000,2,False,0.8928706645965576,Men,6857,0.31194399883330903,0.31237647825217396,0.19372801129703798,0.6917632747848205,0.07927087749046206,0.13125273443196733
logit,raw,1,8000,2,False,0.8928706645965576,Women,950,0.21894736842105264,0.1854905602811911,0.15729235878496603,0.6999922247563757,0.0013477088948787063,0.007368421052631579
logit,raw,1,8000,2,False,0.8928706645965576,Black,4534,0.31473312748125276,0.3033151365134999,0.19602092578344849,0.687358766029823,0.07112970711297072,0.11601235112483459
logit,raw,1,8000,2,False,0.8928706645965576,White,3273,0.281087687137183,0.2880998211702048,0.17997611879234698,0.7056911620687745,0.06544836379090523,0.11640696608615948
logit,raw,1,8000,2,False,0.8928706645965576,Black men,4195,0.3215733015494637,0.31267219672559876,0.19945378277689613,0.6809156153773623,0.07765284609978917,0.12419547079856973
logit,raw,1,8000,2,False,0.8928706645965576,White men,2662,0.29676934635612323,0.31191046059777244,0.18470486653445167,0.7100062209239425,0.08173076923076923,0.142374154770849
logit,raw,1,8000,2,False,0.8928706645965576,Black women,339,0.23008849557522124,0.18752496663221707,0.15354058629226033,0.7553787208959621,0.0,0.014749262536873156
logit,raw,1,8000,2,False,0.8928706645965576,White women,611,0.2127659574468085,0.18436181436793772,0.15937394777846392,0.6666080281464897,0.002079002079002079,0.0032733224222585926
logit,raw,1,8000,3,False,0.7311022281646729,All,7807,0.30062764185986934,0.2948558047530475,0.1885644769268665,0.6979208123221758,0.06098901098901099,0.10311259126425003
logit,raw,1,8000,3,False,0.7311022281646729,Men,6857,0.31194399883330903,0.30857854045582245,0.19294701835595035,0.6942907718562057,0.0701568461212378,0.11608575178649555
logit,raw,1,8000,3,False,0.7311022281646729,Women,950,0.21894736842105264,0.19580654294891311,0.15693175421188948,0.698178001244039,0.0026954177897574125,0.009473684210526316
logit,raw,1,8000,3,False,0.7311022281646729,Black,4534,0.31473312748125276,0.2995266833181613,0.19519730805573868,0.6893701836100818,0.06147409076279369,0.1007940008822232
logit,raw,1,8000,3,False,0.7311022281646729,White,3273,0.281087687137183,0.28838536069126136,0.17937619206945543,0.7090467303534803,0.060348491287717805,0.10632447296058661
logit,raw,1,8000,3,False,0.7311022281646729,Black men,4195,0.3215733015494637,0.3080453190865059,0.19873311472154492,0.6823070315222697,0.06711173576950105,0.10774731823599523
logit,raw,1,8000,3,False,0.7311022281646729,White men,2662,0.29676934635612323,0.3094188348375967,0.18382880864382825,0.7142161635832522,0.07478632478632478,0.12922614575507138
logit,raw,1,8000,3,False,0.7311022281646729,Black women,339,0.23008849557522124,0.19411170677478284,0.15144300432990632,0.7561646527163769,0.0,0.014749262536873156
logit,raw,1,8000,3,False,0.7311022281646729,White women,611,0.2127659574468085,0.19674688576892974,0.15997706715786705,0.6641771949464257,0.004158004158004158,0.006546644844517185
logit,raw,1,8000,4,False,0.7637333869934082,All,7807,0.30062764185986934,0.29832640681903866,0.18889709015269837,0.6954153146952465,0.06575091575091575,0.11079800179326246
logit,raw,1,8000,4,False,0.7637333869934082,Men,6857,0.31194399883330903,0.3114488854391519,0.1931427778488021,0.6922210721137811,0.07418397626112759,0.12323173399445822
logit,raw,1,8000,4,False,0.7637333869934082,Women,950,0.21894736842105264,0.20360973745260047,0.15825216327671607,0.6888865851130002,0.012129380053908356,0.021052631578947368
logit,raw,1,8000,4,False,0.7637333869934082,Black,4534,0.31473312748125276,0.30262986114015794,0.1953836069102349,0.6874501120849928,0.06598004505954297,0.10719011910013233
logit,raw,1,8000,4,False,0.7637333869934082,White,3273,0.281087687137183,0.2923649458071369,0.1799114907091693,0.7056999390232634,0.06544836379090523,0.11579590589673083
logit,raw,1,8000,4,False,0.7637333869934082,Black men,4195,0.3215733015494637,0.3105825987941701,0.19884163388562384,0.681057570038346,0.0713281799016163,0.1134684147794994
logit,raw,1,8000,4,False,0.7637333869934082,White men,2662,0.29676934635612323,0.31281405165842263,0.18416204866981362,0.71081358866169,0.07852564102564102,0.1386175807663411
logit,raw,1,8000,4,False,0.7637333869934082,Black women,339,0.23008849557522124,0.20421766509714584,0.15259179817348956,0.747273798997937,0.007662835249042145,0.029498525073746312
logit,raw,1,8000,4,False,0.7637333869934082,White women,611,0.2127659574468085,0.20327244208189527,0.1613926931785062,0.6545018391172237,0.014553014553014554,0.016366612111292964
logit,raw,1,8000,5,False,0.7062935829162598,All,7807,0.30062764185986934,0.29663412804762024,0.1891729212922982,0.6954220257799296,0.06666666666666667,0.1102856410913283
logit,raw,1,8000,5,False,0.7062935829162598,Men,6857,0.31194399883330903,0.31035658946022177,0.19352856236615076,0.6918016227428957,0.07630351844001695,0.12381507948082252
logit,raw,1,8000,5,False,0.7062935829162598,Women,950,0.21894736842105264,0.19758684604108512,0.1577343625097645,0.6938692204022392,0.005390835579514825,0.01263157894736842
logit,raw,1,8000,5,False,0.7062935829162598,Black,4534,0.31473312748125276,0.302437771857732,0.19525778741400907,0.6891944834200143,0.06758931445123914,0.10961623290692545
logit,raw,1,8000,5,False,0.7062935829162598,White,3273,0.281087687137183,0.288594494367496,0.180743717810527,0.7031255196880947,0.06544836379090523,0.11121295447601588
logit,raw,1,8000,5,False,0.7062935829162598,Black men,4195,0.3215733015494637,0.3106520693241785,0.1986115345939721,0.6831452151902427,0.07378777231201687,0.11680572109654351
logit,raw,1,8000,5,False,0.7062935829162598,White men,2662,0.29676934635612323,0.30989094782637555,0.18551839388541805,0.7063027426160337,0.08012820512820513,0.1348610067618332
logit,raw,1,8000,5,False,0.7062935829162598,Black women,339,0.23008849557522124,0.20078886958120362,0.15375640269440738,0.7390215148835838,0.0,0.02064896755162242
logit,raw,1,8000,5,False,0.7062935829162598,White women,611,0.2127659574468085,0.1958102732422305,0.15994144659717213,0.6670398208859746,0.008316008316008316,0.008183306055646482
logit,raw,1,8000,6,False,0.7750108242034912,All,7807,0.30062764185986934,0.29116658834679676,0.18922912370748562,0.6948371469462225,0.05714285714285714,0.10029460740361214
logit,raw,1,8000,6,False,0.7750108242034912,Men,6857,0.31194399883330903,0.30402823532400663,0.19363375079126066,0.6911465365650258,0.06528189910979229,0.1122940061251276
logit,raw,1,8000,6,False,0.7750108242034912,Women,950,0.21894736842105264,0.19833257432287238,0.15743698906175352,0.6908368753887623,0.005390835579514825,0.01368421052631579
logit,raw,1,8000,6,False,0.7750108242034912,Black,4534,0.31473312748125276,0.29338529087139376,0.19597273878013194,0.6872261450904653,0.05535886707434825,0.09417732686369651
logit,raw,1,8000,6,False,0.7750108242034912,White,3273,0.281087687137183,0.28809307864727873,0.17988737279414058,0.7056809992793658,0.05949851253718657,0.10876871371830125
logit,raw,1,8000,6,False,0.7750108242034912,Black men,4195,0.3215733015494637,0.301167186721585,0.19954781439498276,0.6802206887067123,0.060435699226985246,0.10011918951132301
logit,raw,1,8000,6,False,0.7750108242034912,White men,2662,0.29676934635612323,0.30853691259190996,0.18431387971026364,0.7106580655631289,0.07264957264957266,0.13148009015777612
logit,raw,1,8000,6,False,0.7750108242034912,Black women,339,0.23008849557522124,0.19708719915589934,0.1517324962895738,0.7490421455938697,0.0,0.02064896755162242
logit,raw,1,8000,6,False,0.7750108242034912,White women,611,0.2127659574468085,0.19902354352353335,0.1606020022364981,0.6554773708619863,0.008316008316008316,0.009819967266775777
logit,raw,1,8000,7,False,0.7563045024871826,All,7807,0.30062764185986934,0.2998543506742912,0.18838196111838235,0.6980866385425397,0.057326007326007324,0.10131932880748047
logit,raw,1,8000,7,False,0.7563045024871826,Men,6857,0.31194399883330903,0.3144494241935236,0.19260187796761286,0.6954368506239024,0.06612971598134802,0.1146273880705848
logit,raw,1,8000,7,False,0.7563045024871826,Women,950,0.21894736842105264,0.19450864633599987,0.15792304550241018,0.6915755235330707,0.0013477088948787063,0.005263157894736842
logit,raw,1,8000,7,False,0.7563045024871826,Black,4534,0.31473312748125276,0.30538522324434814,0.19459669023469153,0.6919984689950062,0.05954296749275829,0.10123511248345832
logit,raw,1,8000,7,False,0.7563045024871826,White,3273,0.281087687137183,0.29219257975078433,0.17977286187813005,0.7055474971821357,0.05439864003399915,0.10143599144515734
logit,raw,1,8000,7,False,0.7563045024871826,Black men,4195,0.3215733015494637,0.31426109222413456,0.19786791494689435,0.6861267840054344,0.06500351370344343,0.10870083432657926
logit,raw,1,8000,7,False,0.7563045024871826,White men,2662,0.29676934635612323,0.31474621330381175,0.18430322089470305,0.7112598723358217,0.06784188034188034,0.12396694214876033
logit,raw,1,8000,7,False,0.7563045024871826,Black women,339,0.23008849557522124,0.19554961743253543,0.1541164906249841,0.7413301896060517,0.0,0.008849557522123894
logit,raw,1,8000,7,False,0.7563045024871826,White women,611,0.2127659574468085,0.1939310862677093,0.16003502930510644,0.6618743003358388,0.002079002079002079,0.0032733224222585926
logit,raw,1,8000,8,False,0.726083517074585,All,7807,0.30062764185986934,0.2976048257364601,0.18950764107986673,0.694557232286248,0.05989010989010989,0.10234405021134879
logit,raw,1,8000,8,False,0.726083517074585,Men,6857,0.31194399883330903,0.31097876980330036,0.19410438023456297,0.6897769100107196,0.06867316659601526,0.11521073355694911
logit,raw,1,8000,8,False,0.726083517074585,Women,950,0.21894736842105264,0.2010731052455929,0.15632886172854876,0.7036206717810491,0.004043126684636119,0.009473684210526316
logit,raw,1,8000,8,False,0.726083517074585,Black,4534,0.31473312748125276,0.3009446954310383,0.1960369791142664,0.6869031634830499,0.06018667524943676,0.1003528892809881
logit,raw,1,8000,8,False,0.726083517074585,White,3273,0.281087687137183,0.292978192923989,0.18046272245842823,0.7047233873500989,0.05949851253718657,0.1051023525817293
logit,raw,1,8000,8,False,0.726083517074585,Black men,4195,0.3215733015494637,0.3094082367063853,0.19943914976366994,0.6804600581258755,0.0657062543921293,0.10727056019070322
logit,raw,1,8000,8,False,0.726083517074585,White men,2662,0.29676934635612323,0.31345374588953584,0.18569740871893423,0.7060701341555773,0.07318376068376069,0.1277235161532682
logit,raw,1,8000,8,False,0.726083517074585,Black women,339,0.23008849557522124,0.1962114929234264,0.15393637181560046,0.7459966597897632,0.0,0.014749262536873156
logit,raw,1,8000,8,False,0.726083517074585,White women,611,0.2127659574468085,0.20377046461910264,0.15765628248221403,0.6790660482968175,0.006237006237006237,0.006546644844517185
logit,raw,1,8000,9,False,0.7535104751586914,All,7807,0.30062764185986934,0.30053237682306555,0.18955762615039926,0.694344740616577,0.06355311355311355,0.10772383758165749
logit,raw,1,8000,9,False,0.7535104751586914,Men,6857,0.31194399883330903,0.3143861695715948,0.19396168086551016,0.6907144036317795,0.07227638830012717,0.12089835204900103
logit,raw,1,8000,9,False,0.7535104751586914,Women,950,0.21894736842105264,0.20053715905815508,0.15776962280143567,0.6967266224341695,0.008086253369272238,0.01263157894736842
logit,raw,1,8000,9,False,0.7535104751586914,Black,4534,0.31473312748125276,0.30700227943366426,0.1961373314832278,0.6862456974316422,0.06855487608625684,0.10961623290692545
logit,raw,1,8000,9,False,0.7535104751586914,White,3273,0.281087687137183,0.29156979251617443,0.1804429350477275,0.7042850015706129,0.05694857628559286,0.1051023525817293
logit,raw,1,8000,9,False,0.7535104751586914,Black men,4195,0.3215733015494637,0.3154267239820958,0.19947977403207748,0.6804881885908044,0.07484188334504568,0.11728247914183552
logit,raw,1,8000,9,False,0.7535104751586914,White men,2662,0.29676934635612323,0.31274637777893816,0.18526581278371074,0.7075151465974251,0.06837606837606838,0.12659654395191586
logit,raw,1,8000,9,False,0.7535104751586914,Black women,339,0.23008849557522124,0.20275288450543327,0.15477583740527948,0.736712840161116,0.0,0.014749262536873156
logit,raw,1,8000,9,False,0.7535104751586914,White women,611,0.2127659574468085,0.19930781220606458,0.15943065921599692,0.672061410522949,0.012474012474012475,0.011456628477905073
logit,raw,1,16000,0,False,1.2198646068572998,All,7807,0.30062764185986934,0.29616933023071607,0.18786790413704255,0.7008587066959457,0.05622710622710623,0.09875752529780966
logit,raw,1,16000,0,False,1.2198646068572998,Men,6857,0.31194399883330903,0.3092381178579048,0.19228294046839514,0.6968767322228479,0.0642221280203476,0.1105439696660347
logit,raw,1,16000,0,False,1.2198646068572998,Women,950,0.21894736842105264,0.20184019679952298,0.156000636638006,0.701838845117147,0.005390835579514825,0.01368421052631579
logit,raw,1,16000,0,False,1.2198646068572998,Black,4534,0.31473312748125276,0.30023958399779754,0.19433688109902345,0.6936666058444785,0.05568072095268748,0.09483899426554919
logit,raw,1,16000,0,False,1.2198646068572998,White,3273,0.281087687137183,0.2905309157547163,0.1789066021066052,0.7104048485744379,0.05694857628559286,0.10418576229758632
logit,raw,1,16000,0,False,1.2198646068572998,Black men,4195,0.3215733015494637,0.30818227234009904,0.19782347754462157,0.6868738041296564,0.06078706957132818,0.10083432657926103
logit,raw,1,16000,0,False,1.2198646068572998,White men,2662,0.29676934635612323,0.3109020066434778,0.18355170341551388,0.7142026398355513,0.06944444444444445,0.1258452291510143
logit,raw,1,16000,0,False,1.2198646068572998,Black women,339,0.23008849557522124,0.20195174448170594,0.15119153570290503,0.7534138913449259,0.0,0.02064896755162242
logit,raw,1,16000,0,False,1.2198646068572998,White women,611,0.2127659574468085,0.20177830700531668,0.15866886121574614,0.670845993922917,0.008316008316008316,0.009819967266775777
logit,raw,1,16000,1,False,1.2659804821014404,All,7807,0.30062764185986934,0.2974299510019459,0.18764527937744405,0.7020707598040364,0.05824175824175824,0.10144741898296401
logit,raw,1,16000,1,False,1.2659804821014404,Men,6857,0.31194399883330903,0.3101335972978767,0.19203016735909262,0.6983616008320417,0.06634167019923697,0.11360653346944728
logit,raw,1,16000,1,False,1.2659804821014404,Women,950,0.21894736842105264,0.20573636926384362,0.15599561949306057,0.7024867820858387,0.006738544474393531,0.01368421052631579
logit,raw,1,16000,1,False,1.2659804821014404,Black,4534,0.31473312748125276,0.3018960298933271,0.19404642063855054,0.6947526089448313,0.056968136466044414,0.09814733127481252
logit,raw,1,16000,1,False,1.2659804821014404,White,3273,0.281087687137183,0.2912432104906345,0.1787779483423518,0.7115980524399934,0.05992350191245219,0.10601894286587228
logit,raw,1,16000,1,False,1.2659804821014404,Black men,4195,0.3215733015494637,0.3097292159137668,0.19746701282369777,0.6883850352177793,0.06219255094869993,0.10441001191895113
logit,raw,1,16000,1,False,1.2659804821014404,White men,2662,0.29676934635612323,0.3107708549636697,0.18346233613293988,0.7151236070539868,0.07264957264957266,0.128099173553719
logit,raw,1,16000,1,False,1.2659804821014404,Black women,339,0.23008849557522124,0.20496324123331366,0.15171785362765813,0.7502210433244916,0.0,0.02064896755162242
logit,raw,1,16000,1,False,1.2659804821014404,White women,611,0.2127659574468085,0.2061653224591786,0.1583690444167454,0.6746041899888053,0.010395010395010396,0.009819967266775777
logit,raw,1,16000,2,False,1.1975007057189941,All,7807,0.30062764185986934,0.2973154156432921,0.1876498820080914,0.7019045434043304,0.06117216117216117,0.10413731266811836
logit,raw,1,16000,2,False,1.1975007057189941,Men,6857,0.31194399883330903,0.3099477199776742,0.1919905018921065,0.6984181814110106,0.06973293768545995,0.11652326090126877
logit,raw,1,16000,2,False,1.1975007057189941,Women,950,0.21894736842105264,0.20613677267396766,0.1563197445926267,0.6995321895086046,0.006738544474393531,0.014736842105263158
logit,raw,1,16000,2,False,1.1975007057189941,Black,4534,0.31473312748125276,0.30249382435290284,0.1939472430422408,0.6949501870789765,0.06211779851947216,0.10388178209086898
logit,raw,1,16000,2,False,1.1975007057189941,White,3273,0.281087687137183,0.2901419035475465,0.17892631496597916,0.7107268242206988,0.05992350191245219,0.10449129239230064
logit,raw,1,16000,2,False,1.1975007057189941,Black men,4195,0.3215733015494637,0.3102584670558659,0.19737087149816915,0.6886580049144964,0.06781447645818693,0.11060786650774732
logit,raw,1,16000,2,False,1.1975007057189941,White men,2662,0.29676934635612323,0.30945801900358927,0.18351166999975757,0.7146232283890511,0.07264957264957266,0.1258452291510143
logit,raw,1,16000,2,False,1.1975007057189941,Black women,339,0.23008849557522124,0.20640923397257843,0.15158110330000082,0.7500245603693879,0.0,0.02064896755162242
logit,raw,1,16000,2,False,1.1975007057189941,White women,611,0.2127659574468085,0.20598560347555678,0.15894887617724238,0.6699984007676316,0.010395010395010396,0.011456628477905073
logit,raw,1,16000,3,False,1.1565885543823242,All,7807,0.30062764185986934,0.2966315668877281,0.18789903401925132,0.701114430236714,0.05970695970695971,0.10247214038683233
logit,raw,1,16000,3,False,1.1565885543823242,Men,6857,0.31194399883330903,0.3098932555045848,0.19226212341060647,0.6974735532861227,0.06803730394234846,0.11491906081376696
logit,raw,1,16000,3,False,1.1565885543823242,Women,950,0.21894736842105264,0.20091009441847948,0.15640671406501724,0.700905815882231,0.006738544474393531,0.01263157894736842
logit,raw,1,16000,3,False,1.1565885543823242,Black,4534,0.31473312748125276,0.3011431337296651,0.19425821041269611,0.6938483957715573,0.058577405857740586,0.09969122187913543
logit,raw,1,16000,3,False,1.1565885543823242,White,3273,0.281087687137183,0.29038181312624256,0.17908983580113993,0.7106228866017481,0.06119847003824904,0.10632447296058661
logit,raw,1,16000,3,False,1.1565885543823242,Black men,4195,0.3215733015494637,0.3092827261602104,0.19770697721823866,0.6872905517582322,0.06394940267041462,0.10631704410011919
logit,raw,1,16000,3,False,1.1565885543823242,White men,2662,0.29676934635612323,0.31085537819416054,0.18368167197446195,0.714774694363302,0.07425213675213675,0.1284748309541698
logit,raw,1,16000,3,False,1.1565885543823242,Black women,339,0.23008849557522124,0.20041867872630945,0.1515809928632836,0.7507613714510266,0.0,0.017699115044247787
logit,raw,1,16000,3,False,1.1565885543823242,White women,611,0.2127659574468085,0.20118274567812863,0.1590841600345552,0.6714057252518791,0.010395010395010396,0.009819967266775777
logit,raw,1,16000,4,False,1.1730823516845703,All,7807,0.30062764185986934,0.29659721117872734,0.18785831983155668,0.7011102943356884,0.056776556776556776,0.09786089406942487
logit,raw,1,16000,4,False,1.1730823516845703,Men,6857,0.31194399883330903,0.30960215102723054,0.19223091700453343,0.6974561133878766,0.06506994489190335,0.10996062417967041
logit,raw,1,16000,4,False,1.1730823516845703,Women,950,0.21894736842105264,0.20272892429326775,0.15629737371039754,0.700666079203815,0.004043126684636119,0.010526315789473684
logit,raw,1,16000,4,False,1.1730823516845703,Black,4534,0.31473312748125276,0.30099780253835673,0.19439129151647075,0.6934383534794615,0.05600257483102671,0.09505955006616675
logit,raw,1,16000,4,False,1.1730823516845703,White,3273,0.281087687137183,0.29050118880642084,0.17880836761053612,0.7110585007113953,0.0577985550361241,0.10174152153987168
logit,raw,1,16000,4,False,1.1730823516845703,Black men,4195,0.3215733015494637,0.3089801050999416,0.19783241521153533,0.686913916088907,0.06113843991567112,0.10154946364719905
logit,raw,1,16000,4,False,1.1730823516845703,White men,2662,0.29676934635612323,0.3105824225016774,0.18340361235450597,0.7153284918316564,0.07104700854700854,0.12321562734785875
logit,raw,1,16000,4,False,1.1730823516845703,Black women,339,0.23008849557522124,0.20221975166564704,0.15180865464096696,0.7508596129285785,0.0,0.014749262536873156
logit,raw,1,16000,4,False,1.1730823516845703,White women,611,0.2127659574468085,0.20301142760057284,0.15878784141013075,0.6703982088597473,0.006237006237006237,0.008183306055646482
logit,raw,1,16000,5,False,1.2297325134277344,All,7807,0.30062764185986934,0.29794082737051575,0.1875853328852041,0.7023696371800334,0.05879120879120879,0.10247214038683233
logit,raw,1,16000,5,False,1.2297325134277344,Men,6857,0.31194399883330903,0.31059859442418497,0.19195642151378384,0.6986554036632904,0.06697753285290377,0.11491906081376696
logit,raw,1,16000,5,False,1.2297325134277344,Women,950,0.21894736842105264,0.20657839717366341,0.156035275278708,0.702149854862119,0.006738544474393531,0.01263157894736842
logit,raw,1,16000,5,False,1.2297325134277344,Black,4534,0.31473312748125276,0.3031776041485585,0.1939472709169963,0.6950108589032744,0.05889925973607982,0.10211733568592854
logit,raw,1,16000,5,False,1.2297325134277344,White,3273,0.281087687137183,0.2906864595392766,0.17877230904281302,0.7117338642620892,0.058648533786655334,0.10296364191872899
logit,raw,1,16000,5,False,1.2297325134277344,Black men,4195,0.3215733015494637,0.3108762362864458,0.19741289291177264,0.6884162912899224,0.06430077301475755,0.10893921334922527
logit,raw,1,16000,5,False,1.2297325134277344,White men,2662,0.29676934635612323,0.3101610633903065,0.1833576621168781,0.7158031753759602,0.07104700854700854,0.12434259954921112
logit,raw,1,16000,5,False,1.2297325134277344,Black women,339,0.23008849557522124,0.20790987017086676,0.15106147661585545,0.7518420277040967,0.0,0.017699115044247787
logit,raw,1,16000,5,False,1.2297325134277344,White women,611,0.2127659574468085,0.20583965847308747,0.1587948787921401,0.6724772109387493,0.010395010395010396,0.009819967266775777
logit,raw,1,16000,6,False,1.2777843475341797,All,7807,0.30062764185986934,0.29744775125666006,0.18792505028786427,0.7010535622593569,0.060073260073260075,0.10349686179070065
logit,raw,1,16000,6,False,1.2777843475341797,Men,6857,0.31194399883330903,0.31086886962760557,0.19231818636795714,0.6972520863964632,0.06846121237812633,0.11608575178649555
logit,raw,1,16000,6,False,1.2777843475341797,Women,950,0.21894736842105264,0.20057553160447797,0.15621585649713077,0.7012427431059507,0.006738544474393531,0.01263157894736842
logit,raw,1,16000,6,False,1.2777843475341797,Black,4534,0.31473312748125276,0.302399596425045,0.19437587895769703,0.6934342936547873,0.06147409076279369,0.10189677988531098
logit,raw,1,16000,6,False,1.2777843475341797,White,3273,0.281087687137183,0.29058809161918475,0.17898888860469234,0.710827528224838,0.058223544411389716,0.10571341277115796
logit,raw,1,16000,6,False,1.2777843475341797,Black men,4195,0.3215733015494637,0.3106275844053056,0.19783050461179158,0.6868602598317277,0.06711173576950105,0.10893921334922527
logit,raw,1,16000,6,False,1.2777843475341797,White men,2662,0.29676934635612323,0.31124910685808965,0.18363141888753431,0.7145961808936493,0.07051282051282051,0.12734785875281743
logit,raw,1,16000,6,False,1.2777843475341797,Black women,339,0.23008849557522124,0.20058127908819195,0.15162616031779552,0.7503684055408193,0.0,0.014749262536873156
logit,raw,1,16000,6,False,1.2777843475341797,White women,611,0.2127659574468085,0.2005723427387185,0.1587623491400025,0.6724772109387493,0.010395010395010396,0.011456628477905073
logit,raw,1,16000,7,False,1.2651708126068115,All,7807,0.30062764185986934,0.2985360167237426,0.18767497612240847,0.7019413763342183,0.05714285714285714,0.10055078775457922
logit,raw,1,16000,7,False,1.2651708126068115,Men,6857,0.31194399883330903,0.311734753092291,0.19204796474049468,0.6983396027785722,0.06506994489190335,0.1128773516114919
logit,raw,1,16000,7,False,1.2651708126068115,Women,950,0.21894736842105264,0.2032689269562298,0.1561112045916535,0.7031217603151565,0.006738544474393531,0.011578947368421053
logit,raw,1,16000,7,False,1.2651708126068115,Black,4534,0.31473312748125276,0.3035854267075616,0.19400077188789422,0.6946998312240664,0.05664628258770518,0.09836788707543008
logit,raw,1,16000,7,False,1.2651708126068115,White,3273,0.281087687137183,0.29154120313784715,0.17891201920193414,0.7111204013377928,0.0577985550361241,0.10357470210815765
logit,raw,1,16000,7,False,1.2651708126068115,Black men,4195,0.3215733015494637,0.31162980474209945,0.19740053780939865,0.6883871189559222,0.06184118060435699,0.10512514898688916
logit,raw,1,16000,7,False,1.2651708126068115,White men,2662,0.29676934635612323,0.3119001393917102,0.18361293693281175,0.7150505788164017,0.06997863247863248,0.1250939143501127
logit,raw,1,16000,7,False,1.2651708126068115,Black women,339,0.23008849557522124,0.20403921474624506,0.15192992221028084,0.7511543373612339,0.0,0.014749262536873156
logit,raw,1,16000,7,False,1.2651708126068115,White women,611,0.2127659574468085,0.20284154960628675,0.15843109776233327,0.6761554453862146,0.010395010395010396,0.009819967266775777
logit,raw,1,16000,8,False,1.249920129776001,All,7807,0.30062764185986934,0.2964894163953835,0.18779616844371297,0.7016665340056905,0.05860805860805861,0.10144741898296401
logit,raw,1,16000,8,False,1.249920129776001,Men,6857,0.31194399883330903,0.3092682099635248,0.19219345232764115,0.6979043980450668,0.06676557863501484,0.11346069709785621
logit,raw,1,16000,8,False,1.249920129776001,Women,950,0.21894736842105264,0.20425342955670442,0.15605703624150727,0.701605587808418,0.006738544474393531,0.014736842105263158
logit,raw,1,16000,8,False,1.249920129776001,Black,4534,0.31473312748125276,0.30163657787866494,0.19419645712359102,0.6942255083746289,0.05889925973607982,0.10123511248345832
logit,raw,1,16000,8,False,1.249920129776001,White,3273,0.281087687137183,0.28935919025264045,0.17893001846676,0.7112289584064746,0.058223544411389716,0.10174152153987168
logit,raw,1,16000,8,False,1.249920129776001,Black men,4195,0.3215733015494637,0.3095289307643903,0.1977025556604395,0.6874827766019127,0.06430077301475755,0.10774731823599523
logit,raw,1,16000,8,False,1.249920129776001,White men,2662,0.29676934635612323,0.30885734453917074,0.18351175117020715,0.7152967110245592,0.07051282051282051,0.12246431254695718
logit,raw,1,16000,8,False,1.249920129776001,Black women,339,0.23008849557522124,0.2039716210774321,0.15080978053928554,0.7530700461734945,0.0,0.02064896755162242
logit,raw,1,16000,8,False,1.249920129776001,White women,611,0.2127659574468085,0.20440978483407476,0.1589683614183537,0.6707820246281785,0.010395010395010396,0.011456628477905073
logit,raw,1,16000,9,False,1.174062728881836,All,7807,0.30062764185986934,0.2954247276331006,0.1876712408898385,0.7018947108849112,0.057509157509157506,0.09939797617522736
logit,raw,1,16000,9,False,1.174062728881836,Men,6857,0.31194399883330903,0.308366756422709,0.19202475116915493,0.6983255319515782,0.06549385332768122,0.11156482426717224
logit,raw,1,16000,9,False,1.174062728881836,Women,950,0.21894736842105264,0.20201052614852702,0.15624806195797264,0.7014565623056188,0.006738544474393531,0.011578947368421053
logit,raw,1,16000,9,False,1.174062728881836,Black,4534,0.31473312748125276,0.3011771626161152,0.1941200291118764,0.6943694066047484,0.057933698101062116,0.09858844287604764
logit,raw,1,16000,9,False,1.174062728881836,White,3273,0.281087687137183,0.28745603218153076,0.1787379057848218,0.7112326539662596,0.05694857628559286,0.10051940116101436
logit,raw,1,16000,9,False,1.174062728881836,Black men,4195,0.3215733015494637,0.3090328084607537,0.1975419730126297,0.6879404175915425,0.06324666198172874,0.10536352800953516
logit,raw,1,16000,9,False,1.174062728881836,White men,2662,0.29676934635612323,0.3073171364754522,0.18333025619042584,0.7153359298928919,0.06891025641025642,0.12133734034560481
logit,raw,1,16000,9,False,1.174062728881836,Black women,339,0.23008849557522124,0.2039664419132874,0.15177473511877843,0.7506631299734748,0.0,0.014749262536873156
logit,raw,1,16000,9,False,1.174062728881836,White women,611,0.2127659574468085,0.20092532902208884,0.15872998961507057,0.6724292339676955,0.010395010395010396,0.009819967266775777
logit,raw,1,18028,0,True,1.2856931686401367,All,7807,0.30062764185986934,0.29740315971960785,0.18758646531480402,0.702259372497975,0.05989010989010989,0.10388113231715128
logit,raw,1,18028,0,True,1.2856931686401367,Men,6857,0.31194399883330903,0.3103432249608565,0.19196862465087025,0.6985194517292354,0.06824925816023739,0.11608575178649555
logit,raw,1,18028,0,True,1.2856931686401367,Women,950,0.21894736842105264,0.20400313092040667,0.15595650050700774,0.7021952104499274,0.006738544474393531,0.015789473684210527
logit,raw,1,18028,0,True,1.2856931686401367,Black,4534,0.31473312748125276,0.302253816514464,0.1939369505301604,0.6949716139314237,0.06050852912777599,0.10299955888839876
logit,raw,1,18028,0,True,1.2856931686401367,White,3273,0.281087687137183,0.2906836736493734,0.17878930675494273,0.711560172952198,0.05907352316192095,0.1051023525817293
logit,raw,1,18028,0,True,1.2856931686401367,Black men,4195,0.3215733015494637,0.31015579227978957,0.1973909648774196,0.6884665614726194,0.06605762473647224,0.10941597139451728
logit,raw,1,18028,0,True,1.2856931686401367,White men,2662,0.29676934635612323,0.31063859689814993,0.18342365197980542,0.7153481012658228,0.07158119658119658,0.12659654395191586
logit,raw,1,18028,0,True,1.2856931686401367,Black women,339,0.23008849557522124,0.2044697801264372,0.151194796586938,0.7521858728755281,0.0,0.02359882005899705
logit,raw,1,18028,0,True,1.2856931686401367,White women,611,0.2127659574468085,0.20374422080445842,0.15859842788655545,0.6728610267071806,0.010395010395010396,0.011456628477905073
logit,raw,1,18028,1,True,1.383812665939331,All,7807,0.30062764185986934,0.29747922753642764,0.1875806779212575,0.7022733409184198,0.060073260073260075,0.10400922249263482
logit,raw,1,18028,1,True,1.383812665939331,Men,6857,0.31194399883330903,0.3104137581279343,0.19196309475410273,0.6985287662203439,0.06846121237812633,0.11623158815808662
logit,raw,1,18028,1,True,1.383812665939331,Women,950,0.21894736842105264,0.20411914725646865,0.15594885452881566,0.7021757723408667,0.006738544474393531,0.015789473684210527
logit,raw,1,18028,1,True,1.383812665939331,Black,4534,0.31473312748125276,0.3023298627688328,0.19392483575289945,0.6949948451503929,0.06083038300611522,0.10322011468901632
logit,raw,1,18028,1,True,1.383812665939331,White,3273,0.281087687137183,0.29075977133608394,0.17879228451806023,0.7115587871172786,0.05907352316192095,0.1051023525817293
logit,raw,1,18028,1,True,1.383812665939331,Black men,4195,0.3215733015494637,0.31022670685895903,0.1973794602045476,0.6884873988540482,0.06640899508081517,0.10965435041716329
logit,raw,1,18028,1,True,1.383812665939331,White men,2662,0.29676934635612323,0.31070852900447493,0.18342753762990424,0.7153224061451909,0.07158119658119658,0.12659654395191586
logit,raw,1,18028,1,True,1.383812665939331,Black women,339,0.23008849557522124,0.20460932896918801,0.15117513199282856,0.7521367521367521,0.0,0.02359882005899705
logit,raw,1,18028,1,True,1.383812665939331,White women,611,0.2127659574468085,0.2038471806433559,0.1585974501748052,0.6727810650887573,0.010395010395010396,0.011456628477905073
logit,raw,1,18028,2,True,1.3295440673828125,All,7807,0.30062764185986934,0.29738611058060693,0.18758258517525178,0.7022685026945785,0.05970695970695971,0.10375304214166774
logit,raw,1,18028,2,True,1.3295440673828125,Men,6857,0.31194399883330903,0.3103122470522087,0.19196469704631003,0.6985276762267036,0.06803730394234846,0.11593991541490448
logit,raw,1,18028,2,True,1.3295440673828125,Women,950,0.21894736842105264,0.20408661817452933,0.15595296296488725,0.7021952104499275,0.006738544474393531,0.015789473684210527
logit,raw,1,18028,2,True,1.3295440673828125,Black,4534,0.31473312748125276,0.3022366410710768,0.19392693608557254,0.6950095056283832,0.06018667524943676,0.1027790030877812
logit,raw,1,18028,2,True,1.3295440673828125,White,3273,0.281087687137183,0.2906667994764851,0.1787939243052871,0.7115347659786766,0.05907352316192095,0.1051023525817293
logit,raw,1,18028,2,True,1.3295440673828125,Black men,4195,0.3215733015494637,0.31013072988269214,0.19738117942356903,0.6885040687591912,0.0657062543921293,0.10917759237187127
logit,raw,1,18028,2,True,1.3295440673828125,White men,2662,0.29676934635612323,0.3105982968366272,0.18342895565915693,0.7153136157091853,0.07158119658119658,0.12659654395191586
logit,raw,1,18028,2,True,1.3295440673828125,Black women,339,0.23008849557522124,0.20455020282704656,0.15118194846641264,0.7521367521367521,0.0,0.02359882005899705
logit,raw,1,18028,2,True,1.3295440673828125,White women,611,0.2127659574468085,0.20382940835913926,0.15860005611543207,0.672845034383496,0.010395010395010396,0.011456628477905073
logit,raw,1,18028,3,True,1.3617804050445557,All,7807,0.30062764185986934,0.29746594851261,0.1875836332649552,0.7022583580316857,0.060073260073260075,0.10400922249263482
logit,raw,1,18028,3,True,1.3617804050445557,Men,6857,0.31194399883330903,0.31039381463280197,0.19196584902290428,0.6985174699226164,0.06846121237812633,0.11623158815808662
logit,raw,1,18028,3,True,1.3617804050445557,Women,950,0.21894736842105264,0.20415397168507765,0.15595326120994762,0.7021044992743105,0.006738544474393531,0.015789473684210527
logit,raw,1,18028,3,True,1.3617804050445557,Black,4534,0.31473312748125276,0.3023124101296019,0.19392839351214924,0.6949842444970769,0.06083038300611522,0.10322011468901632
logit,raw,1,18028,3,True,1.3617804050445557,White,3273,0.281087687137183,0.2907522739108865,0.17879440535148808,0.7115458526580314,0.05907352316192095,0.1051023525817293
logit,raw,1,18028,3,True,1.3617804050445557,Black men,4195,0.3215733015494637,0.3102069128501741,0.19738249948155298,0.6884824499759589,0.06640899508081517,0.10965435041716329
logit,raw,1,18028,3,True,1.3617804050445557,White men,2662,0.29676934635612323,0.3106883499363795,0.1834298427591811,0.7153122633344151,0.07158119658119658,0.12659654395191586
logit,raw,1,18028,3,True,1.3617804050445557,Black women,339,0.23008849557522124,0.20462084991485166,0.15118510577867245,0.7520876313979762,0.0,0.02359882005899705
logit,raw,1,18028,3,True,1.3617804050445557,White women,611,0.2127659574468085,0.2038949345003094,0.15859876806952586,0.6727810650887573,0.010395010395010396,0.011456628477905073
logit,raw,1,18028,4,True,1.3633675575256348,All,7807,0.30062764185986934,0.29739397076153257,0.18758064855934717,0.702277398783577,0.05989010989010989,0.10388113231715128
logit,raw,1,18028,4,True,1.3633675575256348,Men,6857,0.31194399883330903,0.3103276705106016,0.19196160687564892,0.6985439270409785,0.06824925816023739,0.11608575178649555
logit,raw,1,18028,4,True,1.3633675575256348,Women,950,0.21894736842105264,0.20403988741483062,0.15595935258578797,0.7020591436865022,0.006738544474393531,0.015789473684210527
logit,raw,1,18028,4,True,1.3633675575256348,Black,4534,0.31473312748125276,0.302252704393567,0.19392278488318188,0.6950311580266456,0.06050852912777599,0.10299955888839876
logit,raw,1,18028,4,True,1.3633675575256348,White,3273,0.281087687137183,0.2906632960631995,0.17879505549724314,0.7115250651342412,0.05907352316192095,0.1051023525817293
logit,raw,1,18028,4,True,1.3633675575256348,Black men,4195,0.3215733015494637,0.3101518681023294,0.197375773392912,0.6885316782895844,0.06605762473647224,0.10941597139451728
logit,raw,1,18028,4,True,1.3633675575256348,White men,2662,0.29676934635612323,0.3106047145010983,0.18342951501241878,0.7153102347722601,0.07158119658119658,0.12659654395191586
logit,raw,1,18028,4,True,1.3633675575256348,Black women,339,0.23008849557522124,0.2045034661686158,0.15119332530112284,0.7520385106592002,0.0,0.02359882005899705
logit,raw,1,18028,4,True,1.3633675575256348,White women,611,0.2127659574468085,0.20378268087222318,0.15860367868971834,0.6727011034703343,0.010395010395010396,0.011456628477905073
logit,raw,1,18028,5,True,1.3132359981536865,All,7807,0.30062764185986934,0.2973992022047044,0.18756512116110666,0.7023008095440988,0.05989010989010989,0.10413731266811836
logit,raw,1,18028,5,True,1.3132359981536865,Men,6857,0.31194399883330903,0.3103422213587003,0.19194091329649274,0.6985758341275423,0.06824925816023739,0.1163774245296777
logit,raw,1,18028,5,True,1.3132359981536865,Women,950,0.21894736842105264,0.20397785237423083,0.15598111413758847,0.7017222164627825,0.006738544474393531,0.015789473684210527
logit,raw,1,18028,5,True,1.3132359981536865,Black,4534,0.31473312748125276,0.3023558257547543,0.1938799559355421,0.6951082946954557,0.06083038300611522,0.10388178209086898
logit,raw,1,18028,5,True,1.3132359981536865,White,3273,0.281087687137183,0.2905329232019772,0.17881734821051384,0.7114488442136774,0.058648533786655334,0.10449129239230064
logit,raw,1,18028,5,True,1.3132359981536865,Black men,4195,0.3215733015494637,0.3102560030746549,0.19733407069335418,0.6886184138897817,0.06640899508081517,0.11036948748510131
logit,raw,1,18028,5,True,1.3132359981536865,White men,2662,0.29676934635612323,0.31047809126913245,0.18344192934463932,0.7152074542897328,0.07104700854700854,0.1258452291510143
logit,raw,1,18028,5,True,1.3132359981536865,Black women,339,0.23008849557522124,0.20459404446571874,0.15113655944875246,0.751645544748993,0.0,0.02359882005899705
logit,raw,1,18028,5,True,1.3132359981536865,White women,611,0.2127659574468085,0.20363597165571298,0.15866900945594428,0.6725411802334879,0.010395010395010396,0.011456628477905073
logit,raw,1,18028,6,True,1.3115553855895996,All,7807,0.30062764185986934,0.2974450604280885,0.18758570012087172,0.7022519590904763,0.05989010989010989,0.10388113231715128
logit,raw,1,18028,6,True,1.3115553855895996,Men,6857,0.31194399883330903,0.31037396553230584,0.19196789177473295,0.6985104345091193,0.06824925816023739,0.11608575178649555
logit,raw,1,18028,6,True,1.3115553855895996,Women,950,0.21894736842105264,0.20412558432322672,0.15595550204663355,0.7020397055774413,0.006738544474393531,0.015789473684210527
logit,raw,1,18028,6,True,1.3115553855895996,Black,4534,0.31473312748125276,0.3022976892313969,0.19393235542339748,0.694973869389576,0.06050852912777599,0.10299955888839876
logit,raw,1,18028,6,True,1.3115553855895996,White,3273,0.281087687137183,0.29072284258690295,0.1787938470375684,0.7115292226389993,0.05907352316192095,0.1051023525817293
logit,raw,1,18028,6,True,1.3115553855895996,Black men,4195,0.3215733015494637,0.3101933230549921,0.19738658503505896,0.6884657800708158,0.06605762473647224,0.10941597139451728
logit,raw,1,18028,6,True,1.3115553855895996,White men,2662,0.29676934635612323,0.310658636904331,0.18342866629499305,0.7153021205236394,0.07158119658119658,0.12659654395191586
logit,raw,1,18028,6,True,1.3115553855895996,Black women,339,0.23008849557522124,0.2045921320338088,0.1511875376625723,0.7520876313979762,0.0,0.02359882005899705
logit,raw,1,18028,6,True,1.3115553855895996,White women,611,0.2127659574468085,0.20386673051981047,0.15860090290783938,0.6727330881177035,0.010395010395010396,0.011456628477905073
logit,raw,1,18028,7,True,1.2737467288970947,All,7807,0.30062764185986934,0.2973961578680113,0.187586300496076,0.7022608551794748,0.05989010989010989,0.10388113231715128
logit,raw,1,18028,7,True,1.2737467288970947,Men,6857,0.31194399883330903,0.3103210264297706,0.19196953160925376,0.6985128126770619,0.06824925816023739,0.11608575178649555
logit,raw,1,18028,7,True,1.2737467288970947,Women,950,0.21894736842105264,0.2041058171017128,0.15594859971390782,0.7022081691893012,0.006738544474393531,0.015789473684210527
logit,raw,1,18028,7,True,1.2737467288970947,Black,4534,0.31473312748125276,0.3022333884702608,0.19393581994542758,0.6949898831424576,0.06050852912777599,0.10299955888839876
logit,raw,1,18028,7,True,1.2737467288970947,White,3273,0.281087687137183,0.2906952707459216,0.1787904797862196,0.711540771263327,0.05907352316192095,0.1051023525817293
logit,raw,1,18028,7,True,1.2737467288970947,Black men,4195,0.3215733015494637,0.3101258863031811,0.1973908668968546,0.6884756778269946,0.06605762473647224,0.10941597139451728
logit,raw,1,18028,7,True,1.2737467288970947,White men,2662,0.29676934635612323,0.3106285443978559,0.1834261426041878,0.7153102347722601,0.07158119658119658,0.12659654395191586
logit,raw,1,18028,7,True,1.2737467288970947,Black women,339,0.23008849557522124,0.2045666380009385,0.1511808879063822,0.7520876313979762,0.0,0.02359882005899705
logit,raw,1,18028,7,True,1.2737467288970947,White women,611,0.2127659574468085,0.20385014069445007,0.15859386043854157,0.672877019030865,0.010395010395010396,0.011456628477905073
logit,raw,1,18028,8,True,1.2727773189544678,All,7807,0.30062764185986934,0.2974569937697735,0.18758572668600773,0.7022553146328179,0.060073260073260075,0.10400922249263482
logit,raw,1,18028,8,True,1.2727773189544678,Men,6857,0.31194399883330903,0.310376201761937,0.19196888740153037,0.6985120199544145,0.06846121237812633,0.11623158815808662
logit,raw,1,18028,8,True,1.2727773189544678,Women,950,0.21894736842105264,0.20420751039896842,0.1559485340267038,0.7021304167530582,0.006738544474393531,0.015789473684210527
logit,raw,1,18028,8,True,1.2727773189544678,Black,4534,0.31473312748125276,0.30229557378857297,0.19393225869283182,0.6949745460270217,0.06083038300611522,0.10322011468901632
logit,raw,1,18028,8,True,1.2727773189544678,White,3273,0.281087687137183,0.290754237336765,0.17879404440096638,0.7115370757035422,0.05907352316192095,0.1051023525817293
logit,raw,1,18028,8,True,1.2727773189544678,Black men,4195,0.3215733015494637,0.3101837724670249,0.19738732283485916,0.6884639567999409,0.06640899508081517,0.10965435041716329
logit,raw,1,18028,8,True,1.2727773189544678,White men,2662,0.29676934635612323,0.31067944777702183,0.18343006822691948,0.7153014443362544,0.07158119658119658,0.12659654395191586
logit,raw,1,18028,8,True,1.2727773189544678,Black women,339,0.23008849557522124,0.20468202377056136,0.1511771139264464,0.7521367521367521,0.0,0.02359882005899705
logit,raw,1,18028,8,True,1.2727773189544678,White women,611,0.2127659574468085,0.20394423702258543,0.1585958522165357,0.6728130497361267,0.010395010395010396,0.011456628477905073
logit,raw,1,18028,9,True,1.2544727325439453,All,7807,0.30062764185986934,0.2973916021809305,0.18758197541508467,0.7022707657347623,0.060073260073260075,0.10400922249263482
logit,raw,1,18028,9,True,1.2544727325439453,Men,6857,0.31194399883330903,0.31031531999383916,0.19196435688456764,0.6985226226198256,0.06846121237812633,0.11623158815808662
logit,raw,1,18028,9,True,1.2544727325439453,Women,950,0.21894736842105264,0.20410956739870464,0.15595040727166923,0.7021887310802404,0.006738544474393531,0.015789473684210527
logit,raw,1,18028,9,True,1.2544727325439453,Black,4534,0.31473312748125276,0.30222768352031376,0.1939275811953086,0.6950018370706652,0.06083038300611522,0.10322011468901632
logit,raw,1,18028,9,True,1.2544727325439453,White,3273,0.281087687137183,0.2906923071021759,0.1787915762071607,0.7115680260167409,0.05907352316192095,0.1051023525817293
logit,raw,1,18028,9,True,1.2544727325439453,Black men,4195,0.3215733015494637,0.3101201057405555,0.19738194609551285,0.688489743059459,0.06640899508081517,0.10965435041716329
logit,raw,1,18028,9,True,1.2544727325439453,White men,2662,0.29676934635612323,0.31062295477690643,0.18342687125725163,0.7153257870821161,0.07158119658119658,0.12659654395191586
logit,raw,1,18028,9,True,1.2544727325439453,Black women,339,0.23008849557522124,0.2045618687300072,0.15118108928865073,0.752234993614304,0.0,0.02359882005899705
logit,raw,1,18028,9,True,1.2544727325439453,White women,611,0.2127659574468085,0.20385861788755646,0.15859655914768117,0.6727810650887575,0.010395010395010396,0.011456628477905073
logit,raw,2,500,0,False,0.4605844020843506,All,5460,0.24065934065934066,0.2816699642147668,0.1752321521656714,0.6512548817477153,0.011336227689339121,0.01703296703296703
logit,raw,2,500,0,False,0.4605844020843506,Men,4718,0.2507418397626113,0.28970408179916385,0.18059108001737645,0.6434062944997555,0.013295615275813296,0.01949978804578211
logit,raw,2,500,0,False,0.4605844020843506,Women,742,0.1765498652291105,0.23058510334793972,0.14115745997652795,0.6675953573793431,0.0,0.0013477088948787063
logit,raw,2,500,0,False,0.4605844020843506,Black,3107,0.24074670099774703,0.28444102986123293,0.1780564919524116,0.6293612130581934,0.0105977108944468,0.014483424525265529
logit,raw,2,500,0,False,0.4605844020843506,White,2353,0.24054398640034,0.27801093278103517,0.1715027753201968,0.6789553924001575,0.012311135982092894,0.020399490012749683
logit,raw,2,500,0,False,0.4605844020843506,Black men,2846,0.2501756851721715,0.29004491627321,0.18362469750320806,0.615190916462201,0.011715089034676664,0.015811665495432184
logit,raw,2,500,0,False,0.4605844020843506,White men,1872,0.2516025641025641,0.28918591143958305,0.1759790739465021,0.6849990376907001,0.015703069236259814,0.025106837606837608
logit,raw,2,500,0,False,0.4605844020843506,Black women,261,0.13793103448275862,0.2233350500586017,0.11733958391575729,0.7434567901234569,0.0,0.0
logit,raw,2,500,0,False,0.4605844020843506,White women,481,0.19750519750519752,0.2345191239477677,0.15408150499079226,0.6343605126806654,0.0,0.002079002079002079
logit,raw,2,500,1,False,0.4491462707519531,All,5460,0.24065934065934066,0.24966816021261473,0.17499942302495833,0.6412131110949578,0.001929570670525808,0.0038461538461538464
logit,raw,2,500,1,False,0.4491462707519531,Men,4718,0.2507418397626113,0.25457200484657133,0.18069493349344296,0.6292971743738799,0.002263083451202263,0.004451038575667656
logit,raw,2,500,1,False,0.4491462707519531,Women,742,0.1765498652291105,0.21848711037028654,0.13878457344232964,0.6978673429867193,0.0,0.0
logit,raw,2,500,1,False,0.4491462707519531,Black,3107,0.24074670099774703,0.2508159283123558,0.1768280667841247,0.6198748450013941,0.001695633743111488,0.003540392661731574
logit,raw,2,500,1,False,0.4491462707519531,White,2353,0.24054398640034,0.24815259902013892,0.1725848050225232,0.669262300754764,0.002238388360380526,0.004249893752656183
logit,raw,2,500,1,False,0.4491462707519531,Black men,2846,0.2501756851721715,0.25419368789301067,0.18197655350901834,0.6114335320072029,0.0018744142455482662,0.003865073787772312
logit,raw,2,500,1,False,0.4491462707519531,White men,1872,0.2516025641025641,0.2551471597877219,0.17874648767916546,0.6561191505612461,0.0028551034975017845,0.005341880341880342
logit,raw,2,500,1,False,0.4491462707519531,Black women,261,0.13793103448275862,0.21398411311487034,0.12068786287972905,0.6535802469135803,0.0,0.0
logit,raw,2,500,1,False,0.4491462707519531,White women,481,0.19750519750519752,0.22093052468143753,0.1486042022507262,0.7148077447504773,0.0,0.0
logit,raw,2,500,2,False,0.5140397548675537,All,5460,0.24065934065934066,0.25117279863309466,0.17533586497297945,0.642004800431143,0.0,0.00018315018315018315
logit,raw,2,500,2,False,0.5140397548675537,Men,4718,0.2507418397626113,0.2559989381488978,0.18040927660909883,0.6373506810891209,0.0,0.000211954217888936
logit,raw,2,500,2,False,0.5140397548675537,Women,742,0.1765498652291105,0.22048583605147845,0.1430766249470883,0.6403468222535951,0.0,0.0
logit,raw,2,500,2,False,0.5140397548675537,Black,3107,0.24074670099774703,0.2557081739344354,0.17651441217464378,0.6281886641897115,0.0,0.000321853878339234
logit,raw,2,500,2,False,0.5140397548675537,White,2353,0.24054398640034,0.2451840986495563,0.17377966176194204,0.6604471635546082,0.0,0.0
logit,raw,2,500,2,False,0.5140397548675537,Black men,2846,0.2501756851721715,0.25928271505246436,0.181634080681759,0.6182789612796563,0.0,0.00035137034434293746
logit,raw,2,500,2,False,0.5140397548675537,White men,1872,0.2516025641025641,0.25100661492905235,0.17854720802427473,0.6663423608553793,0.0,0.0
logit,raw,2,500,2,False,0.5140397548675537,Black women,261,0.13793103448275862,0.21673061063209617,0.12068844830012336,0.684320987654321,0.0,0.0
logit,raw,2,500,2,False,0.5140397548675537,White women,481,0.19750519750519752,0.22252349475097696,0.15522488711934998,0.6190346332151623,0.0,0.0
logit,raw,2,500,3,False,0.4393746852874756,All,5460,0.24065934065934066,0.23984995992270863,0.17690601620607294,0.6388754890925659,0.04052098408104197,0.055860805860805864
logit,raw,2,500,3,False,0.4393746852874756,Men,4718,0.2507418397626113,0.25414872152425694,0.18272483490857233,0.631062876846796,0.047524752475247525,0.0642221280203476
logit,raw,2,500,3,False,0.4393746852874756,Women,742,0.1765498652291105,0.148931419173241,0.13990711238074655,0.6495296160717631,0.0,0.0026954177897574125
logit,raw,2,500,3,False,0.4393746852874756,Black,3107,0.24074670099774703,0.24707540637631992,0.17936754460645735,0.6248739042420314,0.0453582026282323,0.06050852912777599
logit,raw,2,500,3,False,0.4393746852874756,White,2353,0.24054398640034,0.23030917703644843,0.17365571074921174,0.6573150017499767,0.03413542249580302,0.049723756906077346
logit,raw,2,500,3,False,0.4393746852874756,Black men,2846,0.2501756851721715,0.2568369457071705,0.18534253560898806,0.6137890546844561,0.05014058106841612,0.06605762473647224
logit,raw,2,500,3,False,0.4393746852874756,White men,1872,0.2516025641025641,0.2500618165966009,0.17874514677108133,0.657137531426597,0.04354032833690221,0.06143162393162393
logit,raw,2,500,3,False,0.4393746852874756,Black women,261,0.13793103448275862,0.14063348708282983,0.11421496072445582,0.6622222222222223,0.0,0.0
logit,raw,2,500,3,False,0.4393746852874756,White women,481,0.19750519750519752,0.15343403928882796,0.15384817596139494,0.6412598854649577,0.0,0.004158004158004158
logit,raw,2,500,4,False,0.4199190139770508,All,5460,0.24065934065934066,0.2739771947162508,0.17366359425763214,0.6619429631244946,0.002170767004341534,0.004761904761904762
logit,raw,2,500,4,False,0.4199190139770508,Men,4718,0.2507418397626113,0.2798300042701967,0.17868343748440255,0.6554276101441807,0.002545968882602546,0.0052988554472234
logit,raw,2,500,4,False,0.4199190139770508,Women,742,0.1765498652291105,0.23676216038267014,0.14174496845722395,0.6722429754750691,0.0,0.0013477088948787063
logit,raw,2,500,4,False,0.4199190139770508,Black,3107,0.24074670099774703,0.2777533000279914,0.17551594213077018,0.6475303366558385,0.003391267486222976,0.005793369810106212
logit,raw,2,500,4,False,0.4199190139770508,White,2353,0.24054398640034,0.2689910667079303,0.17121767634779797,0.6812471698822078,0.0005595970900951316,0.003399915002124947
logit,raw,2,500,4,False,0.4199190139770508,Black men,2846,0.2501756851721715,0.28194668405699536,0.18047747224694985,0.6371784273875087,0.0037488284910965324,0.006324666198172874
logit,raw,2,500,4,False,0.4199190139770508,White men,1872,0.2516025641025641,0.27661201779945477,0.17595596796826493,0.6830062239437709,0.0007137758743754461,0.0037393162393162395
logit,raw,2,500,4,False,0.4199190139770508,Black women,261,0.13793103448275862,0.23202774084582636,0.12141435320108623,0.7085185185185184,0.0,0.0
logit,raw,2,500,4,False,0.4199190139770508,White women,481,0.19750519750519752,0.23933114894632132,0.15277675760868328,0.6556585764930462,0.0,0.002079002079002079
logit,raw,2,500,5,False,0.46974945068359375,All,5460,0.24065934065934066,0.2718313486275023,0.17751614572486563,0.6443495812288311,0.05306319343945972,0.07124542124542124
logit,raw,2,500,5,False,0.46974945068359375,Men,4718,0.2507418397626113,0.27194995541885225,0.18230807623413164,0.6402888157430645,0.05431400282885431,0.07142857142857142
logit,raw,2,500,5,False,0.46974945068359375,Women,742,0.1765498652291105,0.2710771884636356,0.14704670078858903,0.6818130708012144,0.04582651391162029,0.07008086253369272
logit,raw,2,500,5,False,0.46974945068359375,Black,3107,0.24074670099774703,0.26534827304901154,0.18007359664789224,0.6276604788125124,0.04917337855023315,0.06372706791116833
logit,raw,2,500,5,False,0.46974945068359375,White,2353,0.24054398640034,0.28039187383887965,0.17413918014142166,0.6668241975318406,0.058198097369893675,0.0811729706757331
logit,raw,2,500,5,False,0.46974945068359375,Black men,2846,0.2501756851721715,0.26674663382129077,0.18412076544607178,0.6265571854301148,0.04920337394564199,0.06535488404778636
logit,raw,2,500,5,False,0.46974945068359375,White men,1872,0.2516025641025641,0.27986056079634164,0.17955224637452613,0.6610095003417334,0.06209850107066381,0.08066239316239317
logit,raw,2,500,5,False,0.46974945068359375,Black women,261,0.13793103448275862,0.2501002471566489,0.13594239971448627,0.6287654320987655,0.04888888888888889,0.04597701149425287
logit,raw,2,500,5,False,0.46974945068359375,White women,481,0.19750519750519752,0.2824596867611897,0.1530721115585284,0.698636487592037,0.04404145077720207,0.08316008316008316
logit,raw,2,500,6,False,0.44450855255126953,All,5460,0.24065934065934066,0.2599892513369644,0.17358562637455024,0.6548043593025058,0.0074770863482875064,0.011538461538461539
logit,raw,2,500,6,False,0.44450855255126953,Men,4718,0.2507418397626113,0.2655107717257138,0.17951708532099786,0.643048562796142,0.00876944837340877,0.012505298855447223
logit,raw,2,500,6,False,0.44450855255126953,Women,742,0.1765498652291105,0.2248807160349158,0.1358705006207229,0.7109856198698168,0.0,0.005390835579514825
logit,raw,2,500,6,False,0.44450855255126953,Black,3107,0.24074670099774703,0.2591801325157529,0.17548337679822962,0.6382972935599921,0.005934718100890208,0.009011908593498551
logit,raw,2,500,6,False,0.44450855255126953,White,2353,0.24054398640034,0.26105764580254187,0.17107975703057582,0.676301755315678,0.009513150531617236,0.014874628134296642
logit,raw,2,500,6,False,0.44450855255126953,Black men,2846,0.2501756851721715,0.2632022742490141,0.18091690767574276,0.6278129376704611,0.006560449859418931,0.009486999297259312
logit,raw,2,500,6,False,0.44450855255126953,White men,1872,0.2516025641025641,0.26902037846646565,0.17738893659150862,0.6660483639984178,0.012134189864382585,0.017094017094017096
logit,raw,2,500,6,False,0.44450855255126953,Black women,261,0.13793103448275862,0.21532183606800792,0.11623499029477216,0.7192592592592593,0.0,0.0038314176245210726
logit,raw,2,500,6,False,0.44450855255126953,White women,481,0.19750519750519752,0.23006755111051444,0.14652511225289158,0.7034360512680665,0.0,0.006237006237006237
logit,raw,2,500,7,False,0.42773914337158203,All,5460,0.24065934065934066,0.26679842887985156,0.17570662966862283,0.6446087663303134,0.002894356005788712,0.00402930402930403
logit,raw,2,500,7,False,0.42773914337158203,Men,4718,0.2507418397626113,0.2696874435855779,0.18129449190003544,0.6314385429606842,0.0031117397454031117,0.004027130139889784
logit,raw,2,500,7,False,0.42773914337158203,Women,742,0.1765498652291105,0.24842865612834658,0.14017626038586722,0.7162829050111819,0.0016366612111292963,0.004043126684636119
logit,raw,2,500,7,False,0.42773914337158203,Black,3107,0.24074670099774703,0.2650019722560095,0.1778715492842948,0.616874616045501,0.001695633743111488,0.002574831026713872
logit,raw,2,500,7,False,0.42773914337158203,White,2353,0.24054398640034,0.2691705456373005,0.1728479789053875,0.6800953490165527,0.004476776720761052,0.005949851253718657
logit,raw,2,500,7,False,0.42773914337158203,Black men,2846,0.2501756851721715,0.26751536659807457,0.18308558950352175,0.6041866305824374,0.0018744142455482662,0.0028109627547434997
logit,raw,2,500,7,False,0.42773914337158203,White men,1872,0.2516025641025641,0.272989650373203,0.1785714877443079,0.6714842749567718,0.004996431120628123,0.005876068376068376
logit,raw,2,500,7,False,0.42773914337158203,Black women,261,0.13793103448275862,0.2375953810777828,0.12101653601257086,0.7304938271604939,0.0,0.0
logit,raw,2,500,7,False,0.42773914337158203,White women,481,0.19750519750519752,0.2543070028813551,0.15057270126202177,0.7045268611944369,0.0025906735751295338,0.006237006237006237
logit,raw,2,500,8,False,0.4156758785247803,All,5460,0.24065934065934066,0.21467852142047775,0.17868356792644316,0.6710937391011931,0.0,0.0
logit,raw,2,500,8,False,0.4156758785247803,Men,4718,0.2507418397626113,0.21500186039072475,0.18439394472978377,0.6669429362933879,0.0,0.0
logit,raw,2,500,8,False,0.4156758785247803,Women,742,0.1765498652291105,0.21262257362853015,0.14237419089388112,0.6967928936420085,0.0,0.0
logit,raw,2,500,8,False,0.4156758785247803,Black,3107,0.24074670099774703,0.21430070732689535,0.17972643525541887,0.6418274080606076,0.0,0.0
logit,raw,2,500,8,False,0.4156758785247803,White,2353,0.24054398640034,0.2151774030136612,0.17730652211635914,0.7087366354175524,0.0,0.0
logit,raw,2,500,8,False,0.4156758785247803,Black men,2846,0.2501756851721715,0.21480721075474185,0.1851042270624276,0.63681512799722,0.0,0.0
logit,raw,2,500,8,False,0.4156758785247803,White men,1872,0.2516025641025641,0.2152977860659423,0.18331410310654425,0.7108025659560733,0.0,0.0
logit,raw,2,500,8,False,0.4156758785247803,Black women,261,0.13793103448275862,0.20877768527459195,0.12108583953608258,0.6769135802469136,0.0,0.0
logit,raw,2,500,8,False,0.4156758785247803,White women,481,0.19750519750519752,0.21470888518856723,0.1539256663707739,0.6994545950368148,0.0,0.0
logit,raw,2,500,9,False,0.5011727809906006,All,5460,0.24065934065934066,0.2580190738440537,0.17877976168572549,0.6418460220226571,0.0,0.0
logit,raw,2,500,9,False,0.5011727809906006,Men,4718,0.2507418397626113,0.2594622687246205,0.18359978464042903,0.6392806627601535,0.0,0.0
logit,raw,2,500,9,False,0.5011727809906006,Women,742,0.1765498652291105,0.2488425328110155,0.14813169120015768,0.6284029434914608,0.0,0.0
logit,raw,2,500,9,False,0.5011727809906006,Black,3107,0.24074670099774703,0.2593271306985322,0.17913777570691355,0.6335736614581089,0.0,0.0
logit,raw,2,500,9,False,0.5011727809906006,White,2353,0.24054398640034,0.256291860649466,0.17830702493951575,0.6521016528876594,0.0,0.0
logit,raw,2,500,9,False,0.5011727809906006,Black men,2846,0.2501756851721715,0.2606402242577119,0.18382093509529704,0.6258180817792194,0.0,0.0
logit,raw,2,500,9,False,0.5011727809906006,White men,1872,0.2516025641025641,0.25767142393446135,0.1832635697929106,0.6589712231633154,0.0,0.0
logit,raw,2,500,9,False,0.5011727809906006,Black women,261,0.13793103448275862,0.24500887679268882,0.12807160092017256,0.6674074074074074,0.0,0.0
logit,raw,2,500,9,False,0.5011727809906006,White women,481,0.19750519750519752,0.2509227494862406,0.15901668821278991,0.607390237251159,0.0,0.0
logit,raw,2,1000,0,False,0.5108191967010498,All,5460,0.24065934065934066,0.27928356481369854,0.1722570260139248,0.6734464129295918,0.015195369030390739,0.022344322344322345
logit,raw,2,1000,0,False,0.5108191967010498,Men,4718,0.2507418397626113,0.29094040491937967,0.1780960271940107,0.6639729979518902,0.01782178217821782,0.025858414582450192
logit,raw,2,1000,0,False,0.5108191967010498,Women,742,0.1765498652291105,0.20516365697191483,0.13512979209526546,0.7158706163091415,0.0,0.0
logit,raw,2,1000,0,False,0.5108191967010498,Black,3107,0.24074670099774703,0.28432898105908416,0.17547195965254953,0.6509731758902644,0.015684612123781264,0.021242355970389443
logit,raw,2,1000,0,False,0.5108191967010498,White,2353,0.24054398640034,0.2726213853515595,0.16801189264579608,0.7018919522819894,0.014549524342473419,0.02379940501487463
logit,raw,2,1000,0,False,0.5108191967010498,Black men,2846,0.2501756851721715,0.2924154974411637,0.18130135377612833,0.636619657129619,0.017338331771321464,0.023190442726633873
logit,raw,2,1000,0,False,0.5108191967010498,White men,1872,0.2516025641025641,0.28869782301927427,0.17322297193081265,0.703901217056061,0.018558172733761598,0.029914529914529916
logit,raw,2,1000,0,False,0.5108191967010498,Black women,261,0.13793103448275862,0.19615187139089135,0.1119069953778165,0.749753086419753,0.0,0.0
logit,raw,2,1000,0,False,0.5108191967010498,White women,481,0.19750519750519752,0.21005362794207513,0.1477309354284342,0.6974365966730297,0.0,0.0
logit,raw,2,1000,1,False,0.4425666332244873,All,5460,0.24065934065934066,0.24631686454704596,0.17333011407013021,0.6525996339102221,0.003376748673420164,0.005494505494505495
logit,raw,2,1000,1,False,0.4425666332244873,Men,4718,0.2507418397626113,0.2473562525227088,0.17887466987723422,0.6435296832424457,0.0039603960396039604,0.00635862653666808
logit,raw,2,1000,1,False,0.4425666332244873,Women,742,0.1765498652291105,0.2397079259093409,0.1380751082777896,0.7218925300783348,0.0,0.0
logit,raw,2,1000,1,False,0.4425666332244873,Black,3107,0.24074670099774703,0.24660252708446612,0.17577439627217759,0.6266896831567804,0.000847816871555744,0.0032185387833923397
logit,raw,2,1000,1,False,0.4425666332244873,White,2353,0.24054398640034,0.24593966373796644,0.17010258121770294,0.6858653289066501,0.006715165081141578,0.008499787505312367
logit,raw,2,1000,1,False,0.4425666332244873,Black men,2846,0.2501756851721715,0.2481388959482215,0.18094976061017848,0.618495492981477,0.0009372071227741331,0.0035137034434293743
logit,raw,2,1000,1,False,0.4425666332244873,White men,1872,0.2516025641025641,0.24616640039182783,0.17571991120952088,0.6800268537335328,0.008565310492505354,0.010683760683760684
logit,raw,2,1000,1,False,0.4425666332244873,Black women,261,0.13793103448275862,0.22984963135171563,0.11934111310761655,0.7267901234567902,0.0,0.0
logit,raw,2,1000,1,False,0.4425666332244873,White women,481,0.19750519750519752,0.24505722919320833,0.1482405401684656,0.7161712571584401,0.0,0.0
logit,raw,2,1000,2,False,0.4825320243835449,All,5460,0.24065934065934066,0.2487341192752085,0.1744857536739384,0.6527178458120313,0.031596719729860105,0.04249084249084249
logit,raw,2,1000,2,False,0.4825320243835449,Men,4718,0.2507418397626113,0.2569862176051384,0.18015601474443715,0.6457337027024764,0.036492220650636495,0.04811360746078847
logit,raw,2,1000,2,False,0.4825320243835449,Women,742,0.1765498652291105,0.19626322989433362,0.13843145215020117,0.6657088242275833,0.0032733224222585926,0.006738544474393531
logit,raw,2,1000,2,False,0.4825320243835449,Black,3107,0.24074670099774703,0.26144841928905627,0.177947671473885,0.6356557999514885,0.03984739296311997,0.05085291277759897
logit,raw,2,1000,2,False,0.4825320243835449,White,2353,0.24054398640034,0.23194562367681282,0.1699144920485946,0.6753615135618256,0.020705092333519866,0.03144921376965576
logit,raw,2,1000,2,False,0.4825320243835449,Black men,2846,0.2501756851721715,0.2677270276464906,0.18323311018366276,0.6284276507692469,0.044048734770384255,0.05551651440618412
logit,raw,2,1000,2,False,0.4825320243835449,White men,1872,0.2516025641025641,0.24065697327945018,0.17547790917817854,0.6725117485084205,0.024982155603140613,0.03685897435897436
logit,raw,2,1000,2,False,0.4825320243835449,Black women,261,0.13793103448275862,0.19298512662523284,0.12031411374197852,0.6560493827160494,0.0,0.0
logit,raw,2,1000,2,False,0.4825320243835449,White women,481,0.19750519750519752,0.19804199279087273,0.14826227403075437,0.6706299427324788,0.0051813471502590676,0.010395010395010396
logit,raw,2,1000,3,False,0.439943790435791,All,5460,0.24065934065934066,0.24098005305082226,0.17437673277920276,0.6570188133140376,0.04220935841775205,0.05695970695970696
logit,raw,2,1000,3,False,0.439943790435791,Men,4718,0.2507418397626113,0.25540772435049364,0.18011164352924328,0.6491469796659657,0.04922206506364922,0.06549385332768122
logit,raw,2,1000,3,False,0.439943790435791,Women,742,0.1765498652291105,0.14924184120196823,0.13791135687800152,0.6752039579715396,0.0016366612111292963,0.0026954177897574125
logit,raw,2,1000,3,False,0.439943790435791,Black,3107,0.24074670099774703,0.24414824317993944,0.176811508874907,0.6439101132764948,0.043662568885120816,0.05535886707434825
logit,raw,2,1000,3,False,0.439943790435791,White,2353,0.24054398640034,0.23679664177535814,0.17116175218874244,0.6740524913934758,0.04029099048684947,0.05907352316192095
logit,raw,2,1000,3,False,0.439943790435791,Black men,2846,0.2501756851721715,0.2536689384649711,0.18255156512064857,0.6330788043764414,0.04779756326148079,0.060084328882642306
logit,raw,2,1000,3,False,0.439943790435791,White men,1872,0.2516025641025641,0.25805119904611173,0.17640223281923292,0.6732437097553916,0.05139186295503212,0.07371794871794872
logit,raw,2,1000,3,False,0.439943790435791,Black women,261,0.13793103448275862,0.14033253903741003,0.11422070398839157,0.6948148148148148,0.0044444444444444444,0.0038314176245210726
logit,raw,2,1000,3,False,0.439943790435791,White women,481,0.19750519750519752,0.15407620266756009,0.15076636811332003,0.664194164166894,0.0,0.002079002079002079
logit,raw,2,1000,4,False,0.4367542266845703,All,5460,0.24065934065934066,0.274965050874434,0.17129131681857918,0.6770984998836237,0.015195369030390739,0.023992673992673994
logit,raw,2,1000,4,False,0.4367542266845703,Men,4718,0.2507418397626113,0.27897704252673206,0.17631333359448118,0.6694568623629662,0.01753889674681754,0.02691818567189487
logit,raw,2,1000,4,False,0.4367542266845703,Women,742,0.1765498652291105,0.24945483980227506,0.13935887052652307,0.714633750203021,0.0016366612111292963,0.005390835579514825
logit,raw,2,1000,4,False,0.4367542266845703,Black,3107,0.24074670099774703,0.2800001311338862,0.1743435188715773,0.6531714924977274,0.018651971174226366,0.026392018023817188
logit,raw,2,1000,4,False,0.4367542266845703,White,2353,0.24054398640034,0.26831651948211876,0.16726106106904023,0.7081018980821441,0.010632344711807499,0.0208244793880153
logit,raw,2,1000,4,False,0.4367542266845703,Black men,2846,0.2501756851721715,0.2833329103344752,0.17895280135154898,0.6472705158851342,0.020618556701030927,0.02881236823612087
logit,raw,2,1000,4,False,0.4367542266845703,White men,1872,0.2516025641025641,0.272354820421584,0.17230055301936636,0.7021963383752279,0.01284796573875803,0.02403846153846154
logit,raw,2,1000,4,False,0.4367542266845703,Black women,261,0.13793103448275862,0.24365879165160131,0.12408291374514302,0.6816049382716048,0.0,0.0
logit,raw,2,1000,4,False,0.4367542266845703,White women,481,0.19750519750519752,0.25259988879879447,0.1476479032083114,0.7252522497954731,0.0025906735751295338,0.008316008316008316
logit,raw,2,1000,5,False,0.49776458740234375,All,5460,0.24065934065934066,0.27940311339908036,0.17331587496777315,0.6641732031974483,0.01085383502170767,0.0163003663003663
logit,raw,2,1000,5,False,0.49776458740234375,Men,4718,0.2507418397626113,0.28067493432238827,0.1784281770646905,0.655387915316106,0.011598302687411598,0.016108520559559136
logit,raw,2,1000,5,False,0.49776458740234375,Women,742,0.1765498652291105,0.27131625205653775,0.14080935031378924,0.7260653914868629,0.006546644844517185,0.01752021563342318
logit,raw,2,1000,5,False,0.49776458740234375,Black,3107,0.24074670099774703,0.2749902059151493,0.17535120683041436,0.6442484466136064,0.010173802458668928,0.013517862890247827
logit,raw,2,1000,5,False,0.49776458740234375,White,2353,0.24054398640034,0.2852301017342159,0.17062833731489332,0.6901067980170884,0.011751538891997761,0.01997450063748406
logit,raw,2,1000,5,False,0.49776458740234375,Black men,2846,0.2501756851721715,0.27678782911236743,0.1799796355665074,0.6373982498446763,0.01077788191190253,0.014406184118060435
logit,raw,2,1000,5,False,0.49776458740234375,White men,1872,0.2516025641025641,0.2865844970508708,0.17606949603041117,0.6813937875736319,0.01284796573875803,0.018696581196581196
logit,raw,2,1000,5,False,0.49776458740234375,Black women,261,0.13793103448275862,0.25538853687575125,0.1248818268192234,0.7166666666666667,0.0044444444444444444,0.0038314176245210726
logit,raw,2,1000,5,False,0.49776458740234375,White women,481,0.19750519750519752,0.2799589415829104,0.14945193582747257,0.725443141532588,0.007772020725388601,0.02494802494802495
logit,raw,2,1000,6,False,0.44956398010253906,All,5460,0.24065934065934066,0.25999768693749065,0.17087194800444377,0.6769894659245015,0.010371442354076218,0.017948717948717947
logit,raw,2,1000,6,False,0.44956398010253906,Men,4718,0.2507418397626113,0.26693236110565943,0.1767601361668462,0.6651537995243795,0.012164073550212163,0.020347604917337857
logit,raw,2,1000,6,False,0.44956398010253906,Women,742,0.1765498652291105,0.21590362666064392,0.133431959122753,0.7319998500768357,0.0,0.0026954177897574125
logit,raw,2,1000,6,False,0.44956398010253906,Black,3107,0.24074670099774703,0.26283357166063465,0.17379707817035697,0.6585508225410477,0.011445527766002543,0.017701963308657868
logit,raw,2,1000,6,False,0.44956398010253906,White,2353,0.24054398640034,0.25625306567322853,0.16700948331022689,0.701005099649807,0.008953553441522105,0.01827454313642159
logit,raw,2,1000,6,False,0.44956398010253906,Black men,2846,0.2501756851721715,0.2678433735630499,0.17917855487769613,0.6479971146657119,0.012652296157450796,0.01932536893886156
logit,raw,2,1000,6,False,0.44956398010253906,White men,1872,0.2516025641025641,0.2655473496453318,0.17308341626776558,0.6912017651934999,0.011420413990007138,0.0219017094017094
logit,raw,2,1000,6,False,0.44956398010253906,Black women,261,0.13793103448275862,0.2082056168166743,0.11511630150718748,0.7396296296296296,0.0,0.0
logit,raw,2,1000,6,False,0.44956398010253906,White women,481,0.19750519750519752,0.22008071724125935,0.14337039288088732,0.7277883828742842,0.0,0.004158004158004158
logit,raw,2,1000,7,False,0.45249342918395996,All,5460,0.24065934065934066,0.25980338907090356,0.17233412967215303,0.6671543825410565,0.004582730342498794,0.007509157509157509
logit,raw,2,1000,7,False,0.45249342918395996,Men,4718,0.2507418397626113,0.2666625562483657,0.17786050325835842,0.6573372661502352,0.005374823196605375,0.00847816871555744
logit,raw,2,1000,7,False,0.45249342918395996,Women,742,0.1765498652291105,0.21618943928213494,0.13719473535986598,0.7145338014267688,0.0,0.0013477088948787063
logit,raw,2,1000,7,False,0.45249342918395996,Black,3107,0.24074670099774703,0.2619917305334391,0.17484995012149201,0.6467578938778101,0.005510809665112336,0.007080785323463148
logit,raw,2,1000,7,False,0.45249342918395996,White,2353,0.24054398640034,0.2569138111176108,0.16901213471418605,0.6936828804815304,0.003357582540570789,0.008074798130046749
logit,raw,2,1000,7,False,0.45249342918395996,Black men,2846,0.2501756851721715,0.2670663308356676,0.18047774443991654,0.632115929361962,0.006091846298031865,0.007730147575544624
logit,raw,2,1000,7,False,0.45249342918395996,White men,1872,0.2516025641025641,0.2660486980883971,0.1738815137269938,0.695179815448777,0.004282655246252677,0.009615384615384616
logit,raw,2,1000,7,False,0.45249342918395996,Black women,261,0.13793103448275862,0.2066572000348101,0.113483273377292,0.7690123456790123,0.0,0.0
logit,raw,2,1000,7,False,0.45249342918395996,White women,481,0.19750519750519752,0.2213618185826584,0.15006103801569096,0.6864739569130078,0.0,0.002079002079002079
logit,raw,2,1000,8,False,0.4849116802215576,All,5460,0.24065934065934066,0.23296967001533614,0.17161715108725717,0.6734109860708198,0.001688374336710082,0.002014652014652015
logit,raw,2,1000,8,False,0.4849116802215576,Men,4718,0.2507418397626113,0.23418200551290147,0.1773613912375742,0.6648991308984782,0.0019801980198019802,0.0023314963967782957
logit,raw,2,1000,8,False,0.4849116802215576,Women,742,0.1765498652291105,0.22526104619119408,0.13509245428241107,0.735123249334716,0.0,0.0
logit,raw,2,1000,8,False,0.4849116802215576,Black,3107,0.24074670099774703,0.23147196216686233,0.17441689575653502,0.6455349067061409,0.001695633743111488,0.0016092693916961698
logit,raw,2,1000,8,False,0.4849116802215576,White,2353,0.24054398640034,0.23494730634564123,0.16792025066760297,0.7100466462733404,0.0016787912702853946,0.0025499362515937103
logit,raw,2,1000,8,False,0.4849116802215576,Black men,2846,0.2501756851721715,0.23305183990700368,0.17979053721178084,0.6372251561134337,0.0018744142455482662,0.0017568517217146872
logit,raw,2,1000,8,False,0.4849116802215576,White men,1872,0.2516025641025641,0.23590019531759443,0.17366836268918098,0.7060561837086339,0.0021413276231263384,0.003205128205128205
logit,raw,2,1000,8,False,0.4849116802215576,Black women,261,0.13793103448275862,0.21424463631076213,0.11582155636331799,0.7428395061728393,0.0,0.0
logit,raw,2,1000,8,False,0.4849116802215576,White women,481,0.19750519750519752,0.2312387654818235,0.14554922009713725,0.7269157349331878,0.0,0.0
logit,raw,2,1000,9,False,0.4703521728515625,All,5460,0.24065934065934066,0.25109539455929997,0.17153113346929358,0.6700026652745563,0.003135552339604438,0.0056776556776556774
logit,raw,2,1000,9,False,0.4703521728515625,Men,4718,0.2507418397626113,0.2540245675952115,0.17649851756134532,0.6651521256460871,0.0033946251768033945,0.006146672318779143
logit,raw,2,1000,9,False,0.4703521728515625,Women,742,0.1765498652291105,0.23247027544416402,0.13994606858209677,0.6870104071663272,0.0016366612111292963,0.0026954177897574125
logit,raw,2,1000,9,False,0.4703521728515625,Black,3107,0.24074670099774703,0.2555686227813493,0.17330145022760945,0.6576962049993992,0.00423908435777872,0.007080785323463148
logit,raw,2,1000,9,False,0.4703521728515625,White,2353,0.24054398640034,0.2451887561887486,0.169193532887871,0.6860185754595913,0.0016787912702853946,0.003824904377390565
logit,raw,2,1000,9,False,0.4703521728515625,Black men,2846,0.2501756851721715,0.25834479053790177,0.17810267146407333,0.6515175647357392,0.004686035613870665,0.007730147575544624
logit,raw,2,1000,9,False,0.4703521728515625,White men,1872,0.2516025641025641,0.24745653634793793,0.17405972375409964,0.6858931518433149,0.0014275517487508922,0.0037393162393162395
logit,raw,2,1000,9,False,0.4703521728515625,Black women,261,0.13793103448275862,0.22529669391104964,0.1209479037181221,0.6990123456790124,0.0,0.0
logit,raw,2,1000,9,False,0.4703521728515625,White women,481,0.19750519750519752,0.23636280097460655,0.15025484411119736,0.6804199618216527,0.0025906735751295338,0.004158004158004158
logit,raw,2,2000,0,False,0.515486478805542,All,5460,0.24065934065934066,0.27495321638700093,0.1708078689304906,0.6831221672279896,0.025084418716835505,0.03626373626373627
logit,raw,2,2000,0,False,0.515486478805542,Men,4718,0.2507418397626113,0.2863511790747949,0.17680528898308137,0.6726630566691496,0.02942008486562942,0.04154302670623145
logit,raw,2,2000,0,False,0.515486478805542,Women,742,0.1765498652291105,0.20247937816461326,0.13267333010552665,0.7300508489399183,0.0,0.0026954177897574125
logit,raw,2,2000,0,False,0.515486478805542,Black,3107,0.24074670099774703,0.2794658271527803,0.17480757275299935,0.657324435034332,0.027977956761339552,0.034438364982298034
logit,raw,2,2000,0,False,0.515486478805542,White,2353,0.24054398640034,0.2689945756520768,0.1655264920598851,0.715197707827043,0.021264689423614997,0.03867403314917127
logit,raw,2,2000,0,False,0.515486478805542,Black men,2846,0.2501756851721715,0.28780543560925875,0.18056762607517246,0.6445826269178523,0.030927835051546393,0.03759662684469431
logit,raw,2,2000,0,False,0.515486478805542,White men,1872,0.2516025641025641,0.28414027410840353,0.171085411117648,0.7124892592643107,0.027123483226266953,0.04754273504273504
logit,raw,2,2000,0,False,0.515486478805542,Black women,261,0.13793103448275862,0.18852894720206073,0.11199871545451404,0.7283950617283951,0.0,0.0
logit,raw,2,2000,0,False,0.515486478805542,White women,481,0.19750519750519752,0.21004915463285895,0.14389178005129435,0.7248977365694027,0.0,0.004158004158004158
logit,raw,2,2000,1,False,0.5618300437927246,All,5460,0.24065934065934066,0.24329991214098975,0.17043526529286968,0.6792050212891558,0.010371442354076218,0.0163003663003663
logit,raw,2,2000,1,False,0.5618300437927246,Men,4718,0.2507418397626113,0.24937301292805267,0.17612195675222428,0.668745703214205,0.011881188118811881,0.018228062738448497
logit,raw,2,2000,1,False,0.5618300437927246,Women,742,0.1765498652291105,0.20468415807985416,0.13427649129659605,0.7340612935870366,0.0016366612111292963,0.004043126684636119
logit,raw,2,2000,1,False,0.5618300437927246,Black,3107,0.24074670099774703,0.24638491457574405,0.17347540731682481,0.6506688459036163,0.00847816871555744,0.014483424525265529
logit,raw,2,2000,1,False,0.5618300437927246,White,2353,0.24054398640034,0.2392263453901264,0.16642093411206701,0.7160667640853355,0.012870733072188025,0.018699532511687208
logit,raw,2,2000,1,False,0.5618300437927246,Black men,2846,0.2501756851721715,0.25097213679954533,0.1787626901530218,0.6413912523825069,0.00937207122774133,0.015811665495432184
logit,raw,2,2000,1,False,0.5618300437927246,White men,1872,0.2516025641025641,0.24694186627299483,0.17210725202002894,0.7091764905564876,0.015703069236259814,0.0219017094017094
logit,raw,2,2000,1,False,0.5618300437927246,Black women,261,0.13793103448275862,0.19636485921582666,0.11582174083476916,0.7232098765432099,0.0,0.0
logit,raw,2,2000,1,False,0.5618300437927246,White women,481,0.19750519750519752,0.20919837222436805,0.14429039955135034,0.7369784565039541,0.0025906735751295338,0.006237006237006237
logit,raw,2,2000,2,False,0.48601436614990234,All,5460,0.24065934065934066,0.25914037376340443,0.16882444589435483,0.6877225192204476,0.00723589001447178,0.01391941391941392
logit,raw,2,2000,2,False,0.48601436614990234,Men,4718,0.2507418397626113,0.2632689713155087,0.17426963073181623,0.6781913984177067,0.008486562942008486,0.015684612123781264
logit,raw,2,2000,2,False,0.48601436614990234,Women,742,0.1765498652291105,0.23288872517738296,0.13420128947502477,0.73835909096588,0.0,0.0026954177897574125
logit,raw,2,2000,2,False,0.48601436614990234,Black,3107,0.24074670099774703,0.26025273618379735,0.17140980203112927,0.6677339940562143,0.007630351844001695,0.013839716768587062
logit,raw,2,2000,2,False,0.48601436614990234,White,2353,0.24054398640034,0.25767156371658734,0.1654106330949676,0.7136138305508373,0.006715165081141578,0.014024649383765405
logit,raw,2,2000,2,False,0.48601436614990234,Black men,2846,0.2501756851721715,0.264093509443938,0.17653302957762407,0.6583518054400135,0.008434864104967198,0.015108924806746311
logit,raw,2,2000,2,False,0.48601436614990234,White men,1872,0.2516025641025641,0.2620154267035912,0.17082858740106355,0.707274603672536,0.008565310492505354,0.01655982905982906
logit,raw,2,2000,2,False,0.48601436614990234,Black women,261,0.13793103448275862,0.2183721204812677,0.11554502962758835,0.7351851851851852,0.0,0.0
logit,raw,2,2000,2,False,0.48601436614990234,White women,481,0.19750519750519752,0.24076571857797774,0.14432454066043207,0.7330242705208617,0.0,0.004158004158004158
logit,raw,2,2000,3,False,0.5443077087402344,All,5460,0.24065934065934066,0.2561591403473345,0.17100737905500596,0.6728915145147327,0.017366136034732273,0.024175824175824177
logit,raw,2,2000,3,False,0.5443077087402344,Men,4718,0.2507418397626113,0.2652729287785692,0.1764759618445059,0.6650610188418914,0.020084865629420086,0.027766002543450616
logit,raw,2,2000,3,False,0.5443077087402344,Women,742,0.1765498652291105,0.19820920258646565,0.1362354469783743,0.6942317062505465,0.0016366612111292963,0.0013477088948787063
logit,raw,2,2000,3,False,0.5443077087402344,Black,3107,0.24074670099774703,0.26097224157105414,0.17374957468242538,0.6570665762933174,0.020347604917337857,0.026070164145477952
logit,raw,2,2000,3,False,0.5443077087402344,White,2353,0.24054398640034,0.24980371939446727,0.16738646880664557,0.6934624031827826,0.013430330162283156,0.021674458138546536
logit,raw,2,2000,3,False,0.5443077087402344,Black men,2846,0.2501756851721715,0.26723588856814023,0.17896288211251857,0.6481919273822435,0.022024367385192128,0.028109627547434995
logit,raw,2,2000,3,False,0.5443077087402344,White men,1872,0.2516025641025641,0.26228864268822766,0.1726950990866191,0.6901909615667304,0.017130620985010708,0.027243589743589744
logit,raw,2,2000,3,False,0.5443077087402344,Black women,261,0.13793103448275862,0.19267209079056788,0.11690255190064251,0.6892592592592592,0.0044444444444444444,0.0038314176245210726
logit,raw,2,2000,3,False,0.5443077087402344,White women,481,0.19750519750519752,0.20121374765658895,0.1467258536629647,0.6946004908644668,0.0,0.0
logit,raw,2,2000,4,False,0.56833815574646,All,5460,0.24065934065934066,0.2648556105644915,0.17040769180501703,0.6836319101648285,0.05426917510853835,0.07747252747252747
logit,raw,2,2000,4,False,0.56833815574646,Men,4718,0.2507418397626113,0.2714594062729529,0.1758849251555493,0.6754522161550778,0.06025459688826026,0.0854175498092412
logit,raw,2,2000,4,False,0.56833815574646,Women,742,0.1765498652291105,0.2228654378521989,0.13558075521767027,0.7254032308441923,0.019639934533551555,0.026954177897574125
logit,raw,2,2000,4,False,0.56833815574646,Black,3107,0.24074670099774703,0.2690507068125198,0.17433335086187496,0.6619466238073324,0.05637982195845697,0.07917605407145156
logit,raw,2,2000,4,False,0.56833815574646,White,2353,0.24054398640034,0.25931622933090714,0.1652240867520388,0.7117224714813108,0.0514829322887521,0.07522311942201446
logit,raw,2,2000,4,False,0.56833815574646,Black men,2846,0.2501756851721715,0.27457289191273015,0.17942114877064622,0.654539794446258,0.060449859418931585,0.084328882642305
logit,raw,2,2000,4,False,0.56833815574646,White men,1872,0.2516025641025641,0.2667259767158984,0.17050880741593089,0.7065714359321746,0.059957173447537475,0.08707264957264957
logit,raw,2,2000,4,False,0.56833815574646,Black women,261,0.13793103448275862,0.20883561564317593,0.11885491082983357,0.7251851851851852,0.017777777777777778,0.022988505747126436
logit,raw,2,2000,4,False,0.56833815574646,White women,481,0.19750519750519752,0.2304782935622925,0.14465652524932385,0.7234524134169621,0.02072538860103627,0.029106029106029108
logit,raw,2,2000,5,False,0.5230927467346191,All,5460,0.24065934065934066,0.25922660753888116,0.16996373875139903,0.6781490072035837,0.015195369030390739,0.025091575091575093
logit,raw,2,2000,5,False,0.5230927467346191,Men,4718,0.2507418397626113,0.26401189746687304,0.17581384611857362,0.6671390191790583,0.017256011315417256,0.026706231454005934
logit,raw,2,2000,5,False,0.5230927467346191,Women,742,0.1765498652291105,0.22879938667598956,0.13276588624691144,0.7354230956634725,0.0032733224222585926,0.014824797843665768
logit,raw,2,2000,5,False,0.5230927467346191,Black,3107,0.24074670099774703,0.26116364637916184,0.1728153649661025,0.6572439604382352,0.014412886816447647,0.023495333118764082
logit,raw,2,2000,5,False,0.5230927467346191,White,2353,0.24054398640034,0.25666886011994705,0.16619833176071325,0.7053325845673799,0.016228315612758813,0.027199320016999574
logit,raw,2,2000,5,False,0.5230927467346191,Black men,2846,0.2501756851721715,0.2654694084268933,0.17820582379675817,0.6464965302275623,0.015932521087160263,0.025650035137034434
logit,raw,2,2000,5,False,0.5230927467346191,White men,1872,0.2516025641025641,0.2617960448000901,0.17217732449885506,0.6978439725340255,0.019271948608137045,0.028311965811965812
logit,raw,2,2000,5,False,0.5230927467346191,Black women,261,0.13793103448275862,0.21421269316903233,0.11403664530309066,0.7546913580246912,0.0,0.0
logit,raw,2,2000,5,False,0.5230927467346191,White women,481,0.19750519750519752,0.23671441163506612,0.14292873840145867,0.7244341423506954,0.0051813471502590676,0.02286902286902287
logit,raw,2,2000,6,False,0.4965052604675293,All,5460,0.24065934065934066,0.26049202833278934,0.1681485574691401,0.6954301554890339,0.01447178002894356,0.02326007326007326
logit,raw,2,2000,6,False,0.4965052604675293,Men,4718,0.2507418397626113,0.26988063353139724,0.17408124794489005,0.6839579091347124,0.016973125884016973,0.026494277236116998
logit,raw,2,2000,6,False,0.4965052604675293,Women,742,0.1765498652291105,0.20079467074918875,0.13042560104786208,0.7482915006059395,0.0,0.0026954177897574125
logit,raw,2,2000,6,False,0.4965052604675293,Black,3107,0.24074670099774703,0.2661589812789577,0.1714197291260626,0.6746480086504525,0.01738024586689275,0.023495333118764082
logit,raw,2,2000,6,False,0.4965052604675293,White,2353,0.24054398640034,0.2530091457132633,0.1638291650602756,0.7226504337371791,0.010632344711807499,0.022949426264343393
logit,raw,2,2000,6,False,0.4965052604675293,Black men,2846,0.2501756851721715,0.27287039937228025,0.17692283561184347,0.6633682328907049,0.019212746016869727,0.025650035137034434
logit,raw,2,2000,6,False,0.4965052604675293,White men,1872,0.2516025641025641,0.26533529507885817,0.16976118464352816,0.7147730389727689,0.013561741613133477,0.027777777777777776
logit,raw,2,2000,6,False,0.4965052604675293,Black women,261,0.13793103448275862,0.1929762383916167,0.1114126752619537,0.7455555555555555,0.0,0.0
logit,raw,2,2000,6,False,0.4965052604675293,White women,481,0.19750519750519752,0.20503710493905625,0.14074238614167098,0.7498772838832833,0.0,0.004158004158004158
logit,raw,2,2000,7,False,0.5910546779632568,All,5460,0.24065934065934066,0.2549526362158256,0.16939729014123486,0.6831441942904385,0.010612638687891944,0.018131868131868133
logit,raw,2,2000,7,False,0.5910546779632568,Men,4718,0.2507418397626113,0.26246771895694443,0.17479828241401632,0.6748051426323648,0.012446958981612447,0.02055955913522679
logit,raw,2,2000,7,False,0.5910546779632568,Women,742,0.1765498652291105,0.2071680535034285,0.13505513172751116,0.7162079434289926,0.0,0.0026954177897574125
logit,raw,2,2000,7,False,0.5910546779632568,Black,3107,0.24074670099774703,0.26072519290259166,0.1721028142765095,0.6635147449862061,0.012293344637558287,0.02027679433537174
logit,raw,2,2000,7,False,0.5910546779632568,White,2353,0.24054398640034,0.24733030998302413,0.16582480247089987,0.7090540040852565,0.008393956351426972,0.01529961750956226
logit,raw,2,2000,7,False,0.5910546779632568,Black men,2846,0.2501756851721715,0.26632113239936456,0.17754241758420036,0.651822946831924,0.01358950328022493,0.02213633169360506
logit,raw,2,2000,7,False,0.5910546779632568,White men,1872,0.2516025641025641,0.2566093777939489,0.1706263760602003,0.7089370498173128,0.010706638115631691,0.018162393162393164
logit,raw,2,2000,7,False,0.5910546779632568,Black women,261,0.13793103448275862,0.19970586796843162,0.11278821269149725,0.7430864197530864,0.0,0.0
logit,raw,2,2000,7,False,0.5910546779632568,White women,481,0.19750519750519752,0.2112171812053707,0.14713759715037938,0.7011453504226889,0.0,0.004158004158004158
logit,raw,2,2000,8,False,0.5133931636810303,All,5460,0.24065934065934066,0.2522935140465138,0.16877569577497908,0.6872740849407583,0.010130246020260492,0.017216117216117217
logit,raw,2,2000,8,False,0.5133931636810303,Men,4718,0.2507418397626113,0.2561805427667769,0.17417169835657947,0.6797806262935193,0.011881188118811881,0.018863925392115302
logit,raw,2,2000,8,False,0.5133931636810303,Women,742,0.1765498652291105,0.22757787859880327,0.13446526426555766,0.7232043577666445,0.0,0.006738544474393531
logit,raw,2,2000,8,False,0.5133931636810303,Black,3107,0.24074670099774703,0.2537710520499044,0.17187987275887678,0.6628528130971838,0.009749894022891056,0.014483424525265529
logit,raw,2,2000,8,False,0.5133931636810303,White,2353,0.24054398640034,0.25034251082656717,0.16467681014430754,0.7184435686870824,0.010632344711807499,0.0208244793880153
logit,raw,2,2000,8,False,0.5133931636810303,Black men,2846,0.2501756851721715,0.25700671729092467,0.17705914861476502,0.6539691774691195,0.01077788191190253,0.015460295151089248
logit,raw,2,2000,8,False,0.5133931636810303,White men,1872,0.2516025641025641,0.25492451034384717,0.16978191019696623,0.7172492805411967,0.013561741613133477,0.02403846153846154
logit,raw,2,2000,8,False,0.5133931636810303,Black women,261,0.13793103448275862,0.21848866401946865,0.11540393756401895,0.7367901234567901,0.0,0.0038314176245210726
logit,raw,2,2000,8,False,0.5133931636810303,White women,481,0.19750519750519752,0.23250986405661273,0.14480831264206828,0.7146986637578402,0.0,0.008316008316008316
logit,raw,2,2000,9,False,0.5392336845397949,All,5460,0.24065934065934066,0.26416337461555583,0.169788003814008,0.6836972571167603,0.017366136034732273,0.025824175824175823
logit,raw,2,2000,9,False,0.5392336845397949,Men,4718,0.2507418397626113,0.27061604075330736,0.17533032652140343,0.6735002349407746,0.020084865629420086,0.029461636286562103
logit,raw,2,2000,9,False,0.5392336845397949,Women,742,0.1765498652291105,0.2231341578528718,0.13454719716509722,0.7337989280493747,0.0016366612111292963,0.0026954177897574125
logit,raw,2,2000,9,False,0.5392336845397949,Black,3107,0.24074670099774703,0.2713181704188574,0.17325015185541093,0.6628760487200006,0.02331496396778296,0.031219826198905697
logit,raw,2,2000,9,False,0.5392336845397949,White,2353,0.24054398640034,0.2547158818145113,0.16521643816817758,0.7109572274040429,0.009513150531617236,0.018699532511687208
logit,raw,2,2000,9,False,0.5392336845397949,Black men,2846,0.2501756851721715,0.2763428301305078,0.17848461433701793,0.6526989459052474,0.02577319587628866,0.03408292340126493
logit,raw,2,2000,9,False,0.5392336845397949,White men,1872,0.2516025641025641,0.2619096077578414,0.17053486545129726,0.7049014125488162,0.011420413990007138,0.022435897435897436
logit,raw,2,2000,9,False,0.5392336845397949,Black women,261,0.13793103448275862,0.21652820283511434,0.11617244985290717,0.75,0.0,0.0
logit,raw,2,2000,9,False,0.5392336845397949,White women,481,0.19750519750519752,0.22671867814317262,0.14451769414738744,0.7247613853286066,0.0025906735751295338,0.004158004158004158
logit,raw,2,4000,0,False,0.8187198638916016,All,5460,0.24065934065934066,0.2661669516536501,0.16774514688819875,0.6999640591764374,0.02653159671972986,0.04065934065934066
logit,raw,2,4000,0,False,0.8187198638916016,Men,4718,0.2507418397626113,0.27401423439531514,0.17374916099002927,0.688370969689651,0.030551626591230552,0.046206019499788045
logit,raw,2,4000,0,False,0.8187198638916016,Women,742,0.1765498652291105,0.21627007837174234,0.12956867986335185,0.7563123899001761,0.0032733224222585926,0.005390835579514825
logit,raw,2,4000,0,False,0.8187198638916016,Black,3107,0.24074670099774703,0.26890476100388017,0.17126388064680048,0.6759871739362051,0.02755404832556168,0.03894431927904731
logit,raw,2,4000,0,False,0.8187198638916016,White,2353,0.24054398640034,0.26255183322986564,0.16309886308540425,0.7300942614603705,0.02518186905428092,0.042923926901827454
logit,raw,2,4000,0,False,0.8187198638916016,Black men,2846,0.2501756851721715,0.27500222408683755,0.17702757815370423,0.6626232058801849,0.030459231490159326,0.04251581166549543
logit,raw,2,4000,0,False,0.8187198638916016,White men,1872,0.2516025641025641,0.27251219451172926,0.16876498617816021,0.7249159305379385,0.030692362598144184,0.05181623931623932
logit,raw,2,4000,0,False,0.8187198638916016,Black women,261,0.13793103448275862,0.20241671527937188,0.10841528637611798,0.7788888888888889,0.0,0.0
logit,raw,2,4000,0,False,0.8187198638916016,White women,481,0.19750519750519752,0.22378718391666685,0.14104692456224588,0.7439596400327242,0.0051813471502590676,0.008316008316008316
logit,raw,2,4000,1,False,0.7805619239807129,All,5460,0.24065934065934066,0.24110777286350832,0.16699681908490197,0.696627326333133,0.013989387361312108,0.023076923076923078
logit,raw,2,4000,1,False,0.7805619239807129,Men,4718,0.2507418397626113,0.24759934011067908,0.17249706616317326,0.6879108922847362,0.01640735502121641,0.02628232301822806
logit,raw,2,4000,1,False,0.7805619239807129,Women,742,0.1765498652291105,0.19983120376357352,0.13202354992683735,0.7394710211016854,0.0,0.0026954177897574125
logit,raw,2,4000,1,False,0.7805619239807129,Black,3107,0.24074670099774703,0.2457848215060877,0.16993811622693386,0.678212693224039,0.017804154302670624,0.025748310267138717
logit,raw,2,4000,1,False,0.7805619239807129,White,2353,0.24054398640034,0.23493200145148363,0.16311300683658356,0.7209864727784686,0.008953553441522105,0.019549511262218443
logit,raw,2,4000,1,False,0.7805619239807129,Black men,2846,0.2501756851721715,0.25098531174719424,0.17541346294772406,0.6677706053936796,0.019681349578256794,0.028109627547434995
logit,raw,2,4000,1,False,0.7805619239807129,White men,1872,0.2516025641025641,0.24245165032567792,0.16806327062426749,0.718366165508107,0.011420413990007138,0.023504273504273504
logit,raw,2,4000,1,False,0.7805619239807129,Black women,261,0.13793103448275862,0.1890775601030642,0.11023376079640203,0.7743209876543209,0.0,0.0
logit,raw,2,4000,1,False,0.7805619239807129,White women,481,0.19750519750519752,0.2056663409681326,0.1438471153385705,0.7221161712571584,0.0,0.004158004158004158
logit,raw,2,4000,2,False,0.7535727024078369,All,5460,0.24065934065934066,0.2589570585095703,0.16624098713791027,0.7042073891983691,0.04438012542209358,0.06465201465201466
logit,raw,2,4000,2,False,0.7535727024078369,Men,4718,0.2507418397626113,0.26772602947704166,0.17229905217042418,0.6943909534052064,0.05091937765205092,0.0718524798643493
logit,raw,2,4000,2,False,0.7535727024078369,Women,742,0.1765498652291105,0.2031996393390446,0.12772083778022753,0.7458802363788558,0.006546644844517185,0.018867924528301886
logit,raw,2,4000,2,False,0.7535727024078369,Black,3107,0.24074670099774703,0.26267186670567083,0.17003070142427043,0.6857489691317584,0.04662992793556592,0.06276150627615062
logit,raw,2,4000,2,False,0.7535727024078369,White,2353,0.24054398640034,0.25405186978654254,0.16123688926807558,0.7279132169714132,0.04141018466703973,0.0671483212919677
logit,raw,2,4000,2,False,0.7535727024078369,Black men,2846,0.2501756851721715,0.2697408466531015,0.17582326560596165,0.6745107304950348,0.05154639175257732,0.06851721714687281
logit,raw,2,4000,2,False,0.7535727024078369,White men,1872,0.2516025641025641,0.264662904646344,0.16694119349652484,0.7238066228096098,0.049964311206281226,0.07692307692307693
logit,raw,2,4000,2,False,0.7535727024078369,Black women,261,0.13793103448275862,0.1855901926428833,0.10686733873808978,0.778641975308642,0.0,0.0
logit,raw,2,4000,2,False,0.7535727024078369,White women,481,0.19750519750519752,0.2127548692510989,0.13903635389248936,0.7295882192527953,0.010362694300518135,0.029106029106029108
logit,raw,2,4000,3,False,0.8304386138916016,All,5460,0.24065934065934066,0.25820348544098787,0.1670969104919272,0.700383307598382,0.020260492040520984,0.031135531135531136
logit,raw,2,4000,3,False,0.8304386138916016,Men,4718,0.2507418397626113,0.26506528366938376,0.17249204563525541,0.6922713452362023,0.02347949080622348,0.03539635438745231
logit,raw,2,4000,3,False,0.8304386138916016,Women,742,0.1765498652291105,0.21457280613967805,0.13279199458057622,0.7294761434764683,0.0016366612111292963,0.004043126684636119
logit,raw,2,4000,3,False,0.8304386138916016,Black,3107,0.24074670099774703,0.2659569359251646,0.17076137686965176,0.6802200243463989,0.025858414582450192,0.035082072738976504
logit,raw,2,4000,3,False,0.8304386138916016,White,2353,0.24054398640034,0.24796550386243402,0.16225819521968324,0.7275889274916406,0.012870733072188025,0.02592435189120272
logit,raw,2,4000,3,False,0.8304386138916016,Black men,2846,0.2501756851721715,0.27124332483170704,0.17600582507964133,0.6703176500321177,0.028116213683223992,0.03794799718903725
logit,raw,2,4000,3,False,0.8304386138916016,White men,1872,0.2516025641025641,0.2556728129706808,0.1671500497491858,0.7261646594561664,0.01641684511063526,0.031517094017094016
logit,raw,2,4000,3,False,0.8304386138916016,Black women,261,0.13793103448275862,0.208313017043863,0.1135747883423322,0.755432098765432,0.0044444444444444444,0.0038314176245210726
logit,raw,2,4000,3,False,0.8304386138916016,White women,481,0.19750519750519752,0.21796949003574406,0.1432196262399976,0.7187619307335696,0.0,0.004158004158004158
logit,raw,2,4000,4,False,0.7272348403930664,All,5460,0.24065934065934066,0.26530144607399947,0.16681431111645212,0.7013154194576791,0.04365653642064641,0.06684981684981685
logit,raw,2,4000,4,False,0.7272348403930664,Men,4718,0.2507418397626113,0.2698164637241391,0.17221972122283458,0.6937388582476168,0.04837340876944837,0.07206443408223824
logit,raw,2,4000,4,False,0.7272348403930664,Women,742,0.1765498652291105,0.23659274894009297,0.13244406194945424,0.7420072212990843,0.016366612111292964,0.03369272237196765
logit,raw,2,4000,4,False,0.7272348403930664,Black,3107,0.24074670099774703,0.2682633441793054,0.17082470203595096,0.6803430031305752,0.04917337855023315,0.07112970711297072
logit,raw,2,4000,4,False,0.7272348403930664,White,2353,0.24054398640034,0.26139043144876123,0.1615188225542409,0.7285163163087947,0.03637381085618355,0.06119847003824904
logit,raw,2,4000,4,False,0.7272348403930664,Black men,2846,0.2501756851721715,0.2725579438694335,0.1759564605487818,0.6717557101186777,0.05295220243673852,0.07624736472241743
logit,raw,2,4000,4,False,0.7272348403930664,White men,1872,0.2516025641025641,0.2656485938023935,0.1665387596193913,0.7261767830378968,0.04139900071377588,0.06570512820512821
logit,raw,2,4000,4,False,0.7272348403930664,Black women,261,0.13793103448275862,0.22143410771147243,0.11486690614508299,0.761358024691358,0.013333333333333334,0.01532567049808429
logit,raw,2,4000,4,False,0.7272348403930664,White women,481,0.19750519750519752,0.24481812391030078,0.14198177019257455,0.7308699209162803,0.018134715025906734,0.04365904365904366
logit,raw,2,4000,5,False,0.8658239841461182,All,5460,0.24065934065934066,0.2560014496636518,0.167686500448861,0.6919647478892568,0.016401350699469366,0.029304029304029304
logit,raw,2,4000,5,False,0.8658239841461182,Men,4718,0.2507418397626113,0.2623784162013282,0.17357296339946718,0.6809238851671665,0.018953323903818955,0.03242899533700721
logit,raw,2,4000,5,False,0.8658239841461182,Women,742,0.1765498652291105,0.21545356809389857,0.13025748131010098,0.7437063504953711,0.0016366612111292963,0.009433962264150943
logit,raw,2,4000,5,False,0.8658239841461182,Black,3107,0.24074670099774703,0.26041368437916146,0.1713064984406837,0.6687280253347629,0.018228062738448497,0.02993241068554876
logit,raw,2,4000,5,False,0.8658239841461182,White,2353,0.24054398640034,0.25017534968018884,0.16290650310054258,0.7216399951752053,0.013989927252378288,0.02847428814279643
logit,raw,2,4000,5,False,0.8658239841461182,Black men,2846,0.2501756851721715,0.26552484857051795,0.1766670064960503,0.6578470035698114,0.02014995313964386,0.03267744202389318
logit,raw,2,4000,5,False,0.8658239841461182,White men,1872,0.2516025641025641,0.2575948977597074,0.16886909232421307,0.714732121884429,0.017130620985010708,0.03205128205128205
logit,raw,2,4000,5,False,0.8658239841461182,Black women,261,0.13793103448275862,0.20468045338835505,0.11285436845764402,0.7585185185185186,0.0,0.0
logit,raw,2,4000,5,False,0.8658239841461182,White women,481,0.19750519750519752,0.2212992706680084,0.13970075044625743,0.7365966730297245,0.0025906735751295338,0.014553014553014554
logit,raw,2,4000,6,False,0.7944974899291992,All,5460,0.24065934065934066,0.2558909855294677,0.16615250795200084,0.7065641013215503,0.021466473709599615,0.03223443223443224
logit,raw,2,4000,6,False,0.7944974899291992,Men,4718,0.2507418397626113,0.2635974923018952,0.1718191197329187,0.6968486849892572,0.024893917963224894,0.03645612547689699
logit,raw,2,4000,6,False,0.7944974899291992,Women,742,0.1765498652291105,0.2068892349198811,0.13012141040163644,0.7447433190489874,0.0016366612111292963,0.005390835579514825
logit,raw,2,4000,6,False,0.7944974899291992,Black,3107,0.24074670099774703,0.2628365935693623,0.1706787240557818,0.6816147284379088,0.028825773632895294,0.034438364982298034
logit,raw,2,4000,6,False,0.7944974899291992,White,2353,0.24054398640034,0.24671971303480023,0.16017590215750552,0.7389786067812094,0.011751538891997761,0.029324266893327667
logit,raw,2,4000,6,False,0.7944974899291992,Black men,2846,0.2501756851721715,0.2685096780549334,0.17611930040885235,0.6708277171108747,0.031865042174320526,0.03759662684469431
logit,raw,2,4000,6,False,0.7944974899291992,White men,1872,0.2516025641025641,0.2561295005000006,0.16528155872666483,0.7355816515652303,0.014275517487508922,0.034722222222222224
logit,raw,2,4000,6,False,0.7944974899291992,Black women,261,0.13793103448275862,0.2009760631251647,0.11135351217517382,0.7530864197530864,0.0,0.0
logit,raw,2,4000,6,False,0.7944974899291992,White women,481,0.19750519750519752,0.21009783749456085,0.14030523875320972,0.7401963457867466,0.0025906735751295338,0.008316008316008316
logit,raw,2,4000,7,False,0.8851685523986816,All,5460,0.24065934065934066,0.25475246806253043,0.16773822060961877,0.6976282727625828,0.04462132175590931,0.063003663003663
logit,raw,2,4000,7,False,0.8851685523986816,Men,4718,0.2507418397626113,0.2626453281995342,0.17338665806391035,0.6898191135379689,0.05148514851485148,0.0712166172106825
logit,raw,2,4000,7,False,0.8851685523986816,Women,742,0.1765498652291105,0.20456579134233666,0.13182268434365163,0.7296260666408465,0.004909983633387889,0.01078167115902965
logit,raw,2,4000,7,False,0.8851685523986816,Black,3107,0.24074670099774703,0.2628891975174063,0.17220147080514756,0.6748911326062662,0.05426027977956761,0.07080785323463147
logit,raw,2,4000,7,False,0.8851685523986816,White,2353,0.24054398640034,0.24400838883758372,0.1618447576442521,0.7281257847706541,0.0318970341354225,0.05269868253293668
logit,raw,2,4000,7,False,0.8851685523986816,Black men,2846,0.2501756851721715,0.26907854357702965,0.17799284620018496,0.6637427208491729,0.05998125585754452,0.07730147575544624
logit,raw,2,4000,7,False,0.8851685523986816,White men,1872,0.2516025641025641,0.25286491635960245,0.16638387417724493,0.7295880558472791,0.03854389721627409,0.06196581196581197
logit,raw,2,4000,7,False,0.8851685523986816,Black women,261,0.13793103448275862,0.19539924010097734,0.10905107090370474,0.7738271604938272,0.0,0.0
logit,raw,2,4000,7,False,0.8851685523986816,White women,481,0.19750519750519752,0.2095397411843216,0.14417900681314463,0.7091082628851922,0.007772020725388601,0.016632016632016633
logit,raw,2,4000,8,False,0.7980351448059082,All,5460,0.24065934065934066,0.24900675802703046,0.16779295072923786,0.6917040943169445,0.017366136034732273,0.027106227106227107
logit,raw,2,4000,8,False,0.7980351448059082,Men,4718,0.2507418397626113,0.25526136484068396,0.17343232139764259,0.6823887677984076,0.02036775106082037,0.030945315811784654
logit,raw,2,4000,8,False,0.7980351448059082,Women,742,0.1765498652291105,0.20923689960813927,0.13193506553579654,0.7318124461213628,0.0,0.0026954177897574125
logit,raw,2,4000,8,False,0.7980351448059082,Black,3107,0.24074670099774703,0.2519927301483091,0.17136366809540868,0.66741379583935,0.018651971174226366,0.025426456388799486
logit,raw,2,4000,8,False,0.7980351448059082,White,2353,0.24054398640034,0.24506395506025927,0.16307802558827195,0.7227413929815055,0.01566871852266368,0.029324266893327667
logit,raw,2,4000,8,False,0.7980351448059082,Black men,2846,0.2501756851721715,0.2566916476405051,0.17673725905650525,0.6569288828280488,0.020618556701030927,0.02775825720309206
logit,raw,2,4000,8,False,0.7980351448059082,White men,1872,0.2516025641025641,0.25308690712257986,0.1684078274996067,0.7196270180080653,0.01998572448251249,0.03579059829059829
logit,raw,2,4000,8,False,0.7980351448059082,Black women,261,0.13793103448275862,0.20075472561654734,0.11276887930122924,0.7564197530864197,0.0,0.0
logit,raw,2,4000,8,False,0.7980351448059082,White women,481,0.19750519750519752,0.21383949297987623,0.1423350127441584,0.7201527133896919,0.0,0.004158004158004158
logit,raw,2,4000,9,False,0.8978269100189209,All,5460,0.24065934065934066,0.2621318660636819,0.16658384657899514,0.7020812269954866,0.04148576941630487,0.06282051282051282
logit,raw,2,4000,9,False,0.8978269100189209,Men,4718,0.2507418397626113,0.27056937845251255,0.17246797226800312,0.6918220284774522,0.047524752475247525,0.07036880033912675
logit,raw,2,4000,9,False,0.8978269100189209,Women,742,0.1765498652291105,0.20848202313847572,0.12916968889605754,0.7539261128671555,0.006546644844517185,0.014824797843665768
logit,raw,2,4000,9,False,0.8978269100189209,Black,3107,0.24074670099774703,0.2719649518944451,0.1718887681363648,0.6779174307975147,0.052988554472233995,0.07177341486964918
logit,raw,2,4000,9,False,0.8978269100189209,White,2353,0.24054398640034,0.24914784665179024,0.15957900540655673,0.733651558863484,0.02630106323447118,0.050998725031874206
logit,raw,2,4000,9,False,0.8978269100189209,Black men,2846,0.2501756851721715,0.27863770125005577,0.17747928661776144,0.6667906184513969,0.057638238050609185,0.07765284609978917
logit,raw,2,4000,9,False,0.8978269100189209,White men,1872,0.2516025641025641,0.25830311419941,0.16484927534524024,0.7295729013701162,0.032119914346895075,0.05929487179487179
logit,raw,2,4000,9,False,0.8978269100189209,Black women,261,0.13793103448275862,0.19920386121985442,0.11092855511699794,0.7837037037037037,0.008888888888888889,0.007662835249042145
logit,raw,2,4000,9,False,0.8978269100189209,White women,481,0.19750519750519752,0.213516535115108,0.13906768456411278,0.7409053722388874,0.0051813471502590676,0.018711018711018712
logit,raw,2,8000,0,False,1.220008134841919,All,5460,0.24065934065934066,0.26211415532325266,0.16521385108368128,0.7148488466262984,0.049686444766039554,0.07454212454212454
logit,raw,2,8000,0,False,1.220008134841919,Men,4718,0.2507418397626113,0.26999684953942416,0.17105900098226456,0.7059751476898687,0.056011315417256013,0.08223823654090716
logit,raw,2,8000,0,False,1.220008134841919,Women,742,0.1765498652291105,0.2119921185147661,0.12804752059646313,0.7536262665383989,0.01309328968903437,0.025606469002695417
logit,raw,2,8000,0,False,1.220008134841919,Black,3107,0.24074670099774703,0.2675793943451689,0.16910088855294222,0.6969105689213911,0.05553200508690123,0.0766012230447377
logit,raw,2,8000,0,False,1.220008134841919,White,2353,0.24054398640034,0.2548976242390648,0.1600812435966461,0.7379820098433721,0.041969781757134866,0.0718232044198895
logit,raw,2,8000,0,False,1.220008134841919,Black men,2846,0.2501756851721715,0.27390069795736155,0.17477364777569615,0.6861580299695671,0.05998125585754452,0.08222066057624737
logit,raw,2,8000,0,False,1.220008134841919,White men,1872,0.2516025641025641,0.2640618321262564,0.1654116266371223,0.7351739961295466,0.049964311206281226,0.08226495726495726
logit,raw,2,8000,0,False,1.220008134841919,Black women,261,0.13793103448275862,0.19865054346279282,0.10724390484429233,0.7897530864197531,0.013333333333333334,0.01532567049808429
logit,raw,2,8000,0,False,1.220008134841919,White women,481,0.19750519750519752,0.21923151786729214,0.13933596906073878,0.7375511317152986,0.012953367875647668,0.031185031185031187
logit,raw,2,8000,1,False,1.1889820098876953,All,5460,0.24065934065934066,0.2509686026823829,0.16519823073065526,0.7114853141903476,0.04076218041485769,0.05970695970695971
logit,raw,2,8000,1,False,1.1889820098876953,Men,4718,0.2507418397626113,0.2580554300371919,0.17068013544357954,0.7041434465871416,0.04611032531824611,0.06570580754557016
logit,raw,2,8000,1,False,1.1889820098876953,Women,742,0.1765498652291105,0.20590707780369186,0.13034159132960835,0.7436438825102135,0.009819967266775777,0.0215633423180593
logit,raw,2,8000,1,False,1.1889820098876953,Black,3107,0.24074670099774703,0.2601232990477597,0.1697221047812275,0.690440864773209,0.051716829164900384,0.06694560669456066
logit,raw,2,8000,1,False,1.1889820098876953,White,2353,0.24054398640034,0.23888035720544895,0.15922471748155703,0.7398229458535438,0.02630106323447118,0.050148746281342964
logit,raw,2,8000,1,False,1.1889820098876953,Black men,2846,0.2501756851721715,0.266024542590643,0.17538503829217622,0.679718679906911,0.05576382380506092,0.07203092059030218
logit,raw,2,8000,1,False,1.1889820098876953,White men,1872,0.2516025641025641,0.24593999503338745,0.16352727566414246,0.741631318848684,0.03140613847251963,0.05608974358974359
logit,raw,2,8000,1,False,1.1889820098876953,Black women,261,0.13793103448275862,0.1957748732889629,0.10797226274230014,0.7922222222222222,0.013333333333333334,0.011494252873563218
logit,raw,2,8000,1,False,1.1889820098876953,White women,481,0.19750519750519752,0.21140500998320175,0.14247962617635976,0.7245704935914917,0.007772020725388601,0.02702702702702703
logit,raw,2,8000,2,False,1.1333255767822266,All,5460,0.24065934065934066,0.2530798886586245,0.16470469056529533,0.7138456974906036,0.04703328509406657,0.07197802197802197
logit,raw,2,8000,2,False,1.1333255767822266,Men,4718,0.2507418397626113,0.2624278047103028,0.1704692854988237,0.7057135444253277,0.05374823196605375,0.08033064857990674
logit,raw,2,8000,2,False,1.1333255767822266,Women,742,0.1765498652291105,0.1936412526319154,0.12805056806342607,0.7474294424107646,0.008183306055646482,0.018867924528301886
logit,raw,2,8000,2,False,1.1333255767822266,Black,3107,0.24074670099774703,0.26235892015122025,0.16933264120683825,0.6946368782204007,0.05553200508690123,0.07917605407145156
logit,raw,2,8000,2,False,1.1333255767822266,White,2353,0.24054398640034,0.2408274658590091,0.15859375021541272,0.7392742243252702,0.03581421376608842,0.0624734381640459
logit,raw,2,8000,2,False,1.1333255767822266,Black men,2846,0.2501756851721715,0.26985356162745433,0.17519186881816529,0.683627439107863,0.06091846298031865,0.08608573436401967
logit,raw,2,8000,2,False,1.1333255767822266,White men,1872,0.2516025641025641,0.25113843281595816,0.1632895461148248,0.7391247683259304,0.042826552462526764,0.07158119658119658
logit,raw,2,8000,2,False,1.1333255767822266,Black women,261,0.13793103448275862,0.1806357414486838,0.10544236618064393,0.7923456790123458,0.0044444444444444444,0.0038314176245210726
logit,raw,2,8000,2,False,1.1333255767822266,White women,481,0.19750519750519752,0.20069829716169382,0.14031822022851165,0.7278429233706027,0.010362694300518135,0.02702702702702703
logit,raw,2,8000,3,False,1.2503197193145752,All,5460,0.24065934065934066,0.2557107599969662,0.1649416782109094,0.7130475835945376,0.04100337674867342,0.063003663003663
logit,raw,2,8000,3,False,1.2503197193145752,Men,4718,0.2507418397626113,0.2654597413748869,0.1707430235940099,0.703920581648794,0.047524752475247525,0.07100466299279355
logit,raw,2,8000,3,False,1.2503197193145752,Women,742,0.1765498652291105,0.19372195387697994,0.1280538783221385,0.7546257543009207,0.0032733224222585926,0.012129380053908356
logit,raw,2,8000,3,False,1.2503197193145752,Black,3107,0.24074670099774703,0.2642754439386198,0.17023606203076538,0.6875228105809359,0.05214073760067826,0.06952043772127454
logit,raw,2,8000,3,False,1.2503197193145752,White,2353,0.24054398640034,0.24440159169831868,0.15795075150955268,0.7467210181107765,0.02630106323447118,0.05439864003399915
logit,raw,2,8000,3,False,1.2503197193145752,Black men,2846,0.2501756851721715,0.27173777433760893,0.1760231907931107,0.6759981519117972,0.05716963448922212,0.07554462403373155
logit,raw,2,8000,3,False,1.2503197193145752,White men,1872,0.2516025641025641,0.25591525322750075,0.1627155899141803,0.7460958278208923,0.03283369022127052,0.0641025641025641
logit,raw,2,8000,3,False,1.2503197193145752,Black women,261,0.13793103448275862,0.18290459215500643,0.10713196832335223,0.7937037037037037,0.0044444444444444444,0.0038314176245210726
logit,raw,2,8000,3,False,1.2503197193145752,White women,481,0.19750519750519752,0.1995916657469073,0.13940651555640712,0.7376329424597764,0.0025906735751295338,0.016632016632016633
logit,raw,2,8000,4,False,1.232163429260254,All,5460,0.24065934065934066,0.2560920810197859,0.1649674052064239,0.7117307323777993,0.04076218041485769,0.06282051282051282
logit,raw,2,8000,4,False,1.232163429260254,Men,4718,0.2507418397626113,0.2639635921667523,0.17077159818704354,0.7027990831929467,0.04611032531824611,0.069520983467571
logit,raw,2,8000,4,False,1.232163429260254,Women,742,0.1765498652291105,0.2060411516513395,0.1280614988956913,0.749815719443785,0.009819967266775777,0.02021563342318059
logit,raw,2,8000,4,False,1.232163429260254,Black,3107,0.24074670099774703,0.2630818988452651,0.16910806848242413,0.6914620987321285,0.04959728698601102,0.06791116832957837
logit,raw,2,8000,4,False,1.232163429260254,White,2353,0.24054398640034,0.24686243206791011,0.1594998995546887,0.7383784735061427,0.029099048684946838,0.05609859753506162
logit,raw,2,8000,4,False,1.232163429260254,Black men,2846,0.2501756851721715,0.26922386094443723,0.17479272489313635,0.6804709465791939,0.053420805998125584,0.07308503162333099
logit,raw,2,8000,4,False,1.232163429260254,White men,1872,0.2516025641025641,0.2559664100399941,0.16465828269263105,0.7363530144528249,0.03497501784439686,0.0641025641025641
logit,raw,2,8000,4,False,1.232163429260254,Black women,261,0.13793103448275862,0.1961086263002688,0.1071213552836234,0.787037037037037,0.013333333333333334,0.011494252873563218
logit,raw,2,8000,4,False,1.232163429260254,White women,481,0.19750519750519752,0.2114307340143944,0.13942403004485918,0.732424325061358,0.007772020725388601,0.02494802494802495
logit,raw,2,8000,5,False,1.1926207542419434,All,5460,0.24065934065934066,0.2571596648394801,0.16548999346153126,0.7115805812354392,0.046792088760250844,0.07124542124542124
logit,raw,2,8000,5,False,1.1926207542419434,Men,4718,0.2507418397626113,0.2663044080584834,0.17137542496801675,0.7023323102748626,0.053182461103253184,0.07863501483679525
logit,raw,2,8000,5,False,1.1926207542419434,Women,742,0.1765498652291105,0.19901290135261054,0.12806753275048197,0.7497907322497221,0.009819967266775777,0.02425876010781671
logit,raw,2,8000,5,False,1.1926207542419434,Black,3107,0.24074670099774703,0.26570074428669094,0.16999266272628827,0.691191205373436,0.058499364137346334,0.07788863855809462
logit,raw,2,8000,5,False,1.1926207542419434,White,2353,0.24054398640034,0.24588166490642283,0.15954447990199025,0.7383646318820061,0.03133743704532736,0.0624734381640459
logit,raw,2,8000,5,False,1.1926207542419434,Black men,2846,0.2501756851721715,0.2727333672530075,0.17577717894092004,0.6797726482945989,0.06419868791002811,0.08468025298664793
logit,raw,2,8000,5,False,1.1926207542419434,White men,1872,0.2516025641025641,0.2565304668898852,0.16468344216519482,0.7363408908710947,0.03640256959314775,0.06944444444444445
logit,raw,2,8000,5,False,1.1926207542419434,Black women,261,0.13793103448275862,0.18901551454670193,0.10691705679969053,0.7928395061728395,0.0044444444444444444,0.0038314176245210726
logit,raw,2,8000,5,False,1.1926207542419434,White women,481,0.19750519750519752,0.20443767880862335,0.1395441943370861,0.7305426779383691,0.012953367875647668,0.035343035343035345
logit,raw,2,8000,6,False,1.272667646408081,All,5460,0.24065934065934066,0.25747676594528285,0.16525214704365307,0.7126692687969773,0.04751567776169802,0.0706959706959707
logit,raw,2,8000,6,False,1.272667646408081,Men,4718,0.2507418397626113,0.265024804459212,0.17080053471242979,0.7050755576704875,0.053465346534653464,0.0777871979652395
logit,raw,2,8000,6,False,1.272667646408081,Women,742,0.1765498652291105,0.2094826342623749,0.12997277639501625,0.7411451631039092,0.01309328968903437,0.025606469002695417
logit,raw,2,8000,6,False,1.272667646408081,Black,3107,0.24074670099774703,0.26470325052719296,0.16971080771977023,0.6924164594351364,0.05426027977956761,0.07402639201802381
logit,raw,2,8000,6,False,1.272667646408081,White,2353,0.24054398640034,0.247934612270827,0.1593647442724265,0.7390616565260291,0.03861219921656407,0.06629834254143646
logit,raw,2,8000,6,False,1.272667646408081,Black men,2846,0.2501756851721715,0.2709011393936893,0.17525068045472245,0.682431578614829,0.05951265229615745,0.08046380885453268
logit,raw,2,8000,6,False,1.272667646408081,White men,1872,0.2516025641025641,0.2560910174808346,0.16403498194396557,0.7390171715380734,0.04425410421127766,0.07371794871794872
logit,raw,2,8000,6,False,1.272667646408081,Black women,261,0.13793103448275862,0.19712014051168064,0.10930284678615375,0.7777777777777778,0.0044444444444444444,0.0038314176245210726
logit,raw,2,8000,6,False,1.272667646408081,White women,481,0.19750519750519752,0.2161907649670136,0.14118868414535535,0.7247341150804473,0.018134715025906734,0.037422037422037424
logit,raw,2,8000,7,False,1.162245512008667,All,5460,0.24065934065934066,0.2546403800266494,0.16557554665517085,0.711050463265835,0.041968162083936326,0.06098901098901099
logit,raw,2,8000,7,False,1.162245512008667,Men,4718,0.2507418397626113,0.26294187156486637,0.17115692588845385,0.7034148312790462,0.04837340876944837,0.06867316659601526
logit,raw,2,8000,7,False,1.162245512008667,Women,742,0.1765498652291105,0.20185542439685486,0.13008639945486197,0.7408952911632789,0.004909983633387889,0.012129380053908356
logit,raw,2,8000,7,False,1.162245512008667,Black,3107,0.24074670099774703,0.2640369404479717,0.17010893136641977,0.6892926849725592,0.05214073760067826,0.06726746057289991
logit,raw,2,8000,7,False,1.162245512008667,White,2353,0.24054398640034,0.24223276709462713,0.15958947513037255,0.7402579683264092,0.028539451594851706,0.05269868253293668
logit,raw,2,8000,7,False,1.162245512008667,Black men,2846,0.2501756851721715,0.2705205749347444,0.17584886550521212,0.6780680370249466,0.05716963448922212,0.07308503162333099
logit,raw,2,8000,7,False,1.162245512008667,White men,1872,0.2516025641025641,0.25141997530916493,0.16402377409930105,0.7420904995067219,0.03497501784439686,0.06196581196581197
logit,raw,2,8000,7,False,1.162245512008667,Black women,261,0.13793103448275862,0.19333799887956093,0.10751945796027826,0.7971604938271605,0.0044444444444444444,0.0038314176245210726
logit,raw,2,8000,7,False,1.162245512008667,White women,481,0.19750519750519752,0.20647714593534486,0.14233166292697497,0.7187619307335698,0.0051813471502590676,0.016632016632016633
logit,raw,2,8000,8,False,1.2340936660766602,All,5460,0.24065934065934066,0.25160233569880497,0.16538520957421285,0.7088095767793645,0.03762662807525326,0.057692307692307696
logit,raw,2,8000,8,False,1.2340936660766602,Men,4718,0.2507418397626113,0.2603114243250857,0.17118072758644198,0.6993214814779388,0.042715700141442714,0.06443408223823655
logit,raw,2,8000,8,False,1.2340936660766602,Women,742,0.1765498652291105,0.19622567782981223,0.12853446296815232,0.7524018940293099,0.008183306055646482,0.014824797843665768
logit,raw,2,8000,8,False,1.2340936660766602,Black,3107,0.24074670099774703,0.25818353173128383,0.1701473033245879,0.6854514398152032,0.04493429419245443,0.06308336015448986
logit,raw,2,8000,8,False,1.2340936660766602,White,2353,0.24054398640034,0.24291224812000686,0.15909714103090003,0.7393780365062949,0.027979854504756575,0.05057373565660858
logit,raw,2,8000,8,False,1.2340936660766602,Black men,2846,0.2501756851721715,0.2649816106410264,0.17594235370886874,0.6736353895727809,0.04920337394564199,0.06851721714687281
logit,raw,2,8000,8,False,1.2340936660766602,White men,1872,0.2516025641025641,0.25321134406057333,0.16394163146228252,0.7377078247111936,0.03283369022127052,0.05822649572649573
logit,raw,2,8000,8,False,1.2340936660766602,Black women,261,0.13793103448275862,0.18405582070780738,0.10695683055193156,0.79,0.0044444444444444444,0.0038314176245210726
logit,raw,2,8000,8,False,1.2340936660766602,White women,481,0.19750519750519752,0.2028292801350997,0.14024290800065467,0.7344423234251432,0.010362694300518135,0.02079002079002079
logit,raw,2,8000,9,False,1.2332885265350342,All,5460,0.24065934065934066,0.2570702370567434,0.1650493789007259,0.7135589785610601,0.03907380607814761,0.059157509157509156
logit,raw,2,8000,9,False,1.2332885265350342,Men,4718,0.2507418397626113,0.26621477002268973,0.17080346785893769,0.7046274365390892,0.04554455445544554,0.06676557863501484
logit,raw,2,8000,9,False,1.2332885265350342,Women,742,0.1765498652291105,0.19892481046195265,0.12846205854379428,0.7517897077747655,0.0016366612111292963,0.01078167115902965
logit,raw,2,8000,9,False,1.2332885265350342,Black,3107,0.24074670099774703,0.2673661575027619,0.1698688550637044,0.6909497815851455,0.050445103857566766,0.0682330222079176
logit,raw,2,8000,9,False,1.2332885265350342,White,2353,0.24054398640034,0.243475071384929,0.1586855402103842,0.7436086300549117,0.024062674874090653,0.04717382065448364
logit,raw,2,8000,9,False,1.2332885265350342,Black men,2846,0.2501756851721715,0.27456799411715926,0.17575978577907525,0.6786347050956688,0.05576382380506092,0.07449051300070274
logit,raw,2,8000,9,False,1.2332885265350342,White men,1872,0.2516025641025641,0.25351537057137546,0.16326838196112176,0.7441681783257637,0.029978586723768737,0.05502136752136752
logit,raw,2,8000,9,False,1.2332885265350342,Black women,261,0.13793103448275862,0.1888357858377234,0.10563288258881709,0.8019753086419753,0.0,0.0
logit,raw,2,8000,9,False,1.2332885265350342,White women,481,0.19750519750519752,0.20439931238902917,0.14084961555886505,0.7300790837196619,0.0025906735751295338,0.016632016632016633
logit,raw,2,12651,0,True,1.7620906829833984,All,5460,0.24065934065934066,0.2555282906773419,0.16415753230887634,0.7177400821315735,0.045586107091172216,0.06813186813186813
logit,raw,2,12651,0,True,1.7620906829833984,Men,4718,0.2507418397626113,0.2645214152146391,0.1699113428252724,0.7089666073236958,0.05233380480905234,0.07630351844001695
logit,raw,2,12651,0,True,1.7620906829833984,Women,742,0.1765498652291105,0.19834559314773545,0.1275719824216034,0.7548631326445197,0.006546644844517185,0.016172506738544475
logit,raw,2,12651,0,True,1.7620906829833984,Black,3107,0.24074670099774703,0.2642799912252827,0.16891001432466804,0.6961063896829301,0.05553200508690123,0.07531380753138076
logit,raw,2,12651,0,True,1.7620906829833984,White,2353,0.24054398640034,0.24397217779912184,0.157882155503494,0.7465806244945336,0.032456631225517625,0.058648533786655334
logit,raw,2,12651,0,True,1.7620906829833984,Black men,2846,0.2501756851721715,0.2713648025216518,0.17471607927351976,0.6846061097480071,0.06091846298031865,0.08186929023190442
logit,raw,2,12651,0,True,1.7620906829833984,White men,1872,0.2516025641025641,0.25411741934083665,0.16260670610961428,0.7460049009579146,0.039257673090649536,0.06784188034188034
logit,raw,2,12651,0,True,1.7620906829833984,Black women,261,0.13793103448275862,0.18702568873690484,0.10559943637665252,0.7965432098765433,0.0044444444444444444,0.0038314176245210726
logit,raw,2,12651,0,True,1.7620906829833984,White women,481,0.19750519750519752,0.2044879945016373,0.1394947153067015,0.7363785110444505,0.007772020725388601,0.02286902286902287
logit,raw,2,12651,1,True,1.8754370212554932,All,5460,0.24065934065934066,0.255445865559172,0.16416257372707138,0.7177209920107844,0.04582730342498794,0.06813186813186813
logit,raw,2,12651,1,True,1.8754370212554932,Men,4718,0.2507418397626113,0.26444290221104305,0.16991865165167788,0.7089357601380233,0.05261669024045262,0.07630351844001695
logit,raw,2,12651,1,True,1.8754370212554932,Women,742,0.1765498652291105,0.19823829288595426,0.12756260654608298,0.7547881710623305,0.006546644844517185,0.016172506738544475
logit,raw,2,12651,1,True,1.8754370212554932,Black,3107,0.24074670099774703,0.2642073902080959,0.16891971590472324,0.696085987672652,0.055955913522679104,0.07531380753138076
logit,raw,2,12651,1,True,1.8754370212554932,White,2353,0.24054398640034,0.24387678052550998,0.1578810434482935,0.7465677715578353,0.032456631225517625,0.058648533786655334
logit,raw,2,12651,1,True,1.8754370212554932,Black men,2846,0.2501756851721715,0.2712941522374991,0.17472674263704593,0.6845837326116487,0.06138706654170572,0.08186929023190442
logit,raw,2,12651,1,True,1.8754370212554932,White men,1872,0.2516025641025641,0.2540269526515911,0.16260891503610225,0.7459912619284678,0.039257673090649536,0.06784188034188034
logit,raw,2,12651,1,True,1.8754370212554932,Black women,261,0.13793103448275862,0.1869318165081667,0.10559865046338075,0.7966666666666666,0.0044444444444444444,0.0038314176245210726
logit,raw,2,12651,1,True,1.8754370212554932,White women,481,0.19750519750519752,0.20437340792670797,0.13948067834979455,0.7363512407962913,0.007772020725388601,0.02286902286902287
logit,raw,2,12651,2,True,1.7905189990997314,All,5460,0.24065934065934066,0.25549339395487847,0.16415689297355576,0.7177276001295191,0.045344910757356485,0.06794871794871794
logit,raw,2,12651,2,True,1.7905189990997314,Men,4718,0.2507418397626113,0.2644969324192264,0.169912858397596,0.7089469990351287,0.05205091937765205,0.07609156422212802
logit,raw,2,12651,2,True,1.7905189990997314,Women,742,0.1765498652291105,0.19824447956836458,0.1275576411263566,0.7548381454504566,0.006546644844517185,0.016172506738544475
logit,raw,2,12651,2,True,1.7905189990997314,Black,3107,0.24074670099774703,0.2642481263683911,0.1689082669187436,0.6961029893478837,0.05510809665112336,0.07499195365304152
logit,raw,2,12651,2,True,1.7905189990997314,White,2353,0.24054398640034,0.24393327767405243,0.15788297931112544,0.7465737036824651,0.032456631225517625,0.058648533786655334
logit,raw,2,12651,2,True,1.7905189990997314,Black men,2846,0.2501756851721715,0.2713384997727382,0.17471511544730764,0.6845929467266199,0.060449859418931585,0.08151791988756149
logit,raw,2,12651,2,True,1.7905189990997314,White men,1872,0.2516025641025641,0.2540957034191757,0.16261199110941257,0.746001870062482,0.039257673090649536,0.06784188034188034
logit,raw,2,12651,2,True,1.7905189990997314,Black women,261,0.13793103448275862,0.18693317346121946,0.10558914464942087,0.7966666666666667,0.0044444444444444444,0.0038314176245210726
logit,raw,2,12651,2,True,1.7905189990997314,White women,481,0.19750519750519752,0.20438221531465325,0.13947817663671047,0.7364057812926097,0.007772020725388601,0.02286902286902287
logit,raw,2,12651,3,True,1.7699625492095947,All,5460,0.24065934065934066,0.25553182424401644,0.16415797685548963,0.7177342082482537,0.04582730342498794,0.06831501831501831
logit,raw,2,12651,3,True,1.7699625492095947,Men,4718,0.2507418397626113,0.26452819861996074,0.16991205955623917,0.7089556075520607,0.05261669024045262,0.0765154726579059
logit,raw,2,12651,3,True,1.7699625492095947,Women,742,0.1765498652291105,0.19832846264603077,0.1275706962865728,0.7549131070326458,0.006546644844517185,0.016172506738544475
logit,raw,2,12651,3,True,1.7699625492095947,Black,3107,0.24074670099774703,0.2642884011112845,0.16890678425568117,0.6961069564054378,0.055955913522679104,0.07563566140971999
logit,raw,2,12651,3,True,1.7699625492095947,White,2353,0.24054398640034,0.24396927246900502,0.15788745216683897,0.7465865566191634,0.032456631225517625,0.058648533786655334
logit,raw,2,12651,3,True,1.7699625492095947,Black men,2846,0.2501756851721715,0.2713739832841137,0.1747107176867842,0.6846199309204637,0.06138706654170572,0.08222066057624737
logit,raw,2,12651,3,True,1.7699625492095947,White men,1872,0.2516025641025641,0.254120558046147,0.16261666370178876,0.7460033855101982,0.039257673090649536,0.06784188034188034
logit,raw,2,12651,3,True,1.7699625492095947,Black women,261,0.13793103448275862,0.18702569282058723,0.10561944883453488,0.7962962962962963,0.0044444444444444444,0.0038314176245210726
logit,raw,2,12651,3,True,1.7699625492095947,White women,481,0.19750519750519752,0.20446156643904695,0.139481872138926,0.7364875920370875,0.007772020725388601,0.02286902286902287
logit,raw,2,12651,4,True,1.7151145935058594,All,5460,0.24065934065934066,0.25542229268771843,0.1641645936468096,0.7177075922144613,0.04582730342498794,0.06831501831501831
logit,raw,2,12651,4,True,1.7151145935058594,Men,4718,0.2507418397626113,0.26442387240999277,0.16992031441499614,0.7089221299862145,0.05261669024045262,0.0765154726579059
logit,raw,2,12651,4,True,1.7151145935058594,Women,742,0.1765498652291105,0.19818583294420053,0.12756689744154825,0.7548131582563935,0.006546644844517185,0.016172506738544475
logit,raw,2,12651,4,True,1.7151145935058594,Black,3107,0.24074670099774703,0.2642034576897519,0.1689252730044582,0.6960417833170496,0.055955913522679104,0.07563566140971999
logit,raw,2,12651,4,True,1.7151145935058594,White,2353,0.24054398640034,0.24382727370713275,0.1578783927270416,0.7466092964302452,0.032456631225517625,0.058648533786655334
logit,raw,2,12651,4,True,1.7151145935058594,Black men,2846,0.2501756851721715,0.2712932168101663,0.17473423303293772,0.684533713130377,0.06138706654170572,0.08222066057624737
logit,raw,2,12651,4,True,1.7151145935058594,White men,1872,0.2516025641025641,0.2539804139896434,0.16260171805459986,0.7460397562553893,0.039257673090649536,0.06784188034188034
logit,raw,2,12651,4,True,1.7151145935058594,Black women,261,0.13793103448275862,0.18689520306638224,0.10558312648701489,0.7967901234567902,0.0044444444444444444,0.0038314176245210726
logit,raw,2,12651,4,True,1.7151145935058594,White women,481,0.19750519750519752,0.20431234936438883,0.13949572118194994,0.7363785110444505,0.007772020725388601,0.02286902286902287
logit,raw,2,12651,5,True,1.7908236980438232,All,5460,0.24065934065934066,0.25551120171252145,0.164155674047505,0.7177382465430361,0.045586107091172216,0.06813186813186813
logit,raw,2,12651,5,True,1.7908236980438232,Men,4718,0.2507418397626113,0.26449866651916787,0.16990993151120568,0.7089582379322342,0.05233380480905234,0.07630351844001695
logit,raw,2,12651,5,True,1.7908236980438232,Women,742,0.1765498652291105,0.1983644915268643,0.12756728225001207,0.7548631326445197,0.006546644844517185,0.016172506738544475
logit,raw,2,12651,5,True,1.7908236980438232,Black,3107,0.24074670099774703,0.264265577239343,0.16890949329608032,0.6960871211176675,0.05553200508690123,0.07531380753138076
logit,raw,2,12651,5,True,1.7908236980438232,White,2353,0.24054398640034,0.24395155667986768,0.157878531503806,0.7466172059297518,0.032456631225517625,0.058648533786655334
logit,raw,2,12651,5,True,1.7908236980438232,Black men,2846,0.2501756851721715,0.27134645497451887,0.17471554999533548,0.68459294672662,0.06091846298031865,0.08186929023190442
logit,raw,2,12651,5,True,1.7908236980438232,White men,1872,0.2516025641025641,0.2540879795833085,0.16260395383714926,0.7460412717031055,0.039257673090649536,0.06784188034188034
logit,raw,2,12651,5,True,1.7908236980438232,Black women,261,0.13793103448275862,0.18705416714619932,0.10559900530343592,0.7966666666666667,0.0044444444444444444,0.0038314176245210726
logit,raw,2,12651,5,True,1.7908236980438232,White women,481,0.19750519750519752,0.20450169456917933,0.13948769863890265,0.7364057812926098,0.007772020725388601,0.02286902286902287
logit,raw,2,12651,6,True,1.674128532409668,All,5460,0.24065934065934066,0.2555557401434304,0.16415381996211695,0.7177384301018899,0.045586107091172216,0.06813186813186813
logit,raw,2,12651,6,True,1.674128532409668,Men,4718,0.2507418397626113,0.264544615266953,0.16990830365920315,0.7089572814303529,0.05233380480905234,0.07630351844001695
logit,raw,2,12651,6,True,1.674128532409668,Women,742,0.1765498652291105,0.1984000624712211,0.1275639896617761,0.7549755750178033,0.006546644844517185,0.016172506738544475
logit,raw,2,12651,6,True,1.674128532409668,Black,3107,0.24074670099774703,0.26428980030271015,0.16890520298164413,0.6960825873376058,0.05553200508690123,0.07531380753138076
logit,raw,2,12651,6,True,1.674128532409668,White,2353,0.24054398640034,0.2440229203750998,0.15787989431754781,0.7465835905568485,0.032456631225517625,0.058648533786655334
logit,raw,2,12651,6,True,1.674128532409668,Black men,2846,0.2501756851721715,0.2713715395928196,0.1747093752079718,0.6845857070648569,0.06091846298031865,0.08186929023190442
logit,raw,2,12651,6,True,1.674128532409668,White men,1872,0.2516025641025641,0.254165648049316,0.16260923868709015,0.7459942928239004,0.039257673090649536,0.06784188034188034
logit,raw,2,12651,6,True,1.674128532409668,Black women,261,0.13793103448275862,0.1870689956297159,0.10561526368613247,0.7967901234567901,0.0044444444444444444,0.0038314176245210726
logit,raw,2,12651,6,True,1.674128532409668,White women,481,0.19750519750519752,0.20454852077815008,0.13947379731176152,0.7364603217889283,0.007772020725388601,0.02286902286902287
logit,raw,2,12651,7,True,1.7696831226348877,All,5460,0.24065934065934066,0.25552630152471,0.16415897142692948,0.7177364109544987,0.04582730342498794,0.06831501831501831
logit,raw,2,12651,7,True,1.7696831226348877,Men,4718,0.2507418397626113,0.26450387636917944,0.16991366075156386,0.7089594335595859,0.05261669024045262,0.0765154726579059
logit,raw,2,12651,7,True,1.7696831226348877,Women,742,0.1765498652291105,0.19844247657025357,0.12756783364576355,0.7549256006296773,0.006546644844517185,0.016172506738544475
logit,raw,2,12651,7,True,1.7696831226348877,Black,3107,0.24074670099774703,0.26426465338780786,0.16890983758849817,0.696098455567822,0.055955913522679104,0.07563566140971999
logit,raw,2,12651,7,True,1.7696831226348877,White,2353,0.24054398640034,0.24398781481045367,0.15788572826331107,0.7465924887437936,0.032456631225517625,0.058648533786655334
logit,raw,2,12651,7,True,1.7696831226348877,Black men,2846,0.2501756851721715,0.27134041328455355,0.17471349182423498,0.6846140075608396,0.06138706654170572,0.08222066057624737
logit,raw,2,12651,7,True,1.7696831226348877,White men,1872,0.2516025641025641,0.2541102951399301,0.1626164816742017,0.7459988391670493,0.039257673090649536,0.06784188034188034
logit,raw,2,12651,7,True,1.7696831226348877,Black women,261,0.13793103448275862,0.18710904930298744,0.10562554657352932,0.7962962962962963,0.0044444444444444444,0.0038314176245210726
logit,raw,2,12651,7,True,1.7696831226348877,White women,481,0.19750519750519752,0.2045922156903294,0.13947414742092598,0.7365694027815654,0.007772020725388601,0.02286902286902287
logit,raw,2,12651,8,True,1.7656142711639404,All,5460,0.24065934065934066,0.2555241021751696,0.16415448709059005,0.7177613749586075,0.04582730342498794,0.06831501831501831
logit,raw,2,12651,8,True,1.7656142711639404,Men,4718,0.2507418397626113,0.2645236953151166,0.16990934053062587,0.7089850199849111,0.05261669024045262,0.0765154726579059
logit,raw,2,12651,8,True,1.7656142711639404,Women,742,0.1765498652291105,0.19830027409663892,0.12756230578319253,0.7548256518534251,0.006546644844517185,0.016172506738544475
logit,raw,2,12651,8,True,1.7656142711639404,Black,3107,0.24074670099774703,0.26428500472218924,0.16890784743069726,0.6961369926983472,0.055955913522679104,0.07563566140971999
logit,raw,2,12651,8,True,1.7656142711639404,White,2353,0.24054398640034,0.24395583859098335,0.15787795050890158,0.7466092964302451,0.032456631225517625,0.058648533786655334
logit,raw,2,12651,8,True,1.7656142711639404,Black men,2846,0.2501756851721715,0.27137130397449793,0.17471338277591356,0.6846429662078914,0.06138706654170572,0.08222066057624737
logit,raw,2,12651,8,True,1.7656142711639404,White men,1872,0.2516025641025641,0.254113281722916,0.16260575921113404,0.7460367253599567,0.039257673090649536,0.06784188034188034
logit,raw,2,12651,8,True,1.7656142711639404,Black women,261,0.13793103448275862,0.18701447724299197,0.10560304439435407,0.7967901234567901,0.0044444444444444444,0.0038314176245210726
logit,raw,2,12651,8,True,1.7656142711639404,White women,481,0.19750519750519752,0.20442416802346194,0.13947783015426707,0.7363512407962912,0.007772020725388601,0.02286902286902287
logit,raw,2,12651,9,True,1.7823209762573242,All,5460,0.24065934065934066,0.2554373538527324,0.16415943152313592,0.7177197070988083,0.04582730342498794,0.06831501831501831
logit,raw,2,12651,9,True,1.7823209762573242,Men,4718,0.2507418397626113,0.2644268651867843,0.16991448957333966,0.7089388687691376,0.05261669024045262,0.0765154726579059
logit,raw,2,12651,9,True,1.7823209762573242,Women,742,0.1765498652291105,0.198277630841874,0.12756594920391584,0.7547756774652989,0.006546644844517185,0.016172506738544475
logit,raw,2,12651,9,True,1.7823209762573242,Black,3107,0.24074670099774703,0.2641935734325359,0.16891487899784347,0.6960723863324667,0.055955913522679104,0.07563566140971999
logit,raw,2,12651,9,True,1.7823209762573242,White,2353,0.24054398640034,0.2438752738550913,0.15788013900128453,0.7465915000563551,0.032456631225517625,0.058648533786655334
logit,raw,2,12651,9,True,1.7823209762573242,Black men,2846,0.2501756851721715,0.27127626482995687,0.17472098086747803,0.6845725440434696,0.06138706654170572,0.08222066057624737
logit,raw,2,12651,9,True,1.7823209762573242,White men,1872,0.2516025641025641,0.25401372876345685,0.16260718496697335,0.7460215708827937,0.039257673090649536,0.06784188034188034
logit,raw,2,12651,9,True,1.7823209762573242,Black women,261,0.13793103448275862,0.18696238677713373,0.10560389845769017,0.7966666666666666,0.0044444444444444444,0.0038314176245210726
logit,raw,2,12651,9,True,1.7823209762573242,White women,481,0.19750519750519752,0.20441750340091183,0.13948298713482,0.7362148895554949,0.007772020725388601,0.02286902286902287
logit,raw,3,500,0,False,0.40087127685546875,All,4146,0.19826338639652677,0.19708920476740438,0.15489456529423495,0.6405394959902325,0.014741275571600482,0.015918958031837915
logit,raw,3,500,0,False,0.40087127685546875,Men,3535,0.2065063649222065,0.20339843950355974,0.160968500340117,0.6303582155153469,0.017112299465240642,0.018387553041018388
logit,raw,3,500,0,False,0.40087127685546875,Women,611,0.15057283142389524,0.1605865127996316,0.1197532225983379,0.6780807573092066,0.0019267822736030828,0.0016366612111292963
logit,raw,3,500,0,False,0.40087127685546875,Black,2359,0.19584569732937684,0.20100272424114718,0.1561142513770111,0.6203346820110132,0.015287295730100159,0.015684612123781264
logit,raw,3,500,0,False,0.40087127685546875,White,1787,0.20145495243424735,0.19192300866300632,0.15328447045972515,0.6663610527135405,0.01401541695865452,0.016228315612758813
logit,raw,3,500,0,False,0.40087127685546875,Black men,2134,0.20290534208059982,0.20573588771520593,0.16104311217641293,0.6128876778094124,0.017048794826572605,0.017338331771321464
logit,raw,3,500,0,False,0.40087127685546875,White men,1401,0.21199143468950749,0.19983804372650538,0.16085485176149067,0.6558702971746451,0.017210144927536232,0.01998572448251249
logit,raw,3,500,0,False,0.40087127685546875,Black women,225,0.1288888888888889,0.15611129822496284,0.10936674495068452,0.6588669950738917,0.0,0.0
logit,raw,3,500,0,False,0.40087127685546875,White women,386,0.16321243523316062,0.1631951223314981,0.12580751656393893,0.6886824905400756,0.0030959752321981426,0.0025906735751295338
logit,raw,3,500,1,False,0.43587231636047363,All,4146,0.19826338639652677,0.19380278895512723,0.1550999111291136,0.6524813272784233,0.0,0.0
logit,raw,3,500,1,False,0.43587231636047363,Men,3535,0.2065063649222065,0.19646972058495846,0.16040184131012947,0.6372695529021073,0.0,0.0
logit,raw,3,500,1,False,0.43587231636047363,Women,611,0.15057283142389524,0.17837299630135736,0.12442507775776968,0.7164488564966072,0.0,0.0
logit,raw,3,500,1,False,0.43587231636047363,Black,2359,0.19584569732937684,0.19482906589038393,0.1542943188001597,0.6340610715940183,0.0,0.0
logit,raw,3,500,1,False,0.43587231636047363,White,1787,0.20145495243424735,0.19244801151233454,0.15616336513247245,0.6756754652339795,0.0,0.0
logit,raw,3,500,1,False,0.43587231636047363,Black men,2134,0.20290534208059982,0.19662211760291726,0.15890595473695673,0.6194169168251796,0.0,0.0
logit,raw,3,500,1,False,0.43587231636047363,White men,1401,0.21199143468950749,0.1962375897952911,0.16268037232165738,0.6626622505245694,0.0,0.0
logit,raw,3,500,1,False,0.43587231636047363,Black women,225,0.1288888888888889,0.17782296653684612,0.11055551395960449,0.7359254046446164,0.0,0.0
logit,raw,3,500,1,False,0.43587231636047363,White women,386,0.16321243523316062,0.17869360950605953,0.13250966805462763,0.7083886186053369,0.0,0.0
logit,raw,3,500,2,False,0.5225808620452881,All,4146,0.19826338639652677,0.1813662711054129,0.16134438454343436,0.577269639662588,0.00842358604091456,0.009165460684997588
logit,raw,3,500,2,False,0.5225808620452881,Men,3535,0.2065063649222065,0.19137123345834234,0.16768391265301066,0.5618606695480185,0.009982174688057042,0.01074964639321075
logit,raw,3,500,2,False,0.5225808620452881,Women,611,0.15057283142389524,0.12348158711587845,0.12466642731372513,0.6137429839993297,0.0,0.0
logit,raw,3,500,2,False,0.5225808620452881,Black,2359,0.19584569732937684,0.19807443363734864,0.16051742499985555,0.5715860312591994,0.011597258829731154,0.01314116150911403
logit,raw,3,500,2,False,0.5225808620452881,White,1787,0.20145495243424735,0.15931000058899628,0.16243604518322302,0.5909892548469984,0.004204625087596356,0.00391717963066592
logit,raw,3,500,2,False,0.5225808620452881,Black men,2134,0.20290534208059982,0.20519773471421715,0.16592248686282515,0.5593299960762111,0.012933568489124045,0.014526710402999063
logit,raw,3,500,2,False,0.5225808620452881,White men,1401,0.21199143468950749,0.17031073832626745,0.1703669123933789,0.5721160884204363,0.005434782608695652,0.004996431120628123
logit,raw,3,500,2,False,0.5225808620452881,Black women,225,0.1288888888888889,0.1305138803127382,0.10925341604173475,0.5986980999296271,0.0,0.0
logit,raw,3,500,2,False,0.5225808620452881,White women,386,0.16321243523316062,0.11938245248040323,0.13365069554221695,0.6267138434321097,0.0,0.0
logit,raw,3,500,3,False,0.5097157955169678,All,4146,0.19826338639652677,0.16578218764918076,0.15706546276012662,0.6012063705382369,0.0,0.0
logit,raw,3,500,3,False,0.5097157955169678,Men,3535,0.2065063649222065,0.17098389734532504,0.16263060764541776,0.5891744194564501,0.0,0.0
logit,raw,3,500,3,False,0.5097157955169678,Women,611,0.15057283142389524,0.1356871896526668,0.12486777508499713,0.6251780179274524,0.0,0.0
logit,raw,3,500,3,False,0.5097157955169678,Black,2359,0.19584569732937684,0.17146996077433652,0.15562454618198632,0.5906112864468163,0.0,0.0
logit,raw,3,500,3,False,0.5097157955169678,White,1787,0.20145495243424735,0.1582738178661687,0.15896760165650772,0.6196060110566066,0.0,0.0
logit,raw,3,500,3,False,0.5097157955169678,Black men,2134,0.20290534208059982,0.17538425731707855,0.16030183826518332,0.5831877186765562,0.0,0.0
logit,raw,3,500,3,False,0.5097157955169678,White men,1401,0.21199143468950749,0.1642812790871366,0.16617778384628876,0.6030687307861221,0.0,0.0
logit,raw,3,500,3,False,0.5097157955169678,Black women,225,0.1288888888888889,0.13434503267561895,0.11126302926846443,0.5858550316678396,0.0,0.0
logit,raw,3,500,3,False,0.5097157955169678,White women,386,0.16321243523316062,0.1364695350408424,0.13279800256872734,0.6437171359771978,0.0,0.0
logit,raw,3,500,4,False,0.42357850074768066,All,4146,0.19826338639652677,0.197363982781815,0.15455855044864164,0.6268958192427849,0.0,0.0
logit,raw,3,500,4,False,0.42357850074768066,Men,3535,0.2065063649222065,0.20142360353539765,0.16028958341553726,0.6108680682733865,0.0,0.0
logit,raw,3,500,4,False,0.42357850074768066,Women,611,0.15057283142389524,0.17387665158064533,0.12140110112298547,0.7028566641534724,0.0,0.0
logit,raw,3,500,4,False,0.42357850074768066,Black,2359,0.19584569732937684,0.2008496785044185,0.15400917747337287,0.6095349914538106,0.0,0.0
logit,raw,3,500,4,False,0.42357850074768066,White,1787,0.20145495243424735,0.19276255233434902,0.15528377196439938,0.6522015884139221,0.0,0.0
logit,raw,3,500,4,False,0.42357850074768066,Black men,2134,0.20290534208059982,0.2041648220660441,0.1585835099221267,0.6006628352022245,0.0,0.0
logit,raw,3,500,4,False,0.42357850074768066,White men,1401,0.21199143468950749,0.197248185730687,0.16288827066388709,0.6284950958864002,0.0,0.0
logit,raw,3,500,4,False,0.42357850074768066,Black women,225,0.1288888888888889,0.1694073835688229,0.11062417549274774,0.6349401829697395,0.0,0.0
logit,raw,3,500,4,False,0.42357850074768066,White women,386,0.16321243523316062,0.17648179485178536,0.1276829878245489,0.7353186888790604,0.0,0.0
logit,raw,3,500,5,False,0.4951770305633545,All,4146,0.19826338639652677,0.1848228460119533,0.1604638182607159,0.6106470379837267,0.023465703971119134,0.02653159671972986
logit,raw,3,500,5,False,0.4951770305633545,Men,3535,0.2065063649222065,0.19020737626496506,0.16701392729348313,0.6005313408053133,0.02602495543672014,0.027157001414427156
logit,raw,3,500,5,False,0.4951770305633545,Women,611,0.15057283142389524,0.15367012188037157,0.12256752459323303,0.646393566222669,0.009633911368015413,0.022913256955810146
logit,raw,3,500,5,False,0.4951770305633545,Black,2359,0.19584569732937684,0.18676752802920427,0.16282148454098738,0.5816474862336749,0.024775962045334738,0.024586689275116574
logit,raw,3,500,5,False,0.4951770305633545,White,1787,0.20145495243424735,0.18225569163103836,0.15735148767584717,0.648366814607179,0.021723896285914507,0.029099048684946838
logit,raw,3,500,5,False,0.4951770305633545,Black men,2134,0.20290534208059982,0.1912449725643538,0.16788938576636256,0.5754827007072324,0.026455026455026454,0.02530459231490159
logit,raw,3,500,5,False,0.4951770305633545,White men,1401,0.21199143468950749,0.18862691195169198,0.16568043094721277,0.637894646952618,0.025362318840579712,0.029978586723768737
logit,raw,3,500,5,False,0.4951770305633545,Black women,225,0.1288888888888889,0.14430145408249745,0.11475525691898462,0.5865587614356087,0.01020408163265306,0.017777777777777778
logit,raw,3,500,5,False,0.4951770305633545,White women,386,0.16321243523316062,0.15913113290244849,0.1271213075639737,0.6741854636591479,0.009287925696594427,0.025906735751295335
logit,raw,3,500,6,False,0.41043782234191895,All,4146,0.19826338639652677,0.20112079658463458,0.15544895694977967,0.6149459362126363,0.0,0.0
logit,raw,3,500,6,False,0.41043782234191895,Men,3535,0.2065063649222065,0.20682997238151515,0.16118912550351353,0.5994374038531975,0.0,0.0
logit,raw,3,500,6,False,0.41043782234191895,Women,611,0.15057283142389524,0.16808980404458074,0.12223865279683511,0.6658079919577784,0.0,0.0
logit,raw,3,500,6,False,0.41043782234191895,Black,2359,0.19584569732937684,0.20310586878483375,0.15405497593757517,0.6129534671970097,0.0,0.0
logit,raw,3,500,6,False,0.41043782234191895,White,1787,0.20145495243424735,0.19850032354587124,0.15728913669672454,0.6186229852838121,0.0,0.0
logit,raw,3,500,6,False,0.41043782234191895,Black men,2134,0.20290534208059982,0.20687141695187472,0.1589688009465702,0.5994612597127351,0.0,0.0
logit,raw,3,500,6,False,0.41043782234191895,White men,1401,0.21199143468950749,0.20676684410660626,0.16457111879724443,0.5998542185136388,0.0,0.0
logit,raw,3,500,6,False,0.41043782234191895,Black women,225,0.1288888888888889,0.16739173639165433,0.10745007563003961,0.6787473610133709,0.0,0.0
logit,raw,3,500,6,False,0.41043782234191895,White women,386,0.16321243523316062,0.1684967087645508,0.13085893741478588,0.6576244532900879,0.0,0.0
logit,raw,3,500,7,False,0.4203164577484131,All,4146,0.19826338639652677,0.21954836798589814,0.15310243018277142,0.6505642807159316,0.0018050541516245488,0.001929570670525808
logit,raw,3,500,7,False,0.4203164577484131,Men,3535,0.2065063649222065,0.22381557398054985,0.15815244582411292,0.6412516787536934,0.0021390374331550803,0.002263083451202263
logit,raw,3,500,7,False,0.4203164577484131,Women,611,0.15057283142389524,0.19486003215759415,0.12388507291248955,0.6861229789729413,0.0,0.0
logit,raw,3,500,7,False,0.4203164577484131,Black,2359,0.19584569732937684,0.22290344670109752,0.15336304149924843,0.6318942874029854,0.0021085925144965737,0.002543450614667232
logit,raw,3,500,7,False,0.4203164577484131,White,1787,0.20145495243424735,0.2151193636830692,0.15275839991104825,0.6746009499338161,0.001401541695865452,0.001119194180190263
logit,raw,3,500,7,False,0.4203164577484131,Black men,2134,0.20290534208059982,0.22607157877167883,0.15758566955677766,0.625760149239749,0.0023515579071134627,0.0028116213683223993
logit,raw,3,500,7,False,0.4203164577484131,White men,1401,0.21199143468950749,0.2203792326356039,0.15901575813995403,0.6637876348021274,0.0018115942028985507,0.0014275517487508922
logit,raw,3,500,7,False,0.4203164577484131,Black women,225,0.1288888888888889,0.19285547408500636,0.11331376027805996,0.6569317382125264,0.0,0.0
logit,raw,3,500,7,False,0.4203164577484131,White women,386,0.16321243523316062,0.19602849217399887,0.13004710747919074,0.7009189640768588,0.0,0.0
logit,raw,3,500,8,False,0.4647409915924072,All,4146,0.19826338639652677,0.1632784120025456,0.15356847278341892,0.6654530495606676,0.0,0.0
logit,raw,3,500,8,False,0.4647409915924072,Men,3535,0.2065063649222065,0.16946563461662376,0.15879283404167102,0.6571469733597051,0.0,0.0
logit,raw,3,500,8,False,0.4647409915924072,Women,611,0.15057283142389524,0.12748163304875446,0.12334242196849059,0.699945547457485,0.0,0.0
logit,raw,3,500,8,False,0.4647409915924072,Black,2359,0.19584569732937684,0.16620928771023225,0.15230243219130302,0.6550386004787692,0.0,0.0
logit,raw,3,500,8,False,0.4647409915924072,White,1787,0.20145495243424735,0.15940939365087645,0.1552397597206329,0.6799287549637935,0.0,0.0
logit,raw,3,500,8,False,0.4647409915924072,Black men,2134,0.20290534208059982,0.1709553859525725,0.15691718193546664,0.6468114802731175,0.0,0.0
logit,raw,3,500,8,False,0.4647409915924072,White men,1401,0.21199143468950749,0.16719644878442205,0.16164982304569686,0.6730712926365101,0.0,0.0
logit,raw,3,500,8,False,0.4647409915924072,Black women,225,0.1288888888888889,0.12119518260288029,0.10853409461776932,0.7116467276565799,0.0,0.0
logit,raw,3,500,8,False,0.4647409915924072,White women,386,0.16321243523316062,0.1311460147853392,0.1319742189993514,0.6922207479483021,0.0,0.0
logit,raw,3,500,9,False,0.4228188991546631,All,4146,0.19826338639652677,0.19215217575019114,0.15562955966122208,0.6412319457986011,0.0,0.0
logit,raw,3,500,9,False,0.4228188991546631,Men,3535,0.2065063649222065,0.19446987074931466,0.16087860049075484,0.6284999877908823,0.0,0.0
logit,raw,3,500,9,False,0.4228188991546631,Women,611,0.15057283142389524,0.17874292563251262,0.12526072278331976,0.6820809248554913,0.0,0.0
logit,raw,3,500,9,False,0.4228188991546631,Black,2359,0.19584569732937684,0.1944354656109325,0.1544928788796644,0.6270392759586223,0.0,0.0
logit,raw,3,500,9,False,0.4228188991546631,White,1787,0.20145495243424735,0.18913802869843463,0.15713008006619947,0.6619559293000078,0.0,0.0
logit,raw,3,500,9,False,0.4228188991546631,Black men,2134,0.20290534208059982,0.19618162239423179,0.15908921550232652,0.6135149409462984,0.0,0.0
logit,raw,3,500,9,False,0.4228188991546631,White men,1401,0.21199143468950749,0.19186253455355934,0.1636041876180254,0.6526283365051481,0.0,0.0
logit,raw,3,500,9,False,0.4228188991546631,Black women,225,0.1288888888888889,0.17787413860844045,0.11089917953406005,0.6884236453201971,0.0,0.0
logit,raw,3,500,9,False,0.4228188991546631,White women,386,0.16321243523316062,0.17924934293929046,0.13363208866695558,0.6766917293233082,0.0,0.0
logit,raw,3,1000,0,False,0.4477660655975342,All,4146,0.19826338639652677,0.20190236491707075,0.1512961380387391,0.6679626311335973,0.00210589651022864,0.00241196333815726
logit,raw,3,1000,0,False,0.4477660655975342,Men,3535,0.2065063649222065,0.20646005176635104,0.1568832537201237,0.655329279906234,0.0024955436720142605,0.002828854314002829
logit,raw,3,1000,0,False,0.4477660655975342,Women,611,0.15057283142389524,0.1755334238168973,0.11897133618326515,0.728575018848957,0.0,0.0
logit,raw,3,1000,0,False,0.4477660655975342,Black,2359,0.19584569732937684,0.20386412281421226,0.15149856362345965,0.651649791080471,0.0010542962572482868,0.001695633743111488
logit,raw,3,1000,0,False,0.4477660655975342,White,1787,0.20145495243424735,0.19931266884580223,0.15102891814262503,0.6896266448649069,0.00350385423966363,0.003357582540570789
logit,raw,3,1000,0,False,0.4477660655975342,Black men,2134,0.20290534208059982,0.2075973766185625,0.15609841430878052,0.6435665475952876,0.0011757789535567313,0.0018744142455482662
logit,raw,3,1000,0,False,0.4477660655975342,White men,1401,0.21199143468950749,0.20472768114920675,0.15807871931884349,0.6730895915678524,0.004528985507246377,0.004282655246252677
logit,raw,3,1000,0,False,0.4477660655975342,Black women,225,0.1288888888888889,0.16845628450984168,0.10787153534579447,0.6882477128782547,0.0,0.0
logit,raw,3,1000,0,False,0.4477660655975342,White women,386,0.16321243523316062,0.17965869931971473,0.12544142734500327,0.7484397267679002,0.0,0.0
logit,raw,3,1000,1,False,0.47881507873535156,All,4146,0.19826338639652677,0.19484902439494148,0.15265172768089952,0.6528304800887741,0.0012033694344163659,0.001447178002894356
logit,raw,3,1000,1,False,0.47881507873535156,Men,3535,0.2065063649222065,0.20327847574410018,0.15814350360907203,0.6401338119307499,0.0010695187165775401,0.0014144271570014145
logit,raw,3,1000,1,False,0.47881507873535156,Women,611,0.15057283142389524,0.14607961274309852,0.12087852325194715,0.7082181452626288,0.0019267822736030828,0.0016366612111292963
logit,raw,3,1000,1,False,0.47881507873535156,Black,2359,0.19584569732937684,0.20043767854457342,0.1527303743623836,0.6348255504818499,0.0010542962572482868,0.001271725307333616
logit,raw,3,1000,1,False,0.47881507873535156,White,1787,0.20145495243424735,0.18747150053429137,0.15254790701966786,0.6774780035817177,0.001401541695865452,0.0016787912702853946
logit,raw,3,1000,1,False,0.47881507873535156,Black men,2134,0.20290534208059982,0.20662274404427167,0.15746633856882897,0.6237996125088761,0.0005878894767783657,0.0009372071227741331
logit,raw,3,1000,1,False,0.47881507873535156,White men,1401,0.21199143468950749,0.19818449390786466,0.1591749598516693,0.6649740155174939,0.0018115942028985507,0.0021413276231263384
logit,raw,3,1000,1,False,0.47881507873535156,Black women,225,0.1288888888888889,0.14177576842743528,0.10781238495547513,0.6885995777621393,0.00510204081632653,0.0044444444444444444
logit,raw,3,1000,1,False,0.47881507873535156,White women,386,0.16321243523316062,0.14858833028461207,0.12849479557502022,0.7158582731338149,0.0,0.0
logit,raw,3,1000,2,False,0.44261670112609863,All,4146,0.19826338639652677,0.19186756776489075,0.1545634763893927,0.6273595263818985,0.00030084235860409147,0.000241196333815726
logit,raw,3,1000,2,False,0.44261670112609863,Men,3535,0.2065063649222065,0.19908423488610202,0.16013633285263684,0.615222816399287,0.00035650623885918,0.0002828854314002829
logit,raw,3,1000,2,False,0.44261670112609863,Women,611,0.15057283142389524,0.1501148373663936,0.12232117262905225,0.6696824997905672,0.0,0.0
logit,raw,3,1000,2,False,0.44261670112609863,Black,2359,0.19584569732937684,0.2006946964689609,0.15353772417383268,0.6226885923775749,0.0,0.0
logit,raw,3,1000,2,False,0.44261670112609863,White,1787,0.20145495243424735,0.18021496753383232,0.1559175611552047,0.6371194424978588,0.000700770847932726,0.0005595970900951316
logit,raw,3,1000,2,False,0.44261670112609863,Black men,2134,0.20290534208059982,0.20618661316380904,0.15833099812812923,0.6119277751302384,0.0,0.0
logit,raw,3,1000,2,False,0.44261670112609863,White men,1401,0.21199143468950749,0.18826590851591865,0.1628862145814728,0.6232372029473479,0.0009057971014492754,0.0007137758743754461
logit,raw,3,1000,2,False,0.44261670112609863,Black women,225,0.1288888888888889,0.14860691768315654,0.10807618364730442,0.6564039408866995,0.0,0.0
logit,raw,3,1000,2,False,0.44261670112609863,White women,386,0.16321243523316062,0.15099380609366908,0.13062459884898298,0.674578603371173,0.0,0.0
logit,raw,3,1000,3,False,0.4483180046081543,All,4146,0.19826338639652677,0.17720242454434085,0.15572813323370358,0.6145049203463129,0.0,0.0
logit,raw,3,1000,3,False,0.4483180046081543,Men,3535,0.2065063649222065,0.18380881364447224,0.16134839718145874,0.601202353917906,0.0,0.0
logit,raw,3,1000,3,False,0.4483180046081543,Women,611,0.15057283142389524,0.13898051706649384,0.12321154885512015,0.6570746418698165,0.0,0.0
logit,raw,3,1000,3,False,0.4483180046081543,Black,2359,0.19584569732937684,0.1845309464985968,0.15451499989404857,0.6071559787954095,0.0,0.0
logit,raw,3,1000,3,False,0.4483180046081543,White,1787,0.20145495243424735,0.16752811940159337,0.1573295778605901,0.6280366736743751,0.0,0.0
logit,raw,3,1000,3,False,0.4483180046081543,Black men,2134,0.20290534208059982,0.18958127903156827,0.159377026395462,0.5954220652706667,0.0,0.0
logit,raw,3,1000,3,False,0.4483180046081543,White men,1401,0.21199143468950749,0.17501620755163655,0.16435118465991483,0.6133466305567754,0.0,0.0
logit,raw,3,1000,3,False,0.4483180046081543,Black women,225,0.1288888888888889,0.13663134816365868,0.10840137965397595,0.627375087966221,0.0,0.0
logit,raw,3,1000,3,False,0.4483180046081543,White women,386,0.16321243523316062,0.14034985127151436,0.1318444195034555,0.6662243844906383,0.0,0.0
logit,raw,3,1000,4,False,0.4570581912994385,All,4146,0.19826338639652677,0.20334107383030217,0.1530012017931782,0.6473772548537365,0.0018050541516245488,0.00241196333815726
logit,raw,3,1000,4,False,0.4570581912994385,Men,3535,0.2065063649222065,0.2096151714329714,0.15885502213244745,0.6311308084877787,0.0021390374331550803,0.002828854314002829
logit,raw,3,1000,4,False,0.4570581912994385,Women,611,0.15057283142389524,0.16704167117001462,0.11913335416745494,0.7219569406048421,0.0,0.0
logit,raw,3,1000,4,False,0.4570581912994385,Black,2359,0.19584569732937684,0.20805218535117517,0.15295362372251323,0.6285944770393901,0.0015814443858724301,0.002543450614667232
logit,raw,3,1000,4,False,0.4570581912994385,White,1787,0.20145495243424735,0.19712198481086213,0.1530640091063839,0.6744763684497391,0.002102312543798178,0.002238388360380526
logit,raw,3,1000,4,False,0.4570581912994385,Black men,2134,0.20290534208059982,0.21305723328743667,0.15768472740214132,0.6188276696359837,0.001763668430335097,0.0028116213683223993
logit,raw,3,1000,4,False,0.4570581912994385,White men,1401,0.21199143468950749,0.20437223067820415,0.16063761239259977,0.6518140340604108,0.002717391304347826,0.0028551034975017845
logit,raw,3,1000,4,False,0.4570581912994385,Black women,225,0.1288888888888889,0.16058208625792164,0.10808173371217414,0.6557002111189304,0.0,0.0
logit,raw,3,1000,4,False,0.4570581912994385,White women,386,0.16321243523316062,0.17080697325607921,0.12557536090952276,0.752469408816158,0.0,0.0
logit,raw,3,1000,5,False,0.42986512184143066,All,4146,0.19826338639652677,0.18920812172629106,0.15373431718253475,0.6419053642168875,0.00421179302045728,0.00602990834539315
logit,raw,3,1000,5,False,0.42986512184143066,Men,3535,0.2065063649222065,0.19346053534413196,0.1598113572273774,0.6281903645642566,0.004991087344028521,0.006789250353606789
logit,raw,3,1000,5,False,0.42986512184143066,Women,611,0.15057283142389524,0.16460536863452754,0.118575010212782,0.7014534640194354,0.0,0.0016366612111292963
logit,raw,3,1000,5,False,0.42986512184143066,Black,2359,0.19584569732937684,0.1918032379546498,0.15421510190269566,0.6188296855139238,0.002635740643120717,0.002967359050445104
logit,raw,3,1000,5,False,0.42986512184143066,White,1787,0.20145495243424735,0.18578233594973922,0.15309963830460543,0.672340963949233,0.006306937631394534,0.010072747621712367
logit,raw,3,1000,5,False,0.42986512184143066,Black men,2134,0.20290534208059982,0.19511208897243318,0.1590059410831229,0.6107547116015168,0.0029394473838918285,0.0032802249297094657
logit,raw,3,1000,5,False,0.42986512184143066,White men,1401,0.21199143468950749,0.19094489262978884,0.16103816525866874,0.6547571121846485,0.008152173913043478,0.012134189864382585
logit,raw,3,1000,5,False,0.42986512184143066,Black women,225,0.1288888888888889,0.1604206243015399,0.10877665385366578,0.6551724137931034,0.0,0.0
logit,raw,3,1000,5,False,0.42986512184143066,White women,386,0.16321243523316062,0.16704466261100992,0.12428648736511662,0.7221976509902206,0.0,0.0025906735751295338
logit,raw,3,1000,6,False,0.4209113121032715,All,4146,0.19826338639652677,0.199925001223181,0.15328211314505855,0.6403422283122671,0.0012033694344163659,0.00120598166907863
logit,raw,3,1000,6,False,0.4209113121032715,Men,3535,0.2065063649222065,0.20465160349350445,0.15886601145360155,0.6274959099455473,0.00142602495543672,0.0014144271570014145
logit,raw,3,1000,6,False,0.4209113121032715,Women,611,0.15057283142389524,0.17257878350535208,0.12097592571347195,0.6954636843427997,0.0,0.0
logit,raw,3,1000,6,False,0.4209113121032715,Black,2359,0.19584569732937684,0.2036191064223622,0.15261005695318322,0.6314036516988547,0.0010542962572482868,0.000847816871555744
logit,raw,3,1000,6,False,0.4209113121032715,White,1787,0.20145495243424735,0.19504845160657863,0.1541692874912443,0.6533014093280387,0.001401541695865452,0.0016787912702853946
logit,raw,3,1000,6,False,0.4209113121032715,Black men,2134,0.20290534208059982,0.20727751364305505,0.1573757575450614,0.6209049696347618,0.0011757789535567313,0.0009372071227741331
logit,raw,3,1000,6,False,0.4209113121032715,White men,1401,0.21199143468950749,0.20065182315150518,0.1611359628032266,0.6385991558093007,0.0018115942028985507,0.0021413276231263384
logit,raw,3,1000,6,False,0.4209113121032715,Black women,225,0.1288888888888889,0.16892114638254602,0.1074100344506588,0.6850809289232934,0.0,0.0
logit,raw,3,1000,6,False,0.4209113121032715,White women,386,0.16321243523316062,0.17471082586968198,0.12888350481744332,0.6992481203007518,0.0,0.0
logit,raw,3,1000,7,False,0.4389522075653076,All,4146,0.19826338639652677,0.19143024194294328,0.1524715050851651,0.657519521814365,0.0030084235860409147,0.003859141341051616
logit,raw,3,1000,7,False,0.4389522075653076,Men,3535,0.2065063649222065,0.19591250711863323,0.15780263177207238,0.6474451200156277,0.0035650623885918,0.004526166902404526
logit,raw,3,1000,7,False,0.4389522075653076,Women,611,0.15057283142389524,0.16549766027999058,0.12162775248579157,0.6978931054703862,0.0,0.0
logit,raw,3,1000,7,False,0.4389522075653076,Black,2359,0.19584569732937684,0.19583920282785733,0.1518314570268889,0.6463475024360633,0.002635740643120717,0.00423908435777872
logit,raw,3,1000,7,False,0.4389522075653076,White,1787,0.20145495243424735,0.18561001881618763,0.1533164258291346,0.6737347193023437,0.00350385423966363,0.003357582540570789
logit,raw,3,1000,7,False,0.4389522075653076,Black men,2134,0.20290534208059982,0.19917522990883113,0.15652007747777918,0.6372097380565432,0.0029394473838918285,0.004686035613870665
logit,raw,3,1000,7,False,0.4389522075653076,White men,1401,0.21199143468950749,0.1909427352169328,0.15975621554367955,0.6639797735812228,0.004528985507246377,0.004282655246252677
logit,raw,3,1000,7,False,0.4389522075653076,Black women,225,0.1288888888888889,0.16419883931319912,0.10736249683933423,0.7040816326530612,0.0,0.0
logit,raw,3,1000,7,False,0.4389522075653076,White women,386,0.16321243523316062,0.16625474504042603,0.12994299217608407,0.6963978573885694,0.0,0.0
logit,raw,3,1000,8,False,0.47289609909057617,All,4146,0.19826338639652677,0.1904196821254779,0.15097286606080584,0.6682345604188077,0.0006016847172081829,0.000482392667631452
logit,raw,3,1000,8,False,0.47289609909057617,Men,3535,0.2065063649222065,0.1995596289282314,0.15613822519865858,0.6598388396454472,0.00071301247771836,0.0005657708628005657
logit,raw,3,1000,8,False,0.47289609909057617,Women,611,0.15057283142389524,0.13753962983786167,0.12108817775915394,0.6954008544860518,0.0,0.0
logit,raw,3,1000,8,False,0.47289609909057617,Black,2359,0.19584569732937684,0.19511334843567288,0.1509758259913746,0.6504232018201443,0.0010542962572482868,0.000847816871555744
logit,raw,3,1000,8,False,0.47289609909057617,White,1787,0.20145495243424735,0.18422362234609915,0.15096895868743612,0.6915615510394768,0.0,0.0
logit,raw,3,1000,8,False,0.47289609909057617,Black men,2134,0.20290534208059982,0.201745874373324,0.15575874023471153,0.6386434823694254,0.0011757789535567313,0.0009372071227741331
logit,raw,3,1000,8,False,0.47289609909057617,White men,1401,0.21199143468950749,0.19622954485983196,0.1567162558289676,0.6918124481530279,0.0,0.0
logit,raw,3,1000,8,False,0.47289609909057617,Black women,225,0.1288888888888889,0.1322075246536839,0.10561254156790356,0.7193877551020408,0.0,0.0
logit,raw,3,1000,8,False,0.47289609909057617,White women,386,0.16321243523316062,0.14064772223796526,0.13010895015042678,0.6815568332596195,0.0,0.0
logit,raw,3,1000,9,False,0.4454309940338135,All,4146,0.19826338639652677,0.19062589417063097,0.15331769771535608,0.6485722065579242,0.0012033694344163659,0.001447178002894356
logit,raw,3,1000,9,False,0.4454309940338135,Men,3535,0.2065063649222065,0.19645212358400138,0.15884580612395996,0.6379288452616415,0.00142602495543672,0.0016973125884016972
logit,raw,3,1000,9,False,0.4454309940338135,Women,611,0.15057283142389524,0.15691767653353675,0.12133428818276261,0.6781017005947894,0.0,0.0
logit,raw,3,1000,9,False,0.4454309940338135,Black,2359,0.19584569732937684,0.1949556088373311,0.1529475476463436,0.6363191368462849,0.0010542962572482868,0.001695633743111488
logit,raw,3,1000,9,False,0.4454309940338135,White,1787,0.20145495243424735,0.18491028314727018,0.15380632894803684,0.6654714630538037,0.001401541695865452,0.001119194180190263
logit,raw,3,1000,9,False,0.4454309940338135,Black men,2134,0.20290534208059982,0.19925054368825032,0.15789926717431163,0.6257601492397489,0.0011757789535567313,0.0018744142455482662
logit,raw,3,1000,9,False,0.4454309940338135,White men,1401,0.21199143468950749,0.19218957647303264,0.16028757209009095,0.6565656565656566,0.0018115942028985507,0.0014275517487508922
logit,raw,3,1000,9,False,0.4454309940338135,Black women,225,0.1288888888888889,0.15422053785127945,0.10598323887886008,0.6653764954257565,0.0,0.0
logit,raw,3,1000,9,False,0.4454309940338135,White women,386,0.16321243523316062,0.15848984286386808,0.13028243868374204,0.6816059757236227,0.0,0.0
logit,raw,3,2000,0,False,0.5086572170257568,All,4146,0.19826338639652677,0.19106509583897047,0.15021645155557692,0.6783087535610659,0.00210589651022864,0.002653159671972986
logit,raw,3,2000,0,False,0.5086572170257568,Men,3535,0.2065063649222065,0.19666706402404507,0.15597178344047466,0.6651468756867628,0.0024955436720142605,0.0031117397454031117
logit,raw,3,2000,0,False,0.5086572170257568,Women,611,0.15057283142389524,0.15865436337704136,0.11691841847355813,0.7369104465108486,0.0,0.0
logit,raw,3,2000,0,False,0.5086572170257568,Black,2359,0.19584569732937684,0.1953240389053051,0.1506323823262856,0.6605519765772797,0.002635740643120717,0.0038151759220008477
logit,raw,3,2000,0,False,0.5086572170257568,White,1787,0.20145495243424735,0.18544290966466526,0.14966738569765764,0.7020497547302034,0.001401541695865452,0.001119194180190263
logit,raw,3,2000,0,False,0.5086572170257568,Black men,2134,0.20290534208059982,0.1998945820076383,0.1553750324325527,0.6514426373292168,0.0029394473838918285,0.004217432052483599
logit,raw,3,2000,0,False,0.5086572170257568,White men,1401,0.21199143468950749,0.19175091600335414,0.15688075321271266,0.6866734982677012,0.0018115942028985507,0.0014275517487508922
logit,raw,3,2000,0,False,0.5086572170257568,Black women,225,0.1288888888888889,0.15197497677028712,0.10565098087395665,0.7056650246305419,0.0,0.0
logit,raw,3,2000,0,False,0.5086572170257568,White women,386,0.16321243523316062,0.16254778821258467,0.12348622536451757,0.7502579979360166,0.0,0.0
logit,raw,3,2000,1,False,0.5222852230072021,All,4146,0.19826338639652677,0.19495909201860115,0.15101107990547166,0.6660071558026708,0.003910950661853189,0.004341534008683068
logit,raw,3,2000,1,False,0.5222852230072021,Men,3535,0.2065063649222065,0.20192487166096074,0.15669015145338985,0.6531248016018363,0.004634581105169341,0.005091937765205092
logit,raw,3,2000,1,False,0.5222852230072021,Women,611,0.15057283142389524,0.15465789556075957,0.118154258429382,0.7218731674625115,0.0,0.0
logit,raw,3,2000,1,False,0.5222852230072021,Black,2359,0.19584569732937684,0.2010121720318077,0.15120267151294187,0.6522009004876691,0.004217185028993147,0.00423908435777872
logit,raw,3,2000,1,False,0.5222852230072021,White,1787,0.20145495243424735,0.18696848443541458,0.1507581618293541,0.6854784707622829,0.00350385423966363,0.004476776720761052
logit,raw,3,2000,1,False,0.5222852230072021,Black men,2134,0.20290534208059982,0.20635430511606165,0.1561644014365895,0.640451955309538,0.004703115814226925,0.004686035613870665
logit,raw,3,2000,1,False,0.5222852230072021,White men,1401,0.21199143468950749,0.19517796873934387,0.1574909726781236,0.6733213780315229,0.004528985507246377,0.005710206995003569
logit,raw,3,2000,1,False,0.5222852230072021,Black women,225,0.1288888888888889,0.15034500757937294,0.10414341970376795,0.727832512315271,0.0,0.0
logit,raw,3,2000,1,False,0.5222852230072021,White women,386,0.16321243523316062,0.1571718846690808,0.12632119810104822,0.7183153963339722,0.0,0.0
logit,raw,3,2000,2,False,0.5242385864257812,All,4146,0.19826338639652677,0.194649377361377,0.1530614625645134,0.6444383690391491,0.0009025270758122744,0.00120598166907863
logit,raw,3,2000,2,False,0.5242385864257812,Men,3535,0.2065063649222065,0.20163346376539035,0.15843843594253704,0.632659878397187,0.0010695187165775401,0.0014144271570014145
logit,raw,3,2000,2,False,0.5242385864257812,Women,611,0.15057283142389524,0.15424226535125074,0.1219524594690737,0.6818505487140823,0.0,0.0
logit,raw,3,2000,2,False,0.5242385864257812,Black,2359,0.19584569732937684,0.20192560012970076,0.15251416102789292,0.6345494252716183,0.0,0.000423908435777872
logit,raw,3,2000,2,False,0.5242385864257812,White,1787,0.20145495243424735,0.18504411182669553,0.15378394959578798,0.6606692361597757,0.002102312543798178,0.002238388360380526
logit,raw,3,2000,2,False,0.5242385864257812,Black men,2134,0.20290534208059982,0.2073357134136448,0.1572225047539432,0.6235009157770256,0.0,0.00046860356138706655
logit,raw,3,2000,2,False,0.5242385864257812,White men,1401,0.21199143468950749,0.19294781012557946,0.1602905395517157,0.6492735324257064,0.002717391304347826,0.0028551034975017845
logit,raw,3,2000,2,False,0.5242385864257812,Black women,225,0.1288888888888889,0.1506136812499827,0.10785813653282052,0.6708304011259676,0.0,0.0
logit,raw,3,2000,2,False,0.5242385864257812,White women,386,0.16321243523316062,0.15635737266416605,0.13016806221688967,0.6864219371959309,0.0,0.0
logit,raw,3,2000,3,False,0.46306419372558594,All,4146,0.19826338639652677,0.18544733725610305,0.15333793708396548,0.6464267833144484,0.00210589651022864,0.001688374336710082
logit,raw,3,2000,3,False,0.46306419372558594,Men,3535,0.2065063649222065,0.19348090346658608,0.1590129474841498,0.6327048079505775,0.0024955436720142605,0.0019801980198019802
logit,raw,3,2000,3,False,0.46306419372558594,Women,611,0.15057283142389524,0.1389683576258944,0.12050461177357019,0.6951076484878947,0.0,0.0
logit,raw,3,2000,3,False,0.46306419372558594,Black,2359,0.19584569732937684,0.19385603097840728,0.15291741440963819,0.6368599771340941,0.0036900369003690036,0.002967359050445104
logit,raw,3,2000,3,False,0.46306419372558594,White,1787,0.20145495243424735,0.17434710866577524,0.15389306466579986,0.6612045472241688,0.0,0.0
logit,raw,3,2000,3,False,0.46306419372558594,Black men,2134,0.20290534208059982,0.19961638270803483,0.1579714092567047,0.6235497934240557,0.00411522633744856,0.0032802249297094657
logit,raw,3,2000,3,False,0.46306419372558594,White men,1401,0.21199143468950749,0.18413535549995377,0.16059941613323456,0.6479438100814912,0.0,0.0
logit,raw,3,2000,3,False,0.46306419372558594,Black women,225,0.1288888888888889,0.13922229501829506,0.10498308106012745,0.7077762139338495,0.0,0.0
logit,raw,3,2000,3,False,0.46306419372558594,White women,386,0.16321243523316062,0.13882033712514272,0.12955213615316769,0.6905990466361983,0.0,0.0
logit,raw,3,2000,4,False,0.5084974765777588,All,4146,0.19826338639652677,0.2004731144322737,0.15075699740041235,0.6692443220579666,0.0018050541516245488,0.003135552339604438
logit,raw,3,2000,4,False,0.5084974765777588,Men,3535,0.2065063649222065,0.2068391150158483,0.1566204022757983,0.6535125631821845,0.0021390374331550803,0.0036775106082036777
logit,raw,3,2000,4,False,0.5084974765777588,Women,611,0.15057283142389524,0.16364199812632235,0.1168336975076313,0.7517382927033593,0.0,0.0
logit,raw,3,2000,4,False,0.5084974765777588,Black,2359,0.19584569732937684,0.2027952463044651,0.15108213538353088,0.6482027900056366,0.0010542962572482868,0.002543450614667232
logit,raw,3,2000,4,False,0.5084974765777588,White,1787,0.20145495243424735,0.1974076924476629,0.15032778615129283,0.6979580316125517,0.002803083391730904,0.00391717963066592
logit,raw,3,2000,4,False,0.5084974765777588,Black men,2134,0.20290534208059982,0.208049595263459,0.15590669463893028,0.6368024243312926,0.0011757789535567313,0.0028116213683223993
logit,raw,3,2000,4,False,0.5084974765777588,White men,1401,0.21199143468950749,0.2049953142675248,0.1577075201181083,0.6793478260869565,0.0036231884057971015,0.004996431120628123
logit,raw,3,2000,4,False,0.5084974765777588,Black women,225,0.1288888888888889,0.15296066551116258,0.10532387115676531,0.721850809289233,0.0,0.0
logit,raw,3,2000,4,False,0.5084974765777588,White women,386,0.16321243523316062,0.1698681635108067,0.12354279317847289,0.761265909872721,0.0,0.0
logit,raw,3,2000,5,False,0.5046436786651611,All,4146,0.19826338639652677,0.20037269430615032,0.15226022161729408,0.6608602627502994,0.006016847172081829,0.008200675349734683
logit,raw,3,2000,5,False,0.5046436786651611,Men,3535,0.2065063649222065,0.208842991026099,0.15838247671762426,0.645363709618343,0.0071301247771836,0.009052333804809052
logit,raw,3,2000,5,False,0.5046436786651611,Women,611,0.15057283142389524,0.1513669677840249,0.1168393185409157,0.7254544692971434,0.0,0.0032733224222585926
logit,raw,3,2000,5,False,0.5046436786651611,Black,2359,0.19584569732937684,0.2039962146756491,0.1526294200788882,0.6438429783184658,0.004217185028993147,0.005086901229334464
logit,raw,3,2000,5,False,0.5046436786651611,White,1787,0.20145495243424735,0.19558932298457915,0.15177284659160822,0.6851144592384957,0.008409250175192713,0.012311135982092894
logit,raw,3,2000,5,False,0.5046436786651611,Black men,2134,0.20290534208059982,0.21003487494910378,0.157679787546781,0.6318793591054304,0.004703115814226925,0.005623242736644799
logit,raw,3,2000,5,False,0.5046436786651611,White men,1401,0.21199143468950749,0.20702751615693968,0.1594528112576524,0.6659652076318743,0.010869565217391304,0.014275517487508922
logit,raw,3,2000,5,False,0.5046436786651611,Black women,225,0.1288888888888889,0.14672287679319446,0.10472949040562932,0.7028501055594651,0.0,0.0
logit,raw,3,2000,5,False,0.5046436786651611,White women,386,0.16321243523316062,0.1540740156413742,0.12389815618454116,0.7377266696152145,0.0,0.0051813471502590676
logit,raw,3,2000,6,False,0.5612995624542236,All,4146,0.19826338639652677,0.1938156430335385,0.15115888292974652,0.6652762772258676,0.00210589651022864,0.001929570670525808
logit,raw,3,2000,6,False,0.5612995624542236,Men,3535,0.2065063649222065,0.20038104713861654,0.15679299423991383,0.6519224476839304,0.0024955436720142605,0.002263083451202263
logit,raw,3,2000,6,False,0.5612995624542236,Women,611,0.15057283142389524,0.1558308582357466,0.11856218328745288,0.7244073050180113,0.0,0.0
logit,raw,3,2000,6,False,0.5612995624542236,Black,2359,0.19584569732937684,0.19781248755802724,0.150895871873142,0.6531639156836837,0.0015814443858724301,0.001271725307333616
logit,raw,3,2000,6,False,0.5612995624542236,White,1787,0.20145495243424735,0.18853945040160291,0.15150608107329996,0.6825488593007863,0.002803083391730904,0.0027979854504756574
logit,raw,3,2000,6,False,0.5612995624542236,Black men,2134,0.20290534208059982,0.20275636932151614,0.1558270325805856,0.6415856451781523,0.001763668430335097,0.0014058106841611997
logit,raw,3,2000,6,False,0.5612995624542236,White men,1401,0.21199143468950749,0.19676296181505634,0.15826434483306612,0.6684172644317572,0.0036231884057971015,0.0035688793718772305
logit,raw,3,2000,6,False,0.5612995624542236,Black women,225,0.1288888888888889,0.15092251563231457,0.10412655209676568,0.7179802955665024,0.0,0.0
logit,raw,3,2000,6,False,0.5612995624542236,White women,386,0.16321243523316062,0.1586919387688352,0.12697673514730945,0.7225907907022457,0.0,0.0
logit,raw,3,2000,7,False,0.47845983505249023,All,4146,0.19826338639652677,0.19374728437582575,0.15191533877504096,0.6624135169716081,0.006016847172081829,0.007718282682103232
logit,raw,3,2000,7,False,0.47845983505249023,Men,3535,0.2065063649222065,0.20097372663588833,0.1574435571691878,0.6520113300612898,0.0071301247771836,0.009052333804809052
logit,raw,3,2000,7,False,0.47845983505249023,Women,611,0.15057283142389524,0.15193799895958815,0.11993129291037816,0.6961129261958616,0.0,0.0
logit,raw,3,2000,7,False,0.47845983505249023,Black,2359,0.19584569732937684,0.1984758885825636,0.15098308225527224,0.655084241009386,0.0036900369003690036,0.005934718100890208
logit,raw,3,2000,7,False,0.47845983505249023,White,1787,0.20145495243424735,0.18750510344482707,0.1531460008512214,0.6738534610293545,0.009110021023125438,0.010072747621712367
logit,raw,3,2000,7,False,0.47845983505249023,Black men,2134,0.20290534208059982,0.20339214251267493,0.15590905993020884,0.6437607004709904,0.00411522633744856,0.006560449859418931
logit,raw,3,2000,7,False,0.47845983505249023,White men,1401,0.21199143468950749,0.19729000109622907,0.15978089985868174,0.6655656809642317,0.01177536231884058,0.01284796573875803
logit,raw,3,2000,7,False,0.47845983505249023,Black women,225,0.1288888888888889,0.1518479513076413,0.1042629206627623,0.7332864180154821,0.0,0.0
logit,raw,3,2000,7,False,0.47845983505249023,White women,386,0.16321243523316062,0.1519904878758784,0.1290644114484962,0.6818025455796353,0.0,0.0
logit,raw,3,2000,8,False,0.5462846755981445,All,4146,0.19826338639652677,0.19620258120621334,0.14923154041012318,0.6812564230941527,0.005114320096269555,0.006271104679208876
logit,raw,3,2000,8,False,0.5462846755981445,Men,3535,0.2065063649222065,0.2060722405923456,0.1540620620474564,0.6766527482724098,0.006060606060606061,0.007355021216407355
logit,raw,3,2000,8,False,0.5462846755981445,Women,611,0.15057283142389524,0.1391007057070686,0.12128408707465205,0.6905001256597134,0.0,0.0
logit,raw,3,2000,8,False,0.5462846755981445,Black,2359,0.19584569732937684,0.20257423380221865,0.14936731954912633,0.6697131720853386,0.008961518186610437,0.011021619330224672
logit,raw,3,2000,8,False,0.5462846755981445,White,1787,0.20145495243424735,0.1877914292901661,0.1490522997895812,0.6972806197928834,0.0,0.0
logit,raw,3,2000,8,False,0.5462846755981445,Black men,2134,0.20290534208059982,0.20980392247612348,0.15404249428829936,0.6604347666703325,0.009994121105232217,0.01218369259606373
logit,raw,3,2000,8,False,0.5462846755981445,White men,1401,0.21199143468950749,0.2003881512704455,0.15409186761350996,0.7014163372859026,0.0,0.0
logit,raw,3,2000,8,False,0.5462846755981445,Black women,225,0.1288888888888889,0.134004653223939,0.10502588446736982,0.7151653764954258,0.0,0.0
logit,raw,3,2000,8,False,0.5462846755981445,White women,386,0.16321243523316062,0.1420712026208099,0.13076101864625442,0.6760037348272642,0.0,0.0
logit,raw,3,2000,9,False,0.6232473850250244,All,4146,0.19826338639652677,0.19377295327392366,0.1515446673005388,0.6654761068217285,0.0018050541516245488,0.001688374336710082
logit,raw,3,2000,9,False,0.6232473850250244,Men,3535,0.2065063649222065,0.20034584802927743,0.15746849183094777,0.6496427612140747,0.0021390374331550803,0.0019801980198019802
logit,raw,3,2000,9,False,0.6232473850250244,Women,611,0.15057283142389524,0.15574483058951194,0.1172718036098749,0.7311929295467873,0.0,0.0
logit,raw,3,2000,9,False,0.6232473850250244,Black,2359,0.19584569732937684,0.19883845438511819,0.1512551815601692,0.6572088077095983,0.002635740643120717,0.002543450614667232
logit,raw,3,2000,9,False,0.6232473850250244,White,1787,0.20145495243424735,0.18708603826479783,0.15192681439708722,0.677606478237172,0.000700770847932726,0.0005595970900951316
logit,raw,3,2000,9,False,0.6232473850250244,Black men,2134,0.20290534208059982,0.20380784433312757,0.15628294521738054,0.6452378915812326,0.0029394473838918285,0.0028116213683223993
logit,raw,3,2000,9,False,0.6232473850250244,White men,1401,0.21199143468950749,0.19507254316673908,0.15927431372484677,0.6574623042014347,0.0009057971014492754,0.0007137758743754461
logit,raw,3,2000,9,False,0.6232473850250244,Black women,225,0.1288888888888889,0.15170655150044238,0.10356963647355132,0.7095355383532722,0.0,0.0
logit,raw,3,2000,9,False,0.6232473850250244,White women,386,0.16321243523316062,0.15809874974764832,0.1252588181323433,0.739250085999312,0.0,0.0
logit,raw,3,4000,0,False,0.7561366558074951,All,4146,0.19826338639652677,0.19543246492963703,0.1498837646262243,0.6838216348842452,0.00421179302045728,0.00482392667631452
logit,raw,3,4000,0,False,0.7561366558074951,Men,3535,0.2065063649222065,0.20275830897410188,0.1555939444539027,0.6709642761214075,0.004991087344028521,0.005657708628005658
logit,raw,3,4000,0,False,0.7561366558074951,Women,611,0.15057283142389524,0.1530480808098609,0.11684696316821572,0.7364078076568652,0.0,0.0
logit,raw,3,4000,0,False,0.7561366558074951,Black,2359,0.19584569732937684,0.20310175633687072,0.14982113883778994,0.6716083951192017,0.005798629414865577,0.006782534972445952
logit,raw,3,4000,0,False,0.7561366558074951,White,1787,0.20145495243424735,0.18530831359798378,0.1499664362741911,0.7030211009888656,0.002102312543798178,0.002238388360380526
logit,raw,3,4000,0,False,0.7561366558074951,Black men,2134,0.20290534208059982,0.20880184453702647,0.15475920408831995,0.659697528827629,0.006466784244562022,0.007497656982193065
logit,raw,3,4000,0,False,0.7561366558074951,White men,1401,0.21199143468950749,0.19355280940859068,0.1568654190721423,0.6907755087102913,0.002717391304347826,0.0028551034975017845
logit,raw,3,4000,0,False,0.7561366558074951,Black women,225,0.1288888888888889,0.14903958647406038,0.10298633330609624,0.7420830401125967,0.0,0.0
logit,raw,3,4000,0,False,0.7561366558074951,White women,386,0.16321243523316062,0.15538463838901923,0.12492634585986567,0.7349746916310383,0.0,0.0
logit,raw,3,4000,1,False,0.7629513740539551,All,4146,0.19826338639652677,0.19128214036757513,0.14997263049788842,0.6817552651072639,0.005415162454873646,0.006512301013024602
logit,raw,3,4000,1,False,0.7629513740539551,Men,3535,0.2065063649222065,0.19996831854472735,0.1554436619681823,0.6708475569555344,0.006417112299465241,0.007637906647807638
logit,raw,3,4000,1,False,0.7629513740539551,Women,611,0.15057283142389524,0.14102741065197275,0.11831944515011628,0.7184175253413756,0.0,0.0
logit,raw,3,4000,1,False,0.7629513740539551,Black,2359,0.19584569732937684,0.19912309379690452,0.1498507727939438,0.6662159664268258,0.005798629414865577,0.0072064434082238235
logit,raw,3,4000,1,False,0.7629513740539551,White,1787,0.20145495243424735,0.18093137979690477,0.15013349357769,0.7038445067351865,0.004905395935529082,0.005595970900951315
logit,raw,3,4000,1,False,0.7629513740539551,Black men,2134,0.20290534208059982,0.2055064802376537,0.15487324123371732,0.6537792603997377,0.006466784244562022,0.007966260543580132
logit,raw,3,4000,1,False,0.7629513740539551,White men,1401,0.21199143468950749,0.1915326033036818,0.15631252552803107,0.697698604401503,0.006340579710144928,0.007137758743754461
logit,raw,3,4000,1,False,0.7629513740539551,Black women,225,0.1288888888888889,0.1385802197321988,0.1022154499029358,0.7389162561576355,0.0,0.0
logit,raw,3,4000,1,False,0.7629513740539551,White women,386,0.16321243523316062,0.14245388204303272,0.1277064890118147,0.706766917293233,0.0,0.0
logit,raw,3,4000,2,False,0.747075080871582,All,4146,0.19826338639652677,0.20045521797869348,0.14972051884088966,0.679202130930108,0.0048134777376654635,0.006512301013024602
logit,raw,3,4000,2,False,0.747075080871582,Men,3535,0.2065063649222065,0.2073276092465391,0.1551333693922767,0.6676980929358045,0.0053475935828877,0.007355021216407355
logit,raw,3,4000,2,False,0.747075080871582,Women,611,0.15057283142389524,0.16069432905588785,0.11840394486518874,0.7218103376057635,0.0019267822736030828,0.0016366612111292963
logit,raw,3,4000,2,False,0.747075080871582,Black,2359,0.19584569732937684,0.20623096002600094,0.1502413770900827,0.6601240966027471,0.0036900369003690036,0.005086901229334464
logit,raw,3,4000,2,False,0.747075080871582,White,1787,0.20145495243424735,0.19283072134209675,0.14903293931663314,0.7040664175036985,0.006306937631394534,0.008393956351426972
logit,raw,3,4000,2,False,0.747075080871582,Black men,2134,0.20290534208059982,0.21157049198443706,0.15516119064786593,0.6466811398810373,0.003527336860670194,0.005154639175257732
logit,raw,3,4000,2,False,0.747075080871582,White men,1401,0.21199143468950749,0.2008648599512684,0.15509099211930927,0.698390913970624,0.008152173913043478,0.010706638115631691
logit,raw,3,4000,2,False,0.747075080871582,Black women,225,0.1288888888888889,0.1555884658068783,0.10357967872426299,0.7369809992962703,0.00510204081632653,0.0044444444444444444
logit,raw,3,4000,2,False,0.747075080871582,White women,386,0.16321243523316062,0.16367054468031048,0.12704503264163508,0.7103051747014596,0.0,0.0
logit,raw,3,4000,3,False,0.73291015625,All,4146,0.19826338639652677,0.18594623221688653,0.1510492593838369,0.6706786300912628,0.0012033694344163659,0.00241196333815726
logit,raw,3,4000,3,False,0.73291015625,Men,3535,0.2065063649222065,0.1922097092638701,0.15661449162510244,0.658605718750763,0.00142602495543672,0.002828854314002829
logit,raw,3,4000,3,False,0.73291015625,Women,611,0.15057283142389524,0.1497082758157623,0.1188510663022109,0.7158624445002932,0.0,0.0
logit,raw,3,4000,3,False,0.73291015625,Black,2359,0.19584569732937684,0.19157781201199064,0.15095021758583396,0.6581877970913289,0.0010542962572482868,0.001271725307333616
logit,raw,3,4000,3,False,0.73291015625,White,1787,0.20145495243424735,0.17851204266084253,0.15118000342496113,0.6884041890524021,0.001401541695865452,0.00391717963066592
logit,raw,3,4000,3,False,0.73291015625,Black men,2134,0.20290534208059982,0.1963732302745803,0.15583516276719392,0.6463851585740218,0.0011757789535567313,0.0014058106841611997
logit,raw,3,4000,3,False,0.73291015625,White men,1401,0.21199143468950749,0.185867843570183,0.15780156356141697,0.6783413848631239,0.0018115942028985507,0.004996431120628123
logit,raw,3,4000,3,False,0.73291015625,Black women,225,0.1288888888888889,0.14609593391258452,0.1046192263990688,0.7281843771991555,0.0,0.0
logit,raw,3,4000,3,False,0.73291015625,White women,386,0.16321243523316062,0.1518139155261638,0.12714682790378334,0.7069634871492456,0.0,0.0
logit,raw,3,4000,4,False,0.7640213966369629,All,4146,0.19826338639652677,0.20240552459517228,0.15013717756501613,0.6721828418842833,0.003910950661853189,0.00482392667631452
logit,raw,3,4000,4,False,0.7640213966369629,Men,3535,0.2065063649222065,0.21133691602806773,0.15549812450149933,0.6605293873464704,0.004634581105169341,0.005657708628005658
logit,raw,3,4000,4,False,0.7640213966369629,Women,611,0.15057283142389524,0.1507320897092712,0.11912089700778515,0.7305436876937254,0.0,0.0
logit,raw,3,4000,4,False,0.7640213966369629,Black,2359,0.19584569732937684,0.20808046952348547,0.149973498721027,0.6568482475177256,0.004217185028993147,0.005086901229334464
logit,raw,3,4000,4,False,0.7640213966369629,White,1787,0.20145495243424735,0.19491408918057188,0.1503532482941545,0.6943782605310286,0.00350385423966363,0.004476776720761052
logit,raw,3,4000,4,False,0.7640213966369629,Black men,2134,0.20290534208059982,0.21472077296812242,0.15477484600058367,0.6445223771372091,0.004703115814226925,0.005623242736644799
logit,raw,3,4000,4,False,0.7640213966369629,White men,1401,0.21199143468950749,0.20618263286598587,0.15659982066206604,0.686026936026936,0.004528985507246377,0.005710206995003569
logit,raw,3,4000,4,False,0.7640213966369629,Black women,225,0.1288888888888889,0.14510088040857355,0.10443538718958725,0.7492962702322308,0.0,0.0
logit,raw,3,4000,4,False,0.7640213966369629,White women,386,0.16321243523316062,0.15401453036382293,0.12768110350803005,0.7201336675020886,0.0,0.0
logit,raw,3,4000,5,False,0.7218005657196045,All,4146,0.19826338639652677,0.18619096621844486,0.1503903598641467,0.6760798849918458,0.0024067388688327317,0.003859141341051616
logit,raw,3,4000,5,False,0.7218005657196045,Men,3535,0.2065063649222065,0.1947391741075076,0.15600923158358526,0.6634307620931312,0.00285204991087344,0.004526166902404526
logit,raw,3,4000,5,False,0.7218005657196045,Women,611,0.15057283142389524,0.1367344770403158,0.11788183035806621,0.7353187568065678,0.0,0.0
logit,raw,3,4000,5,False,0.7218005657196045,Black,2359,0.19584569732937684,0.19171007883024357,0.1502821556718135,0.6607767561905674,0.002635740643120717,0.003391267486222976
logit,raw,3,4000,5,False,0.7218005657196045,White,1787,0.20145495243424735,0.17890524341417333,0.15053319908614676,0.6980417347971658,0.002102312543798178,0.004476776720761052
logit,raw,3,4000,5,False,0.7218005657196045,Black men,2134,0.20290534208059982,0.1979713290791487,0.15522903576262767,0.6490381286378207,0.0029394473838918285,0.0037488284910965324
logit,raw,3,4000,5,False,0.7218005657196045,White men,1401,0.21199143468950749,0.18981596303721343,0.15719762407603596,0.6859171424388815,0.002717391304347826,0.005710206995003569
logit,raw,3,4000,5,False,0.7218005657196045,Black women,225,0.1288888888888889,0.13232559869173888,0.10336374627715829,0.7325826882477129,0.0,0.0
logit,raw,3,4000,5,False,0.7218005657196045,White women,386,0.16321243523316062,0.13930441908288008,0.1263444441357975,0.7371369600471768,0.0,0.0
logit,raw,3,4000,6,False,0.7408342361450195,All,4146,0.19826338639652677,0.18964944737455433,0.1499174265676489,0.6802506873259726,0.0030084235860409147,0.004100337674867342
logit,raw,3,4000,6,False,0.7408342361450195,Men,3535,0.2065063649222065,0.19685098921073205,0.15544506364562377,0.668512685273362,0.0035650623885918,0.004809052333804809
logit,raw,3,4000,6,False,0.7408342361450195,Women,611,0.15057283142389524,0.1479842257855392,0.11793674396430824,0.7310882131188741,0.0,0.0
logit,raw,3,4000,6,False,0.7408342361450195,Black,2359,0.19584569732937684,0.19295733348142513,0.14926988649917217,0.6722838749723304,0.002635740643120717,0.003391267486222976
logit,raw,3,4000,6,False,0.7408342361450195,White,1787,0.20145495243424735,0.18528274154013455,0.15077223743588422,0.6911955929300008,0.00350385423966363,0.005036373810856184
logit,raw,3,4000,6,False,0.7408342361450195,Black men,2134,0.20290534208059982,0.19828228696715625,0.1540371792857597,0.6615711719637817,0.0029394473838918285,0.0037488284910965324
logit,raw,3,4000,6,False,0.7408342361450195,White men,1401,0.21199143468950749,0.1946708397373493,0.15758954988684423,0.6786951642024105,0.004528985507246377,0.006423982869379015
logit,raw,3,4000,6,False,0.7408342361450195,Black women,225,0.1288888888888889,0.14245310797675725,0.10405476291438204,0.7308233638282899,0.0,0.0
logit,raw,3,4000,6,False,0.7408342361450195,White women,386,0.16321243523316062,0.15120832295387063,0.12602857229651912,0.7290284534866578,0.0,0.0
logit,raw,3,4000,7,False,0.7674069404602051,All,4146,0.19826338639652677,0.18696887041644034,0.1503536012720883,0.6794422192357579,0.00421179302045728,0.005065123010130246
logit,raw,3,4000,7,False,0.7674069404602051,Men,3535,0.2065063649222065,0.19634092553974458,0.1557222462514762,0.6691148389617366,0.004991087344028521,0.005940594059405941
logit,raw,3,4000,7,False,0.7674069404602051,Women,611,0.15057283142389524,0.1327459328372579,0.11929278293798631,0.7169724386361733,0.0,0.0
logit,raw,3,4000,7,False,0.7674069404602051,Black,2359,0.19584569732937684,0.19465681223030534,0.1496412153042304,0.6722838749723303,0.005798629414865577,0.0072064434082238235
logit,raw,3,4000,7,False,0.7674069404602051,White,1787,0.20145495243424735,0.17682009887815975,0.151294014533519,0.6911839134158686,0.002102312543798178,0.002238388360380526
logit,raw,3,4000,7,False,0.7674069404602051,Black men,2134,0.20290534208059982,0.20153507208495167,0.15459089321797928,0.6605976921604327,0.006466784244562022,0.007966260543580132
logit,raw,3,4000,7,False,0.7674069404602051,White men,1401,0.21199143468950749,0.18842921338594593,0.15744552060799474,0.6835260820768068,0.002717391304347826,0.0028551034975017845
logit,raw,3,4000,7,False,0.7674069404602051,Black women,225,0.1288888888888889,0.12942033876445994,0.10269627011338574,0.7412033779028854,0.0,0.0
logit,raw,3,4000,7,False,0.7674069404602051,White women,386,0.16321243523316062,0.1346844267916091,0.12896691606113428,0.7037692269890412,0.0,0.0
logit,raw,3,4000,8,False,0.8272852897644043,All,4146,0.19826338639652677,0.1954924954453942,0.14949223542475365,0.6823865948744076,0.00421179302045728,0.005547515677761698
logit,raw,3,4000,8,False,0.8272852897644043,Men,3535,0.2065063649222065,0.20594878279489195,0.15455000147156422,0.675197421434327,0.004991087344028521,0.006506364922206506
logit,raw,3,4000,8,False,0.8272852897644043,Women,611,0.15057283142389524,0.13499662673757964,0.12023003742888566,0.7133073636592109,0.0,0.0
logit,raw,3,4000,8,False,0.8272852897644043,Black,2359,0.19584569732937684,0.20381490138646524,0.14896197005161757,0.676752082919716,0.0063257775434897206,0.008902077151335312
logit,raw,3,4000,8,False,0.8272852897644043,White,1787,0.20145495243424735,0.18450617445211687,0.15019223319488684,0.6922506423732773,0.001401541695865452,0.001119194180190263
logit,raw,3,4000,8,False,0.8272852897644043,Black men,2134,0.20290534208059982,0.2114934323757804,0.15361944288109144,0.6675057329406828,0.007054673721340388,0.009840674789128397
logit,raw,3,4000,8,False,0.8272852897644043,White men,1401,0.21199143468950749,0.19750318521772145,0.1559674261910995,0.6887931244815303,0.0018115942028985507,0.0014275517487508922
logit,raw,3,4000,8,False,0.8272852897644043,Black women,225,0.1288888888888889,0.13098830080336066,0.10478842774896334,0.7375087966220971,0.0,0.0
logit,raw,3,4000,8,False,0.8272852897644043,White women,386,0.16321243523316062,0.13733308615519435,0.12923097571381448,0.6988058381247235,0.0,0.0
logit,raw,3,4000,9,False,0.7415997982025146,All,4146,0.19826338639652677,0.18764680231115094,0.1507312899513547,0.671470994697562,0.0036101083032490976,0.005065123010130246
logit,raw,3,4000,9,False,0.7415997982025146,Men,3535,0.2065063649222065,0.1946984065521134,0.1565088779812163,0.6575738041169146,0.0042780748663101605,0.005940594059405941
logit,raw,3,4000,9,False,0.7415997982025146,Women,611,0.15057283142389524,0.14684905928037795,0.11730449177531403,0.7336014073887912,0.0,0.0
logit,raw,3,4000,9,False,0.7415997982025146,Black,2359,0.19584569732937684,0.1941313436498093,0.1500075257124687,0.6643686659501103,0.004217185028993147,0.005934718100890208
logit,raw,3,4000,9,False,0.7415997982025146,White,1787,0.20145495243424735,0.1790866271472478,0.15168672354930213,0.682819434711516,0.002803083391730904,0.00391717963066592
logit,raw,3,4000,9,False,0.7415997982025146,Black men,2134,0.20290534208059982,0.19953864737776345,0.15502025694363206,0.6520685427536852,0.004703115814226925,0.006560449859418931
logit,raw,3,4000,9,False,0.7415997982025146,White men,1401,0.21199143468950749,0.18732576278199414,0.15877634214553094,0.6676151612745816,0.0036231884057971015,0.004996431120628123
logit,raw,3,4000,9,False,0.7415997982025146,Black women,225,0.1288888888888889,0.1428460718477908,0.10246455483556823,0.736277269528501,0.0,0.0
logit,raw,3,4000,9,False,0.7415997982025146,White women,386,0.16321243523316062,0.14918240687709328,0.12595471408475137,0.7295690205906924,0.0,0.0
logit,raw,3,8000,0,False,1.0679795742034912,All,4146,0.19826338639652677,0.19184688129921298,0.14846398659994278,0.6941311584846328,0.0030084235860409147,0.003859141341051616
logit,raw,3,8000,0,False,1.0679795742034912,Men,3535,0.2065063649222065,0.20094367051905146,0.1538459941195465,0.6828232363929382,0.0035650623885918,0.004526166902404526
logit,raw,3,8000,0,False,1.0679795742034912,Women,611,0.15057283142389524,0.13921652141029495,0.11732585798816017,0.7415389126246126,0.0,0.0
logit,raw,3,8000,0,False,1.0679795742034912,Black,2359,0.19584569732937684,0.20006239892160535,0.14838094183804604,0.6812533802517988,0.0036900369003690036,0.0046629927935565915
logit,raw,3,8000,0,False,1.0679795742034912,White,1787,0.20145495243424735,0.18100166245689428,0.14857361312110362,0.7142957252978277,0.002102312543798178,0.0027979854504756574
logit,raw,3,8000,0,False,1.0679795742034912,Black men,2134,0.20290534208059982,0.20681292648386704,0.15321439831573175,0.669266685946183,0.00411522633744856,0.005154639175257732
logit,raw,3,8000,0,False,1.0679795742034912,White men,1401,0.21199143468950749,0.19200363323931097,0.1548080394053001,0.7056250914946566,0.002717391304347826,0.0035688793718772305
logit,raw,3,8000,0,False,1.0679795742034912,Black women,225,0.1288888888888889,0.13603739528664346,0.10253829240079607,0.7526389866291344,0.0,0.0
logit,raw,3,8000,0,False,1.0679795742034912,White women,386,0.16321243523316062,0.14106963896941818,0.12594555295488793,0.7354661162710698,0.0,0.0
logit,raw,3,8000,1,False,1.2638170719146729,All,4146,0.19826338639652677,0.1913444707028557,0.14903463839936862,0.6878244486020713,0.002707581227436823,0.00361794500723589
logit,raw,3,8000,1,False,1.2638170719146729,Men,3535,0.2065063649222065,0.2006859646815611,0.15439485171320602,0.6769584645813493,0.0032085561497326204,0.004243281471004243
logit,raw,3,8000,1,False,1.2638170719146729,Women,611,0.15057283142389524,0.1372983476018352,0.11802260228739628,0.7351721538074893,0.0,0.0
logit,raw,3,8000,1,False,1.2638170719146729,Black,2359,0.19584569732937684,0.19964584627717574,0.14844554750686154,0.6782833227219099,0.0031628887717448603,0.00423908435777872
logit,raw,3,8000,1,False,1.2638170719146729,White,1787,0.20145495243424735,0.1803859116766549,0.14981229112204586,0.7039749279763295,0.002102312543798178,0.0027979854504756574
logit,raw,3,8000,1,False,1.2638170719146729,Black men,2134,0.20290534208059982,0.20677840812929318,0.15323525593180934,0.6671988899343274,0.003527336860670194,0.004686035613870665
logit,raw,3,8000,1,False,1.2638170719146729,White men,1401,0.21199143468950749,0.19140596873762084,0.15616114535881656,0.6944627433757868,0.002717391304347826,0.0035688793718772305
logit,raw,3,8000,1,False,1.2638170719146729,Black women,225,0.1288888888888889,0.1319974596442037,0.10301782404535625,0.7422589725545391,0.0,0.0
logit,raw,3,8000,1,False,1.2638170719146729,White women,386,0.16321243523316062,0.14038824343206083,0.1267689108481709,0.7309941520467836,0.0,0.0
logit,raw,3,8000,2,False,1.2347779273986816,All,4146,0.19826338639652677,0.19347652685263114,0.14865164088433724,0.6900452654293334,0.005114320096269555,0.005788712011577424
logit,raw,3,8000,2,False,1.2347779273986816,Men,3535,0.2065063649222065,0.2028703186978787,0.15401102247125478,0.6793709862525333,0.006060606060606061,0.006789250353606789
logit,raw,3,8000,2,False,1.2347779273986816,Women,611,0.15057283142389524,0.1391278293518943,0.11764441680945419,0.739465527351931,0.0,0.0
logit,raw,3,8000,2,False,1.2347779273986816,Black,2359,0.19584569732937684,0.20147899270995012,0.14840878705441307,0.678633613794394,0.007380073800738007,0.008054260279779568
logit,raw,3,8000,2,False,1.2347779273986816,White,1787,0.20145495243424735,0.18291255541591284,0.14897222968388457,0.707636455656778,0.002102312543798178,0.0027979854504756574
logit,raw,3,8000,2,False,1.2347779273986816,Black men,2134,0.20290534208059982,0.20862829697493418,0.1532503186968807,0.6669422822874196,0.00823045267489712,0.008903467666354265
logit,raw,3,8000,2,False,1.2347779273986816,White men,1401,0.21199143468950749,0.19409977933796693,0.15516972472287102,0.7001171131605914,0.002717391304347826,0.0035688793718772305
logit,raw,3,8000,2,False,1.2347779273986816,Black women,225,0.1288888888888889,0.13367181359227912,0.10248954916540914,0.7596762843068261,0.0,0.0
logit,raw,3,8000,2,False,1.2347779273986816,White women,386,0.16321243523316062,0.14230814941902753,0.12647821271595713,0.7270627549265319,0.0,0.0
logit,raw,3,8000,3,False,1.09367036819458,All,4146,0.19826338639652677,0.1907447796348427,0.14888477678036813,0.6908464137541321,0.00421179302045728,0.005065123010130246
logit,raw,3,8000,3,False,1.09367036819458,Men,3535,0.2065063649222065,0.1998323585541908,0.1541782593410819,0.6808116621492931,0.004991087344028521,0.005940594059405941
logit,raw,3,8000,3,False,1.09367036819458,Women,611,0.15057283142389524,0.1381677068363231,0.11825881793892268,0.7288891681326967,0.0,0.0
logit,raw,3,8000,3,False,1.09367036819458,Black,2359,0.19584569732937684,0.19884941815200918,0.1487014011693026,0.6777744308055326,0.005271481286241434,0.005934718100890208
logit,raw,3,8000,3,False,1.09367036819458,White,1787,0.20145495243424735,0.1800459311390422,0.14912684900560796,0.7107276337304368,0.002803083391730904,0.00391717963066592
logit,raw,3,8000,3,False,1.09367036819458,Black men,2134,0.20290534208059982,0.20563611810956967,0.15358272872848777,0.6654596603275074,0.005878894767783657,0.006560449859418931
logit,raw,3,8000,3,False,1.09367036819458,White men,1401,0.21199143468950749,0.19099208525570516,0.15508537020994406,0.7057745327672865,0.0036231884057971015,0.004996431120628123
logit,raw,3,8000,3,False,1.09367036819458,Black women,225,0.1288888888888889,0.13448133944341326,0.10240472111907542,0.7535186488388459,0.0,0.0
logit,raw,3,8000,3,False,1.09367036819458,White women,386,0.16321243523316062,0.14031649611975502,0.1275001956188854,0.7185119661899848,0.0,0.0
logit,raw,3,8000,4,False,1.083190679550171,All,4146,0.19826338639652677,0.19246039533905188,0.14873107397056684,0.6886431643638685,0.003309265944645006,0.004341534008683068
logit,raw,3,8000,4,False,1.083190679550171,Men,3535,0.2065063649222065,0.20276470996056117,0.15391874738999828,0.6788601567650722,0.00392156862745098,0.005091937765205092
logit,raw,3,8000,4,False,1.083190679550171,Women,611,0.15057283142389524,0.132843779648323,0.11871728421984662,0.7394236407807657,0.0,0.0
logit,raw,3,8000,4,False,1.083190679550171,Black,2359,0.19584569732937684,0.2001875869928333,0.1482782590428432,0.677482331409585,0.004744333157617291,0.005510809665112336
logit,raw,3,8000,4,False,1.083190679550171,White,1787,0.20145495243424735,0.18225981049782614,0.14932883021818857,0.7066125515845209,0.001401541695865452,0.0027979854504756574
logit,raw,3,8000,4,False,1.083190679550171,Black men,2134,0.20290534208059982,0.20784495438396106,0.15302008109657128,0.6665146028759064,0.005291005291005291,0.006091846298031865
logit,raw,3,8000,4,False,1.083190679550171,White men,1401,0.21199143468950749,0.19502649325853733,0.15528759383551802,0.6999707217098522,0.0018115942028985507,0.0035688793718772305
logit,raw,3,8000,4,False,1.083190679550171,Black women,225,0.1288888888888889,0.12756171138098193,0.10330471120881782,0.7623152709359606,0.0,0.0
logit,raw,3,8000,4,False,1.083190679550171,White women,386,0.16321243523316062,0.13592270545182492,0.1277012969853427,0.727357609710551,0.0,0.0
logit,raw,3,8000,5,False,1.0811383724212646,All,4146,0.19826338639652677,0.1871487777805626,0.14930246619467688,0.6867458811680004,0.003309265944645006,0.004100337674867342
logit,raw,3,8000,5,False,1.0811383724212646,Men,3535,0.2065063649222065,0.19608437771121656,0.1547936455544962,0.6747505677239762,0.00392156862745098,0.004809052333804809
logit,raw,3,8000,5,False,1.0811383724212646,Women,611,0.15057283142389524,0.13545099422105059,0.11753271327002678,0.740345145346402,0.0,0.0
logit,raw,3,8000,5,False,1.0811383724212646,Black,2359,0.19584569732937684,0.19489420004090616,0.14888415326715018,0.6747986682093166,0.004744333157617291,0.005510809665112336
logit,raw,3,8000,5,False,1.0811383724212646,White,1787,0.20145495243424735,0.17692412690638773,0.14985467671288363,0.7054407069999222,0.001401541695865452,0.002238388360380526
logit,raw,3,8000,5,False,1.0811383724212646,Black men,2134,0.20290534208059982,0.20169112982475498,0.1538227453241436,0.6621196877804525,0.005291005291005291,0.006091846298031865
logit,raw,3,8000,5,False,1.0811383724212646,White men,1401,0.21199143468950749,0.18754418569816095,0.15627251856775273,0.6958961596642756,0.0018115942028985507,0.0028551034975017845
logit,raw,3,8000,5,False,1.0811383724212646,Black women,225,0.1288888888888889,0.13042909711320214,0.10204435126882153,0.758972554539057,0.0,0.0
logit,raw,3,8000,5,False,1.0811383724212646,White women,386,0.16321243523316062,0.1383782658512731,0.1265609035557034,0.7292741658066735,0.0,0.0
logit,raw,3,8000,6,False,1.1195006370544434,All,4146,0.19826338639652677,0.1915082254396355,0.14873554842620137,0.6913730708758244,0.003910950661853189,0.00482392667631452
logit,raw,3,8000,6,False,1.1195006370544434,Men,3535,0.2065063649222065,0.1998759348103741,0.15419577298095558,0.6798183283275949,0.004634581105169341,0.005657708628005658
logit,raw,3,8000,6,False,1.1195006370544434,Women,611,0.15057283142389524,0.1430960280164587,0.11714488754067556,0.7411828767697076,0.0,0.0
logit,raw,3,8000,6,False,1.1195006370544434,Black,2359,0.19584569732937684,0.19861726179688283,0.14850837210425194,0.6773009103003832,0.004744333157617291,0.005510809665112336
logit,raw,3,8000,6,False,1.1195006370544434,White,1787,0.20145495243424735,0.18212366093669963,0.14903544151152795,0.7119695553998288,0.002803083391730904,0.00391717963066592
logit,raw,3,8000,6,False,1.1195006370544434,Black men,2134,0.20290534208059982,0.20494637253748263,0.1534863695894366,0.6642282151648331,0.005291005291005291,0.006091846298031865
logit,raw,3,8000,6,False,1.1195006370544434,White men,1401,0.21199143468950749,0.19215265564574197,0.15527633460658122,0.7047741911872346,0.0036231884057971015,0.004996431120628123
logit,raw,3,8000,6,False,1.1195006370544434,Black women,225,0.1288888888888889,0.13858916259492707,0.10129483151143388,0.7672413793103448,0.0,0.0
logit,raw,3,8000,6,False,1.1195006370544434,White women,386,0.16321243523316062,0.14572308687615976,0.12638390983751333,0.7282913165266107,0.0,0.0
logit,raw,3,8000,7,False,1.0894694328308105,All,4146,0.19826338639652677,0.19475692375226397,0.1489138777155452,0.6897502788830623,0.005415162454873646,0.006994693680656054
logit,raw,3,8000,7,False,1.0894694328308105,Men,3535,0.2065063649222065,0.2040299426014998,0.15420893555862875,0.6803623666153882,0.006417112299465241,0.008203677510608205
logit,raw,3,8000,7,False,1.0894694328308105,Women,611,0.15057283142389524,0.1411069701809896,0.11827880492454643,0.7276535142833207,0.0,0.0
logit,raw,3,8000,7,False,1.0894694328308105,Black,2359,0.19584569732937684,0.20298857655819846,0.1485805671260348,0.6790751859281117,0.006852925672113864,0.008902077151335312
logit,raw,3,8000,7,False,1.0894694328308105,White,1787,0.20145495243424735,0.18389040502299736,0.1493538775368407,0.7066417503698512,0.00350385423966363,0.004476776720761052
logit,raw,3,8000,7,False,1.0894694328308105,Black men,2134,0.20290534208059982,0.21006119108271032,0.15352513606545967,0.6669042663397295,0.007642563198118754,0.009840674789128397
logit,raw,3,8000,7,False,1.0894694328308105,White men,1401,0.21199143468950749,0.1948431586907908,0.1552504973847692,0.7027155614112136,0.004528985507246377,0.005710206995003569
logit,raw,3,8000,7,False,1.0894694328308105,Black women,225,0.1288888888888889,0.1359087570234947,0.10168407771833407,0.7653061224489797,0.0,0.0
logit,raw,3,8000,7,False,1.0894694328308105,White women,386,0.16321243523316062,0.14413701671061752,0.12795189720796032,0.7085360459973463,0.0,0.0
logit,raw,3,8000,8,False,1.14028000831604,All,4146,0.19826338639652677,0.19432260904501295,0.1486269692681099,0.690930225068147,0.0048134777376654635,0.005788712011577424
logit,raw,3,8000,8,False,1.14028000831604,Men,3535,0.2065063649222065,0.20480719779238613,0.15385321606176602,0.6815095353209777,0.00570409982174688,0.006789250353606789
logit,raw,3,8000,8,False,1.14028000831604,Women,611,0.15057283142389524,0.13366299984376243,0.11839000950448565,0.7343763089553489,0.0,0.0
logit,raw,3,8000,8,False,1.14028000831604,Black,2359,0.19584569732937684,0.20184634630183257,0.14833502725628436,0.6809099352589073,0.0063257775434897206,0.007630351844001695
logit,raw,3,8000,8,False,1.14028000831604,White,1787,0.20145495243424735,0.18439060222417503,0.14901235886290365,0.7070193879934594,0.002803083391730904,0.003357582540570789
logit,raw,3,8000,8,False,1.14028000831604,Black men,2134,0.20290534208059982,0.2097419107973519,0.15307129123642027,0.6708579248994954,0.007054673721340388,0.008434864104967198
logit,raw,3,8000,8,False,1.14028000831604,White men,1401,0.21199143468950749,0.19729065421451536,0.15504424216975163,0.6996138925486752,0.0036231884057971015,0.004282655246252677
logit,raw,3,8000,8,False,1.14028000831604,Black women,225,0.1288888888888889,0.12696130348655152,0.10341419466246214,0.7478888106966926,0.0,0.0
logit,raw,3,8000,8,False,1.14028000831604,White women,386,0.16321243523316062,0.13756942906752523,0.12711943525436983,0.726030763182466,0.0,0.0
logit,raw,3,8000,9,False,1.2195725440979004,All,4146,0.19826338639652677,0.19152347122454189,0.14894524562014758,0.6889319291095358,0.005716004813477738,0.006994693680656054
logit,raw,3,8000,9,False,1.2195725440979004,Men,3535,0.2065063649222065,0.2005549837029757,0.1544549282577391,0.6768588381803531,0.006773618538324421,0.008203677510608205
logit,raw,3,8000,9,False,1.2195725440979004,Women,611,0.15057283142389524,0.13927077627975712,0.11706844018007219,0.7412457066264555,0.0,0.0
logit,raw,3,8000,9,False,1.2195725440979004,Black,2359,0.19584569732937684,0.20007067078117433,0.14870043267861083,0.6773362817116112,0.007380073800738007,0.008902077151335312
logit,raw,3,8000,9,False,1.2195725440979004,White,1787,0.20145495243424735,0.18024040253170695,0.14926842062243365,0.7072743907186794,0.00350385423966363,0.004476776720761052
logit,raw,3,8000,9,False,1.2195725440979004,Black men,2134,0.20290534208059982,0.20700658019559956,0.15358272548215485,0.6656008624189276,0.00823045267489712,0.009840674789128397
logit,raw,3,8000,9,False,1.2195725440979004,White men,1401,0.21199143468950749,0.19072792666139143,0.15578346553332567,0.6964207290294248,0.004528985507246377,0.005710206995003569
logit,raw,3,8000,9,False,1.2195725440979004,Black women,225,0.1288888888888889,0.13428742326835874,0.10239459782188669,0.7508796622097114,0.0,0.0
logit,raw,3,8000,9,False,1.2195725440979004,White women,386,0.16321243523316062,0.14217558049624576,0.1256218456997399,0.7370386751191704,0.0,0.0
logit,raw,3,9398,0,True,1.3110504150390625,All,4146,0.19826338639652677,0.19143418609521937,0.14861756956377545,0.6913071929870791,0.003309265944645006,0.004341534008683068
logit,raw,3,9398,0,True,1.3110504150390625,Men,3535,0.2065063649222065,0.2009772292981277,0.1539554590770416,0.6806109442531683,0.00392156862745098,0.005091937765205092
logit,raw,3,9398,0,True,1.3110504150390625,Women,611,0.15057283142389524,0.13622198033043853,0.11773468997392966,0.7378947809332328,0.0,0.0
logit,raw,3,9398,0,True,1.3110504150390625,Black,2359,0.19584569732937684,0.19976140718925386,0.14822346477708617,0.6804295686741655,0.004744333157617291,0.005934718100890208
logit,raw,3,9398,0,True,1.3110504150390625,White,1787,0.20145495243424735,0.18044150866890296,0.14913782316858795,0.7085455111734019,0.001401541695865452,0.002238388360380526
logit,raw,3,9398,0,True,1.3110504150390625,Black men,2134,0.20290534208059982,0.20698777503915514,0.15310602399319648,0.6683217181036016,0.005291005291005291,0.006560449859418931
logit,raw,3,9398,0,True,1.3110504150390625,White men,1401,0.21199143468950749,0.1918219797539789,0.1552493166565744,0.7013766896013273,0.0018115942028985507,0.0028551034975017845
logit,raw,3,9398,0,True,1.3110504150390625,Black women,225,0.1288888888888889,0.13122332278174587,0.1019151031451781,0.7640745953553836,0.0,0.0
logit,raw,3,9398,0,True,1.3110504150390625,White women,386,0.16321243523316062,0.1391357055855055,0.1269559517264403,0.7248022015823873,0.0,0.0
logit,raw,3,9398,1,True,1.336155891418457,All,4146,0.19826338639652677,0.19142213482755788,0.14861605415354218,0.6913174406586617,0.003309265944645006,0.004341534008683068
logit,raw,3,9398,1,True,1.336155891418457,Men,3535,0.2065063649222065,0.20096777968327156,0.1539535198560321,0.6806207115473836,0.00392156862745098,0.005091937765205092
logit,raw,3,9398,1,True,1.336155891418457,Women,611,0.15057283142389524,0.13619487694711965,0.11773562656221331,0.7379785540755635,0.0,0.0
logit,raw,3,9398,1,True,1.336155891418457,Black,2359,0.19584569732937684,0.1997513600329663,0.14822213148704244,0.6804455428598812,0.004744333157617291,0.005934718100890208
logit,raw,3,9398,1,True,1.336155891418457,White,1787,0.20145495243424735,0.18042681179478878,0.1491360673433983,0.7085494043447793,0.001401541695865452,0.002238388360380526
logit,raw,3,9398,1,True,1.336155891418457,Black men,2134,0.20290534208059982,0.20697940041785517,0.1531043293572976,0.6683325798029416,0.005291005291005291,0.006560449859418931
logit,raw,3,9398,1,True,1.336155891418457,White men,1401,0.21199143468950749,0.19181089271139332,0.15524700488408313,0.7014010881764505,0.0018115942028985507,0.0028551034975017845
logit,raw,3,9398,1,True,1.336155891418457,Black women,225,0.1288888888888889,0.13119741256028705,0.10191719701982266,0.7642505277973258,0.0,0.0
logit,raw,3,9398,1,True,1.336155891418457,White women,386,0.16321243523316062,0.13910790670628373,0.1269562137307053,0.7249004865103936,0.0,0.0
logit,raw,3,9398,2,True,1.3068201541900635,All,4146,0.19826338639652677,0.19144543030216354,0.14861833777397426,0.691290357526622,0.003309265944645006,0.004341534008683068
logit,raw,3,9398,2,True,1.3068201541900635,Men,3535,0.2065063649222065,0.2009865793157391,0.15395640970579477,0.6805962933118453,0.00392156862745098,0.005091937765205092
logit,raw,3,9398,2,True,1.3068201541900635,Women,611,0.15057283142389524,0.13624418355422643,0.1177344027838178,0.7378947809332328,0.0,0.0
logit,raw,3,9398,2,True,1.3068201541900635,Black,2359,0.19584569732937684,0.1997727241094799,0.14822469449794196,0.6803953382762029,0.004744333157617291,0.005934718100890208
logit,raw,3,9398,2,True,1.3068201541900635,White,1787,0.20145495243424735,0.18045265688780465,0.14913798214339802,0.7085240987308261,0.001401541695865452,0.002238388360380526
logit,raw,3,9398,2,True,1.3068201541900635,Black men,2134,0.20290534208059982,0.20699782434930974,0.15310737729581925,0.6682891330055815,0.005291005291005291,0.006560449859418931
logit,raw,3,9398,2,True,1.3068201541900635,White men,1401,0.21199143468950749,0.19183026461078562,0.15524965393340923,0.7013614404918753,0.0018115942028985507,0.0028551034975017845
logit,raw,3,9398,2,True,1.3068201541900635,Black women,225,0.1288888888888889,0.13124666227927168,0.10191516076162974,0.7638986629134412,0.0,0.0
logit,raw,3,9398,2,True,1.3068201541900635,White women,386,0.16321243523316062,0.13915724647356537,0.12695546354804657,0.7248513440463904,0.0,0.0
logit,raw,3,9398,3,True,1.2921781539916992,All,4146,0.19826338639652677,0.19144031128989059,0.14861737247033685,0.691309388916704,0.003309265944645006,0.004341534008683068
logit,raw,3,9398,3,True,1.2921781539916992,Men,3535,0.2065063649222065,0.20098293598803962,0.1539554066285326,0.680609479159036,0.00392156862745098,0.005091937765205092
logit,raw,3,9398,3,True,1.2921781539916992,Women,611,0.15057283142389524,0.13623052682514944,0.11773365602316507,0.7379157242188155,0.0,0.0
logit,raw,3,9398,3,True,1.2921781539916992,Black,2359,0.19584569732937684,0.19976867023742315,0.1482232104869887,0.6804307096874308,0.004744333157617291,0.005934718100890208
logit,raw,3,9398,3,True,1.2921781539916992,White,1787,0.20145495243424735,0.18044613179507846,0.1491377015798603,0.7085455111734019,0.001401541695865452,0.002238388360380526
logit,raw,3,9398,3,True,1.2921781539916992,Black men,2134,0.20290534208059982,0.20699463993070163,0.1531057695489231,0.6683217181036015,0.005291005291005291,0.006560449859418931
logit,raw,3,9398,3,True,1.2921781539916992,White men,1401,0.21199143468950749,0.1918259222738065,0.15524957188755234,0.7013797394232177,0.0018115942028985507,0.0028551034975017845
logit,raw,3,9398,3,True,1.2921781539916992,Black women,225,0.1288888888888889,0.13123436212428427,0.1019148503173526,0.7640745953553836,0.0,0.0
logit,raw,3,9398,3,True,1.2921781539916992,White women,386,0.16321243523316062,0.13914279899534288,0.1269544624579003,0.7248513440463904,0.0,0.0
logit,raw,3,9398,4,True,1.2754454612731934,All,4146,0.19826338639652677,0.1914306979538449,0.14861665221718756,0.6913060950222667,0.003309265944645006,0.004341534008683068
logit,raw,3,9398,4,True,1.2754454612731934,Men,3535,0.2065063649222065,0.20097633316549804,0.15395424053800455,0.6806124093473005,0.00392156862745098,0.005091937765205092
logit,raw,3,9398,4,True,1.2754454612731934,Women,611,0.15057283142389524,0.13620349587005806,0.1177355152055869,0.7379785540755633,0.0,0.0
logit,raw,3,9398,4,True,1.2754454612731934,Black,2359,0.19584569732937684,0.19976020911304984,0.14822274407565392,0.6804352737404926,0.004744333157617291,0.005934718100890208
logit,raw,3,9398,4,True,1.2754454612731934,White,1787,0.20145495243424735,0.1804349974364614,0.14913664623278797,0.7085571906875341,0.001401541695865452,0.002238388360380526
logit,raw,3,9398,4,True,1.2754454612731934,Black men,2134,0.20290534208059982,0.20698813709578,0.15310511639323773,0.6683285066656892,0.005291005291005291,0.006560449859418931
logit,raw,3,9398,4,True,1.2754454612731934,White men,1401,0.21199143468950749,0.1918191671503504,0.15524762449584353,0.7014010881764504,0.0018115942028985507,0.0028551034975017845
logit,raw,3,9398,4,True,1.2754454612731934,Black women,225,0.1288888888888889,0.13120732771239982,0.10191615507243683,0.7638986629134412,0.0,0.0
logit,raw,3,9398,4,True,1.2754454612731934,White women,386,0.16321243523316062,0.13911577005522158,0.12695664481687904,0.7249987714383999,0.0,0.0
logit,raw,3,9398,5,True,1.2773501873016357,All,4146,0.19826338639652677,0.19141953036466494,0.14861509283096874,0.6913232964709947,0.003309265944645006,0.004341534008683068
logit,raw,3,9398,5,True,1.2773501873016357,Men,3535,0.2065063649222065,0.20096219400217433,0.1539524526979861,0.6806290137474666,0.00392156862745098,0.005091937765205092
logit,raw,3,9398,5,True,1.2773501873016357,Women,611,0.15057283142389524,0.1362095206124622,0.11773527756107287,0.7379994973611461,0.0,0.0
logit,raw,3,9398,5,True,1.2773501873016357,Black,2359,0.19584569732937684,0.19974930214332762,0.14822093499932382,0.6804409788068195,0.004744333157617291,0.005934718100890208
logit,raw,3,9398,5,True,1.2773501873016357,White,1787,0.20145495243424735,0.18042348580626236,0.14913541645987216,0.7085630304446002,0.001401541695865452,0.002238388360380526
logit,raw,3,9398,5,True,1.2773501873016357,Black men,2134,0.20290534208059982,0.20697567927104027,0.15310304033050548,0.6683339375153591,0.005291005291005291,0.006560449859418931
logit,raw,3,9398,5,True,1.2773501873016357,White men,1401,0.21199143468950749,0.19180246697593603,0.15524627567600438,0.7014163372859025,0.0018115942028985507,0.0028551034975017845
logit,raw,3,9398,5,True,1.2773501873016357,Black women,225,0.1288888888888889,0.13121112974093327,0.10191687821380516,0.7642505277973258,0.0,0.0
logit,raw,3,9398,5,True,1.2773501873016357,White women,386,0.16321243523316062,0.13912309042099594,0.12695584712878072,0.7248022015823874,0.0,0.0
logit,raw,3,9398,6,True,1.2389287948608398,All,4146,0.19826338639652677,0.19142269977027473,0.14861609226106612,0.6913064610105375,0.003309265944645006,0.004341534008683068
logit,raw,3,9398,6,True,1.2389287948608398,Men,3535,0.2065063649222065,0.2009667822544258,0.15395380526776795,0.6806045955119284,0.00392156862745098,0.005091937765205092
logit,raw,3,9398,6,True,1.2389287948608398,Women,611,0.15057283142389524,0.13620448114265785,0.11773423386713655,0.7380413839323113,0.0,0.0
logit,raw,3,9398,6,True,1.2389287948608398,Black,2359,0.19584569732937684,0.1997519983638374,0.14822181558518097,0.6804329917139617,0.004744333157617291,0.005934718100890208
logit,raw,3,9398,6,True,1.2389287948608398,White,1787,0.20145495243424735,0.1804272798585712,0.1491365727750074,0.7085494043447793,0.001401541695865452,0.002238388360380526
logit,raw,3,9398,6,True,1.2389287948608398,Black men,2134,0.20290534208059982,0.20697902761879902,0.15310447700352733,0.6683190026787666,0.005291005291005291,0.006560449859418931
logit,raw,3,9398,6,True,1.2389287948608398,White men,1401,0.21199143468950749,0.1918089438478787,0.15524750013992317,0.7013858390669985,0.0018115942028985507,0.0028551034975017845
logit,raw,3,9398,6,True,1.2389287948608398,Black women,225,0.1288888888888889,0.13120764089677894,0.10191248462184253,0.7642505277973258,0.0,0.0
logit,raw,3,9398,6,True,1.2389287948608398,White women,386,0.16321243523316062,0.13911714708908984,0.12695675609561105,0.7249004865103936,0.0,0.0
logit,raw,3,9398,7,True,1.3667118549346924,All,4146,0.19826338639652677,0.19142727709378965,0.1486160611028542,0.6913123168228704,0.003309265944645006,0.004341534008683068
logit,raw,3,9398,7,True,1.3667118549346924,Men,3535,0.2065063649222065,0.20097093854220002,0.15395382949138045,0.6806075257001929,0.00392156862745098,0.005091937765205092
logit,raw,3,9398,7,True,1.3667118549346924,Women,611,0.15057283142389524,0.13621149440945152,0.1177338822919864,0.7379576107899807,0.0,0.0
logit,raw,3,9398,7,True,1.3667118549346924,Black,2359,0.19584569732937684,0.1997552655239789,0.14822219913853768,0.6804318507006961,0.004744333157617291,0.005934718100890208
logit,raw,3,9398,7,True,1.3667118549346924,White,1787,0.20145495243424735,0.18043358671504514,0.14913599416039347,0.7085571906875341,0.001401541695865452,0.002238388360380526
logit,raw,3,9398,7,True,1.3667118549346924,Black men,2134,0.20290534208059982,0.20698211581917855,0.15310466278555068,0.6683203603911841,0.005291005291005291,0.006560449859418931
logit,raw,3,9398,7,True,1.3667118549346924,White men,1401,0.21199143468950749,0.1918147270439329,0.15524727827813323,0.7013949885326697,0.0018115942028985507,0.0028551034975017845
logit,raw,3,9398,7,True,1.3667118549346924,Black women,225,0.1288888888888889,0.13121260539084087,0.10191474392642305,0.7640745953553836,0.0,0.0
logit,raw,3,9398,7,True,1.3667118549346924,White women,386,0.16321243523316062,0.13912535458869346,0.12695488263460755,0.7249496289743967,0.0,0.0
logit,raw,3,9398,8,True,1.2621967792510986,All,4146,0.19826338639652677,0.19144373225687586,0.14861752320011434,0.6913071929870792,0.003309265944645006,0.004341534008683068
logit,raw,3,9398,8,True,1.2621967792510986,Men,3535,0.2065063649222065,0.20098724437079696,0.1539553568858946,0.6806114326178792,0.00392156862745098,0.005091937765205092
logit,raw,3,9398,8,True,1.2621967792510986,Women,611,0.15057283142389524,0.13622881356176775,0.1177349666056245,0.7379366675043981,0.0,0.0
logit,raw,3,9398,8,True,1.2621967792510986,Black,2359,0.19584569732937684,0.19977197399861496,0.1482238990968154,0.6804284276609,0.004744333157617291,0.005934718100890208
logit,raw,3,9398,8,True,1.2621967792510986,White,1787,0.20145495243424735,0.18044970748420514,0.1491371422598133,0.7085396714163359,0.001401541695865452,0.002238388360380526
logit,raw,3,9398,8,True,1.2621967792510986,Black men,2134,0.20290534208059982,0.20699873825738893,0.1531064959564084,0.6683230758160191,0.005291005291005291,0.006560449859418931
logit,raw,3,9398,8,True,1.2621967792510986,White men,1401,0.21199143468950749,0.1918305506134898,0.1552483399148193,0.7013705899575464,0.0018115942028985507,0.0028551034975017845
logit,raw,3,9398,8,True,1.2621967792510986,Black women,225,0.1288888888888889,0.13123012987317653,0.10191518043738672,0.7638986629134412,0.0,0.0
logit,raw,3,9398,8,True,1.2621967792510986,White women,386,0.16321243523316062,0.13914255405382217,0.1269563445534315,0.7249004865103936,0.0,0.0
logit,raw,3,9398,9,True,1.2437129020690918,All,4146,0.19826338639652677,0.19143359510621596,0.14861687704777637,0.6913071929870792,0.003309265944645006,0.004341534008683068
logit,raw,3,9398,9,True,1.2437129020690918,Men,3535,0.2065063649222065,0.200976770375587,0.15395489387063577,0.6806109442531683,0.00392156862745098,0.005091937765205092
logit,raw,3,9398,9,True,1.2437129020690918,Women,611,0.15057283142389524,0.13622062525805462,0.11773326089588142,0.7379576107899807,0.0,0.0
logit,raw,3,9398,9,True,1.2437129020690918,Black,2359,0.19584569732937684,0.1997610239619912,0.14822364863471155,0.6804250046211037,0.004744333157617291,0.005934718100890208
logit,raw,3,9398,9,True,1.2437129020690918,White,1787,0.20145495243424735,0.18044064341579982,0.1491359737609381,0.7085610838589116,0.001401541695865452,0.002238388360380526
logit,raw,3,9398,9,True,1.2437129020690918,Black men,2134,0.20290534208059982,0.20698743085269197,0.15310612155856906,0.6683162872539314,0.005291005291005291,0.006560449859418931
logit,raw,3,9398,9,True,1.2437129020690918,White men,1401,0.21199143468950749,0.19182134606570697,0.15524774191770954,0.7014041379983409,0.0018115942028985507,0.0028551034975017845
logit,raw,3,9398,9,True,1.2437129020690918,Black women,225,0.1288888888888889,0.13122256927418938,0.10191610543688101,0.7638986629134412,0.0,0.0
logit,raw,3,9398,9,True,1.2437129020690918,White women,386,0.16321243523316062,0.1391339998600486,0.12695310539918478,0.7249496289743967,0.0,0.0
