model,features,round,size,rep,full,seconds,group,n,base_rate,mean_pred,brier,auc,fpr50,flag50
rf,raw,1,500,0,False,46.046621322631836,All,7807,0.30062764185986934,0.2936646873073434,0.19732535290726733,0.6572963536960128,0.01446886446886447,0.020878698603817088
rf,raw,1,500,0,False,46.046621322631836,Men,6857,0.31194399883330903,0.29669063900378667,0.20181204510235723,0.6542383609983629,0.016320474777448073,0.023187983082980895
rf,raw,1,500,0,False,46.046621322631836,Women,950,0.21894736842105264,0.27182368648364674,0.16494088092649706,0.6577013788098693,0.0026954177897574125,0.004210526315789474
rf,raw,1,500,0,False,46.046621322631836,Black,4534,0.31473312748125276,0.2944280615248291,0.20297121023768644,0.6553560703062393,0.014805278403604764,0.0211733568592854
rf,raw,1,500,0,False,46.046621322631836,White,3273,0.281087687137183,0.29260720527187745,0.18950429664814109,0.660799811526451,0.014024649383765405,0.020470516345860067
rf,raw,1,500,0,False,46.046621322631836,Black men,4195,0.3215733015494637,0.2969180815757474,0.20630169418126362,0.6489182533898512,0.016163035839775124,0.02264600715137068
rf,raw,1,500,0,False,46.046621322631836,White men,2662,0.29676934635612323,0.2963322161678081,0.19473688436381026,0.6635406523855891,0.01655982905982906,0.02404207362885049
rf,raw,1,500,0,False,46.046621322631836,Black women,339,0.23008849557522124,0.26361498154370105,0.16175769949046997,0.7173592690834071,0.0,0.0029498525073746312
rf,raw,1,500,0,False,46.046621322631836,White women,611,0.2127659574468085,0.27637810706407484,0.16670699959558571,0.6226931073084919,0.004158004158004158,0.004909983633387889
rf,raw,1,500,1,False,7.359065771102905,All,7807,0.30062764185986934,0.30058094185820855,0.19715960424872012,0.6582539318372296,0.0,0.0
rf,raw,1,500,1,False,7.359065771102905,Men,6857,0.31194399883330903,0.3033143813140457,0.2020203743996348,0.6509461838430837,0.0,0.0
rf,raw,1,500,1,False,7.359065771102905,Women,950,0.21894736842105264,0.28085126359644513,0.16207507695943385,0.6953400373211694,0.0,0.0
rf,raw,1,500,1,False,7.359065771102905,Black,4534,0.31473312748125276,0.2997528091213704,0.20362774053377627,0.6482412275646758,0.0,0.0
rf,raw,1,500,1,False,7.359065771102905,White,3273,0.281087687137183,0.3017281321511582,0.1881994667857062,0.6743592823222898,0.0,0.0
rf,raw,1,500,1,False,7.359065771102905,Black men,4195,0.3215733015494637,0.3013916238190861,0.20720919993792336,0.6389897620735695,0.0,0.0
rf,raw,1,500,1,False,7.359065771102905,White men,2662,0.29676934635612323,0.30634442176910026,0.1938433935081545,0.6721248512387752,0.0,0.0
rf,raw,1,500,1,False,7.359065771102905,Black women,339,0.23008849557522124,0.2794730815198444,0.15930850100458124,0.7528244424796149,0.0,0.0
rf,raw,1,500,1,False,7.359065771102905,White women,611,0.2127659574468085,0.2816159178091581,0.16361005117988398,0.6625299856069087,0.0,0.0
rf,raw,1,500,2,False,7.7605555057525635,All,7807,0.30062764185986934,0.2911967042880812,0.19549214684681657,0.6666382616105667,0.038644688644688646,0.05687203791469194
rf,raw,1,500,2,False,7.7605555057525635,Men,6857,0.31194399883330903,0.2985367699017213,0.20036866509696874,0.6604173367650296,0.0423908435777872,0.06227213066938895
rf,raw,1,500,2,False,7.7605555057525635,Women,950,0.21894736842105264,0.2382168833273121,0.16029395143492847,0.6857246527057848,0.014824797843665768,0.017894736842105262
rf,raw,1,500,2,False,7.7605555057525635,Black,4534,0.31473312748125276,0.2955303434389583,0.20040987605353966,0.6657142618708711,0.03797875764402961,0.058447287163652405
rf,raw,1,500,2,False,7.7605555057525635,White,3273,0.281087687137183,0.28519342903294004,0.18867974714523317,0.6667838467081801,0.039524011899702505,0.05468988695386495
rf,raw,1,500,2,False,7.7605555057525635,Black men,4195,0.3215733015494637,0.2994205162727388,0.20414244401186313,0.6570380599981142,0.03970484891075193,0.06102502979737783
rf,raw,1,500,2,False,7.7605555057525635,White men,2662,0.29676934635612323,0.2971440892005875,0.19442163183326416,0.6662846207941145,0.046474358974358976,0.0642374154770849
rf,raw,1,500,2,False,7.7605555057525635,Black women,339,0.23008849557522124,0.2473908890504354,0.15422072388490599,0.7563120149327045,0.019157088122605363,0.02654867256637168
rf,raw,1,500,2,False,7.7605555057525635,White women,611,0.2127659574468085,0.23312688669860704,0.16366354904451544,0.641388133695826,0.012474012474012475,0.01309328968903437
rf,raw,1,500,3,False,13.508124589920044,All,7807,0.30062764185986934,0.3096438722723367,0.1957546159271032,0.6673829579027704,0.025824175824175823,0.04047649545279877
rf,raw,1,500,3,False,13.508124589920044,Men,6857,0.31194399883330903,0.3166803196373123,0.1998301155950723,0.6660849073336952,0.02903772785078423,0.04535511156482427
rf,raw,1,500,3,False,13.508124589920044,Women,950,0.21894736842105264,0.25885553587061216,0.16633808832366737,0.6354123470868754,0.005390835579514825,0.005263157894736842
rf,raw,1,500,3,False,13.508124589920044,Black,4534,0.31473312748125276,0.3156674984165528,0.2012287683839299,0.6628101339539152,0.02993241068554876,0.04565505072783414
rf,raw,1,500,3,False,13.508124589920044,White,3273,0.281087687137183,0.30129950290543295,0.18817141787050312,0.6711926495315877,0.020399490012749683,0.0333027803238619
rf,raw,1,500,3,False,13.508124589920044,Black men,4195,0.3215733015494637,0.31992481240265075,0.2041099723553033,0.6582065161617335,0.03232607167955025,0.04910607866507747
rf,raw,1,500,3,False,13.508124589920044,White men,2662,0.29676934635612323,0.31156737931026696,0.1930855629620261,0.6773436654765769,0.02403846153846154,0.03944402704733283
rf,raw,1,500,3,False,13.508124589920044,Black women,339,0.23008849557522124,0.2629848076446323,0.16557493162902867,0.6820414579035269,0.0038314176245210726,0.0029498525073746312
rf,raw,1,500,3,False,13.508124589920044,White women,611,0.2127659574468085,0.25656449964902,0.166761509141151,0.6082840236686391,0.006237006237006237,0.006546644844517185
rf,raw,1,500,4,False,19.10636591911316,All,7807,0.30062764185986934,0.3395383791623638,0.19559423099844034,0.6722204794211611,0.09432234432234432,0.13731266811835532
rf,raw,1,500,4,False,19.10636591911316,Men,6857,0.31194399883330903,0.34454346689479265,0.1995071121400965,0.6687420145579551,0.09919457397202204,0.1446696806183462
rf,raw,1,500,4,False,19.10636591911316,Women,950,0.21894736842105264,0.30341218276103227,0.16735146680019158,0.6791480924735641,0.06334231805929919,0.08421052631578947
rf,raw,1,500,4,False,19.10636591911316,Black,4534,0.31473312748125276,0.3365288015549832,0.2011130490630598,0.6625119623861755,0.08593498551657547,0.12792236435818263
rf,raw,1,500,4,False,19.10636591911316,White,3273,0.281087687137183,0.3437074671158814,0.18794915886126198,0.6883215691346847,0.10539736506587336,0.15032080659945005
rf,raw,1,500,4,False,19.10636591911316,Black men,4195,0.3215733015494637,0.33917746546901123,0.20446216913109552,0.6556133040429208,0.08924806746310611,0.13087008343265794
rf,raw,1,500,4,False,19.10636591911316,White men,2662,0.29676934635612323,0.3529996562190425,0.19169852308027643,0.6929737368819647,0.11431623931623931,0.16641622839969947
rf,raw,1,500,4,False,19.10636591911316,Black women,339,0.23008849557522124,0.30375256226487257,0.15966892314739617,0.7407898614795168,0.04980842911877394,0.09144542772861357
rf,raw,1,500,4,False,19.10636591911316,White women,611,0.2127659574468085,0.30322333063042367,0.1716139582867671,0.6383815768431154,0.07068607068607069,0.08019639934533551
rf,raw,1,500,5,False,7.4480719566345215,All,7807,0.30062764185986934,0.28720130852255343,0.19816739180743176,0.6509049819659108,0.028754578754578753,0.04022031510183169
rf,raw,1,500,5,False,7.4480719566345215,Men,6857,0.31194399883330903,0.2903254855260818,0.20289447556949639,0.6472236573805155,0.030733361593895718,0.04302172961936707
rf,raw,1,500,5,False,7.4480719566345215,Women,950,0.21894736842105264,0.2646513277718231,0.16404779880061385,0.6642196247149077,0.016172506738544475,0.02
rf,raw,1,500,5,False,7.4480719566345215,Black,4534,0.31473312748125276,0.28814949763676745,0.20380163866084408,0.6478905038219867,0.026070164145477952,0.03771504190560212
rf,raw,1,500,5,False,7.4480719566345215,White,3273,0.281087687137183,0.2858878073175897,0.19036241923383826,0.6548628947319796,0.032299192520186995,0.0436908035441491
rf,raw,1,500,5,False,7.4480719566345215,Black men,4195,0.3215733015494637,0.2892769362845671,0.2074742320405767,0.640968010972965,0.027055516514406183,0.038617401668653156
rf,raw,1,500,5,False,7.4480719566345215,White men,2662,0.29676934635612323,0.29197787623538096,0.1956773161419299,0.6576253651411879,0.03632478632478633,0.04996243425995492
rf,raw,1,500,5,False,7.4480719566345215,Black women,339,0.23008849557522124,0.27419786009246255,0.15835464978775193,0.7349444935651832,0.01532567049808429,0.02654867256637168
rf,raw,1,500,5,False,7.4480719566345215,White women,611,0.2127659574468085,0.2593546428999789,0.16720651813835555,0.6177194946425715,0.016632016632016633,0.016366612111292964
rf,raw,1,500,6,False,8.885995149612427,All,7807,0.30062764185986934,0.27867683428703416,0.19701304649073406,0.6580511166152411,0.025824175824175823,0.04009222492634815
rf,raw,1,500,6,False,8.885995149612427,Men,6857,0.31194399883330903,0.28439767409864986,0.20136958186670853,0.6573089721736514,0.029885544722339976,0.045646784308006415
rf,raw,1,500,6,False,8.885995149612427,Women,950,0.21894736842105264,0.23738441472045657,0.16556803272962145,0.6265096931370516,0.0,0.0
rf,raw,1,500,6,False,8.885995149612427,Black,4534,0.31473312748125276,0.2845670061117052,0.2046209472274985,0.6436362586550387,0.028966849050531058,0.04190560211733568
rf,raw,1,500,6,False,8.885995149612427,White,3273,0.281087687137183,0.2705173356457086,0.18647402359415902,0.6767530811729707,0.021674458138546536,0.03758020164986251
rf,raw,1,500,6,False,8.885995149612427,Black men,4195,0.3215733015494637,0.2885902657865923,0.20764383550279752,0.6400962270274381,0.03162333099086437,0.04529201430274136
rf,raw,1,500,6,False,8.885995149612427,White men,2662,0.29676934635612323,0.2777906409916181,0.19148209351081316,0.6835111706156011,0.027243589743589744,0.04620586025544703
rf,raw,1,500,6,False,8.885995149612427,Black women,339,0.23008849557522124,0.23478065113780705,0.1672138194549927,0.6599862461931427,0.0,0.0
rf,raw,1,500,6,False,8.885995149612427,White women,611,0.2127659574468085,0.23882905605354687,0.1646549039245464,0.6079162002238925,0.0,0.0
rf,raw,1,500,7,False,8.002180814743042,All,7807,0.30062764185986934,0.2833948550811066,0.19781608274187903,0.6615344036733044,0.001098901098901099,0.0017932624567695659
rf,raw,1,500,7,False,8.002180814743042,Men,6857,0.31194399883330903,0.2837915231955566,0.20210387019466736,0.662713656094323,0.001271725307333616,0.0020417092022750475
rf,raw,1,500,7,False,8.002180814743042,Women,950,0.21894736842105264,0.28053174638554484,0.16686728425370045,0.649388347501555,0.0,0.0
rf,raw,1,500,7,False,8.002180814743042,Black,4534,0.31473312748125276,0.286422577623001,0.2029836015313905,0.6637768233180089,0.0009655616350177019,0.001985002205558006
rf,raw,1,500,7,False,8.002180814743042,White,3273,0.281087687137183,0.2792006314315653,0.19065765616331343,0.6570465086198931,0.0012749681257968552,0.0015276504735716467
rf,raw,1,500,7,False,8.002180814743042,Black men,4195,0.3215733015494637,0.2860526916088444,0.20581927879143996,0.6623732110456875,0.0010541110330288123,0.0021454112038140644
rf,raw,1,500,7,False,8.002180814743042,White men,2662,0.29676934635612323,0.2802281867967054,0.19624882171102295,0.6627299037109164,0.0016025641025641025,0.0018782870022539444
rf,raw,1,500,7,False,8.002180814743042,Black women,339,0.23008849557522124,0.29099978065953996,0.1678931410419872,0.7021809608016505,0.0,0.0
rf,raw,1,500,7,False,8.002180814743042,White women,611,0.2127659574468085,0.2747237862891711,0.16629811002910277,0.6192067807452423,0.0,0.0
rf,raw,1,500,8,False,7.172460079193115,All,7807,0.30062764185986934,0.326311800730029,0.19682471399903684,0.6616086157841591,0.03974358974358974,0.055463045984372995
rf,raw,1,500,8,False,7.172460079193115,Men,6857,0.31194399883330903,0.3284263099540171,0.20048526261556604,0.6599408113635206,0.04281475201356507,0.05950123960915853
rf,raw,1,500,8,False,7.172460079193115,Women,950,0.21894736842105264,0.31104949573120083,0.17040325940583612,0.6600469106365333,0.02021563342318059,0.02631578947368421
rf,raw,1,500,8,False,7.172460079193115,Black,4534,0.31473312748125276,0.32527113984808265,0.20239201906269128,0.6529449855413856,0.03797875764402961,0.05205116894574327
rf,raw,1,500,8,False,7.172460079193115,White,3273,0.281087687137183,0.32775340061965463,0.18911247410945262,0.6760961954212014,0.04207394815129622,0.060189428658722885
rf,raw,1,500,8,False,7.172460079193115,Black men,4195,0.3215733015494637,0.3272537501160552,0.20535162397112888,0.6476818152693207,0.040758959943780745,0.054827175208581644
rf,raw,1,500,8,False,7.172460079193115,White men,2662,0.29676934635612323,0.3302741268286417,0.19281644748161178,0.6815225035161744,0.045940170940170943,0.06686701728024042
rf,raw,1,500,8,False,7.172460079193115,Black women,339,0.23008849557522124,0.3007370688329067,0.16576799962052083,0.7055702917771884,0.007662835249042145,0.017699115044247787
rf,raw,1,500,8,False,7.172460079193115,White women,611,0.2127659574468085,0.31677112047509887,0.17297503201994716,0.6350711658403966,0.02702702702702703,0.031096563011456628
rf,raw,1,500,9,False,8.384729385375977,All,7807,0.30062764185986934,0.2655427616864999,0.2023442781309178,0.6308027861926456,0.009706959706959707,0.013705648776738823
rf,raw,1,500,9,False,8.384729385375977,Men,6857,0.31194399883330903,0.2670473885323045,0.2075696829788813,0.6280467056329485,0.010385756676557863,0.014875309902289632
rf,raw,1,500,9,False,8.384729385375977,Women,950,0.21894736842105264,0.2546825234952556,0.16462785598093296,0.6477685050798259,0.005390835579514825,0.005263157894736842
rf,raw,1,500,9,False,8.384729385375977,Black,4534,0.31473312748125276,0.25802667525329415,0.21104573484618933,0.6199309423822916,0.009011908593498551,0.012571680635200706
rf,raw,1,500,9,False,8.384729385375977,White,3273,0.281087687137183,0.27595459666607663,0.19029038117184632,0.6533948336074207,0.010624734381640459,0.015276504735716468
rf,raw,1,500,9,False,8.384729385375977,Black men,4195,0.3215733015494637,0.25917211406875124,0.2150461232665234,0.6133207128259813,0.009486999297259312,0.013110846245530394
rf,raw,1,500,9,False,8.384729385375977,White men,2662,0.29676934635612323,0.2794578980644629,0.19578768936255578,0.6579844206426485,0.011752136752136752,0.017655897821187077
rf,raw,1,500,9,False,8.384729385375977,Black women,339,0.23008849557522124,0.24385229227145863,0.16154240321403196,0.7047843599567737,0.0038314176245210726,0.0058997050147492625
rf,raw,1,500,9,False,8.384729385375977,White women,611,0.2127659574468085,0.260691440655431,0.1663397520332724,0.6120582120582121,0.006237006237006237,0.004909983633387889
rf,raw,1,1000,0,False,8.643889427185059,All,7807,0.30062764185986934,0.29423879540068915,0.19549582936833546,0.6708914505463291,0.009157509157509158,0.01575509158447547
rf,raw,1,1000,0,False,8.643889427185059,Men,6857,0.31194399883330903,0.2980181288172271,0.2002953334107048,0.6652034988399494,0.010385756676557863,0.017792037334111128
rf,raw,1,1000,0,False,8.643889427185059,Women,950,0.21894736842105264,0.2669599646246881,0.16085351440146556,0.691789342732739,0.0013477088948787063,0.0010526315789473684
rf,raw,1,1000,0,False,8.643889427185059,Black,4534,0.31473312748125276,0.2949638906081382,0.2017736277303647,0.6648298967293376,0.008368200836820083,0.015438906043228937
rf,raw,1,1000,0,False,8.643889427185059,White,3273,0.281087687137183,0.2932343402614975,0.18679936197651134,0.6808819453426709,0.010199745006374841,0.016193095019859455
rf,raw,1,1000,0,False,8.643889427185059,Black men,4195,0.3215733015494637,0.297136275069595,0.20534374155074112,0.6566838245138249,0.009135628952916374,0.0166865315852205
rf,raw,1,1000,0,False,8.643889427185059,White men,2662,0.29676934635612323,0.29940782696573076,0.1923396338812336,0.6808206210104945,0.012286324786324786,0.019534184823441023
rf,raw,1,1000,0,False,8.643889427185059,Black women,339,0.23008849557522124,0.2680814339243296,0.15759478561685675,0.7578347578347578,0.0,0.0
rf,raw,1,1000,0,False,8.643889427185059,White women,611,0.2127659574468085,0.2663377418872438,0.16266154886624848,0.652582760275068,0.002079002079002079,0.0016366612111292963
rf,raw,1,1000,1,False,8.964283466339111,All,7807,0.30062764185986934,0.31677734790028234,0.1946843368508818,0.6727261518484356,0.027106227106227107,0.04022031510183169
rf,raw,1,1000,1,False,8.964283466339111,Men,6857,0.31194399883330903,0.3222630007871446,0.19931155844001214,0.6660749983006008,0.029885544722339976,0.043896747848913516
rf,raw,1,1000,1,False,8.964283466339111,Women,950,0.21894736842105264,0.2771824828000564,0.16128553849649574,0.692560387725482,0.009433962264150943,0.01368421052631579
rf,raw,1,1000,1,False,8.964283466339111,Black,4534,0.31473312748125276,0.3172396480032479,0.2003246666880817,0.6649318434378234,0.018989378822014805,0.033083370092633436
rf,raw,1,1000,1,False,8.964283466339111,White,3273,0.281087687137183,0.3161369358419732,0.18687093768135404,0.6839658899831851,0.037824054398640033,0.050106935533150015
rf,raw,1,1000,1,False,8.964283466339111,Black men,4195,0.3215733015494637,0.32078564545436794,0.20375301770182325,0.6569187659894344,0.020028109627547436,0.03456495828367104
rf,raw,1,1000,1,False,8.964283466339111,White men,2662,0.29676934635612323,0.3245911396380079,0.19231233920511445,0.6812276858162933,0.04487179487179487,0.058602554470323066
rf,raw,1,1000,1,False,8.964283466339111,Black women,339,0.23008849557522124,0.2733592370668208,0.15790008703425895,0.7394144807937911,0.007662835249042145,0.014749262536873156
rf,raw,1,1000,1,False,8.964283466339111,White women,611,0.2127659574468085,0.279303727159413,0.16316388227014267,0.66529665760435,0.010395010395010396,0.01309328968903437
rf,raw,1,1000,2,False,9.25358271598816,All,7807,0.30062764185986934,0.29151112814521424,0.19375614425066057,0.6759761896958318,0.024175824175824177,0.036761880363776096
rf,raw,1,1000,2,False,9.25358271598816,Men,6857,0.31194399883330903,0.2979256663863815,0.1983884091848309,0.6715160483727287,0.027977956761339552,0.04185503864663847
rf,raw,1,1000,2,False,9.25358271598816,Women,950,0.21894736842105264,0.24521166633502067,0.16032094356265428,0.6805735538046859,0.0,0.0
rf,raw,1,1000,2,False,9.25358271598816,Black,4534,0.31473312748125276,0.2915984979121312,0.19980657249613365,0.6709227913820748,0.024782748632121016,0.03595059550066167
rf,raw,1,1000,2,False,9.25358271598816,White,3273,0.281087687137183,0.29139009712682085,0.1853746466444965,0.6844139766071066,0.02337441563960901,0.037885731744576844
rf,raw,1,1000,2,False,9.25358271598816,Black men,4195,0.3215733015494637,0.2950585547802727,0.20327504750310288,0.6640274386638655,0.027055516514406183,0.03885578069129916
rf,raw,1,1000,2,False,9.25358271598816,White men,2662,0.29676934635612323,0.30244389823748086,0.19068763993421073,0.6861915774099319,0.02938034188034188,0.04658151765589782
rf,raw,1,1000,2,False,9.25358271598816,Black women,339,0.23008849557522124,0.24878157000105883,0.15688547322110183,0.7440809509775027,0.0,0.0
rf,raw,1,1000,2,False,9.25358271598816,White women,611,0.2127659574468085,0.2432309832862695,0.16222703921860562,0.6433072125379817,0.0,0.0
rf,raw,1,1000,3,False,8.100173711776733,All,7807,0.30062764185986934,0.29929388199075085,0.19369893111725012,0.6791800303091313,0.02161172161172161,0.0320225438708851
rf,raw,1,1000,3,False,8.100173711776733,Men,6857,0.31194399883330903,0.3065757936606091,0.19795655347564936,0.6764714567329005,0.025010597710894446,0.036459092897768705
rf,raw,1,1000,3,False,8.100173711776733,Women,950,0.21894736842105264,0.24673381007473227,0.162967861105099,0.6590166908563134,0.0,0.0
rf,raw,1,1000,3,False,8.100173711776733,Black,4534,0.31473312748125276,0.30497440628861877,0.19980730068126837,0.6724082361212075,0.025426456388799486,0.03462726069695633
rf,raw,1,1000,3,False,8.100173711776733,White,3273,0.281087687137183,0.29142480250204544,0.1852371689408802,0.6864756370221179,0.016574585635359115,0.02841429880843263
rf,raw,1,1000,3,False,8.100173711776733,Black men,4195,0.3215733015494637,0.3092554488473292,0.20290859587545715,0.6663148622102107,0.02775825720309206,0.03742550655542312
rf,raw,1,1000,3,False,8.100173711776733,White men,2662,0.29676934635612323,0.30235297115561627,0.1901527150582213,0.6919831223628692,0.020833333333333332,0.03493613824192337
rf,raw,1,1000,3,False,8.100173711776733,Black women,339,0.23008849557522124,0.25199808318009304,0.16142991619860847,0.7196679438058748,0.0,0.0
rf,raw,1,1000,3,False,8.100173711776733,White women,611,0.2127659574468085,0.24381304316357466,0.16382115623325008,0.6248360786822326,0.0,0.0
rf,raw,1,1000,4,False,7.312267541885376,All,7807,0.30062764185986934,0.33263371105175005,0.1963909862168393,0.6649345825315148,0.07234432234432235,0.10605866530037146
rf,raw,1,1000,4,False,7.312267541885376,Men,6857,0.31194399883330903,0.3405163666922144,0.2006886574378206,0.6605663686227692,0.08181432810512929,0.11856497010354382
rf,raw,1,1000,4,False,7.312267541885376,Women,950,0.21894736842105264,0.27573753239210347,0.1653708477302403,0.6636364814430853,0.012129380053908356,0.015789473684210527
rf,raw,1,1000,4,False,7.312267541885376,Black,4534,0.31473312748125276,0.3331384849317604,0.20286182097990763,0.6513544364523538,0.06565819118120374,0.09550066166740186
rf,raw,1,1000,4,False,7.312267541885376,White,3273,0.281087687137183,0.3319344611978035,0.18742711062388115,0.6848458951569689,0.0811729706757331,0.1206843874121601
rf,raw,1,1000,4,False,7.312267541885376,Black men,4195,0.3215733015494637,0.3376619080173054,0.20639299305897127,0.6434737060897767,0.07097680955727337,0.10178784266984506
rf,raw,1,1000,4,False,7.312267541885376,White men,2662,0.29676934635612323,0.345014659006731,0.1916992930761651,0.6898517797251974,0.09829059829059829,0.1450037565740045
rf,raw,1,1000,4,False,7.312267541885376,Black women,339,0.23008849557522124,0.27716279217700707,0.15916486855609652,0.7316042833284212,0.007662835249042145,0.017699115044247787
rf,raw,1,1000,4,False,7.312267541885376,White women,611,0.2127659574468085,0.27494675814155956,0.16881409967792402,0.6207740284663361,0.014553014553014554,0.014729950900163666
rf,raw,1,1000,5,False,6.9659528732299805,All,7807,0.30062764185986934,0.28871928340543496,0.19547705043195934,0.670132083510865,0.001098901098901099,0.002433713334187268
rf,raw,1,1000,5,False,6.9659528732299805,Men,6857,0.31194399883330903,0.29059482862002767,0.20008182988960063,0.6668555328374457,0.001271725307333616,0.0027708910602304215
rf,raw,1,1000,5,False,6.9659528732299805,Women,950,0.21894736842105264,0.2751817954723169,0.1622402370203319,0.6865021770682148,0.0,0.0
rf,raw,1,1000,5,False,6.9659528732299805,Black,4534,0.31473312748125276,0.28726822797086154,0.20189622208464394,0.6636065362275072,0.000321853878339234,0.0013233348037053375
rf,raw,1,1000,5,False,6.9659528732299805,White,3273,0.281087687137183,0.2907293919726075,0.18658474237413106,0.6813526672702747,0.0021249468763280916,0.003971891231286282
rf,raw,1,1000,5,False,6.9659528732299805,Black men,4195,0.3215733015494637,0.28836080345520226,0.20525503228407088,0.6582325628885195,0.00035137034434293746,0.0014302741358760429
rf,raw,1,1000,5,False,6.9659528732299805,White men,2662,0.29676934635612323,0.2941153904406296,0.1919294692416657,0.6826929838796928,0.002670940170940171,0.004883546205860256
rf,raw,1,1000,5,False,6.9659528732299805,Black women,339,0.23008849557522124,0.27374800921921155,0.160332184366072,0.730081540426368,0.0,0.0
rf,raw,1,1000,5,False,6.9659528732299805,White women,611,0.2127659574468085,0.2759773004474441,0.16329887834569057,0.6595074364305133,0.0,0.0
rf,raw,1,1000,6,False,8.012632131576538,All,7807,0.30062764185986934,0.2809523502321061,0.19485020331366293,0.6730643593021096,0.01391941391941392,0.02203151018316895
rf,raw,1,1000,6,False,8.012632131576538,Men,6857,0.31194399883330903,0.2894574256367051,0.19945467021093397,0.6689617969119885,0.016108520559559136,0.025083855913664868
rf,raw,1,1000,6,False,8.012632131576538,Women,950,0.21894736842105264,0.2195636112328052,0.1616156459298864,0.6688588534107403,0.0,0.0
rf,raw,1,1000,6,False,8.012632131576538,Black,4534,0.31473312748125276,0.28553948411808566,0.20154819961189843,0.6644557162218641,0.014161570646926296,0.02051168945743273
rf,raw,1,1000,6,False,8.012632131576538,White,3273,0.281087687137183,0.274597915450856,0.18557164687730487,0.6839852916720561,0.013599660008499787,0.02413687748243202
rf,raw,1,1000,6,False,8.012632131576538,Black men,4195,0.3215733015494637,0.29100321499727805,0.20470147301885594,0.6585026674452901,0.015460295151089248,0.022169249106078665
rf,raw,1,1000,6,False,8.012632131576538,White men,2662,0.29676934635612323,0.28702144277885255,0.19118632393774368,0.6853416098669264,0.017094017094017096,0.029676934635612322
rf,raw,1,1000,6,False,8.012632131576538,Black women,339,0.23008849557522124,0.2179278291381085,0.16252760391223245,0.7237940858630514,0.0,0.0
rf,raw,1,1000,6,False,8.012632131576538,White women,611,0.2127659574468085,0.22047118918714592,0.16110966596914122,0.6403806173036942,0.0,0.0
rf,raw,1,1000,7,False,9.327547788619995,All,7807,0.30062764185986934,0.2890257815612306,0.19558266776355288,0.6692141475907987,0.008608058608058609,0.013065197899321122
rf,raw,1,1000,7,False,9.327547788619995,Men,6857,0.31194399883330903,0.29339409476715556,0.2001399574212402,0.6661065090258409,0.00953793980500212,0.014291964415925331
rf,raw,1,1000,7,False,9.327547788619995,Women,950,0.21894736842105264,0.25749575666330676,0.16268863072906667,0.6680359734605017,0.0026954177897574125,0.004210526315789474
rf,raw,1,1000,7,False,9.327547788619995,Black,4534,0.31473312748125276,0.29027004691270747,0.20155864959239309,0.6639516213248156,0.0067589314451239136,0.011910013233348038
rf,raw,1,1000,7,False,9.327547788619995,White,3273,0.281087687137183,0.28730213380577807,0.1873042988017559,0.6765382767604724,0.011049723756906077,0.01466544454628781
rf,raw,1,1000,7,False,9.327547788619995,Black men,4195,0.3215733015494637,0.2927019843894521,0.20487378536997775,0.6582312605521802,0.007027406886858749,0.012157330154946364
rf,raw,1,1000,7,False,9.327547788619995,White men,2662,0.29676934635612323,0.2944847796035441,0.19267999940285022,0.6794506653683869,0.013354700854700854,0.017655897821187077
rf,raw,1,1000,7,False,9.327547788619995,Black women,339,0.23008849557522124,0.26017571737010076,0.16053506673998114,0.720110030454858,0.0038314176245210726,0.008849557522123894
rf,raw,1,1000,7,False,9.327547788619995,White women,611,0.2127659574468085,0.2560088390207484,0.16388348865427127,0.6383655845194306,0.002079002079002079,0.0016366612111292963
rf,raw,1,1000,8,False,9.095050811767578,All,7807,0.30062764185986934,0.3115194286819183,0.19637252432443464,0.6611302559108269,0.04322344322344322,0.0627641859869348
rf,raw,1,1000,8,False,9.095050811767578,Men,6857,0.31194399883330903,0.31558721832909037,0.2007407488320614,0.6571564721543288,0.04853751589656634,0.06941811287735161
rf,raw,1,1000,8,False,9.095050811767578,Women,950,0.21894736842105264,0.28215855119701394,0.16484313964149058,0.6706536388140162,0.009433962264150943,0.014736842105263158
rf,raw,1,1000,8,False,9.095050811767578,Black,4534,0.31473312748125276,0.31026992223417427,0.20234206963981355,0.6523779633618867,0.04280656581911812,0.0619761799735333
rf,raw,1,1000,8,False,9.095050811767578,White,3273,0.281087687137183,0.31325033678887565,0.18810307169384247,0.6751542896210203,0.04377390565235869,0.06385578979529484
rf,raw,1,1000,8,False,9.095050811767578,Black men,4195,0.3215733015494637,0.3134518672817855,0.20578792064797624,0.6454858157339942,0.04673225579761068,0.06555423122765197
rf,raw,1,1000,8,False,9.095050811767578,White men,2662,0.29676934635612323,0.31895228130559083,0.19278699760450216,0.6772604944282159,0.05128205128205128,0.07550713749060857
rf,raw,1,1000,8,False,9.095050811767578,Black women,339,0.23008849557522124,0.27089452555355825,0.1597009340078301,0.7223695844385499,0.0,0.017699115044247787
rf,raw,1,1000,8,False,9.095050811767578,White women,611,0.2127659574468085,0.2884081497127774,0.16769618008307963,0.6406045098352791,0.014553014553014554,0.01309328968903437
rf,raw,1,1000,9,False,9.346904516220093,All,7807,0.30062764185986934,0.29689467125998026,0.19877970585993654,0.6454508990512399,0.01391941391941392,0.020366337901882924
rf,raw,1,1000,9,False,9.346904516220093,Men,6857,0.31194399883330903,0.3021916810205496,0.20376077684486332,0.6386897008086365,0.015684612123781264,0.022896310339798744
rf,raw,1,1000,9,False,9.346904516220093,Women,950,0.21894736842105264,0.2586614123881652,0.1628268598139965,0.672143893842007,0.0026954177897574125,0.002105263157894737
rf,raw,1,1000,9,False,9.346904516220093,Black,4534,0.31473312748125276,0.2935123259671262,0.20694106017547428,0.6254989919229789,0.011908593498551657,0.018526687251874726
rf,raw,1,1000,9,False,9.346904516220093,White,3273,0.281087687137183,0.30158014439099157,0.18747399841519227,0.6776732755594154,0.016574585635359115,0.022914757103574702
rf,raw,1,1000,9,False,9.346904516220093,Black men,4195,0.3215733015494637,0.2971237634101244,0.2106320968725155,0.617356132206934,0.013000702740688685,0.0200238379022646
rf,raw,1,1000,9,False,9.346904516220093,White men,2662,0.29676934635612323,0.310178125188744,0.19293238183509592,0.6768317916260954,0.019764957264957264,0.027422990232907587
rf,raw,1,1000,9,False,9.346904516220093,Black women,339,0.23008849557522124,0.2488221192609976,0.161265842051321,0.7155909224874741,0.0,0.0
rf,raw,1,1000,9,False,9.346904516220093,White women,611,0.2127659574468085,0.2641205291968555,0.1636929564122731,0.6455781225011995,0.004158004158004158,0.0032733224222585926
rf,raw,1,2000,0,False,6.917389869689941,All,7807,0.30062764185986934,0.29530211621996993,0.19369973101163662,0.6764298902347474,0.027106227106227107,0.03970795439989753
rf,raw,1,2000,0,False,6.917389869689941,Men,6857,0.31194399883330903,0.29901495199329925,0.19820892473554497,0.6728209689409285,0.029461636286562103,0.04302172961936707
rf,raw,1,2000,0,False,6.917389869689941,Women,950,0.21894736842105264,0.2685032584328973,0.16115284536443739,0.6867937487041261,0.012129380053908356,0.015789473684210527
rf,raw,1,2000,0,False,6.917389869689941,Black,4534,0.31473312748125276,0.2964806781030414,0.200625227587392,0.665941612052627,0.028001287415513356,0.03859726510807234
rf,raw,1,2000,0,False,6.917389869689941,White,3273,0.281087687137183,0.29366948573483526,0.18410602448109137,0.6920162050296569,0.02592435189120272,0.04124656278643447
rf,raw,1,2000,0,False,6.917389869689941,Black men,4195,0.3215733015494637,0.2991022788186553,0.20424999277115483,0.6586334220137557,0.029866479269149683,0.0400476758045292
rf,raw,1,2000,0,False,6.917389869689941,White men,2662,0.29676934635612323,0.2988773351516882,0.188688909555461,0.6963316834361137,0.028846153846153848,0.04770848985725019
rf,raw,1,2000,0,False,6.917389869689941,Black women,339,0.23008849557522124,0.26403933591424916,0.15577009500366004,0.7465369879162983,0.007662835249042145,0.02064896755162242
rf,raw,1,2000,0,False,6.917389869689941,White women,611,0.2127659574468085,0.2709799683082192,0.1641393467921027,0.6513353590276668,0.014553014553014554,0.01309328968903437
rf,raw,1,2000,1,False,6.734571695327759,All,7807,0.30062764185986934,0.30695186383181966,0.19367021198546214,0.6764511940268226,0.024175824175824177,0.039451774048930445
rf,raw,1,2000,1,False,6.734571695327759,Men,6857,0.31194399883330903,0.3139812039550117,0.19839779907658253,0.670518307830455,0.02755404832556168,0.04462592970686889
rf,raw,1,2000,1,False,6.734571695327759,Women,950,0.21894736842105264,0.256214826753158,0.15954698600250192,0.6903574020319303,0.0026954177897574125,0.002105263157894737
rf,raw,1,2000,1,False,6.734571695327759,Black,4534,0.31473312748125276,0.3078629729674085,0.2002938200243611,0.6654050385581848,0.021242355970389443,0.03484781649757389
rf,raw,1,2000,1,False,6.734571695327759,White,3273,0.281087687137183,0.30568972853675097,0.18449470362971268,0.6924670633234169,0.02804929876753081,0.045829514207149404
rf,raw,1,2000,1,False,6.734571695327759,Black men,4195,0.3215733015494637,0.3124299570420926,0.2038103608184334,0.657847071332087,0.023190442726633873,0.03766388557806913
rf,raw,1,2000,1,False,6.734571695327759,White men,2662,0.29676934635612323,0.3164257872757091,0.1898682361513141,0.6918952180028128,0.03418803418803419,0.05559729526671676
rf,raw,1,2000,1,False,6.734571695327759,Black women,339,0.23008849557522124,0.2513482290343711,0.15677792435730178,0.7353374594753905,0.0,0.0
rf,raw,1,2000,1,False,6.734571695327759,White women,611,0.2127659574468085,0.25891495216505445,0.16108333935393043,0.6643691028306412,0.004158004158004158,0.0032733224222585926
rf,raw,1,2000,2,False,6.658989906311035,All,7807,0.30062764185986934,0.30497679969806313,0.1925964226317984,0.681343574760703,0.028205128205128206,0.04534392212117331
rf,raw,1,2000,2,False,6.658989906311035,Men,6857,0.31194399883330903,0.3094338493488154,0.19701283814139234,0.6772291014032975,0.032005086901229336,0.05075105731369404
rf,raw,1,2000,2,False,6.658989906311035,Women,950,0.21894736842105264,0.2728062844820548,0.16071920036939236,0.6913033900062202,0.004043126684636119,0.00631578947368421
rf,raw,1,2000,2,False,6.658989906311035,Black,4534,0.31473312748125276,0.3042539898932989,0.1978449208934571,0.6786493143745534,0.028966849050531058,0.04565505072783414
rf,raw,1,2000,2,False,6.658989906311035,White,3273,0.281087687137183,0.30597808892959427,0.185325817340518,0.6870655407527855,0.027199320016999574,0.044912923923006415
rf,raw,1,2000,2,False,6.658989906311035,Black men,4195,0.3215733015494637,0.30688688931052027,0.2014093255709152,0.6708212064114539,0.03162333099086437,0.04886769964243146
rf,raw,1,2000,2,False,6.658989906311035,White men,2662,0.29676934635612323,0.3134475598524397,0.19008448924325244,0.6901053499945905,0.03258547008547009,0.05371900826446281
rf,raw,1,2000,2,False,6.658989906311035,Black women,339,0.23008849557522124,0.2716728304383022,0.15373672731842244,0.7681992337164751,0.0,0.0058997050147492625
rf,raw,1,2000,2,False,6.658989906311035,White women,611,0.2127659574468085,0.27343515669290924,0.16459327297868664,0.645897968974892,0.006237006237006237,0.006546644844517185
rf,raw,1,2000,3,False,6.707807779312134,All,7807,0.30062764185986934,0.30987322230624686,0.19311319854789186,0.6793626342412026,0.04322344322344322,0.06660689125144101
rf,raw,1,2000,3,False,6.707807779312134,Men,6857,0.31194399883330903,0.32052556081931677,0.19723993280210758,0.6775134906531063,0.05002119542178889,0.0758349132273589
rf,raw,1,2000,3,False,6.707807779312134,Women,950,0.21894736842105264,0.23298576421769843,0.1633268650940422,0.6469261870205267,0.0,0.0
rf,raw,1,2000,3,False,6.707807779312134,Black,4534,0.31473312748125276,0.31657673267312114,0.19902327843715187,0.6738075223589205,0.04956549726424203,0.07168063520070578
rf,raw,1,2000,3,False,6.707807779312134,White,3273,0.281087687137183,0.300587027377005,0.18492612179326157,0.6850861065429885,0.03484912877178071,0.05957836846929423
rf,raw,1,2000,3,False,6.707807779312134,Black men,4195,0.3215733015494637,0.32306139271610157,0.20198715867712003,0.6690690431005606,0.054111033028812365,0.07747318235995232
rf,raw,1,2000,3,False,6.707807779312134,White men,2662,0.29676934635612323,0.3165293869624376,0.18975886122221378,0.6909215081683436,0.0438034188034188,0.07325319308790383
rf,raw,1,2000,3,False,6.707807779312134,Black women,339,0.23008849557522124,0.2363314557400737,0.16234635334374042,0.7122507122507122,0.0,0.0
rf,raw,1,2000,3,False,6.707807779312134,White women,611,0.2127659574468085,0.23112948037795175,0.16387088061507712,0.611018711018711,0.0,0.0
rf,raw,1,2000,4,False,7.292038917541504,All,7807,0.30062764185986934,0.3283267372938157,0.19399802198909544,0.6773483724058926,0.05824175824175824,0.08927885231202767
rf,raw,1,2000,4,False,7.292038917541504,Men,6857,0.31194399883330903,0.33661489460476335,0.1983235304687707,0.6731354816513443,0.06591776176345909,0.09931456905352194
rf,raw,1,2000,4,False,7.292038917541504,Women,950,0.21894736842105264,0.26850369026100684,0.16277695709948153,0.671690337963923,0.009433962264150943,0.016842105263157894
rf,raw,1,2000,4,False,7.292038917541504,Black,4534,0.31473312748125276,0.329411814644449,0.20006098159120547,0.6672184269126681,0.05310588992597361,0.0811645346272607
rf,raw,1,2000,4,False,7.292038917541504,White,3273,0.281087687137183,0.3268236084494003,0.18559916502729681,0.6916249376374286,0.06502337441563961,0.10051940116101436
rf,raw,1,2000,4,False,7.292038917541504,Black men,4195,0.3215733015494637,0.33454097824930534,0.20345797508867589,0.6598162038771074,0.05727336612789881,0.08605482717520858
rf,raw,1,2000,4,False,7.292038917541504,White men,2662,0.29676934635612323,0.3398831437073729,0.19023224753094115,0.6961396462187601,0.07905982905982906,0.12021036814425244
rf,raw,1,2000,4,False,7.292038917541504,Black women,339,0.23008849557522124,0.26594030631886734,0.15802443963873253,0.738333824540721,0.007662835249042145,0.02064896755162242
rf,raw,1,2000,4,False,7.292038917541504,White women,611,0.2127659574468085,0.26992592783283215,0.165413787572794,0.6289780905165521,0.010395010395010396,0.014729950900163666
rf,raw,1,2000,5,False,8.224604368209839,All,7807,0.30062764185986934,0.29708726120723067,0.19277933030213473,0.6812490733240626,0.023076923076923078,0.038427052645062125
rf,raw,1,2000,5,False,8.224604368209839,Men,6857,0.31194399883330903,0.300977559053298,0.1970205688835441,0.6788900535305786,0.025646460364561256,0.04200087501822955
rf,raw,1,2000,5,False,8.224604368209839,Women,950,0.21894736842105264,0.26900750085935404,0.16216651666768814,0.6789861082313913,0.006738544474393531,0.01263157894736842
rf,raw,1,2000,5,False,8.224604368209839,Black,4534,0.31473312748125276,0.3004275476266813,0.19902947613649494,0.6733401914297552,0.023173479240424847,0.03749448610498456
rf,raw,1,2000,5,False,8.224604368209839,White,3273,0.281087687137183,0.2924600511168583,0.18412116922270025,0.6918203403610562,0.022949426264343393,0.039718912312862814
rf,raw,1,2000,5,False,8.224604368209839,Black men,4195,0.3215733015494637,0.30300001324968057,0.20223294076958162,0.6684301168925004,0.024595924104005622,0.038617401668653156
rf,raw,1,2000,5,False,8.224604368209839,White men,2662,0.29676934635612323,0.2977904082817634,0.18880648170776376,0.695521610948826,0.027243589743589744,0.0473328324567994
rf,raw,1,2000,5,False,8.224604368209839,Black women,339,0.23008849557522124,0.26859423409133665,0.15938778252056962,0.7255624324589842,0.007662835249042145,0.02359882005899705
rf,raw,1,2000,5,False,8.224604368209839,White women,611,0.2127659574468085,0.2692367928959464,0.1637082365954675,0.6529505837198144,0.006237006237006237,0.006546644844517185
rf,raw,1,2000,6,False,9.990223169326782,All,7807,0.30062764185986934,0.2996048274646394,0.19297840052355814,0.6787219597615849,0.036996336996337,0.057256308441142566
rf,raw,1,2000,6,False,9.990223169326782,Men,6857,0.31194399883330903,0.3045900130905827,0.19734391425242445,0.6754065329462469,0.04217888935989826,0.06431383987166399
rf,raw,1,2000,6,False,9.990223169326782,Women,950,0.21894736842105264,0.2636222823729622,0.16146858195636224,0.6795627721335268,0.004043126684636119,0.00631578947368421
rf,raw,1,2000,6,False,9.990223169326782,Black,4534,0.31473312748125276,0.30125591961139775,0.1990955290015529,0.6737511359051119,0.03830061152236885,0.05491839435377151
rf,raw,1,2000,6,False,9.990223169326782,White,3273,0.281087687137183,0.29731761335116486,0.18450450485621073,0.6866022099447513,0.03527411814704633,0.06049495875343722
rf,raw,1,2000,6,False,9.990223169326782,Black men,4195,0.3215733015494637,0.30437753956527014,0.20232656874412347,0.6683665628791425,0.04181307097680956,0.05887961859356377
rf,raw,1,2000,6,False,9.990223169326782,White men,2662,0.29676934635612323,0.3049248464634927,0.18949183476606926,0.6880639402791301,0.042735042735042736,0.07287753568745305
rf,raw,1,2000,6,False,9.990223169326782,Black women,339,0.23008849557522124,0.2626270237220336,0.15911260357357762,0.7257097946753118,0.0,0.0058997050147492625
rf,raw,1,2000,6,False,9.990223169326782,White women,611,0.2127659574468085,0.26417447988959847,0.16277574508527218,0.6535902766671997,0.006237006237006237,0.006546644844517185
rf,raw,1,2000,7,False,8.87250280380249,All,7807,0.30062764185986934,0.3023758353696891,0.1920639533687672,0.6895295373565506,0.01611721611721612,0.02459331369283976
rf,raw,1,2000,7,False,8.87250280380249,Men,6857,0.31194399883330903,0.3089058402695361,0.19642287918460744,0.6860004784081178,0.01844001695633743,0.027417237859122066
rf,raw,1,2000,7,False,8.87250280380249,Women,950,0.21894736842105264,0.2552429473715308,0.1606016856643289,0.6840659340659341,0.0013477088948787063,0.004210526315789474
rf,raw,1,2000,7,False,8.87250280380249,Black,4534,0.31473312748125276,0.3062347498143357,0.197793491527047,0.6833670561918077,0.014483424525265529,0.022496691662990738
rf,raw,1,2000,7,False,8.87250280380249,White,3273,0.281087687137183,0.2970301836458799,0.18412697628057884,0.6969987435096731,0.01827454313642159,0.027497708524289642
rf,raw,1,2000,7,False,8.87250280380249,Black men,4195,0.3215733015494637,0.31011826343435445,0.2008729310719686,0.6778809112395273,0.015811665495432184,0.023837902264600714
rf,raw,1,2000,7,False,8.87250280380249,White men,2662,0.29676934635612323,0.3069952034639714,0.18941011897894244,0.6986050254246458,0.022435897435897436,0.03305785123966942
rf,raw,1,2000,7,False,8.87250280380249,Black women,339,0.23008849557522124,0.25817770074065244,0.15968656264519984,0.724629138422242,0.0,0.0058997050147492625
rf,raw,1,2000,7,False,8.87250280380249,White women,611,0.2127659574468085,0.2536146635873537,0.16110942167657893,0.6611546457700304,0.002079002079002079,0.0032733224222585926
rf,raw,1,2000,8,False,7.418701410293579,All,7807,0.30062764185986934,0.29603902214957967,0.19391472226907544,0.6745757580014077,0.028754578754578753,0.04534392212117331
rf,raw,1,2000,8,False,7.418701410293579,Men,6857,0.31194399883330903,0.3024467895368486,0.19860983209865626,0.6695194772945406,0.032640949554896145,0.050459384570511884
rf,raw,1,2000,8,False,7.418701410293579,Women,950,0.21894736842105264,0.24978843165010264,0.16002591374124844,0.6827311839104293,0.004043126684636119,0.008421052631578947
rf,raw,1,2000,8,False,7.418701410293579,Black,4534,0.31473312748125276,0.2971524417528763,0.20033806822086475,0.6661689622343832,0.027679433537174124,0.04477282752536392
rf,raw,1,2000,8,False,7.418701410293579,White,3273,0.281087687137183,0.29449663153505257,0.18501663166552743,0.6871135830299895,0.030174245643858903,0.046135044301863735
rf,raw,1,2000,8,False,7.418701410293579,Black men,4195,0.3215733015494637,0.30134268967521544,0.2039627488570824,0.6585430398718084,0.030217849613492623,0.04743742550655542
rf,raw,1,2000,8,False,7.418701410293579,White men,2662,0.29676934635612323,0.3041867215126379,0.19017426267656848,0.6885724331926864,0.03632478632478633,0.055221637866265966
rf,raw,1,2000,8,False,7.418701410293579,Black women,339,0.23008849557522124,0.24529966879059767,0.15548398188182871,0.7391688770999116,0.0,0.011799410029498525
rf,raw,1,2000,8,False,7.418701410293579,White women,611,0.2127659574468085,0.2522789236458019,0.1625459053948381,0.6495282264513034,0.006237006237006237,0.006546644844517185
rf,raw,1,2000,9,False,7.1622474193573,All,7807,0.30062764185986934,0.2996113459507597,0.19305094138263224,0.682000012485739,0.011904761904761904,0.02241578070961957
rf,raw,1,2000,9,False,7.1622474193573,Men,6857,0.31194399883330903,0.307727657283755,0.19775073587461672,0.6765212000790344,0.01377702416278084,0.02537552865684702
rf,raw,1,2000,9,False,7.1622474193573,Women,950,0.21894736842105264,0.24102866509776139,0.15912831945469794,0.6894762077545097,0.0,0.0010526315789473684
rf,raw,1,2000,9,False,7.1622474193573,Black,4534,0.31473312748125276,0.30208818247395774,0.1996539757084663,0.6700893995947843,0.009011908593498551,0.01940891045434495
rf,raw,1,2000,9,False,7.1622474193573,White,3273,0.281087687137183,0.2961802500765831,0.18390393324534784,0.6978639664443171,0.01572460688482788,0.026581118240146653
rf,raw,1,2000,9,False,7.1622474193573,Black men,4195,0.3215733015494637,0.3072320735653048,0.20312566275805247,0.6624581233750098,0.009838369641602248,0.020738974970202623
rf,raw,1,2000,9,False,7.1622474193573,White men,2662,0.29676934635612323,0.30850863913908877,0.18928048107521284,0.6995902304446608,0.019764957264957264,0.03268219383921863
rf,raw,1,2000,9,False,7.1622474193573,Black women,339,0.23008849557522124,0.23843442693354316,0.15669312859043102,0.739561843010119,0.0,0.0029498525073746312
rf,raw,1,2000,9,False,7.1622474193573,White women,611,0.2127659574468085,0.24246802146055998,0.16047943189821096,0.657524388293619,0.0,0.0
rf,raw,1,4000,0,False,9.79523229598999,All,7807,0.30062764185986934,0.2971301586046891,0.19173651981530285,0.687437629832176,0.02326007326007326,0.03906750352247983
rf,raw,1,4000,0,False,9.79523229598999,Men,6857,0.31194399883330903,0.3021293803345428,0.19619285851102572,0.6836500557581292,0.02691818567189487,0.044334256963686744
rf,raw,1,4000,0,False,9.79523229598999,Women,950,0.21894736842105264,0.26104630239247156,0.15957113619785865,0.6916532759693137,0.0,0.0010526315789473684
rf,raw,1,4000,0,False,9.79523229598999,Black,4534,0.31473312748125276,0.29738121538855367,0.19844612109429077,0.6776846549227967,0.022207917605407145,0.03617115130127922
rf,raw,1,4000,0,False,9.79523229598999,White,3273,0.281087687137183,0.2967823763077011,0.18244188730722727,0.702422439439014,0.024649383765405864,0.04307974335472044
rf,raw,1,4000,0,False,9.79523229598999,Black men,4195,0.3215733015494637,0.3008695643706276,0.20191027525785396,0.6708717370614188,0.024244553759662685,0.03909415971394517
rf,raw,1,4000,0,False,9.79523229598999,White men,2662,0.29676934635612323,0.30411470263680584,0.18718287982847706,0.7056678026614734,0.030982905982905984,0.05259203606311044
rf,raw,1,4000,0,False,9.79523229598999,Black women,339,0.23008849557522124,0.25421418299976256,0.15557849066317653,0.7463896256999706,0.0,0.0
rf,raw,1,4000,0,False,9.79523229598999,White women,611,0.2127659574468085,0.2648369545596211,0.16178636833575918,0.6600191907884216,0.0,0.0016366612111292963
rf,raw,1,4000,1,False,9.101211071014404,All,7807,0.30062764185986934,0.3081534818681031,0.19143210416593107,0.6887400484758814,0.029853479853479855,0.05149225054438324
rf,raw,1,4000,1,False,9.101211071014404,Men,6857,0.31194399883330903,0.3171745997774484,0.19603442647376124,0.6835845570493753,0.03412462908011869,0.058042875893247775
rf,raw,1,4000,1,False,9.101211071014404,Women,950,0.21894736842105264,0.24304000238980755,0.15821302620299277,0.695748237611445,0.0026954177897574125,0.004210526315789474
rf,raw,1,4000,1,False,9.101211071014404,Black,4534,0.31473312748125276,0.30828425382874775,0.19776146459403574,0.678918390532128,0.026392018023817188,0.0443317159241288
rf,raw,1,4000,1,False,9.101211071014404,White,3273,0.281087687137183,0.30797232694309157,0.18266420921297455,0.7036969456198376,0.034424139396515084,0.0614115490375802
rf,raw,1,4000,1,False,9.101211071014404,Black men,4195,0.3215733015494637,0.3143032885249384,0.20103652652456142,0.6728340974574749,0.028460997891777935,0.04743742550655542
rf,raw,1,4000,1,False,9.101211071014404,White men,2662,0.29676934635612323,0.3216994497790561,0.1881517030653815,0.7030861192253598,0.042735042735042736,0.07475582268970699
rf,raw,1,4000,1,False,9.101211071014404,Black women,339,0.23008849557522124,0.2338009188714631,0.15723378082248657,0.7299341782100404,0.0038314176245210726,0.0058997050147492625
rf,raw,1,4000,1,False,9.101211071014404,White women,611,0.2127659574468085,0.24816610601127853,0.15875633910641598,0.6769870462178155,0.002079002079002079,0.0032733224222585926
rf,raw,1,4000,2,False,34.718088150024414,All,7807,0.30062764185986934,0.30771008312824866,0.19218243179706918,0.6833107029314954,0.036996336996337,0.06033047265274753
rf,raw,1,4000,2,False,34.718088150024414,Men,6857,0.31194399883330903,0.31601470105980806,0.19697206793986818,0.6769909873380393,0.04281475201356507,0.06868893101939624
rf,raw,1,4000,2,False,34.718088150024414,Women,950,0.21894736842105264,0.247768225068562,0.1576113422905714,0.6991563860667633,0.0,0.0
rf,raw,1,4000,2,False,34.718088150024414,Black,4534,0.31473312748125276,0.3097984435405331,0.19865369791495371,0.6744144661477158,0.03862246540070808,0.05955006616674018
rf,raw,1,4000,2,False,34.718088150024414,White,3273,0.281087687137183,0.30481713289626056,0.18321795865973692,0.6965945416581977,0.03484912877178071,0.0614115490375802
rf,raw,1,4000,2,False,34.718088150024414,Black men,4195,0.3215733015494637,0.31491907165243976,0.20228830049379834,0.6658749329947955,0.0421644413211525,0.06436233611442194
rf,raw,1,4000,2,False,34.718088150024414,White men,2662,0.29676934635612323,0.3177412845924564,0.1885943085244899,0.696880747592773,0.0438034188034188,0.07550713749060857
rf,raw,1,4000,2,False,34.718088150024414,Black women,339,0.23008849557522124,0.24643255879289702,0.1536768311944427,0.762157382847038,0.0,0.0
rf,raw,1,4000,2,False,34.718088150024414,White women,611,0.2127659574468085,0.2485092903180717,0.15979431980544473,0.663473532704302,0.0,0.0
rf,raw,1,4000,3,False,9.588145017623901,All,7807,0.30062764185986934,0.30391985133146926,0.19108482938699847,0.6888329891951537,0.03956043956043956,0.0640450877417702
rf,raw,1,4000,3,False,9.588145017623901,Men,6857,0.31194399883330903,0.31446500319661674,0.195451910349069,0.6852850462187032,0.04578211106401017,0.0723348403091731
rf,raw,1,4000,3,False,9.588145017623901,Women,950,0.21894736842105264,0.2278060551848204,0.15956369869550596,0.6807614555256065,0.0,0.004210526315789474
rf,raw,1,4000,3,False,9.588145017623901,Black,4534,0.31473312748125276,0.3082908594862839,0.19728512902435316,0.6816434350717878,0.04119729642742195,0.06440229378032643
rf,raw,1,4000,3,False,9.588145017623901,White,3273,0.281087687137183,0.2978648097873417,0.18249571892083094,0.697831168351226,0.037399065023374416,0.06355025970058051
rf,raw,1,4000,3,False,9.588145017623901,Black men,4195,0.3215733015494637,0.31487177158844676,0.20058693849511572,0.6752309172563212,0.044975404075895994,0.06889153754469607
rf,raw,1,4000,3,False,9.588145017623901,White men,2662,0.29676934635612323,0.3138239838864263,0.1873597078424327,0.7021252569512063,0.04700854700854701,0.0777610818933133
rf,raw,1,4000,3,False,9.588145017623901,Black women,339,0.23008849557522124,0.22685449881202643,0.1564264543050351,0.74339326063464,0.0,0.008849557522123894
rf,raw,1,4000,3,False,9.588145017623901,White women,611,0.2127659574468085,0.2283340054473035,0.16130433019856594,0.6437070206300977,0.0,0.0016366612111292963
rf,raw,1,4000,4,False,8.944345951080322,All,7807,0.30062764185986934,0.30686466520375894,0.1918496213254035,0.6858094894737418,0.030402930402930402,0.051107980017932625
rf,raw,1,4000,4,False,8.944345951080322,Men,6857,0.31194399883330903,0.3135075921673274,0.19629866406537222,0.6813596818486927,0.0347604917337855,0.057167857663701326
rf,raw,1,4000,4,False,8.944345951080322,Women,950,0.21894736842105264,0.25891671763619206,0.15973689914859734,0.688517261040846,0.0026954177897574125,0.007368421052631579
rf,raw,1,4000,4,False,8.944345951080322,Black,4534,0.31473312748125276,0.3071318343082887,0.1982498022795229,0.6770269633255738,0.02832314129385259,0.04565505072783414
rf,raw,1,4000,4,False,8.944345951080322,White,3273,0.281087687137183,0.3064945629367446,0.18298362057808373,0.6992936861361074,0.03314917127071823,0.05866177818515124
rf,raw,1,4000,4,False,8.944345951080322,Black men,4195,0.3215733015494637,0.31134570327112104,0.2016454946635192,0.6700387627388029,0.03056921995783556,0.04815256257449344
rf,raw,1,4000,4,False,8.944345951080322,White men,2662,0.29676934635612323,0.3169144756833248,0.18787268571855537,0.7016769447149195,0.04113247863247863,0.07137490608564989
rf,raw,1,4000,4,False,8.944345951080322,Black women,339,0.23008849557522124,0.25498675967972906,0.15622936112653052,0.7388741526672561,0.0038314176245210726,0.014749262536873156
rf,raw,1,4000,4,False,8.944345951080322,White women,611,0.2127659574468085,0.2610971689410054,0.16168297998244455,0.6579721733567887,0.002079002079002079,0.0032733224222585926
rf,raw,1,4000,5,False,14.736467361450195,All,7807,0.30062764185986934,0.2999003618020049,0.19222016133151723,0.6812972214548696,0.03882783882783883,0.06417317791725374
rf,raw,1,4000,5,False,14.736467361450195,Men,6857,0.31194399883330903,0.30934490659052555,0.19671930290649997,0.6769333167654301,0.04493429419245443,0.07277234942394634
rf,raw,1,4000,5,False,14.736467361450195,Women,950,0.21894736842105264,0.2317306316810722,0.15974583103714154,0.6791804893219988,0.0,0.002105263157894737
rf,raw,1,4000,5,False,14.736467361450195,Black,4534,0.31473312748125276,0.30595885335486317,0.19882460823125278,0.6713817771160765,0.04055358867074348,0.0655050727834142
rf,raw,1,4000,5,False,14.736467361450195,White,3273,0.281087687137183,0.29150769431020557,0.18307119639311178,0.6933466065522275,0.03654908627284318,0.06232813932172319
rf,raw,1,4000,5,False,14.736467361450195,Black men,4195,0.3215733015494637,0.3121091844999572,0.20218364090731866,0.6648018078512128,0.04427266338721012,0.07032181168057211
rf,raw,1,4000,5,False,14.736467361450195,White men,2662,0.29676934635612323,0.3049887285927548,0.1881081466655405,0.6960226658011468,0.045940170940170943,0.07663410969196092
rf,raw,1,4000,5,False,14.736467361450195,Black women,339,0.23008849557522124,0.22985077325554246,0.15725781744630765,0.727330779054917,0.0,0.0058997050147492625
rf,raw,1,4000,5,False,14.736467361450195,White women,611,0.2127659574468085,0.23277363005464757,0.161126251016344,0.6508715816408125,0.0,0.0
rf,raw,1,4000,6,False,9.600263357162476,All,7807,0.30062764185986934,0.2945457417959304,0.19154525124853086,0.685010090037785,0.030402930402930402,0.053413603176636355
rf,raw,1,4000,6,False,9.600263357162476,Men,6857,0.31194399883330903,0.30121459709683585,0.1959912069264522,0.6811624920901143,0.03497244595167444,0.06052209421029605
rf,raw,1,4000,6,False,9.600263357162476,Women,950,0.21894736842105264,0.2464106462187642,0.15945481116062912,0.6851479888036492,0.0013477088948787063,0.002105263157894737
rf,raw,1,4000,6,False,9.600263357162476,Black,4534,0.31473312748125276,0.2963790705104504,0.1982605868262582,0.6763115319996509,0.03057611844222723,0.050286722540802825
rf,raw,1,4000,6,False,9.600263357162476,White,3273,0.281087687137183,0.2920060802036196,0.18224267516866047,0.698052901938321,0.030174245643858903,0.05774518790100825
rf,raw,1,4000,6,False,9.600263357162476,Black men,4195,0.3215733015494637,0.30094087091243327,0.2015933876214978,0.6699259804118196,0.03338018271257906,0.05411203814064362
rf,raw,1,4000,6,False,9.600263357162476,White men,2662,0.29676934635612323,0.30164595748134687,0.187162826755259,0.70042194092827,0.03739316239316239,0.07062359128474831
rf,raw,1,4000,6,False,9.600263357162476,Black women,339,0.23008849557522124,0.23992847261570616,0.15701840589401578,0.7371549268100992,0.0,0.0029498525073746312
rf,raw,1,4000,6,False,9.600263357162476,White women,611,0.2127659574468085,0.25000713861064094,0.16080659738875014,0.6577962577962578,0.002079002079002079,0.0016366612111292963
rf,raw,1,4000,7,False,10.355180025100708,All,7807,0.30062764185986934,0.2993532634453168,0.19192362271923916,0.6931840351098979,0.004578754578754579,0.008582041757397208
rf,raw,1,4000,7,False,10.355180025100708,Men,6857,0.31194399883330903,0.3083349653271235,0.19636047021877795,0.6898118888975429,0.0052988554472234,0.009771036896602012
rf,raw,1,4000,7,False,10.355180025100708,Women,950,0.21894736842105264,0.23452428470473907,0.15989892450414728,0.6904740306862949,0.0,0.0
rf,raw,1,4000,7,False,10.355180025100708,Black,4534,0.31473312748125276,0.30499144193070576,0.1976197978720726,0.6877951971823013,0.005149662053427744,0.008160564622849581
rf,raw,1,4000,7,False,10.355180025100708,White,3273,0.281087687137183,0.29154284448633316,0.18403286251668896,0.699134777065356,0.003824904377390565,0.00916590284142988
rf,raw,1,4000,7,False,10.355180025100708,Black men,4195,0.3215733015494637,0.3105178529633825,0.2006777030630362,0.6824799817881286,0.005621925509486999,0.008820023837902265
rf,raw,1,4000,7,False,10.355180025100708,White men,2662,0.29676934635612323,0.3048949902579625,0.1895570172579727,0.7013023369036027,0.004807692307692308,0.011269722013523666
rf,raw,1,4000,7,False,10.355180025100708,Black women,339,0.23008849557522124,0.23660414316351044,0.15977934868005983,0.7373514097652029,0.0,0.0
rf,raw,1,4000,7,False,10.355180025100708,White women,611,0.2127659574468085,0.2333703206826057,0.15996526853747892,0.6629297936990244,0.0,0.0
rf,raw,1,4000,8,False,10.470649003982544,All,7807,0.30062764185986934,0.2936160483447493,0.19212855962610031,0.6846678247189538,0.030402930402930402,0.04969898808761368
rf,raw,1,4000,8,False,10.470649003982544,Men,6857,0.31194399883330903,0.3006082530551602,0.19677821850699231,0.6797656156947987,0.03412462908011869,0.05483447571824413
rf,raw,1,4000,8,False,10.470649003982544,Women,950,0.21894736842105264,0.24314705076655188,0.15856781126159877,0.6917051109268091,0.006738544474393531,0.01263157894736842
rf,raw,1,4000,8,False,10.470649003982544,Black,4534,0.31473312748125276,0.2955189953272247,0.198731766754504,0.6750653913704817,0.030254264563887995,0.04874283193647993
rf,raw,1,4000,8,False,10.470649003982544,White,3273,0.281087687137183,0.29097994641424413,0.18298131211000432,0.69804828248859,0.03059923501912452,0.051023525817293004
rf,raw,1,4000,8,False,10.470649003982544,Black men,4195,0.3215733015494637,0.30042926574852424,0.20226065574245014,0.6679888853407459,0.03302881236823612,0.051489868891537546
rf,raw,1,4000,8,False,10.470649003982544,White men,2662,0.29676934635612323,0.3008903160721917,0.1881385399935642,0.6991730228280861,0.03579059829059829,0.06010518407212622
rf,raw,1,4000,8,False,10.470649003982544,Black women,339,0.23008849557522124,0.2347562094353323,0.15506306674142364,0.7395127222713429,0.0,0.014749262536873156
rf,raw,1,4000,8,False,10.470649003982544,White women,611,0.2127659574468085,0.24780252574410253,0.16051234218195787,0.6643691028306413,0.010395010395010396,0.011456628477905073
rf,raw,1,4000,9,False,8.500090837478638,All,7807,0.30062764185986934,0.2998634931645621,0.19176742251623397,0.686754503840145,0.022161172161172162,0.03714615089022672
rf,raw,1,4000,9,False,8.500090837478638,Men,6857,0.31194399883330903,0.3081112165520857,0.1963068769496687,0.6819306403355911,0.025646460364561256,0.0422925477614117
rf,raw,1,4000,9,False,8.500090837478638,Women,950,0.21894736842105264,0.2403322939348265,0.15900211825301078,0.6946791416131038,0.0,0.0
rf,raw,1,4000,9,False,8.500090837478638,Black,4534,0.31473312748125276,0.30364549349085873,0.19851294346074452,0.6748344324556819,0.022207917605407145,0.03617115130127922
rf,raw,1,4000,9,False,8.500090837478638,White,3273,0.281087687137183,0.29462438852678985,0.18242303144919733,0.702470481716218,0.022099447513812154,0.0384967919340055
rf,raw,1,4000,9,False,8.500090837478638,Black men,4195,0.3215733015494637,0.30908688801027917,0.20172496558721933,0.6687260077087892,0.024244553759662685,0.03909415971394517
rf,raw,1,4000,9,False,8.500090837478638,White men,2662,0.29676934635612323,0.3065736726876525,0.18776860428455794,0.7034769555339175,0.027777777777777776,0.0473328324567994
rf,raw,1,4000,9,False,8.500090837478638,Black women,339,0.23008849557522124,0.23631024272694054,0.15876535401955916,0.7353865802141665,0.0,0.0
rf,raw,1,4000,9,False,8.500090837478638,White women,611,0.2127659574468085,0.24256384116800705,0.1591334817147786,0.6698704621781546,0.0,0.0
rf,raw,1,8000,0,False,22.495569229125977,All,7807,0.30062764185986934,0.30105495762227724,0.1901198356070408,0.6958254712195914,0.03223443223443224,0.05456641475598822
rf,raw,1,8000,0,False,22.495569229125977,Men,6857,0.31194399883330903,0.30826052336378,0.19453913256597508,0.6917035233152613,0.03730394234845273,0.06183462155461572
rf,raw,1,8000,0,False,22.495569229125977,Women,950,0.21894736842105264,0.24904594258071425,0.15822181534660654,0.6994155608542402,0.0,0.002105263157894737
rf,raw,1,8000,0,False,22.495569229125977,Black,4534,0.31473312748125276,0.303750060249627,0.19627347374507975,0.6888424064024338,0.03250724171226263,0.05403617115130128
rf,raw,1,8000,0,False,22.495569229125977,White,3273,0.281087687137183,0.29732150350910774,0.18159536407698618,0.7053992128457658,0.03187420314492138,0.055300947143293616
rf,raw,1,8000,0,False,22.495569229125977,Black men,4195,0.3215733015494637,0.30865383888955356,0.19962481642192617,0.6822645753576084,0.035488404778636684,0.057926102502979734
rf,raw,1,8000,0,False,22.495569229125977,White men,2662,0.29676934635612323,0.30764070419375006,0.18652469087712653,0.7075814129611598,0.04006410256410257,0.06799398948159278
rf,raw,1,8000,0,False,22.495569229125977,Black women,339,0.23008849557522124,0.24306760775849962,0.15480184386492998,0.7512525788387858,0.0,0.0058997050147492625
rf,raw,1,8000,0,False,22.495569229125977,White women,611,0.2127659574468085,0.2523628910336287,0.160119311798797,0.6685590916360147,0.0,0.0
rf,raw,1,8000,1,False,14.569124937057495,All,7807,0.30062764185986934,0.3040521149027291,0.1905626767433588,0.693249897382833,0.027106227106227107,0.04854617650826182
rf,raw,1,8000,1,False,14.569124937057495,Men,6857,0.31194399883330903,0.3133919897711317,0.19520472856451895,0.6882042473683093,0.03115727002967359,0.05483447571824413
rf,raw,1,8000,1,False,14.569124937057495,Women,950,0.21894736842105264,0.2366378812473221,0.1570568353352586,0.7030051316607921,0.0013477088948787063,0.003157894736842105
rf,raw,1,8000,1,False,14.569124937057495,Black,4534,0.31473312748125276,0.307218278893315,0.19748950566678547,0.6810229585340785,0.026392018023817188,0.04455227172474636
rf,raw,1,8000,1,False,14.569124937057495,White,3273,0.281087687137183,0.2996661119900141,0.18096712454695896,0.7097770653559747,0.02804929876753081,0.054078826764436295
rf,raw,1,8000,1,False,14.569124937057495,Black men,4195,0.3215733015494637,0.3134093120056823,0.2008054917415198,0.6745461488091176,0.02881236823612087,0.04767580452920143
rf,raw,1,8000,1,False,14.569124937057495,White men,2662,0.29676934635612323,0.3133646919597345,0.18637858223562392,0.7104159904792817,0.034722222222222224,0.06611570247933884
rf,raw,1,8000,1,False,14.569124937057495,Black women,339,0.23008849557522124,0.23060652695708866,0.1564554007006779,0.733372629924354,0.0,0.0058997050147492625
rf,raw,1,8000,1,False,14.569124937057495,White women,611,0.2127659574468085,0.23998424639362181,0.1573905282012534,0.6849832080601311,0.002079002079002079,0.0016366612111292963
rf,raw,1,8000,2,False,10.624740839004517,All,7807,0.30062764185986934,0.2990948995916585,0.19038809176472338,0.6917932018272879,0.03791208791208791,0.06302036633790188
rf,raw,1,8000,2,False,10.624740839004517,Men,6857,0.31194399883330903,0.3101270583623306,0.19516141482646893,0.6859523205072791,0.04387452310300975,0.0717514948228088
rf,raw,1,8000,2,False,10.624740839004517,Women,950,0.21894736842105264,0.21946593886481805,0.15593474836010315,0.7066270993157785,0.0,0.0
rf,raw,1,8000,2,False,10.624740839004517,Black,4534,0.31473312748125276,0.30382515122640863,0.1971501029889337,0.6819005573011548,0.040875442549082715,0.06462284958094398
rf,raw,1,8000,2,False,10.624740839004517,White,3273,0.281087687137183,0.29254220759289384,0.181020857151045,0.7047086051109592,0.033999150021249466,0.06080048884815154
rf,raw,1,8000,2,False,10.624740839004517,Black men,4195,0.3215733015494637,0.31064700549604374,0.20050092448217963,0.6751949727733564,0.044624033731553055,0.0698450536352801
rf,raw,1,8000,2,False,10.624740839004517,White men,2662,0.29676934635612323,0.3093076826200592,0.1867469734268798,0.7037115925565293,0.042735042735042736,0.07475582268970699
rf,raw,1,8000,2,False,10.624740839004517,Black women,339,0.23008849557522124,0.2194072200726643,0.15568492256366318,0.7497298359367326,0.0,0.0
rf,raw,1,8000,2,False,10.624740839004517,White women,611,0.2127659574468085,0.21949851770367257,0.15607335874470735,0.6818806972653128,0.0,0.0
rf,raw,1,8000,3,False,19.975000143051147,All,7807,0.30062764185986934,0.2970788067285703,0.1900739928401758,0.6964928339662043,0.02728937728937729,0.04713718457794287
rf,raw,1,8000,3,False,19.975000143051147,Men,6857,0.31194399883330903,0.3059591363014576,0.19453501044023838,0.6922815172156569,0.031581178465451464,0.053521948373924454
rf,raw,1,8000,3,False,19.975000143051147,Women,950,0.21894736842105264,0.2329815226430038,0.1578748373837237,0.6992406178726933,0.0,0.0010526315789473684
rf,raw,1,8000,3,False,19.975000143051147,Black,4534,0.31473312748125276,0.3010770861640981,0.19646758924343277,0.6879007526238308,0.029610556807209528,0.04874283193647993
rf,raw,1,8000,3,False,19.975000143051147,White,3273,0.281087687137183,0.2915400963831125,0.18121711349634226,0.7078225761747261,0.024224394390140246,0.044912923923006415
rf,raw,1,8000,3,False,19.975000143051147,Black men,4195,0.3215733015494637,0.3068685589335061,0.19984383130139818,0.6809520807948628,0.03232607167955025,0.052443384982121574
rf,raw,1,8000,3,False,19.975000143051147,White men,2662,0.29676934635612323,0.3045259928223276,0.18616893098397794,0.7109501785134696,0.030448717948717948,0.055221637866265966
rf,raw,1,8000,3,False,19.975000143051147,Black women,339,0.23008849557522124,0.22940974614148246,0.15468783870312272,0.7553296001571863,0.0,0.0029498525073746312
rf,raw,1,8000,3,False,19.975000143051147,White women,611,0.2127659574468085,0.23496324479360237,0.1596430739675596,0.6655205501359348,0.0,0.0
rf,raw,1,8000,4,False,18.44004225730896,All,7807,0.30062764185986934,0.2991841024217,0.19053852187225012,0.6924287259395908,0.028021978021978023,0.048930447034712436
rf,raw,1,8000,4,False,18.44004225730896,Men,6857,0.31194399883330903,0.30740798659830015,0.19505265031539934,0.6879480988628196,0.032005086901229336,0.05512614846142628
rf,raw,1,8000,4,False,18.44004225730896,Women,950,0.21894736842105264,0.23982497210701895,0.15795601794101422,0.6955603358905245,0.0026954177897574125,0.004210526315789474
rf,raw,1,8000,4,False,18.44004225730896,Black,4534,0.31473312748125276,0.3016622104585057,0.19654193189235605,0.6865729644095471,0.02735757965883489,0.04719894133215704
rf,raw,1,8000,4,False,18.44004225730896,White,3273,0.281087687137183,0.29575124515348217,0.1822221573653267,0.700668434376097,0.02889927751806205,0.051329055912007336
rf,raw,1,8000,4,False,18.44004225730896,Black men,4195,0.3215733015494637,0.3068883713836192,0.1998953576146439,0.6800769107748537,0.029515108924806747,0.05029797377830751
rf,raw,1,8000,4,False,18.44004225730896,White men,2662,0.29676934635612323,0.30822683927507954,0.18742111120182647,0.7020048955966677,0.03579059829059829,0.06273478587528174
rf,raw,1,8000,4,False,18.44004225730896,Black women,339,0.23008849557522124,0.23699039606071548,0.15504452509295355,0.7492877492877492,0.0038314176245210726,0.008849557522123894
rf,raw,1,8000,4,False,18.44004225730896,White women,611,0.2127659574468085,0.24139767469244755,0.1595713961333097,0.6655685271069886,0.002079002079002079,0.0016366612111292963
rf,raw,1,8000,5,False,17.6075222492218,All,7807,0.30062764185986934,0.2976093616272828,0.1909816758308388,0.6892255096132387,0.026373626373626374,0.04662482387600871
rf,raw,1,8000,5,False,17.6075222492218,Men,6857,0.31194399883330903,0.3069147561903142,0.1954700418664979,0.6850206732157448,0.03052140737600678,0.05293860288756016
rf,raw,1,8000,5,False,17.6075222492218,Women,950,0.21894736842105264,0.23044400318653968,0.15858512224503424,0.6904416338378603,0.0,0.0010526315789473684
rf,raw,1,8000,5,False,17.6075222492218,Black,4534,0.31473312748125276,0.30216319197651365,0.1975504678006728,0.6794281240745574,0.028001287415513356,0.047860608734009706
rf,raw,1,8000,5,False,17.6075222492218,White,3273,0.281087687137183,0.2913010613512631,0.18188210272016747,0.7018094384596907,0.024224394390140246,0.044912923923006415
rf,raw,1,8000,5,False,17.6075222492218,Black men,4195,0.3215733015494637,0.3081753595459519,0.20079498483248256,0.6733149200339441,0.03056921995783556,0.051489868891537546
rf,raw,1,8000,5,False,17.6075222492218,White men,2662,0.29676934635612323,0.3049281930509828,0.18707855586262645,0.7041707237909769,0.030448717948717948,0.055221637866265966
rf,raw,1,8000,5,False,17.6075222492218,Black women,339,0.23008849557522124,0.2277648351806627,0.1574007658878644,0.7320954907161803,0.0,0.0029498525073746312
rf,raw,1,8000,5,False,17.6075222492218,White women,611,0.2127659574468085,0.23193048101631425,0.15924223649230193,0.6674236366544058,0.0,0.0
rf,raw,1,8000,6,False,22.768369436264038,All,7807,0.30062764185986934,0.29290888782150865,0.19079671751750552,0.6912584220210979,0.030036630036630037,0.05097988984244908
rf,raw,1,8000,6,False,22.768369436264038,Men,6857,0.31194399883330903,0.3013214936823522,0.19557125677253961,0.685187739513716,0.0347604917337855,0.0578970395216567
rf,raw,1,8000,6,False,22.768369436264038,Women,950,0.21894736842105264,0.2321875842553989,0.15633459575774922,0.7058495749533487,0.0,0.0010526315789473684
rf,raw,1,8000,6,False,22.768369436264038,Black,4534,0.31473312748125276,0.29530726910677835,0.19773463237598382,0.6811549028359906,0.03057611844222723,0.04874283193647993
rf,raw,1,8000,6,False,22.768369436264038,White,3273,0.281087687137183,0.28958647390540326,0.18118580826961658,0.7053992128457658,0.029324266893327667,0.054078826764436295
rf,raw,1,8000,6,False,22.768369436264038,Black men,4195,0.3215733015494637,0.30091287636596115,0.2012319944506763,0.6734842237580531,0.03338018271257906,0.052443384982121574
rf,raw,1,8000,6,False,22.768369436264038,White men,2662,0.29676934635612323,0.30196542668094734,0.1866505976591724,0.7048868062317429,0.03685897435897436,0.06649135987978963
rf,raw,1,8000,6,False,22.768369436264038,Black women,339,0.23008849557522124,0.22593994623871944,0.1544560662894503,0.7509578544061304,0.0,0.0029498525073746312
rf,raw,1,8000,6,False,22.768369436264038,White women,611,0.2127659574468085,0.2356539497016417,0.15737685678844204,0.6800415800415801,0.0,0.0
rf,raw,1,8000,7,False,23.61128282546997,All,7807,0.30062764185986934,0.29915490653043303,0.1909901858811095,0.6948803007814511,0.011721611721611722,0.02215960035865249
rf,raw,1,8000,7,False,23.61128282546997,Men,6857,0.31194399883330903,0.3080918129910431,0.19543246678285764,0.6909722366728954,0.013565069944891903,0.025229692285255942
rf,raw,1,8000,7,False,23.61128282546997,Women,950,0.21894736842105264,0.23464925642474568,0.15892626994080747,0.6972579307484968,0.0,0.0
rf,raw,1,8000,7,False,23.61128282546997,Black,4534,0.31473312748125276,0.30357608795799473,0.19724061785022162,0.6858347529562854,0.011908593498551657,0.02227613586237318
rf,raw,1,8000,7,False,23.61128282546997,White,3273,0.281087687137183,0.29303036128369775,0.18233162842680026,0.7062066926587705,0.011474713132171696,0.021998166819431713
rf,raw,1,8000,7,False,23.61128282546997,Black men,4195,0.3215733015494637,0.3092900944460191,0.20040260715065605,0.6797719036041898,0.013000702740688685,0.02407628128724672
rf,raw,1,8000,7,False,23.61128282546997,White men,2662,0.29676934635612323,0.3062034618627093,0.18760010808905064,0.7092164340582062,0.014423076923076924,0.027047332832456798
rf,raw,1,8000,7,False,23.61128282546997,Black women,339,0.23008849557522124,0.2328673646032384,0.1581121661826038,0.7461931427448669,0.0,0.0
rf,raw,1,8000,7,False,23.61128282546997,White women,611,0.2127659574468085,0.23563790016859346,0.15937795762334603,0.6680313449544218,0.0,0.0
rf,raw,1,8000,8,False,16.8768150806427,All,7807,0.30062764185986934,0.29887015765381303,0.190977682151512,0.6916130950430057,0.03498168498168498,0.053797873703086974
rf,raw,1,8000,8,False,16.8768150806427,Men,6857,0.31194399883330903,0.3073418861740614,0.1955645196183628,0.6864430158261131,0.040059347181008904,0.0608137669534782
rf,raw,1,8000,8,False,16.8768150806427,Women,950,0.21894736842105264,0.2377221129555575,0.15787037214077945,0.7004457806344598,0.0026954177897574125,0.003157894736842105
rf,raw,1,8000,8,False,16.8768150806427,Black,4534,0.31473312748125276,0.30147899175589915,0.19757865972339858,0.6821439212357926,0.035725780495654974,0.051830613145125715
rf,raw,1,8000,8,False,16.8768150806427,White,3273,0.281087687137183,0.2952562090382131,0.18183352318086313,0.7046092869417395,0.033999150021249466,0.05652306752215093
rf,raw,1,8000,8,False,16.8768150806427,Black men,4195,0.3215733015494637,0.3073533318200054,0.20096392365461627,0.675078804371891,0.03900210822206606,0.05578069129916567
rf,raw,1,8000,8,False,16.8768150806427,White men,2662,0.29676934635612323,0.30732384917754174,0.18705569169496564,0.7052377474845829,0.041666666666666664,0.06874530428249437
rf,raw,1,8000,8,False,16.8768150806427,Black women,339,0.23008849557522124,0.22878619951718057,0.15568726682824147,0.7493859907653011,0.0,0.0029498525073746312
rf,raw,1,8000,8,False,16.8768150806427,White women,611,0.2127659574468085,0.24268000928225106,0.15908162042384058,0.6716136254597793,0.004158004158004158,0.0032733224222585926
rf,raw,1,8000,9,False,16.55045509338379,All,7807,0.30062764185986934,0.3009059827653749,0.19070885595603634,0.6928262406532539,0.02857142857142857,0.04649673370052517
rf,raw,1,8000,9,False,16.55045509338379,Men,6857,0.31194399883330903,0.31008767647475816,0.1952895878630204,0.687735550102945,0.03306485799067401,0.05293860288756016
rf,raw,1,8000,9,False,16.55045509338379,Women,950,0.21894736842105264,0.2346334840651214,0.1576456152337316,0.7017675720505909,0.0,0.0
rf,raw,1,8000,9,False,16.55045509338379,Black,4534,0.31473312748125276,0.307260608207337,0.19710863830864547,0.6832468402722879,0.03347280334728033,0.05161005734450816
rf,raw,1,8000,9,False,16.55045509338379,White,3273,0.281087687137183,0.29210308885952213,0.18184340738080568,0.7044840998540254,0.022099447513812154,0.03941338221814849
rf,raw,1,8000,9,False,16.55045509338379,Black men,4195,0.3215733015494637,0.3131462937194229,0.20045538682211267,0.6761839669894203,0.036542515811665496,0.05578069129916567
rf,raw,1,8000,9,False,16.55045509338379,White men,2662,0.29676934635612323,0.30526765418273394,0.18714889416152067,0.7060079249161527,0.027777777777777776,0.048459804658151764
rf,raw,1,8000,9,False,16.55045509338379,Black women,339,0.23008849557522124,0.2344274202332954,0.15569385950630096,0.7573926711857747,0.0,0.0
rf,raw,1,8000,9,False,16.55045509338379,White women,611,0.2127659574468085,0.23474781407983333,0.1587285042543519,0.668287222133376,0.0,0.0
rf,raw,1,16000,0,False,33.2394323348999,All,7807,0.30062764185986934,0.29748071144858335,0.1893976021932102,0.6989880308585037,0.03131868131868132,0.05238888177276803
rf,raw,1,16000,0,False,33.2394323348999,Men,6857,0.31194399883330903,0.3068157987631569,0.19406078004455476,0.6935999140688649,0.03624417125900806,0.059355403237567446
rf,raw,1,16000,0,False,33.2394323348999,Women,950,0.21894736842105264,0.23010103385276118,0.15573927532303136,0.7110978643997513,0.0,0.002105263157894737
rf,raw,1,16000,0,False,33.2394323348999,Black,4534,0.31473312748125276,0.30195073679267825,0.195895089760109,0.6901280175492689,0.0331509494689411,0.052271724746360826
rf,raw,1,16000,0,False,33.2394323348999,White,3273,0.281087687137183,0.29128850402110806,0.18039680517875276,0.7106117999223933,0.02889927751806205,0.05255117629086465
rf,raw,1,16000,0,False,33.2394323348999,Black men,4195,0.3215733015494637,0.30797615830059555,0.19932111286628457,0.6829120969855081,0.03619114546732256,0.05601907032181168
rf,raw,1,16000,0,False,33.2394323348999,White men,2662,0.29676934635612323,0.30498720813221947,0.18577111205539007,0.7111557394785243,0.03632478632478633,0.06461307287753569
rf,raw,1,16000,0,False,33.2394323348999,Black women,339,0.23008849557522124,0.22738836739529358,0.1534993171040427,0.75660673936536,0.0,0.0058997050147492625
rf,raw,1,16000,0,False,33.2394323348999,White women,611,0.2127659574468085,0.23160609756647887,0.1569820671990333,0.684119622581161,0.0,0.0
rf,raw,1,16000,1,False,31.967899322509766,All,7807,0.30062764185986934,0.2982870579145521,0.18947609429395454,0.6978808579575516,0.02857142857142857,0.05315742282566927
rf,raw,1,16000,1,False,31.967899322509766,Men,6857,0.31194399883330903,0.3072377635208274,0.19409619774480152,0.6926798603460512,0.03285290377278508,0.05993874872393175
rf,raw,1,16000,1,False,31.967899322509766,Women,950,0.21894736842105264,0.23368180702799513,0.15612867391242,0.7097760729836201,0.0013477088948787063,0.004210526315789474
rf,raw,1,16000,1,False,31.967899322509766,Black,4534,0.31473312748125276,0.30220887652482076,0.19607132881998218,0.6882489953625526,0.027035725780495654,0.0513895015438906
rf,raw,1,16000,1,False,31.967899322509766,White,3273,0.281087687137183,0.2928542667202479,0.18033989101225287,0.7104625916960772,0.03059923501912452,0.05560647723800794
rf,raw,1,16000,1,False,31.967899322509766,Black men,4195,0.3215733015494637,0.3081499633849445,0.19952972722785392,0.6809286387407554,0.029515108924806747,0.054827175208581644
rf,raw,1,16000,1,False,31.967899322509766,White men,2662,0.29676934635612323,0.30580024344946327,0.18553359211692594,0.7118129936167911,0.037927350427350424,0.06799398948159278
rf,raw,1,16000,1,False,31.967899322509766,Black women,339,0.23008849557522124,0.22869011729703592,0.15327492374322152,0.7575400334021023,0.0,0.008849557522123894
rf,raw,1,16000,1,False,31.967899322509766,White women,611,0.2127659574468085,0.23645133700965662,0.15771201484099326,0.681512873820566,0.002079002079002079,0.0016366612111292963
rf,raw,1,16000,2,False,32.47170162200928,All,7807,0.30062764185986934,0.29841028060529423,0.1893921896462519,0.6983374458235984,0.029304029304029304,0.05085179966696554
rf,raw,1,16000,2,False,32.47170162200928,Men,6857,0.31194399883330903,0.30711222654632403,0.19399776306792607,0.693165601148338,0.03391267486222976,0.0578970395216567
rf,raw,1,16000,2,False,32.47170162200928,Women,950,0.21894736842105264,0.23560055079725095,0.15614964548581037,0.7104823242794942,0.0,0.0
rf,raw,1,16000,2,False,32.47170162200928,Black,4534,0.31473312748125276,0.30316647762382054,0.19574486905564165,0.6901219278122575,0.03186353395558417,0.052712836347595944
rf,raw,1,16000,2,False,32.47170162200928,White,3273,0.281087687137183,0.291821647155249,0.18059199152765346,0.7086817938247196,0.02592435189120272,0.04827375496486404
rf,raw,1,16000,2,False,32.47170162200928,Black men,4195,0.3215733015494637,0.30892534110341774,0.1991611480559056,0.6831030194928494,0.03478566408995081,0.05697258641239571
rf,raw,1,16000,2,False,32.47170162200928,White men,2662,0.29676934635612323,0.3042549705106336,0.18586087350197028,0.7092069674348156,0.03258547008547009,0.059353869271224644
rf,raw,1,16000,2,False,32.47170162200928,Black women,339,0.23008849557522124,0.23190266553854014,0.15346967611727155,0.7597504666470184,0.0,0.0
rf,raw,1,16000,2,False,32.47170162200928,White women,611,0.2127659574468085,0.23765224163637202,0.15763656793414854,0.6810970734047658,0.0,0.0
rf,raw,1,16000,3,False,33.39203119277954,All,7807,0.30062764185986934,0.2976671858834346,0.18962474387838127,0.6972770164078217,0.029853479853479855,0.05149225054438324
rf,raw,1,16000,3,False,33.39203119277954,Men,6857,0.31194399883330903,0.3070619364488828,0.19425315034909976,0.6921217836021754,0.03433658329800763,0.05818871226483885
rf,raw,1,16000,3,False,33.39203119277954,Women,950,0.21894736842105264,0.22985686522314205,0.1562173931734161,0.7100611652498446,0.0013477088948787063,0.003157894736842105
rf,raw,1,16000,3,False,33.39203119277954,Black,4534,0.31473312748125276,0.3018836215248857,0.19624649889488036,0.687863312018502,0.031219826198905697,0.05006616674018527
rf,raw,1,16000,3,False,33.39203119277954,White,3273,0.281087687137183,0.29182626953808205,0.18045180246536358,0.7095530220440142,0.02804929876753081,0.05346776657500764
rf,raw,1,16000,3,False,33.39203119277954,Black men,4195,0.3215733015494637,0.3079509844799515,0.1997279636310743,0.680537156437162,0.03408292340126493,0.05363528009535161
rf,raw,1,16000,3,False,33.39203119277954,White men,2662,0.29676934635612323,0.3056609009528899,0.18562548629279507,0.7110860921778642,0.034722222222222224,0.06536438767843726
rf,raw,1,16000,3,False,33.39203119277954,Black women,339,0.23008849557522124,0.22680224218417463,0.15316465651041541,0.7594557422143629,0.0,0.0058997050147492625
rf,raw,1,16000,3,False,33.39203119277954,White women,611,0.2127659574468085,0.23155165607454944,0.1579111374103346,0.6798496721573645,0.002079002079002079,0.0016366612111292963
rf,raw,1,16000,4,False,50.385669469833374,All,7807,0.30062764185986934,0.297949345805966,0.18950517044521537,0.6984187591984781,0.02912087912087912,0.0500832586140643
rf,raw,1,16000,4,False,50.385669469833374,Men,6857,0.31194399883330903,0.30722976482511677,0.19413530642404336,0.6932666732859007,0.033488766426451884,0.05658451217733703
rf,raw,1,16000,4,False,50.385669469833374,Women,950,0.21894736842105264,0.23096425821194827,0.15608533633276955,0.7080914368650217,0.0013477088948787063,0.003157894736842105
rf,raw,1,16000,4,False,50.385669469833374,Black,4534,0.31473312748125276,0.30254764429102493,0.1961161726538146,0.689076522958647,0.030254264563887995,0.049845610939567714
rf,raw,1,16000,4,False,50.385669469833374,White,3273,0.281087687137183,0.29157944500203775,0.18034712461148827,0.7103845229956207,0.027624309392265192,0.05041246562786435
rf,raw,1,16000,4,False,50.385669469833374,Black men,4195,0.3215733015494637,0.30857924604218856,0.19956705918073117,0.6819332609928909,0.03302881236823612,0.0533969010727056
rf,raw,1,16000,4,False,50.385669469833374,White men,2662,0.29676934635612323,0.3051031405931047,0.18557550070867698,0.7115614519095532,0.03418803418803419,0.061607813673929375
rf,raw,1,16000,4,False,50.385669469833374,Black women,339,0.23008849557522124,0.22790879666231853,0.1534127243340063,0.7542489439041163,0.0,0.0058997050147492625
rf,raw,1,16000,4,False,50.385669469833374,White women,611,0.2127659574468085,0.2326595142926757,0.1575681767052422,0.6800575723652647,0.002079002079002079,0.0016366612111292963
rf,raw,1,16000,5,False,41.47742056846619,All,7807,0.30062764185986934,0.2989293206989197,0.1897463785544759,0.6961635226015286,0.02893772893772894,0.05149225054438324
rf,raw,1,16000,5,False,41.47742056846619,Men,6857,0.31194399883330903,0.30784417736619013,0.1943158081832849,0.6912968565970675,0.033488766426451884,0.05818871226483885
rf,raw,1,16000,5,False,41.47742056846619,Women,950,0.21894736842105264,0.234582823680527,0.1567647164863249,0.7065428675098486,0.0,0.003157894736842105
rf,raw,1,16000,5,False,41.47742056846619,Black,4534,0.31473312748125276,0.30345912438767214,0.19642029079311607,0.6861536747390267,0.0321853878339234,0.052712836347595944
rf,raw,1,16000,5,False,41.47742056846619,White,3273,0.281087687137183,0.29265430391773933,0.18050118512642985,0.7092518339215433,0.024649383765405864,0.049801405438435684
rf,raw,1,16000,5,False,41.47742056846619,Black men,4195,0.3215733015494637,0.30927516165056096,0.19978205914208294,0.6794877338149548,0.035137034434293744,0.056257449344457686
rf,raw,1,16000,5,False,41.47742056846619,White men,2662,0.29676934635612323,0.30558911385269066,0.18570163734475834,0.7104849615925565,0.030982905982905984,0.06123215627347859
rf,raw,1,16000,5,False,41.47742056846619,Black women,339,0.23008849557522124,0.23148780781593614,0.15481964706475032,0.7501228018469399,0.0,0.008849557522123894
rf,raw,1,16000,5,False,41.47742056846619,White women,611,0.2127659574468085,0.23630002560867153,0.15784389575623287,0.6807772269310731,0.0,0.0
rf,raw,1,16000,6,False,41.21725010871887,All,7807,0.30062764185986934,0.2982365948438,0.18948752442720485,0.6980263168162613,0.03021978021978022,0.051620340719866785
rf,raw,1,16000,6,False,41.21725010871887,Men,6857,0.31194399883330903,0.3077020583094012,0.19406670567301507,0.6929322434189652,0.03497244595167444,0.05862622137961208
rf,raw,1,16000,6,False,41.21725010871887,Women,950,0.21894736842105264,0.22991587591366586,0.15643547621402526,0.7064715944432925,0.0,0.0010526315789473684
rf,raw,1,16000,6,False,41.21725010871887,Black,4534,0.31473312748125276,0.30270041265560743,0.19606383745211764,0.6888058679803657,0.03347280334728033,0.05359505955006617
rf,raw,1,16000,6,False,41.21725010871887,White,3273,0.281087687137183,0.29205298654598916,0.1803775325986211,0.7100329828710803,0.02592435189120272,0.048884815154292695
rf,raw,1,16000,6,False,41.21725010871887,Black men,4195,0.3215733015494637,0.3088201868396608,0.19941080461510213,0.6819895219227485,0.036542515811665496,0.05768772348033373
rf,raw,1,16000,6,False,41.21725010871887,White men,2662,0.29676934635612323,0.30594001879608834,0.18564503209598454,0.7109461213891594,0.03258547008547009,0.06010518407212622
rf,raw,1,16000,6,False,41.21725010871887,Black women,339,0.23008849557522124,0.22697046368185045,0.15464635294261925,0.7527753217408389,0.0,0.0029498525073746312
rf,raw,1,16000,6,False,41.21725010871887,White women,611,0.2127659574468085,0.2315500735349186,0.15742813216984627,0.6792419638573485,0.0,0.0
rf,raw,1,16000,7,False,41.45273995399475,All,7807,0.30062764185986934,0.2994731322903497,0.18968195235150215,0.6969775927807459,0.02967032967032967,0.052132701421800945
rf,raw,1,16000,7,False,41.45273995399475,Men,6857,0.31194399883330903,0.3090152062719463,0.19424106395589893,0.692143484384652,0.03433658329800763,0.05920956686597637
rf,raw,1,16000,7,False,41.45273995399475,Women,950,0.21894736842105264,0.23059944672002572,0.15677476469745064,0.7052081173543439,0.0,0.0010526315789473684
rf,raw,1,16000,7,False,41.45273995399475,Black,4534,0.31473312748125276,0.30406435114410657,0.19617202119688049,0.6874507887224386,0.03154168007724493,0.05337450374944861
rf,raw,1,16000,7,False,41.45273995399475,White,3273,0.281087687137183,0.2931130387116959,0.18069143229499576,0.7093105009331289,0.027199320016999574,0.05041246562786435
rf,raw,1,16000,7,False,41.45273995399475,Black men,4195,0.3215733015494637,0.31034964026633577,0.19955901725637445,0.6805853428817161,0.03443429374560787,0.05744934445768772
rf,raw,1,16000,7,False,41.45273995399475,White men,2662,0.29676934635612323,0.30691229469927006,0.18586059284564543,0.7109684355728659,0.03418803418803419,0.06198347107438017
rf,raw,1,16000,7,False,41.45273995399475,Black women,339,0.23008849557522124,0.22628621584100492,0.15425919385299458,0.7562628941939287,0.0,0.0029498525073746312
rf,raw,1,16000,7,False,41.45273995399475,White women,611,0.2127659574468085,0.2329925486316265,0.15817047421671507,0.6749240364624981,0.0,0.0
rf,raw,1,16000,8,False,45.57346534729004,All,7807,0.30062764185986934,0.29721601176341306,0.18946256812904547,0.6983545356787793,0.03205128205128205,0.05264506212373511
rf,raw,1,16000,8,False,45.57346534729004,Men,6857,0.31194399883330903,0.3062842903427188,0.1940302261725285,0.6934827892976894,0.037091988130563795,0.0596470759807496
rf,raw,1,16000,8,False,45.57346534729004,Women,950,0.21894736842105264,0.2317621315336244,0.1564936931772948,0.7065234294007879,0.0,0.002105263157894737
rf,raw,1,16000,8,False,45.57346534729004,Black,4534,0.31473312748125276,0.3016572401939448,0.19623841114347507,0.6879871366710656,0.0341165111039588,0.053153947948831055
rf,raw,1,16000,8,False,45.57346534729004,White,3273,0.281087687137183,0.2910636959357227,0.18007617270361806,0.7120087215210924,0.029324266893327667,0.05194011610143599
rf,raw,1,16000,8,False,45.57346534729004,Black men,4195,0.3215733015494637,0.30764834794296736,0.1996906313028867,0.6807978841722897,0.03724525650035137,0.05697258641239571
rf,raw,1,16000,8,False,45.57346534729004,White men,2662,0.29676934635612323,0.3041346954392467,0.1851100911154839,0.7140146597425079,0.03685897435897436,0.0638617580766341
rf,raw,1,16000,8,False,45.57346534729004,Black women,339,0.23008849557522124,0.2275194909103172,0.15351845961329302,0.7567541015816878,0.0,0.0058997050147492625
rf,raw,1,16000,8,False,45.57346534729004,White women,611,0.2127659574468085,0.23411606798419915,0.15814443651313217,0.6759315528546297,0.0,0.0
rf,raw,1,16000,9,False,38.25192737579346,All,7807,0.30062764185986934,0.2961759290316536,0.18950035868497994,0.6981325236331628,0.028021978021978023,0.048418086332778276
rf,raw,1,16000,9,False,38.25192737579346,Men,6857,0.31194399883330903,0.3052473796485041,0.194027910856475,0.6934274968930225,0.03242899533700721,0.05512614846142628
rf,raw,1,16000,9,False,38.25192737579346,Women,950,0.21894736842105264,0.23069915336876515,0.1568209636955675,0.704722164627825,0.0,0.0
rf,raw,1,16000,9,False,38.25192737579346,Black,4534,0.31473312748125276,0.30115381562332155,0.19617231425206944,0.6881709565104814,0.028966849050531058,0.049404499338332596
rf,raw,1,16000,9,False,38.25192737579346,White,3273,0.281087687137183,0.2892801949019186,0.18025787578208227,0.7109019013655093,0.026774330641733957,0.047051634586006724
rf,raw,1,16000,9,False,38.25192737579346,Black men,4195,0.3215733015494637,0.307129749370857,0.1995019999040006,0.6813964379538315,0.03162333099086437,0.0533969010727056
rf,raw,1,16000,9,False,38.25192737579346,White men,2662,0.29676934635612323,0.3022809855894241,0.18540138810877782,0.7127927891377258,0.03365384615384615,0.05785123966942149
rf,raw,1,16000,9,False,38.25192737579346,Black women,339,0.23008849557522124,0.22720383901296304,0.1549686820696176,0.7513999410551135,0.0,0.0
rf,raw,1,16000,9,False,38.25192737579346,White women,611,0.2127659574468085,0.23263845216846554,0.15784866168443326,0.6769070845993922,0.0,0.0
rf,raw,1,16000,9,False,39.73601460456848,All,7807,0.30062764185986934,0.2961759290316536,0.18950035868497994,0.6981325236331628,0.028021978021978023,0.048418086332778276
rf,raw,1,16000,9,False,39.73601460456848,Men,6857,0.31194399883330903,0.3052473796485041,0.194027910856475,0.6934274968930225,0.03242899533700721,0.05512614846142628
rf,raw,1,16000,9,False,39.73601460456848,Women,950,0.21894736842105264,0.23069915336876515,0.1568209636955675,0.704722164627825,0.0,0.0
rf,raw,1,16000,9,False,39.73601460456848,Black,4534,0.31473312748125276,0.30115381562332155,0.19617231425206944,0.6881709565104814,0.028966849050531058,0.049404499338332596
rf,raw,1,16000,9,False,39.73601460456848,White,3273,0.281087687137183,0.2892801949019186,0.18025787578208227,0.7109019013655093,0.026774330641733957,0.047051634586006724
rf,raw,1,16000,9,False,39.73601460456848,Black men,4195,0.3215733015494637,0.307129749370857,0.1995019999040006,0.6813964379538315,0.03162333099086437,0.0533969010727056
rf,raw,1,16000,9,False,39.73601460456848,White men,2662,0.29676934635612323,0.3022809855894241,0.18540138810877782,0.7127927891377258,0.03365384615384615,0.05785123966942149
rf,raw,1,16000,9,False,39.73601460456848,Black women,339,0.23008849557522124,0.22720383901296304,0.1549686820696176,0.7513999410551135,0.0,0.0
rf,raw,1,16000,9,False,39.73601460456848,White women,611,0.2127659574468085,0.23263845216846554,0.15784866168443326,0.6769070845993922,0.0,0.0
rf,raw,1,18028,0,True,46.652036905288696,All,7807,0.30062764185986934,0.2984823036601829,0.1893887473882293,0.6980916328381178,0.03223443223443224,0.05469450493147176
rf,raw,1,18028,0,True,46.652036905288696,Men,6857,0.31194399883330903,0.30782499583654643,0.1939515146380427,0.6931704565745542,0.037091988130563795,0.06183462155461572
rf,raw,1,18028,0,True,46.652036905288696,Women,950,0.21894736842105264,0.2310477349724733,0.1564551736703657,0.7071519282604188,0.0013477088948787063,0.003157894736842105
rf,raw,1,18028,0,True,46.652036905288696,Black,4534,0.31473312748125276,0.3029771448569692,0.1959510784782016,0.6890338947995676,0.0341165111039588,0.054256726951918834
rf,raw,1,18028,0,True,46.652036905288696,White,3273,0.281087687137183,0.2922557194908494,0.18029812436289036,0.7097650547866738,0.029749256268593285,0.055300947143293616
rf,raw,1,18028,0,True,46.652036905288696,Black men,4195,0.3215733015494637,0.3091005531209821,0.19935804988515118,0.6820595876178028,0.03724525650035137,0.05816448152562575
rf,raw,1,18028,0,True,46.652036905288696,White men,2662,0.29676934635612323,0.3058148670581063,0.18543144876215237,0.7112477009628908,0.03685897435897436,0.067618332081142
rf,raw,1,18028,0,True,46.652036905288696,Black women,339,0.23008849557522124,0.227202225483712,0.1537910635750943,0.7554278416347382,0.0,0.0058997050147492625
rf,raw,1,18028,0,True,46.652036905288696,White women,611,0.2127659574468085,0.23318133189013301,0.1579332969474476,0.67765872381257,0.002079002079002079,0.0016366612111292963
rf,raw,1,18028,0,True,47.7918746471405,All,7807,0.30062764185986934,0.2984823036601829,0.1893887473882293,0.6980916328381178,0.03223443223443224,0.05469450493147176
rf,raw,1,18028,0,True,47.7918746471405,Men,6857,0.31194399883330903,0.30782499583654643,0.1939515146380427,0.6931704565745542,0.037091988130563795,0.06183462155461572
rf,raw,1,18028,0,True,47.7918746471405,Women,950,0.21894736842105264,0.2310477349724733,0.1564551736703657,0.7071519282604188,0.0013477088948787063,0.003157894736842105
rf,raw,1,18028,0,True,47.7918746471405,Black,4534,0.31473312748125276,0.3029771448569692,0.1959510784782016,0.6890338947995676,0.0341165111039588,0.054256726951918834
rf,raw,1,18028,0,True,47.7918746471405,White,3273,0.281087687137183,0.2922557194908494,0.18029812436289036,0.7097650547866738,0.029749256268593285,0.055300947143293616
rf,raw,1,18028,0,True,47.7918746471405,Black men,4195,0.3215733015494637,0.3091005531209821,0.19935804988515118,0.6820595876178028,0.03724525650035137,0.05816448152562575
rf,raw,1,18028,0,True,47.7918746471405,White men,2662,0.29676934635612323,0.3058148670581063,0.18543144876215237,0.7112477009628908,0.03685897435897436,0.067618332081142
rf,raw,1,18028,0,True,47.7918746471405,Black women,339,0.23008849557522124,0.227202225483712,0.1537910635750943,0.7554278416347382,0.0,0.0058997050147492625
rf,raw,1,18028,0,True,47.7918746471405,White women,611,0.2127659574468085,0.23318133189013301,0.1579332969474476,0.67765872381257,0.002079002079002079,0.0016366612111292963
rf,raw,1,18028,1,True,41.48817849159241,All,7807,0.30062764185986934,0.29808407611742127,0.18915924157130232,0.6995255419200881,0.029304029304029304,0.05251697194825157
rf,raw,1,18028,1,True,41.48817849159241,Men,6857,0.31194399883330903,0.3072361006740769,0.19368611133877234,0.6949302017617864,0.03391267486222976,0.05950123960915853
rf,raw,1,18028,1,True,41.48817849159241,Women,950,0.21894736842105264,0.23202572623848675,0.15648477210231063,0.7051498030271616,0.0,0.002105263157894737
rf,raw,1,18028,1,True,41.48817849159241,Black,4534,0.31473312748125276,0.3026409738167322,0.19567624340758685,0.6904735537382076,0.031219826198905697,0.05359505955006617
rf,raw,1,18028,1,True,41.48817849159241,White,3273,0.281087687137183,0.2917715267227755,0.18013141195757965,0.7112562131598885,0.026774330641733957,0.051023525817293004
rf,raw,1,18028,1,True,41.48817849159241,Black men,4195,0.3215733015494637,0.3085599134377174,0.1990689337718117,0.6836317680466049,0.03408292340126493,0.05744934445768772
rf,raw,1,18028,1,True,41.48817849159241,White men,2662,0.29676934635612323,0.3051499269161988,0.18520341407859198,0.7132695012441849,0.03365384615384615,0.06273478587528174
rf,raw,1,18028,1,True,41.48817849159241,Black women,339,0.23008849557522124,0.2293962785069008,0.15369295114232648,0.7527262010020631,0.0,0.0058997050147492625
rf,raw,1,18028,1,True,41.48817849159241,White women,611,0.2127659574468085,0.23348461786043043,0.15803375296226907,0.676267391652007,0.0,0.0
rf,raw,1,18028,1,True,42.76406526565552,All,7807,0.30062764185986934,0.29808407611742127,0.18915924157130232,0.6995255419200881,0.029304029304029304,0.05251697194825157
rf,raw,1,18028,1,True,42.76406526565552,Men,6857,0.31194399883330903,0.3072361006740769,0.19368611133877234,0.6949302017617864,0.03391267486222976,0.05950123960915853
rf,raw,1,18028,1,True,42.76406526565552,Women,950,0.21894736842105264,0.23202572623848675,0.15648477210231063,0.7051498030271616,0.0,0.002105263157894737
rf,raw,1,18028,1,True,42.76406526565552,Black,4534,0.31473312748125276,0.3026409738167322,0.19567624340758685,0.6904735537382076,0.031219826198905697,0.05359505955006617
rf,raw,1,18028,1,True,42.76406526565552,White,3273,0.281087687137183,0.2917715267227755,0.18013141195757965,0.7112562131598885,0.026774330641733957,0.051023525817293004
rf,raw,1,18028,1,True,42.76406526565552,Black men,4195,0.3215733015494637,0.3085599134377174,0.1990689337718117,0.6836317680466049,0.03408292340126493,0.05744934445768772
rf,raw,1,18028,1,True,42.76406526565552,White men,2662,0.29676934635612323,0.3051499269161988,0.18520341407859198,0.7132695012441849,0.03365384615384615,0.06273478587528174
rf,raw,1,18028,1,True,42.76406526565552,Black women,339,0.23008849557522124,0.2293962785069008,0.15369295114232648,0.7527262010020631,0.0,0.0058997050147492625
rf,raw,1,18028,1,True,42.76406526565552,White women,611,0.2127659574468085,0.23348461786043043,0.15803375296226907,0.676267391652007,0.0,0.0
rf,raw,1,18028,2,True,44.91575050354004,All,7807,0.30062764185986934,0.2983763249283061,0.18925114172853238,0.6991771898035213,0.030952380952380953,0.05354169335211989
rf,raw,1,18028,2,True,44.91575050354004,Men,6857,0.31194399883330903,0.30759096182225126,0.19385561462160938,0.6941157783317587,0.035820262823230184,0.060667930581887124
rf,raw,1,18028,2,True,44.91575050354004,Women,950,0.21894736842105264,0.23186604578958855,0.15601654106765972,0.7099250984864193,0.0,0.002105263157894737
rf,raw,1,18028,2,True,44.91575050354004,Black,4534,0.31473312748125276,0.30281299400774153,0.1957461161349814,0.6904988148695137,0.0331509494689411,0.053153947948831055
rf,raw,1,18028,2,True,44.91575050354004,White,3273,0.281087687137183,0.29223032504863616,0.1802538261285202,0.7103909902252444,0.02804929876753081,0.054078826764436295
rf,raw,1,18028,2,True,44.91575050354004,Black men,4195,0.3215733015494637,0.3087453418431171,0.19913191060884786,0.6836570333715872,0.03619114546732256,0.05697258641239571
rf,raw,1,18028,2,True,44.91575050354004,White men,2662,0.29676934635612323,0.3057717942086028,0.18554079055456754,0.7112023964080927,0.035256410256410256,0.06649135987978963
rf,raw,1,18028,2,True,44.91575050354004,Black women,339,0.23008849557522124,0.22940237698886012,0.15384815797017398,0.7541015816877885,0.0,0.0058997050147492625
rf,raw,1,18028,2,True,44.91575050354004,White women,611,0.2127659574468085,0.2332329585939207,0.15721962105137113,0.6832400447785061,0.0,0.0
rf,raw,1,18028,2,True,46.57866668701172,All,7807,0.30062764185986934,0.2983763249283061,0.18925114172853238,0.6991771898035213,0.030952380952380953,0.05354169335211989
rf,raw,1,18028,2,True,46.57866668701172,Men,6857,0.31194399883330903,0.30759096182225126,0.19385561462160938,0.6941157783317587,0.035820262823230184,0.060667930581887124
rf,raw,1,18028,2,True,46.57866668701172,Women,950,0.21894736842105264,0.23186604578958855,0.15601654106765972,0.7099250984864193,0.0,0.002105263157894737
rf,raw,1,18028,2,True,46.57866668701172,Black,4534,0.31473312748125276,0.30281299400774153,0.1957461161349814,0.6904988148695137,0.0331509494689411,0.053153947948831055
rf,raw,1,18028,2,True,46.57866668701172,White,3273,0.281087687137183,0.29223032504863616,0.1802538261285202,0.7103909902252444,0.02804929876753081,0.054078826764436295
rf,raw,1,18028,2,True,46.57866668701172,Black men,4195,0.3215733015494637,0.3087453418431171,0.19913191060884786,0.6836570333715872,0.03619114546732256,0.05697258641239571
rf,raw,1,18028,2,True,46.57866668701172,White men,2662,0.29676934635612323,0.3057717942086028,0.18554079055456754,0.7112023964080927,0.035256410256410256,0.06649135987978963
rf,raw,1,18028,2,True,46.57866668701172,Black women,339,0.23008849557522124,0.22940237698886012,0.15384815797017398,0.7541015816877885,0.0,0.0058997050147492625
rf,raw,1,18028,2,True,46.57866668701172,White women,611,0.2127659574468085,0.2332329585939207,0.15721962105137113,0.6832400447785061,0.0,0.0
rf,raw,1,18028,3,True,43.556402921676636,All,7807,0.30062764185986934,0.2984990846161522,0.18945742536056245,0.698075167269884,0.031868131868131866,0.05354169335211989
rf,raw,1,18028,3,True,43.556402921676636,Men,6857,0.31194399883330903,0.3078295959489136,0.19405464017364257,0.6931152632602186,0.03688003391267486,0.06095960332506927
rf,raw,1,18028,3,True,43.556402921676636,Women,950,0.21894736842105264,0.23115243597536786,0.15627521275709846,0.7081627099315779,0.0,0.0
rf,raw,1,18028,3,True,43.556402921676636,Black,4534,0.31473312748125276,0.30289157383239984,0.19614751973056152,0.6880541237781901,0.03379465722561957,0.05447728275253639
rf,raw,1,18028,3,True,43.556402921676636,White,3273,0.281087687137183,0.2924142859279557,0.18018981525558964,0.7112174097821468,0.029324266893327667,0.05224564619615032
rf,raw,1,18028,3,True,43.556402921676636,Black men,4195,0.3215733015494637,0.3089926994168971,0.19951667848491736,0.6812922510466877,0.036893886156008436,0.05887961859356377
rf,raw,1,18028,3,True,43.556402921676636,White men,2662,0.29676934635612323,0.30599668120504026,0.18544710797386887,0.7123776100833062,0.03685897435897436,0.0642374154770849
rf,raw,1,18028,3,True,43.556402921676636,Black women,339,0.23008849557522124,0.22739239440182177,0.1544554224605827,0.7517437862265448,0.0,0.0
rf,raw,1,18028,3,True,43.556402921676636,White women,611,0.2127659574468085,0.2332386128876954,0.15728488364174473,0.682648328802175,0.0,0.0
rf,raw,1,18028,3,True,45.79788255691528,All,7807,0.30062764185986934,0.2984990846161522,0.18945742536056245,0.698075167269884,0.031868131868131866,0.05354169335211989
rf,raw,1,18028,3,True,45.79788255691528,Men,6857,0.31194399883330903,0.3078295959489136,0.19405464017364257,0.6931152632602186,0.03688003391267486,0.06095960332506927
rf,raw,1,18028,3,True,45.79788255691528,Women,950,0.21894736842105264,0.23115243597536786,0.15627521275709846,0.7081627099315779,0.0,0.0
rf,raw,1,18028,3,True,45.79788255691528,Black,4534,0.31473312748125276,0.30289157383239984,0.19614751973056152,0.6880541237781901,0.03379465722561957,0.05447728275253639
rf,raw,1,18028,3,True,45.79788255691528,White,3273,0.281087687137183,0.2924142859279557,0.18018981525558964,0.7112174097821468,0.029324266893327667,0.05224564619615032
rf,raw,1,18028,3,True,45.79788255691528,Black men,4195,0.3215733015494637,0.3089926994168971,0.19951667848491736,0.6812922510466877,0.036893886156008436,0.05887961859356377
rf,raw,1,18028,3,True,45.79788255691528,White men,2662,0.29676934635612323,0.30599668120504026,0.18544710797386887,0.7123776100833062,0.03685897435897436,0.0642374154770849
rf,raw,1,18028,3,True,45.79788255691528,Black women,339,0.23008849557522124,0.22739239440182177,0.1544554224605827,0.7517437862265448,0.0,0.0
rf,raw,1,18028,3,True,45.79788255691528,White women,611,0.2127659574468085,0.2332386128876954,0.15728488364174473,0.682648328802175,0.0,0.0
rf,raw,1,18028,4,True,48.882651805877686,All,7807,0.30062764185986934,0.2984194074266107,0.18935249369998397,0.6983631196243041,0.03168498168498168,0.054310234405021134
rf,raw,1,18028,4,True,48.882651805877686,Men,6857,0.31194399883330903,0.30762889889174083,0.19399749647402426,0.6930135965806701,0.03666807969478593,0.06154294881143357
rf,raw,1,18028,4,True,48.882651805877686,Women,950,0.21894736842105264,0.23194626745145652,0.1558253526246218,0.7115578996475221,0.0,0.002105263157894737
rf,raw,1,18028,4,True,48.882651805877686,Black,4534,0.31473312748125276,0.30285938968330134,0.19595468019001722,0.6888327079323786,0.03250724171226263,0.053153947948831055
rf,raw,1,18028,4,True,48.882651805877686,White,3273,0.281087687137183,0.2922688178904559,0.18020666004712396,0.7107850292873112,0.03059923501912452,0.05591200733272227
rf,raw,1,18028,4,True,48.882651805877686,Black men,4195,0.3215733015494637,0.30883842523569194,0.19941444424850974,0.681553499716351,0.035488404778636684,0.05697258641239571
rf,raw,1,18028,4,True,48.882651805877686,White men,2662,0.29676934635612323,0.30572282713634064,0.1854610216753891,0.711642594395759,0.038461538461538464,0.06874530428249437
rf,raw,1,18028,4,True,48.882651805877686,Black women,339,0.23008849557522124,0.2288710293815948,0.15314137569038297,0.7582277237449653,0.0,0.0058997050147492625
rf,raw,1,18028,4,True,48.882651805877686,White women,611,0.2127659574468085,0.23365249610232905,0.15731449858322566,0.6830641292179752,0.0,0.0
rf,raw,1,18028,4,True,51.73872900009155,All,7807,0.30062764185986934,0.2984194074266107,0.18935249369998397,0.6983631196243041,0.03168498168498168,0.054310234405021134
rf,raw,1,18028,4,True,51.73872900009155,Men,6857,0.31194399883330903,0.30762889889174083,0.19399749647402426,0.6930135965806701,0.03666807969478593,0.06154294881143357
rf,raw,1,18028,4,True,51.73872900009155,Women,950,0.21894736842105264,0.23194626745145652,0.1558253526246218,0.7115578996475221,0.0,0.002105263157894737
rf,raw,1,18028,4,True,51.73872900009155,Black,4534,0.31473312748125276,0.30285938968330134,0.19595468019001722,0.6888327079323786,0.03250724171226263,0.053153947948831055
rf,raw,1,18028,4,True,51.73872900009155,White,3273,0.281087687137183,0.2922688178904559,0.18020666004712396,0.7107850292873112,0.03059923501912452,0.05591200733272227
rf,raw,1,18028,4,True,51.73872900009155,Black men,4195,0.3215733015494637,0.30883842523569194,0.19941444424850974,0.681553499716351,0.035488404778636684,0.05697258641239571
rf,raw,1,18028,4,True,51.73872900009155,White men,2662,0.29676934635612323,0.30572282713634064,0.1854610216753891,0.711642594395759,0.038461538461538464,0.06874530428249437
rf,raw,1,18028,4,True,51.73872900009155,Black women,339,0.23008849557522124,0.2288710293815948,0.15314137569038297,0.7582277237449653,0.0,0.0058997050147492625
rf,raw,1,18028,4,True,51.73872900009155,White women,611,0.2127659574468085,0.23365249610232905,0.15731449858322566,0.6830641292179752,0.0,0.0
rf,raw,1,18028,5,True,48.480018854141235,All,7807,0.30062764185986934,0.2985044214497667,0.1893746790451816,0.6981562465371584,0.03241758241758242,0.05418214422953759
rf,raw,1,18028,5,True,48.480018854141235,Men,6857,0.31194399883330903,0.30768377299220867,0.19399256442100213,0.6928679337941827,0.03751589656634167,0.06154294881143357
rf,raw,1,18028,5,True,48.480018854141235,Women,950,0.21894736842105264,0.23224882826395077,0.1560432684957067,0.7097307173958116,0.0,0.0010526315789473684
rf,raw,1,18028,5,True,48.480018854141235,Black,4534,0.31473312748125276,0.3030539196452747,0.19590938841940053,0.6890054760268481,0.034438364982298034,0.054256726951918834
rf,raw,1,18028,5,True,48.480018854141235,White,3273,0.281087687137183,0.2922021223912779,0.1803223196493036,0.7100200484118331,0.029749256268593285,0.054078826764436295
rf,raw,1,18028,5,True,48.480018854141235,Black men,4195,0.3215733015494637,0.3090682509054548,0.19934745509653037,0.6818095390406574,0.03759662684469431,0.058402860548271755
rf,raw,1,18028,5,True,48.480018854141235,White men,2662,0.29676934635612323,0.30550199806881745,0.1855538843369145,0.7108210267229255,0.03739316239316239,0.06649135987978963
rf,raw,1,18028,5,True,48.480018854141235,Black women,339,0.23008849557522124,0.2286287879743148,0.15336458101362016,0.7569505845367914,0.0,0.0029498525073746312
rf,raw,1,18028,5,True,48.480018854141235,White women,611,0.2127659574468085,0.2342573285228486,0.1575294797173554,0.681209019670558,0.0,0.0
rf,raw,1,18028,5,True,49.49546456336975,All,7807,0.30062764185986934,0.2985044214497667,0.1893746790451816,0.6981562465371584,0.03241758241758242,0.05418214422953759
rf,raw,1,18028,5,True,49.49546456336975,Men,6857,0.31194399883330903,0.30768377299220867,0.19399256442100213,0.6928679337941827,0.03751589656634167,0.06154294881143357
rf,raw,1,18028,5,True,49.49546456336975,Women,950,0.21894736842105264,0.23224882826395077,0.1560432684957067,0.7097307173958116,0.0,0.0010526315789473684
rf,raw,1,18028,5,True,49.49546456336975,Black,4534,0.31473312748125276,0.3030539196452747,0.19590938841940053,0.6890054760268481,0.034438364982298034,0.054256726951918834
rf,raw,1,18028,5,True,49.49546456336975,White,3273,0.281087687137183,0.2922021223912779,0.1803223196493036,0.7100200484118331,0.029749256268593285,0.054078826764436295
rf,raw,1,18028,5,True,49.49546456336975,Black men,4195,0.3215733015494637,0.3090682509054548,0.19934745509653037,0.6818095390406574,0.03759662684469431,0.058402860548271755
rf,raw,1,18028,5,True,49.49546456336975,White men,2662,0.29676934635612323,0.30550199806881745,0.1855538843369145,0.7108210267229255,0.03739316239316239,0.06649135987978963
rf,raw,1,18028,5,True,49.49546456336975,Black women,339,0.23008849557522124,0.2286287879743148,0.15336458101362016,0.7569505845367914,0.0,0.0029498525073746312
rf,raw,1,18028,5,True,49.49546456336975,White women,611,0.2127659574468085,0.2342573285228486,0.1575294797173554,0.681209019670558,0.0,0.0
rf,raw,1,18028,6,True,42.84688067436218,All,7807,0.30062764185986934,0.2986818351424656,0.1894234734934346,0.698111844128035,0.0326007326007326,0.05418214422953759
rf,raw,1,18028,6,True,42.84688067436218,Men,6857,0.31194399883330903,0.30798411594288494,0.19403046050670325,0.6929702941060477,0.037727850784230604,0.06154294881143357
rf,raw,1,18028,6,True,42.84688067436218,Women,950,0.21894736842105264,0.23153895151249124,0.1561707261776631,0.7091670122330499,0.0,0.0010526315789473684
rf,raw,1,18028,6,True,42.84688067436218,Black,4534,0.31473312748125276,0.3030394209867264,0.19612696554390435,0.6881781739765689,0.03476021886063727,0.054256726951918834
rf,raw,1,18028,6,True,42.84688067436218,White,3273,0.281087687137183,0.29264538716877825,0.18013730393742186,0.7110543432066373,0.029749256268593285,0.054078826764436295
rf,raw,1,18028,6,True,42.84688067436218,Black men,4195,0.3215733015494637,0.30911947985081456,0.19954901224543284,0.6810270953680064,0.03794799718903725,0.058402860548271755
rf,raw,1,18028,6,True,42.84688067436218,White men,2662,0.29676934635612323,0.3061949154944384,0.18533386976892305,0.7122518392296874,0.03739316239316239,0.06649135987978963
rf,raw,1,18028,6,True,42.84688067436218,Black women,339,0.23008849557522124,0.22780093445324526,0.15378039942911934,0.7583750859612928,0.0,0.0029498525073746312
rf,raw,1,18028,6,True,42.84688067436218,White women,611,0.2127659574468085,0.2336129086042823,0.15749694674682232,0.68069726531265,0.0,0.0
rf,raw,1,18028,6,True,44.09575009346008,All,7807,0.30062764185986934,0.2986818351424656,0.1894234734934346,0.698111844128035,0.0326007326007326,0.05418214422953759
rf,raw,1,18028,6,True,44.09575009346008,Men,6857,0.31194399883330903,0.30798411594288494,0.19403046050670325,0.6929702941060477,0.037727850784230604,0.06154294881143357
rf,raw,1,18028,6,True,44.09575009346008,Women,950,0.21894736842105264,0.23153895151249124,0.1561707261776631,0.7091670122330499,0.0,0.0010526315789473684
rf,raw,1,18028,6,True,44.09575009346008,Black,4534,0.31473312748125276,0.3030394209867264,0.19612696554390435,0.6881781739765689,0.03476021886063727,0.054256726951918834
rf,raw,1,18028,6,True,44.09575009346008,White,3273,0.281087687137183,0.29264538716877825,0.18013730393742186,0.7110543432066373,0.029749256268593285,0.054078826764436295
rf,raw,1,18028,6,True,44.09575009346008,Black men,4195,0.3215733015494637,0.30911947985081456,0.19954901224543284,0.6810270953680064,0.03794799718903725,0.058402860548271755
rf,raw,1,18028,6,True,44.09575009346008,White men,2662,0.29676934635612323,0.3061949154944384,0.18533386976892305,0.7122518392296874,0.03739316239316239,0.06649135987978963
rf,raw,1,18028,6,True,44.09575009346008,Black women,339,0.23008849557522124,0.22780093445324526,0.15378039942911934,0.7583750859612928,0.0,0.0029498525073746312
rf,raw,1,18028,6,True,44.09575009346008,White women,611,0.2127659574468085,0.2336129086042823,0.15749694674682232,0.68069726531265,0.0,0.0
rf,raw,1,18028,7,True,45.023701190948486,All,7807,0.30062764185986934,0.29840560555973783,0.18928964426277992,0.6987274690938943,0.031135531135531136,0.05366978352760343
rf,raw,1,18028,7,True,45.023701190948486,Men,6857,0.31194399883330903,0.3075087991318661,0.19387940242941912,0.6936731418234325,0.03603221704111912,0.061105439696660345
rf,raw,1,18028,7,True,45.023701190948486,Women,950,0.21894736842105264,0.23269971258701833,0.15616125294841687,0.7093613933236576,0.0,0.0
rf,raw,1,18028,7,True,45.023701190948486,Black,4534,0.31473312748125276,0.3027910609148952,0.19574602098643903,0.6900368970399142,0.03250724171226263,0.05403617115130128
rf,raw,1,18028,7,True,45.023701190948486,White,3273,0.281087687137183,0.2923305506925568,0.1803457970079463,0.7099641530700862,0.029324266893327667,0.05316223648029331
rf,raw,1,18028,7,True,45.023701190948486,Black men,4195,0.3215733015494637,0.3087420147873697,0.19916138008741588,0.6829764324006695,0.035488404778636684,0.058402860548271755
rf,raw,1,18028,7,True,45.023701190948486,White men,2662,0.29676934635612323,0.30556539579796776,0.18555562471518297,0.7110975873634102,0.03685897435897436,0.06536438767843726
rf,raw,1,18028,7,True,45.023701190948486,Black women,339,0.23008849557522124,0.22915020104754902,0.15348221146255123,0.7570979467531193,0.0,0.0
rf,raw,1,18028,7,True,45.023701190948486,White women,611,0.2127659574468085,0.23466908150989893,0.15764766058132762,0.6800095953942107,0.0,0.0
rf,raw,1,18028,7,True,46.46690845489502,All,7807,0.30062764185986934,0.29840560555973783,0.18928964426277992,0.6987274690938943,0.031135531135531136,0.05366978352760343
rf,raw,1,18028,7,True,46.46690845489502,Men,6857,0.31194399883330903,0.3075087991318661,0.19387940242941912,0.6936731418234325,0.03603221704111912,0.061105439696660345
rf,raw,1,18028,7,True,46.46690845489502,Women,950,0.21894736842105264,0.23269971258701833,0.15616125294841687,0.7093613933236576,0.0,0.0
rf,raw,1,18028,7,True,46.46690845489502,Black,4534,0.31473312748125276,0.3027910609148952,0.19574602098643903,0.6900368970399142,0.03250724171226263,0.05403617115130128
rf,raw,1,18028,7,True,46.46690845489502,White,3273,0.281087687137183,0.2923305506925568,0.1803457970079463,0.7099641530700862,0.029324266893327667,0.05316223648029331
rf,raw,1,18028,7,True,46.46690845489502,Black men,4195,0.3215733015494637,0.3087420147873697,0.19916138008741588,0.6829764324006695,0.035488404778636684,0.058402860548271755
rf,raw,1,18028,7,True,46.46690845489502,White men,2662,0.29676934635612323,0.30556539579796776,0.18555562471518297,0.7110975873634102,0.03685897435897436,0.06536438767843726
rf,raw,1,18028,7,True,46.46690845489502,Black women,339,0.23008849557522124,0.22915020104754902,0.15348221146255123,0.7570979467531193,0.0,0.0
rf,raw,1,18028,7,True,46.46690845489502,White women,611,0.2127659574468085,0.23466908150989893,0.15764766058132762,0.6800095953942107,0.0,0.0
rf,raw,1,18028,8,True,43.89697217941284,All,7807,0.30062764185986934,0.29835364435933626,0.18940275159273137,0.6982685401517954,0.030952380952380953,0.053285513001152814
rf,raw,1,18028,8,True,43.89697217941284,Men,6857,0.31194399883330903,0.307635171855235,0.19398530944833792,0.6933254338521505,0.035820262823230184,0.06052209421029605
rf,raw,1,18028,8,True,43.89697217941284,Women,950,0.21894736842105264,0.23136055589683394,0.15632633136547452,0.7076443603566245,0.0,0.0010526315789473684
rf,raw,1,18028,8,True,43.89697217941284,Black,4534,0.31473312748125276,0.30295804453304115,0.19588050449589814,0.6894626573943278,0.0331509494689411,0.05447728275253639
rf,raw,1,18028,8,True,43.89697217941284,White,3273,0.281087687137183,0.29197529104813025,0.1804292924839755,0.7095682662281269,0.02804929876753081,0.05163458600672166
rf,raw,1,18028,8,True,43.89697217941284,Black men,4195,0.3215733015494637,0.30898098269921587,0.1992946639027617,0.6824203347837887,0.03619114546732256,0.05864123957091776
rf,raw,1,18028,8,True,43.89697217941284,White men,2662,0.29676934635612323,0.30551433170102776,0.18561838911163323,0.7109075787082115,0.035256410256410256,0.06348610067618332
rf,raw,1,18028,8,True,43.89697217941284,Black women,339,0.23008849557522124,0.2284264055740353,0.15363154074429713,0.7576382748796543,0.0,0.0029498525073746312
rf,raw,1,18028,8,True,43.89697217941284,White women,611,0.2127659574468085,0.23298850509393498,0.15782147706200336,0.6782984167599552,0.0,0.0
rf,raw,1,18028,8,True,45.38005304336548,All,7807,0.30062764185986934,0.29835364435933626,0.18940275159273137,0.6982685401517954,0.030952380952380953,0.053285513001152814
rf,raw,1,18028,8,True,45.38005304336548,Men,6857,0.31194399883330903,0.307635171855235,0.19398530944833792,0.6933254338521505,0.035820262823230184,0.06052209421029605
rf,raw,1,18028,8,True,45.38005304336548,Women,950,0.21894736842105264,0.23136055589683394,0.15632633136547452,0.7076443603566245,0.0,0.0010526315789473684
rf,raw,1,18028,8,True,45.38005304336548,Black,4534,0.31473312748125276,0.30295804453304115,0.19588050449589814,0.6894626573943278,0.0331509494689411,0.05447728275253639
rf,raw,1,18028,8,True,45.38005304336548,White,3273,0.281087687137183,0.29197529104813025,0.1804292924839755,0.7095682662281269,0.02804929876753081,0.05163458600672166
rf,raw,1,18028,8,True,45.38005304336548,Black men,4195,0.3215733015494637,0.30898098269921587,0.1992946639027617,0.6824203347837887,0.03619114546732256,0.05864123957091776
rf,raw,1,18028,8,True,45.38005304336548,White men,2662,0.29676934635612323,0.30551433170102776,0.18561838911163323,0.7109075787082115,0.035256410256410256,0.06348610067618332
rf,raw,1,18028,8,True,45.38005304336548,Black women,339,0.23008849557522124,0.2284264055740353,0.15363154074429713,0.7576382748796543,0.0,0.0029498525073746312
rf,raw,1,18028,8,True,45.38005304336548,White women,611,0.2127659574468085,0.23298850509393498,0.15782147706200336,0.6782984167599552,0.0,0.0
rf,raw,1,18028,9,True,43.89767813682556,All,7807,0.30062764185986934,0.2985887140793125,0.18929112536836046,0.6988346903770849,0.02893772893772894,0.05149225054438324
rf,raw,1,18028,9,True,43.89767813682556,Men,6857,0.31194399883330903,0.3076715776610384,0.19387750807219548,0.693757071333742,0.033488766426451884,0.05862622137961208
rf,raw,1,18028,9,True,43.89767813682556,Women,950,0.21894736842105264,0.23302956083731818,0.1561870977892062,0.709789031722994,0.0,0.0
rf,raw,1,18028,9,True,43.89767813682556,Black,4534,0.31473312748125276,0.30306862705775306,0.19577908235476965,0.689984795956595,0.031219826198905697,0.052271724746360826
rf,raw,1,18028,9,True,43.89767813682556,White,3273,0.281087687137183,0.2923828095745006,0.180303530814013,0.7103715885363735,0.02592435189120272,0.05041246562786435
rf,raw,1,18028,9,True,43.89767813682556,Black men,4195,0.3215733015494637,0.3089860967312921,0.19915272963186542,0.6831121358472245,0.03408292340126493,0.05649582836710369
rf,raw,1,18028,9,True,43.89767813682556,White men,2662,0.29676934635612323,0.3056000496746694,0.1855643771770732,0.711081358866169,0.03258547008547009,0.06198347107438017
rf,raw,1,18028,9,True,43.89767813682556,Black women,339,0.23008849557522124,0.2298421218055509,0.15403144127094454,0.7536103743000294,0.0,0.0
rf,raw,1,18028,9,True,43.89767813682556,White women,611,0.2127659574468085,0.23479804174037733,0.1573831167085036,0.683256037102191,0.0,0.0
rf,raw,1,18028,9,True,45.62381315231323,All,7807,0.30062764185986934,0.2985887140793125,0.18929112536836046,0.6988346903770849,0.02893772893772894,0.05149225054438324
rf,raw,1,18028,9,True,45.62381315231323,Men,6857,0.31194399883330903,0.3076715776610384,0.19387750807219548,0.693757071333742,0.033488766426451884,0.05862622137961208
rf,raw,1,18028,9,True,45.62381315231323,Women,950,0.21894736842105264,0.23302956083731818,0.1561870977892062,0.709789031722994,0.0,0.0
rf,raw,1,18028,9,True,45.62381315231323,Black,4534,0.31473312748125276,0.30306862705775306,0.19577908235476965,0.689984795956595,0.031219826198905697,0.052271724746360826
rf,raw,1,18028,9,True,45.62381315231323,White,3273,0.281087687137183,0.2923828095745006,0.180303530814013,0.7103715885363735,0.02592435189120272,0.05041246562786435
rf,raw,1,18028,9,True,45.62381315231323,Black men,4195,0.3215733015494637,0.3089860967312921,0.19915272963186542,0.6831121358472245,0.03408292340126493,0.05649582836710369
rf,raw,1,18028,9,True,45.62381315231323,White men,2662,0.29676934635612323,0.3056000496746694,0.1855643771770732,0.711081358866169,0.03258547008547009,0.06198347107438017
rf,raw,1,18028,9,True,45.62381315231323,Black women,339,0.23008849557522124,0.2298421218055509,0.15403144127094454,0.7536103743000294,0.0,0.0
rf,raw,1,18028,9,True,45.62381315231323,White women,611,0.2127659574468085,0.23479804174037733,0.1573831167085036,0.683256037102191,0.0,0.0
rf,raw,2,500,0,False,4.629351615905762,All,5460,0.24065934065934066,0.2820357319271547,0.17240247923823337,0.674264351181862,0.017848528702363725,0.02490842490842491
rf,raw,2,500,0,False,4.629351615905762,Men,4718,0.2507418397626113,0.286767498581002,0.17729176778649244,0.6678243527770238,0.020084865629420086,0.027766002543450616
rf,raw,2,500,0,False,4.629351615905762,Women,742,0.1765498652291105,0.25194883829797443,0.14131398412949175,0.7001536712434877,0.004909983633387889,0.006738544474393531
rf,raw,2,500,0,False,4.629351615905762,Black,3107,0.24074670099774703,0.2826207129135856,0.1751359338691267,0.6539677376210803,0.01738024586689275,0.02252977148374638
rf,raw,2,500,0,False,4.629351615905762,White,2353,0.24054398640034,0.28126329846993386,0.16879311096871122,0.7005799640513246,0.01846670397313934,0.02804929876753081
rf,raw,2,500,0,False,4.629351615905762,Black men,2846,0.2501756851721715,0.28670490576988145,0.18033003268874293,0.6430451860198182,0.018275538894095594,0.023893183415319746
rf,raw,2,500,0,False,4.629351615905762,White men,1872,0.2516025641025641,0.2868626583782506,0.17267269625240866,0.7042331001059298,0.022840827980014276,0.03365384615384615
rf,raw,2,500,0,False,4.629351615905762,Black women,261,0.13793103448275862,0.2380857977066199,0.11849836589737323,0.754567901234568,0.008888888888888889,0.007662835249042145
rf,raw,2,500,0,False,4.629351615905762,White women,481,0.19750519750519752,0.2594711950429714,0.15369418445918603,0.6688301063539678,0.0025906735751295338,0.006237006237006237
rf,raw,2,500,0,False,4.620882987976074,All,5460,0.24065934065934066,0.2820357319271547,0.17240247923823337,0.674264351181862,0.017848528702363725,0.02490842490842491
rf,raw,2,500,0,False,4.620882987976074,Men,4718,0.2507418397626113,0.286767498581002,0.17729176778649244,0.6678243527770238,0.020084865629420086,0.027766002543450616
rf,raw,2,500,0,False,4.620882987976074,Women,742,0.1765498652291105,0.25194883829797443,0.14131398412949175,0.7001536712434877,0.004909983633387889,0.006738544474393531
rf,raw,2,500,0,False,4.620882987976074,Black,3107,0.24074670099774703,0.2826207129135856,0.1751359338691267,0.6539677376210803,0.01738024586689275,0.02252977148374638
rf,raw,2,500,0,False,4.620882987976074,White,2353,0.24054398640034,0.28126329846993386,0.16879311096871122,0.7005799640513246,0.01846670397313934,0.02804929876753081
rf,raw,2,500,0,False,4.620882987976074,Black men,2846,0.2501756851721715,0.28670490576988145,0.18033003268874293,0.6430451860198182,0.018275538894095594,0.023893183415319746
rf,raw,2,500,0,False,4.620882987976074,White men,1872,0.2516025641025641,0.2868626583782506,0.17267269625240866,0.7042331001059298,0.022840827980014276,0.03365384615384615
rf,raw,2,500,0,False,4.620882987976074,Black women,261,0.13793103448275862,0.2380857977066199,0.11849836589737323,0.754567901234568,0.008888888888888889,0.007662835249042145
rf,raw,2,500,0,False,4.620882987976074,White women,481,0.19750519750519752,0.2594711950429714,0.15369418445918603,0.6688301063539678,0.0025906735751295338,0.006237006237006237
rf,raw,2,500,1,False,4.813634395599365,All,5460,0.24065934065934066,0.2518633067787718,0.1724747868171669,0.6600264251325845,0.005306319343945972,0.006593406593406593
rf,raw,2,500,1,False,4.813634395599365,Men,4718,0.2507418397626113,0.25507315988625423,0.17794507941493629,0.651312260799803,0.005091937765205092,0.005934718100890208
rf,raw,2,500,1,False,4.813634395599365,Women,742,0.1765498652291105,0.23145348607647714,0.13769198294078433,0.7031896153221474,0.006546644844517185,0.01078167115902965
rf,raw,2,500,1,False,4.813634395599365,Black,3107,0.24074670099774703,0.25327454852996756,0.1747313550138723,0.6397180668868573,0.003391267486222976,0.0038622465400708077
rf,raw,2,500,1,False,4.813634395599365,White,2353,0.24054398640034,0.249999843913933,0.16949511941930734,0.6854352498709763,0.00783435926133184,0.010199745006374841
rf,raw,2,500,1,False,4.813634395599365,Black men,2846,0.2501756851721715,0.25586521654341965,0.17958257750177317,0.6338508155808051,0.0032802249297094657,0.0035137034434293743
rf,raw,2,500,1,False,4.813634395599365,White men,1872,0.2516025641025641,0.25386899682733716,0.17545559247308912,0.6766231581627317,0.007851534618129907,0.009615384615384616
rf,raw,2,500,1,False,4.813634395599365,Black women,261,0.13793103448275862,0.22502534865914509,0.12183258413047773,0.6782716049382715,0.0044444444444444444,0.007662835249042145
rf,raw,2,500,1,False,4.813634395599365,White women,481,0.19750519750519752,0.23494151906176552,0.14629760266945382,0.7110171802563403,0.007772020725388601,0.012474012474012475
rf,raw,2,500,1,False,4.647521018981934,All,5460,0.24065934065934066,0.2518633067787718,0.1724747868171669,0.6600264251325845,0.005306319343945972,0.006593406593406593
rf,raw,2,500,1,False,4.647521018981934,Men,4718,0.2507418397626113,0.25507315988625423,0.17794507941493629,0.651312260799803,0.005091937765205092,0.005934718100890208
rf,raw,2,500,1,False,4.647521018981934,Women,742,0.1765498652291105,0.23145348607647714,0.13769198294078433,0.7031896153221474,0.006546644844517185,0.01078167115902965
rf,raw,2,500,1,False,4.647521018981934,Black,3107,0.24074670099774703,0.25327454852996756,0.1747313550138723,0.6397180668868573,0.003391267486222976,0.0038622465400708077
rf,raw,2,500,1,False,4.647521018981934,White,2353,0.24054398640034,0.249999843913933,0.16949511941930734,0.6854352498709763,0.00783435926133184,0.010199745006374841
rf,raw,2,500,1,False,4.647521018981934,Black men,2846,0.2501756851721715,0.25586521654341965,0.17958257750177317,0.6338508155808051,0.0032802249297094657,0.0035137034434293743
rf,raw,2,500,1,False,4.647521018981934,White men,1872,0.2516025641025641,0.25386899682733716,0.17545559247308912,0.6766231581627317,0.007851534618129907,0.009615384615384616
rf,raw,2,500,1,False,4.647521018981934,Black women,261,0.13793103448275862,0.22502534865914509,0.12183258413047773,0.6782716049382715,0.0044444444444444444,0.007662835249042145
rf,raw,2,500,1,False,4.647521018981934,White women,481,0.19750519750519752,0.23494151906176552,0.14629760266945382,0.7110171802563403,0.007772020725388601,0.012474012474012475
rf,raw,2,500,2,False,4.458025693893433,All,5460,0.24065934065934066,0.26736190476190475,0.17118798095238094,0.6743145545283602,0.013989387361312108,0.021245421245421246
rf,raw,2,500,2,False,4.458025693893433,Men,4718,0.2507418397626113,0.27134463755828747,0.1760803933870284,0.6691615424071088,0.015841584158415842,0.02373887240356083
rf,raw,2,500,2,False,4.458025693893433,Women,742,0.1765498652291105,0.24203773584905658,0.14007962264150944,0.6951187516397845,0.0032733224222585926,0.005390835579514825
rf,raw,2,500,2,False,4.458025693893433,Black,3107,0.24074670099774703,0.278634695848085,0.17483199871258445,0.6541165022793578,0.020771513353115726,0.02832314129385259
rf,raw,2,500,2,False,4.458025693893433,White,2353,0.24054398640034,0.252476838079048,0.16637626689332768,0.7027570537905287,0.005036373810856184,0.011899702507437314
rf,raw,2,500,2,False,4.458025693893433,Black men,2846,0.2501756851721715,0.2826907940969782,0.1795775783555868,0.6475551662226341,0.022492970946579195,0.03056921995783556
rf,raw,2,500,2,False,4.458025693893433,White men,1872,0.2516025641025641,0.25409508547008547,0.17076362606837603,0.7043475164085101,0.005710206995003569,0.013354700854700854
rf,raw,2,500,2,False,4.458025693893433,Black women,261,0.13793103448275862,0.2344061302681992,0.12308518007662834,0.6952469135802469,0.0044444444444444444,0.0038314176245210726
rf,raw,2,500,2,False,4.458025693893433,White women,481,0.19750519750519752,0.24617879417879418,0.1493011392931393,0.6943141532587946,0.0025906735751295338,0.006237006237006237
rf,raw,2,500,2,False,4.490816354751587,All,5460,0.24065934065934066,0.26736190476190475,0.17118798095238094,0.6743145545283602,0.013989387361312108,0.021245421245421246
rf,raw,2,500,2,False,4.490816354751587,Men,4718,0.2507418397626113,0.27134463755828747,0.1760803933870284,0.6691615424071088,0.015841584158415842,0.02373887240356083
rf,raw,2,500,2,False,4.490816354751587,Women,742,0.1765498652291105,0.24203773584905658,0.14007962264150944,0.6951187516397845,0.0032733224222585926,0.005390835579514825
rf,raw,2,500,2,False,4.490816354751587,Black,3107,0.24074670099774703,0.278634695848085,0.17483199871258445,0.6541165022793578,0.020771513353115726,0.02832314129385259
rf,raw,2,500,2,False,4.490816354751587,White,2353,0.24054398640034,0.252476838079048,0.16637626689332768,0.7027570537905287,0.005036373810856184,0.011899702507437314
rf,raw,2,500,2,False,4.490816354751587,Black men,2846,0.2501756851721715,0.2826907940969782,0.1795775783555868,0.6475551662226341,0.022492970946579195,0.03056921995783556
rf,raw,2,500,2,False,4.490816354751587,White men,1872,0.2516025641025641,0.25409508547008547,0.17076362606837603,0.7043475164085101,0.005710206995003569,0.013354700854700854
rf,raw,2,500,2,False,4.490816354751587,Black women,261,0.13793103448275862,0.2344061302681992,0.12308518007662834,0.6952469135802469,0.0044444444444444444,0.0038314176245210726
rf,raw,2,500,2,False,4.490816354751587,White women,481,0.19750519750519752,0.24617879417879418,0.1493011392931393,0.6943141532587946,0.0025906735751295338,0.006237006237006237
rf,raw,2,500,3,False,4.4649176597595215,All,5460,0.24065934065934066,0.23737480012866372,0.1730105126819246,0.6555057376826502,0.00241196333815726,0.0032967032967032967
rf,raw,2,500,3,False,4.4649176597595215,Men,4718,0.2507418397626113,0.24739159306890662,0.17815096305369296,0.651458605587645,0.002828854314002829,0.0038151759220008477
rf,raw,2,500,3,False,4.4649176597595215,Women,742,0.1765498652291105,0.17368311671617567,0.14032500748785046,0.6375607501155658,0.0,0.0
rf,raw,2,500,3,False,4.4649176597595215,Black,3107,0.24074670099774703,0.24295070951436956,0.17514799990426483,0.639214817299998,0.002967359050445104,0.0032185387833923397
rf,raw,2,500,3,False,4.4649176597595215,White,2353,0.24054398640034,0.23001213524919573,0.17018808480270192,0.6767723705363234,0.0016787912702853946,0.003399915002124947
rf,raw,2,500,3,False,4.4649176597595215,Black men,2846,0.2501756851721715,0.250200085324413,0.18058029794392993,0.6302132146204311,0.0032802249297094657,0.0035137034434293743
rf,raw,2,500,3,False,4.4649176597595215,White men,1872,0.2516025641025641,0.243121844693281,0.1744576472964203,0.682637970148711,0.0021413276231263384,0.004273504273504274
rf,raw,2,500,3,False,4.4649176597595215,Black women,261,0.13793103448275862,0.16390196026002626,0.11591305652921928,0.6508641975308641,0.0,0.0
rf,raw,2,500,3,False,4.4649176597595215,White women,481,0.19750519750519752,0.17899056335870173,0.1535714091514736,0.6280338151077175,0.0,0.0
rf,raw,2,500,3,False,4.772799253463745,All,5460,0.24065934065934066,0.23737480012866372,0.1730105126819246,0.6555057376826502,0.00241196333815726,0.0032967032967032967
rf,raw,2,500,3,False,4.772799253463745,Men,4718,0.2507418397626113,0.24739159306890662,0.17815096305369296,0.651458605587645,0.002828854314002829,0.0038151759220008477
rf,raw,2,500,3,False,4.772799253463745,Women,742,0.1765498652291105,0.17368311671617567,0.14032500748785046,0.6375607501155658,0.0,0.0
rf,raw,2,500,3,False,4.772799253463745,Black,3107,0.24074670099774703,0.24295070951436956,0.17514799990426483,0.639214817299998,0.002967359050445104,0.0032185387833923397
rf,raw,2,500,3,False,4.772799253463745,White,2353,0.24054398640034,0.23001213524919573,0.17018808480270192,0.6767723705363234,0.0016787912702853946,0.003399915002124947
rf,raw,2,500,3,False,4.772799253463745,Black men,2846,0.2501756851721715,0.250200085324413,0.18058029794392993,0.6302132146204311,0.0032802249297094657,0.0035137034434293743
rf,raw,2,500,3,False,4.772799253463745,White men,1872,0.2516025641025641,0.243121844693281,0.1744576472964203,0.682637970148711,0.0021413276231263384,0.004273504273504274
rf,raw,2,500,3,False,4.772799253463745,Black women,261,0.13793103448275862,0.16390196026002626,0.11591305652921928,0.6508641975308641,0.0,0.0
rf,raw,2,500,3,False,4.772799253463745,White women,481,0.19750519750519752,0.17899056335870173,0.1535714091514736,0.6280338151077175,0.0,0.0
rf,raw,2,500,4,False,4.713748931884766,All,5460,0.24065934065934066,0.2721760814889408,0.170042141700667,0.6885235700581734,0.002653159671972986,0.004945054945054945
rf,raw,2,500,4,False,4.713748931884766,Men,4718,0.2507418397626113,0.27495846664234785,0.1743865266638622,0.6862365357414862,0.0031117397454031117,0.0057227638830012716
rf,raw,2,500,4,False,4.713748931884766,Women,742,0.1765498652291105,0.25448431173991853,0.14241841089695398,0.6865856248672555,0.0,0.0
rf,raw,2,500,4,False,4.713748931884766,Black,3107,0.24074670099774703,0.2772664645248262,0.17270912979021186,0.6721300605486328,0.00423908435777872,0.006115223688445446
rf,raw,2,500,4,False,4.713748931884766,White,2353,0.24054398640034,0.26545452598851765,0.1665205386432017,0.7092942551327709,0.0005595970900951316,0.003399915002124947
rf,raw,2,500,4,False,4.713748931884766,Black men,2846,0.2501756851721715,0.28019521436845435,0.17715265182063092,0.6670466392173794,0.004686035613870665,0.0066760365425158116
rf,raw,2,500,4,False,4.713748931884766,White men,1872,0.2516025641025641,0.266997043550201,0.1701811889522363,0.7143502290599223,0.0007137758743754461,0.004273504273504274
rf,raw,2,500,4,False,4.713748931884766,Black women,261,0.13793103448275862,0.2453307478391336,0.12425601217115934,0.6886419753086419,0.0,0.0
rf,raw,2,500,4,False,4.713748931884766,White women,481,0.19750519750519752,0.25945121439710117,0.1522736833864184,0.6824106899372784,0.0,0.0
rf,raw,2,500,4,False,4.611158847808838,All,5460,0.24065934065934066,0.2721760814889408,0.170042141700667,0.6885235700581734,0.002653159671972986,0.004945054945054945
rf,raw,2,500,4,False,4.611158847808838,Men,4718,0.2507418397626113,0.27495846664234785,0.1743865266638622,0.6862365357414862,0.0031117397454031117,0.0057227638830012716
rf,raw,2,500,4,False,4.611158847808838,Women,742,0.1765498652291105,0.25448431173991853,0.14241841089695398,0.6865856248672555,0.0,0.0
rf,raw,2,500,4,False,4.611158847808838,Black,3107,0.24074670099774703,0.2772664645248262,0.17270912979021186,0.6721300605486328,0.00423908435777872,0.006115223688445446
rf,raw,2,500,4,False,4.611158847808838,White,2353,0.24054398640034,0.26545452598851765,0.1665205386432017,0.7092942551327709,0.0005595970900951316,0.003399915002124947
rf,raw,2,500,4,False,4.611158847808838,Black men,2846,0.2501756851721715,0.28019521436845435,0.17715265182063092,0.6670466392173794,0.004686035613870665,0.0066760365425158116
rf,raw,2,500,4,False,4.611158847808838,White men,1872,0.2516025641025641,0.266997043550201,0.1701811889522363,0.7143502290599223,0.0007137758743754461,0.004273504273504274
rf,raw,2,500,4,False,4.611158847808838,Black women,261,0.13793103448275862,0.2453307478391336,0.12425601217115934,0.6886419753086419,0.0,0.0
rf,raw,2,500,4,False,4.611158847808838,White women,481,0.19750519750519752,0.25945121439710117,0.1522736833864184,0.6824106899372784,0.0,0.0
rf,raw,2,500,5,False,4.406201362609863,All,5460,0.24065934065934066,0.27533052403746544,0.17239228869927076,0.6702245879287293,0.011577424023154847,0.015018315018315019
rf,raw,2,500,5,False,4.406201362609863,Men,4718,0.2507418397626113,0.2754525612290286,0.17729086739551644,0.6637793063209231,0.011598302687411598,0.01377702416278084
rf,raw,2,500,5,False,4.406201362609863,Women,742,0.1765498652291105,0.2745545517062052,0.14124472227219917,0.7261903274571783,0.011456628477905073,0.022911051212938006
rf,raw,2,500,5,False,4.406201362609863,Black,3107,0.24074670099774703,0.27020959474758977,0.1751389578869534,0.6484121568778578,0.005934718100890208,0.005793369810106212
rf,raw,2,500,5,False,4.406201362609863,White,2353,0.24054398640034,0.28209241409426267,0.1687654713740986,0.6983771684387241,0.019026301063234472,0.027199320016999574
rf,raw,2,500,5,False,4.406201362609863,Black men,2846,0.2501756851721715,0.2716840775279163,0.17948342884498153,0.6447182060381411,0.005623242736644799,0.005621925509486999
rf,raw,2,500,5,False,4.406201362609863,White men,1872,0.2516025641025641,0.28118178377890346,0.17395751809787877,0.6911684253437415,0.02069950035688794,0.026175213675213676
rf,raw,2,500,5,False,4.406201362609863,Black women,261,0.13793103448275862,0.25413151814678697,0.1277659144135893,0.6866666666666666,0.008888888888888889,0.007662835249042145
rf,raw,2,500,5,False,4.406201362609863,White women,481,0.19750519750519752,0.2856364888351202,0.14855858682749476,0.7368421052631579,0.012953367875647668,0.031185031185031187
rf,raw,2,500,5,False,4.348206520080566,All,5460,0.24065934065934066,0.27533052403746544,0.17239228869927076,0.6702245879287293,0.011577424023154847,0.015018315018315019
rf,raw,2,500,5,False,4.348206520080566,Men,4718,0.2507418397626113,0.2754525612290286,0.17729086739551644,0.6637793063209231,0.011598302687411598,0.01377702416278084
rf,raw,2,500,5,False,4.348206520080566,Women,742,0.1765498652291105,0.2745545517062052,0.14124472227219917,0.7261903274571783,0.011456628477905073,0.022911051212938006
rf,raw,2,500,5,False,4.348206520080566,Black,3107,0.24074670099774703,0.27020959474758977,0.1751389578869534,0.6484121568778578,0.005934718100890208,0.005793369810106212
rf,raw,2,500,5,False,4.348206520080566,White,2353,0.24054398640034,0.28209241409426267,0.1687654713740986,0.6983771684387241,0.019026301063234472,0.027199320016999574
rf,raw,2,500,5,False,4.348206520080566,Black men,2846,0.2501756851721715,0.2716840775279163,0.17948342884498153,0.6447182060381411,0.005623242736644799,0.005621925509486999
rf,raw,2,500,5,False,4.348206520080566,White men,1872,0.2516025641025641,0.28118178377890346,0.17395751809787877,0.6911684253437415,0.02069950035688794,0.026175213675213676
rf,raw,2,500,5,False,4.348206520080566,Black women,261,0.13793103448275862,0.25413151814678697,0.1277659144135893,0.6866666666666666,0.008888888888888889,0.007662835249042145
rf,raw,2,500,5,False,4.348206520080566,White women,481,0.19750519750519752,0.2856364888351202,0.14855858682749476,0.7368421052631579,0.012953367875647668,0.031185031185031187
rf,raw,2,500,6,False,4.400345087051392,All,5460,0.24065934065934066,0.2627507487896634,0.17100193725626844,0.6763279198156188,0.021466473709599615,0.028388278388278388
rf,raw,2,500,6,False,4.400345087051392,Men,4718,0.2507418397626113,0.2668642073473698,0.17678790372360698,0.6667093107088755,0.02461103253182461,0.03052140737600678
rf,raw,2,500,6,False,4.400345087051392,Women,742,0.1765498652291105,0.2365953613567005,0.13421192405828566,0.7309004135380618,0.0032733224222585926,0.014824797843665768
rf,raw,2,500,6,False,4.400345087051392,Black,3107,0.24074670099774703,0.26555320030606455,0.17467982279201968,0.6534820564319604,0.022043238660449344,0.028001287415513356
rf,raw,2,500,6,False,4.400345087051392,White,2353,0.24054398640034,0.25905027413541015,0.16614550276430956,0.7063786158771339,0.020705092333519866,0.02889927751806205
rf,raw,2,500,6,False,4.400345087051392,Black men,2846,0.2501756851721715,0.2689776609364884,0.17969665959098646,0.6468321872729379,0.02436738519212746,0.030217849613492623
rf,raw,2,500,6,False,4.400345087051392,White men,1872,0.2516025641025641,0.26365112566220344,0.17236572466454603,0.6969559201722761,0.024982155603140613,0.030982905982905984
rf,raw,2,500,6,False,4.400345087051392,Black women,261,0.13793103448275862,0.22821214684174904,0.11997515792665779,0.711358024691358,0.0,0.0038314176245210726
rf,raw,2,500,6,False,4.400345087051392,White women,481,0.19750519750519752,0.24114425738248502,0.14193707158501095,0.7370329970002727,0.0051813471502590676,0.02079002079002079
rf,raw,2,500,6,False,4.37924599647522,All,5460,0.24065934065934066,0.2627507487896634,0.17100193725626844,0.6763279198156188,0.021466473709599615,0.028388278388278388
rf,raw,2,500,6,False,4.37924599647522,Men,4718,0.2507418397626113,0.2668642073473698,0.17678790372360698,0.6667093107088755,0.02461103253182461,0.03052140737600678
rf,raw,2,500,6,False,4.37924599647522,Women,742,0.1765498652291105,0.2365953613567005,0.13421192405828566,0.7309004135380618,0.0032733224222585926,0.014824797843665768
rf,raw,2,500,6,False,4.37924599647522,Black,3107,0.24074670099774703,0.26555320030606455,0.17467982279201968,0.6534820564319604,0.022043238660449344,0.028001287415513356
rf,raw,2,500,6,False,4.37924599647522,White,2353,0.24054398640034,0.25905027413541015,0.16614550276430956,0.7063786158771339,0.020705092333519866,0.02889927751806205
rf,raw,2,500,6,False,4.37924599647522,Black men,2846,0.2501756851721715,0.2689776609364884,0.17969665959098646,0.6468321872729379,0.02436738519212746,0.030217849613492623
rf,raw,2,500,6,False,4.37924599647522,White men,1872,0.2516025641025641,0.26365112566220344,0.17236572466454603,0.6969559201722761,0.024982155603140613,0.030982905982905984
rf,raw,2,500,6,False,4.37924599647522,Black women,261,0.13793103448275862,0.22821214684174904,0.11997515792665779,0.711358024691358,0.0,0.0038314176245210726
rf,raw,2,500,6,False,4.37924599647522,White women,481,0.19750519750519752,0.24114425738248502,0.14193707158501095,0.7370329970002727,0.0051813471502590676,0.02079002079002079
rf,raw,2,500,7,False,4.362609148025513,All,5460,0.24065934065934066,0.2644417911787394,0.1729994556130097,0.6822465914956449,0.0,0.0
rf,raw,2,500,7,False,4.362609148025513,Men,4718,0.2507418397626113,0.2664260784566981,0.17814577977977078,0.6726355572400616,0.0,0.0
rf,raw,2,500,7,False,4.362609148025513,Women,742,0.1765498652291105,0.2518247192415304,0.14027660194888733,0.733736460064217,0.0,0.0
rf,raw,2,500,7,False,4.362609148025513,Black,3107,0.24074670099774703,0.2653983602459426,0.17508222073735982,0.6555959313857725,0.0,0.0
rf,raw,2,500,7,False,4.362609148025513,White,2353,0.24054398640034,0.26317869721707327,0.17024928508969656,0.7175310101815032,0.0,0.0
rf,raw,2,500,7,False,4.362609148025513,Black men,2846,0.2501756851721715,0.2676297264995851,0.18004315921195355,0.6444760064446152,0.0,0.0
rf,raw,2,500,7,False,4.362609148025513,White men,1872,0.2516025641025641,0.2645961733658559,0.1752611954507152,0.7156429059619229,0.0,0.0
rf,raw,2,500,7,False,4.362609148025513,Black women,261,0.13793103448275862,0.24106706385564902,0.12098708319447225,0.757283950617284,0.0,0.0
rf,raw,2,500,7,False,4.362609148025513,White women,481,0.19750519750519752,0.257662033286676,0.15074347179275915,0.7194982274338697,0.0,0.0
rf,raw,2,500,7,False,4.572423219680786,All,5460,0.24065934065934066,0.2644417911787394,0.1729994556130097,0.6822465914956449,0.0,0.0
rf,raw,2,500,7,False,4.572423219680786,Men,4718,0.2507418397626113,0.2664260784566981,0.17814577977977078,0.6726355572400616,0.0,0.0
rf,raw,2,500,7,False,4.572423219680786,Women,742,0.1765498652291105,0.2518247192415304,0.14027660194888733,0.733736460064217,0.0,0.0
rf,raw,2,500,7,False,4.572423219680786,Black,3107,0.24074670099774703,0.2653983602459426,0.17508222073735982,0.6555959313857725,0.0,0.0
rf,raw,2,500,7,False,4.572423219680786,White,2353,0.24054398640034,0.26317869721707327,0.17024928508969656,0.7175310101815032,0.0,0.0
rf,raw,2,500,7,False,4.572423219680786,Black men,2846,0.2501756851721715,0.2676297264995851,0.18004315921195355,0.6444760064446152,0.0,0.0
rf,raw,2,500,7,False,4.572423219680786,White men,1872,0.2516025641025641,0.2645961733658559,0.1752611954507152,0.7156429059619229,0.0,0.0
rf,raw,2,500,7,False,4.572423219680786,Black women,261,0.13793103448275862,0.24106706385564902,0.12098708319447225,0.757283950617284,0.0,0.0
rf,raw,2,500,7,False,4.572423219680786,White women,481,0.19750519750519752,0.257662033286676,0.15074347179275915,0.7194982274338697,0.0,0.0
rf,raw,2,500,8,False,5.210424184799194,All,5460,0.24065934065934066,0.21620500360104536,0.17216462127473867,0.6714849030185153,0.000241196333815726,0.0005494505494505495
rf,raw,2,500,8,False,5.210424184799194,Men,4718,0.2507418397626113,0.21669905280549487,0.1777531853092898,0.668065869502057,0.0002828854314002829,0.000635862653666808
rf,raw,2,500,8,False,5.210424184799194,Women,742,0.1765498652291105,0.21306359639539457,0.13662978958334746,0.696443072925126,0.0,0.0
rf,raw,2,500,8,False,5.210424184799194,Black,3107,0.24074670099774703,0.21455225969981687,0.1758137373101902,0.6390629356679277,0.0,0.0
rf,raw,2,500,8,False,5.210424184799194,White,2353,0.24054398640034,0.21838735604520895,0.1673461752389767,0.7106487569232839,0.0005595970900951316,0.0012749681257968552
rf,raw,2,500,8,False,5.210424184799194,Black men,2846,0.2501756851721715,0.21663285935652526,0.1812400631702154,0.6332716426397649,0.0,0.0
rf,raw,2,500,8,False,5.210424184799194,White men,1872,0.2516025641025641,0.21679968664938787,0.17245208787756217,0.715812636106148,0.0007137758743754461,0.0016025641025641025
rf,raw,2,500,8,False,5.210424184799194,Black women,261,0.13793103448275862,0.1918649546308816,0.11664391586332543,0.6707407407407407,0.0,0.0
rf,raw,2,500,8,False,5.210424184799194,White women,481,0.19750519750519752,0.22456639369381012,0.14747451524015776,0.6971911644395963,0.0,0.0
rf,raw,2,500,8,False,4.582298278808594,All,5460,0.24065934065934066,0.21620500360104536,0.17216462127473867,0.6714849030185153,0.000241196333815726,0.0005494505494505495
rf,raw,2,500,8,False,4.582298278808594,Men,4718,0.2507418397626113,0.21669905280549487,0.1777531853092898,0.668065869502057,0.0002828854314002829,0.000635862653666808
rf,raw,2,500,8,False,4.582298278808594,Women,742,0.1765498652291105,0.21306359639539457,0.13662978958334746,0.696443072925126,0.0,0.0
rf,raw,2,500,8,False,4.582298278808594,Black,3107,0.24074670099774703,0.21455225969981687,0.1758137373101902,0.6390629356679277,0.0,0.0
rf,raw,2,500,8,False,4.582298278808594,White,2353,0.24054398640034,0.21838735604520895,0.1673461752389767,0.7106487569232839,0.0005595970900951316,0.0012749681257968552
rf,raw,2,500,8,False,4.582298278808594,Black men,2846,0.2501756851721715,0.21663285935652526,0.1812400631702154,0.6332716426397649,0.0,0.0
rf,raw,2,500,8,False,4.582298278808594,White men,1872,0.2516025641025641,0.21679968664938787,0.17245208787756217,0.715812636106148,0.0007137758743754461,0.0016025641025641025
rf,raw,2,500,8,False,4.582298278808594,Black women,261,0.13793103448275862,0.1918649546308816,0.11664391586332543,0.6707407407407407,0.0,0.0
rf,raw,2,500,8,False,4.582298278808594,White women,481,0.19750519750519752,0.22456639369381012,0.14747451524015776,0.6971911644395963,0.0,0.0
rf,raw,2,500,9,False,5.855043172836304,All,5460,0.24065934065934066,0.25722201330437583,0.17417635177695986,0.668962987926967,0.0,0.0
rf,raw,2,500,9,False,5.855043172836304,Men,4718,0.2507418397626113,0.25902419286893247,0.17873158061946398,0.6691734986806253,0.0,0.0
rf,raw,2,500,9,False,5.855043172836304,Women,742,0.1765498652291105,0.24576287154483603,0.14521197215575446,0.6417461051211254,0.0,0.0
rf,raw,2,500,9,False,5.855043172836304,Black,3107,0.24074670099774703,0.26361886662637085,0.17507407864339042,0.6613498650066987,0.0,0.0
rf,raw,2,500,9,False,5.855043172836304,White,2353,0.24054398640034,0.24877533958085746,0.17299095552791616,0.6808279664083555,0.0,0.0
rf,raw,2,500,9,False,5.855043172836304,Black men,2846,0.2501756851721715,0.2652917979887327,0.17964616961390048,0.6552394090329918,0.0,0.0
rf,raw,2,500,9,False,5.855043172836304,White men,1872,0.2516025641025641,0.24949555816222765,0.17734113175292215,0.692691450298619,0.0,0.0
rf,raw,2,500,9,False,5.855043172836304,Black women,261,0.13793103448275862,0.24537686410804938,0.12521901771591307,0.6980246913580247,0.0,0.0
rf,raw,2,500,9,False,5.855043172836304,White women,481,0.19750519750519752,0.24597232672363298,0.15606053994951455,0.62132533406054,0.0,0.0
rf,raw,2,500,9,False,5.054426193237305,All,5460,0.24065934065934066,0.25722201330437583,0.17417635177695986,0.668962987926967,0.0,0.0
rf,raw,2,500,9,False,5.054426193237305,Men,4718,0.2507418397626113,0.25902419286893247,0.17873158061946398,0.6691734986806253,0.0,0.0
rf,raw,2,500,9,False,5.054426193237305,Women,742,0.1765498652291105,0.24576287154483603,0.14521197215575446,0.6417461051211254,0.0,0.0
rf,raw,2,500,9,False,5.054426193237305,Black,3107,0.24074670099774703,0.26361886662637085,0.17507407864339042,0.6613498650066987,0.0,0.0
rf,raw,2,500,9,False,5.054426193237305,White,2353,0.24054398640034,0.24877533958085746,0.17299095552791616,0.6808279664083555,0.0,0.0
rf,raw,2,500,9,False,5.054426193237305,Black men,2846,0.2501756851721715,0.2652917979887327,0.17964616961390048,0.6552394090329918,0.0,0.0
rf,raw,2,500,9,False,5.054426193237305,White men,1872,0.2516025641025641,0.24949555816222765,0.17734113175292215,0.692691450298619,0.0,0.0
rf,raw,2,500,9,False,5.054426193237305,Black women,261,0.13793103448275862,0.24537686410804938,0.12521901771591307,0.6980246913580247,0.0,0.0
rf,raw,2,500,9,False,5.054426193237305,White women,481,0.19750519750519752,0.24597232672363298,0.15606053994951455,0.62132533406054,0.0,0.0
rf,raw,2,1000,0,False,7.70283579826355,All,5460,0.24065934065934066,0.28075264090092267,0.16997274441789922,0.692274411675518,0.00844187168355041,0.013553113553113554
rf,raw,2,1000,0,False,7.70283579826355,Men,4718,0.2507418397626113,0.2892165427151577,0.17554554767860278,0.6822943132376273,0.009900990099009901,0.015684612123781264
rf,raw,2,1000,0,False,7.70283579826355,Women,742,0.1765498652291105,0.22693500106323958,0.1345381274583313,0.7381966742044702,0.0,0.0
rf,raw,2,1000,0,False,7.70283579826355,Black,3107,0.24074670099774703,0.28507901721599654,0.17325289711238628,0.6711178941498368,0.009325985587113183,0.013839716768587062
rf,raw,2,1000,0,False,7.70283579826355,White,2353,0.24054398640034,0.27503991195449906,0.16564149306993012,0.7207966447903092,0.007274762171236709,0.01317467063323417
rf,raw,2,1000,0,False,7.70283579826355,Black men,2846,0.2501756851721715,0.2916363312428126,0.17874943121616593,0.6593061244905911,0.010309278350515464,0.015108924806746311
rf,raw,2,1000,0,False,7.70283579826355,White men,1872,0.2516025641025641,0.28553774028475926,0.1706746862748075,0.7171689618122331,0.009279086366880799,0.01655982905982906
rf,raw,2,1000,0,False,7.70283579826355,Black women,261,0.13793103448275862,0.21357665813431742,0.11331750991178514,0.7595061728395062,0.0,0.0
rf,raw,2,1000,0,False,7.70283579826355,White women,481,0.19750519750519752,0.23418349899348626,0.14605284924554246,0.7236978456503954,0.0,0.0
rf,raw,2,1000,0,False,6.972669363021851,All,5460,0.24065934065934066,0.28075264090092267,0.16997274441789922,0.692274411675518,0.00844187168355041,0.013553113553113554
rf,raw,2,1000,0,False,6.972669363021851,Men,4718,0.2507418397626113,0.2892165427151577,0.17554554767860278,0.6822943132376273,0.009900990099009901,0.015684612123781264
rf,raw,2,1000,0,False,6.972669363021851,Women,742,0.1765498652291105,0.22693500106323958,0.1345381274583313,0.7381966742044702,0.0,0.0
rf,raw,2,1000,0,False,6.972669363021851,Black,3107,0.24074670099774703,0.28507901721599654,0.17325289711238628,0.6711178941498368,0.009325985587113183,0.013839716768587062
rf,raw,2,1000,0,False,6.972669363021851,White,2353,0.24054398640034,0.27503991195449906,0.16564149306993012,0.7207966447903092,0.007274762171236709,0.01317467063323417
rf,raw,2,1000,0,False,6.972669363021851,Black men,2846,0.2501756851721715,0.2916363312428126,0.17874943121616593,0.6593061244905911,0.010309278350515464,0.015108924806746311
rf,raw,2,1000,0,False,6.972669363021851,White men,1872,0.2516025641025641,0.28553774028475926,0.1706746862748075,0.7171689618122331,0.009279086366880799,0.01655982905982906
rf,raw,2,1000,0,False,6.972669363021851,Black women,261,0.13793103448275862,0.21357665813431742,0.11331750991178514,0.7595061728395062,0.0,0.0
rf,raw,2,1000,0,False,6.972669363021851,White women,481,0.19750519750519752,0.23418349899348626,0.14605284924554246,0.7236978456503954,0.0,0.0
rf,raw,2,1000,1,False,6.67690372467041,All,5460,0.24065934065934066,0.246796051788958,0.17036016797882778,0.680783443872475,0.002894356005788712,0.003663003663003663
rf,raw,2,1000,1,False,6.67690372467041,Men,4718,0.2507418397626113,0.24743163904872031,0.175675746618203,0.6741286566768017,0.002545968882602546,0.00317931326833404
rf,raw,2,1000,1,False,6.67690372467041,Women,742,0.1765498652291105,0.24275467619386545,0.13656111134732857,0.7296760410289727,0.004909983633387889,0.006738544474393531
rf,raw,2,1000,1,False,6.67690372467041,Black,3107,0.24074670099774703,0.2478892618041194,0.17241274527167413,0.6635351469964841,0.000423908435777872,0.0009655616350177019
rf,raw,2,1000,1,False,6.67690372467041,White,2353,0.24054398640034,0.2453525313821978,0.16764985873578747,0.702162852640092,0.006155567991046447,0.007224819379515512
rf,raw,2,1000,1,False,6.67690372467041,Black men,2846,0.2501756851721715,0.249326634109065,0.17733473482621356,0.6575620241567768,0.00046860356138706655,0.0010541110330288123
rf,raw,2,1000,1,False,6.67690372467041,White men,1872,0.2516025641025641,0.24455067967813218,0.17315358826350322,0.6981607011067313,0.005710206995003569,0.00641025641025641
rf,raw,2,1000,1,False,6.67690372467041,Black women,261,0.13793103448275862,0.2322158457892724,0.11874231510991533,0.7335802469135803,0.0,0.0
rf,raw,2,1000,1,False,6.67690372467041,White women,481,0.19750519750519752,0.24847325152775068,0.14622993841170456,0.7251704390509953,0.007772020725388601,0.010395010395010396
rf,raw,2,1000,1,False,7.114114761352539,All,5460,0.24065934065934066,0.246796051788958,0.17036016797882778,0.680783443872475,0.002894356005788712,0.003663003663003663
rf,raw,2,1000,1,False,7.114114761352539,Men,4718,0.2507418397626113,0.24743163904872031,0.175675746618203,0.6741286566768017,0.002545968882602546,0.00317931326833404
rf,raw,2,1000,1,False,7.114114761352539,Women,742,0.1765498652291105,0.24275467619386545,0.13656111134732857,0.7296760410289727,0.004909983633387889,0.006738544474393531
rf,raw,2,1000,1,False,7.114114761352539,Black,3107,0.24074670099774703,0.2478892618041194,0.17241274527167413,0.6635351469964841,0.000423908435777872,0.0009655616350177019
rf,raw,2,1000,1,False,7.114114761352539,White,2353,0.24054398640034,0.2453525313821978,0.16764985873578747,0.702162852640092,0.006155567991046447,0.007224819379515512
rf,raw,2,1000,1,False,7.114114761352539,Black men,2846,0.2501756851721715,0.249326634109065,0.17733473482621356,0.6575620241567768,0.00046860356138706655,0.0010541110330288123
rf,raw,2,1000,1,False,7.114114761352539,White men,1872,0.2516025641025641,0.24455067967813218,0.17315358826350322,0.6981607011067313,0.005710206995003569,0.00641025641025641
rf,raw,2,1000,1,False,7.114114761352539,Black women,261,0.13793103448275862,0.2322158457892724,0.11874231510991533,0.7335802469135803,0.0,0.0
rf,raw,2,1000,1,False,7.114114761352539,White women,481,0.19750519750519752,0.24847325152775068,0.14622993841170456,0.7251704390509953,0.007772020725388601,0.010395010395010396
rf,raw,2,1000,2,False,5.505733251571655,All,5460,0.24065934065934066,0.2536843413935449,0.16804044319115174,0.697041251548319,0.004100337674867342,0.006593406593406593
rf,raw,2,1000,2,False,5.505733251571655,Men,4718,0.2507418397626113,0.2578743287667484,0.17289860632508575,0.692843094235761,0.004526166902404526,0.0072064434082238235
rf,raw,2,1000,2,False,5.505733251571655,Women,742,0.1765498652291105,0.2270423462092127,0.1371498587357598,0.703614397621219,0.0016366612111292963,0.0026954177897574125
rf,raw,2,1000,2,False,5.505733251571655,Black,3107,0.24074670099774703,0.26340135413567545,0.1712806979849654,0.6757678523257158,0.005510809665112336,0.007080785323463148
rf,raw,2,1000,2,False,5.505733251571655,White,2353,0.24054398640034,0.24085358976167065,0.16376187470650275,0.7251755414546757,0.002238388360380526,0.005949851253718657
rf,raw,2,1000,2,False,5.505733251571655,Black men,2846,0.2501756851721715,0.26736954925990497,0.17595644741444055,0.6703472668302392,0.006091846298031865,0.007730147575544624
rf,raw,2,1000,2,False,5.505733251571655,White men,1872,0.2516025641025641,0.24343875316657557,0.16824977313047906,0.7270784744290931,0.0021413276231263384,0.00641025641025641
rf,raw,2,1000,2,False,5.505733251571655,Black women,261,0.13793103448275862,0.2201313030875639,0.12029532298003714,0.6781481481481481,0.0,0.0
rf,raw,2,1000,2,False,5.505733251571655,White women,481,0.19750519750519752,0.23079241326690572,0.14629545921859477,0.711835287701118,0.0025906735751295338,0.004158004158004158
rf,raw,2,1000,2,False,5.4729461669921875,All,5460,0.24065934065934066,0.2536843413935449,0.16804044319115174,0.697041251548319,0.004100337674867342,0.006593406593406593
rf,raw,2,1000,2,False,5.4729461669921875,Men,4718,0.2507418397626113,0.2578743287667484,0.17289860632508575,0.692843094235761,0.004526166902404526,0.0072064434082238235
rf,raw,2,1000,2,False,5.4729461669921875,Women,742,0.1765498652291105,0.2270423462092127,0.1371498587357598,0.703614397621219,0.0016366612111292963,0.0026954177897574125
rf,raw,2,1000,2,False,5.4729461669921875,Black,3107,0.24074670099774703,0.26340135413567545,0.1712806979849654,0.6757678523257158,0.005510809665112336,0.007080785323463148
rf,raw,2,1000,2,False,5.4729461669921875,White,2353,0.24054398640034,0.24085358976167065,0.16376187470650275,0.7251755414546757,0.002238388360380526,0.005949851253718657
rf,raw,2,1000,2,False,5.4729461669921875,Black men,2846,0.2501756851721715,0.26736954925990497,0.17595644741444055,0.6703472668302392,0.006091846298031865,0.007730147575544624
rf,raw,2,1000,2,False,5.4729461669921875,White men,1872,0.2516025641025641,0.24343875316657557,0.16824977313047906,0.7270784744290931,0.0021413276231263384,0.00641025641025641
rf,raw,2,1000,2,False,5.4729461669921875,Black women,261,0.13793103448275862,0.2201313030875639,0.12029532298003714,0.6781481481481481,0.0,0.0
rf,raw,2,1000,2,False,5.4729461669921875,White women,481,0.19750519750519752,0.23079241326690572,0.14629545921859477,0.711835287701118,0.0025906735751295338,0.004158004158004158
rf,raw,2,1000,3,False,5.248260498046875,All,5460,0.24065934065934066,0.24078392818575758,0.1702167737778228,0.6810016953495731,0.000482392667631452,0.0009157509157509158
rf,raw,2,1000,3,False,5.248260498046875,Men,4718,0.2507418397626113,0.2492453800383844,0.17513751101687638,0.6773470463819719,0.0005657708628005657,0.00105977108944468
rf,raw,2,1000,3,False,5.248260498046875,Women,742,0.1765498652291105,0.18698186640584774,0.13892831246535017,0.6707187566372234,0.0,0.0
rf,raw,2,1000,3,False,5.248260498046875,Black,3107,0.24074670099774703,0.24488483984480436,0.17191507018578664,0.6671854066687372,0.0,0.000643707756678468
rf,raw,2,1000,3,False,5.248260498046875,White,2353,0.24054398640034,0.23536891223817646,0.16797427189106393,0.6992976364438099,0.001119194180190263,0.0012749681257968552
rf,raw,2,1000,3,False,5.248260498046875,Black men,2846,0.2501756851721715,0.251264202102583,0.17719294938426877,0.6583241630951001,0.0,0.0007027406886858749
rf,raw,2,1000,3,False,5.248260498046875,White men,1872,0.2516025641025641,0.24617616657967206,0.17201262982371457,0.7055197152170651,0.0014275517487508922,0.0016025641025641025
rf,raw,2,1000,3,False,5.248260498046875,Black women,261,0.13793103448275862,0.17532290503393025,0.11436394298701184,0.701851851851852,0.0,0.0
rf,raw,2,1000,3,False,5.248260498046875,White women,481,0.19750519750519752,0.1933082466928965,0.1522574193964236,0.649740932642487,0.0,0.0
rf,raw,2,1000,3,False,5.401591777801514,All,5460,0.24065934065934066,0.24078392818575758,0.1702167737778228,0.6810016953495731,0.000482392667631452,0.0009157509157509158
rf,raw,2,1000,3,False,5.401591777801514,Men,4718,0.2507418397626113,0.2492453800383844,0.17513751101687638,0.6773470463819719,0.0005657708628005657,0.00105977108944468
rf,raw,2,1000,3,False,5.401591777801514,Women,742,0.1765498652291105,0.18698186640584774,0.13892831246535017,0.6707187566372234,0.0,0.0
rf,raw,2,1000,3,False,5.401591777801514,Black,3107,0.24074670099774703,0.24488483984480436,0.17191507018578664,0.6671854066687372,0.0,0.000643707756678468
rf,raw,2,1000,3,False,5.401591777801514,White,2353,0.24054398640034,0.23536891223817646,0.16797427189106393,0.6992976364438099,0.001119194180190263,0.0012749681257968552
rf,raw,2,1000,3,False,5.401591777801514,Black men,2846,0.2501756851721715,0.251264202102583,0.17719294938426877,0.6583241630951001,0.0,0.0007027406886858749
rf,raw,2,1000,3,False,5.401591777801514,White men,1872,0.2516025641025641,0.24617616657967206,0.17201262982371457,0.7055197152170651,0.0014275517487508922,0.0016025641025641025
rf,raw,2,1000,3,False,5.401591777801514,Black women,261,0.13793103448275862,0.17532290503393025,0.11436394298701184,0.701851851851852,0.0,0.0
rf,raw,2,1000,3,False,5.401591777801514,White women,481,0.19750519750519752,0.1933082466928965,0.1522574193964236,0.649740932642487,0.0,0.0
rf,raw,2,1000,4,False,7.842012882232666,All,5460,0.24065934065934066,0.28422747252747255,0.16852690622710623,0.6997040480601132,0.03087313072841293,0.045054945054945054
rf,raw,2,1000,4,False,7.842012882232666,Men,4718,0.2507418397626113,0.28803560830860536,0.1733172038999576,0.6938273346716388,0.03479490806223479,0.04917337855023315
rf,raw,2,1000,4,False,7.842012882232666,Women,742,0.1765498652291105,0.2600134770889488,0.1380678436657682,0.7266525905473444,0.008183306055646482,0.018867924528301886
rf,raw,2,1000,4,False,7.842012882232666,Black,3107,0.24074670099774703,0.2920070807853235,0.17362028580624395,0.6715670217372085,0.03560830860534125,0.046668812359188926
rf,raw,2,1000,4,False,7.842012882232666,White,2353,0.24054398640034,0.2739549511262218,0.1618013939651509,0.7360095784039026,0.024622271964185788,0.042923926901827454
rf,raw,2,1000,4,False,7.842012882232666,Black men,2846,0.2501756851721715,0.2959697821503865,0.1779443977512298,0.6669972778871771,0.03936269915651359,0.050597329585382995
rf,raw,2,1000,4,False,7.842012882232666,White men,1872,0.2516025641025641,0.2759732905982906,0.16628248504273502,0.7340684770205086,0.027837259100642397,0.04700854700854701
rf,raw,2,1000,4,False,7.842012882232666,Black women,261,0.13793103448275862,0.24879693486590035,0.12646924137931034,0.682530864197531,0.0,0.0038314176245210726
rf,raw,2,1000,4,False,7.842012882232666,White women,481,0.19750519750519752,0.2660997920997921,0.14436147193347193,0.740482683392419,0.012953367875647668,0.02702702702702703
rf,raw,2,1000,4,False,5.753527879714966,All,5460,0.24065934065934066,0.28422747252747255,0.16852690622710623,0.6997040480601132,0.03087313072841293,0.045054945054945054
rf,raw,2,1000,4,False,5.753527879714966,Men,4718,0.2507418397626113,0.28803560830860536,0.1733172038999576,0.6938273346716388,0.03479490806223479,0.04917337855023315
rf,raw,2,1000,4,False,5.753527879714966,Women,742,0.1765498652291105,0.2600134770889488,0.1380678436657682,0.7266525905473444,0.008183306055646482,0.018867924528301886
rf,raw,2,1000,4,False,5.753527879714966,Black,3107,0.24074670099774703,0.2920070807853235,0.17362028580624395,0.6715670217372085,0.03560830860534125,0.046668812359188926
rf,raw,2,1000,4,False,5.753527879714966,White,2353,0.24054398640034,0.2739549511262218,0.1618013939651509,0.7360095784039026,0.024622271964185788,0.042923926901827454
rf,raw,2,1000,4,False,5.753527879714966,Black men,2846,0.2501756851721715,0.2959697821503865,0.1779443977512298,0.6669972778871771,0.03936269915651359,0.050597329585382995
rf,raw,2,1000,4,False,5.753527879714966,White men,1872,0.2516025641025641,0.2759732905982906,0.16628248504273502,0.7340684770205086,0.027837259100642397,0.04700854700854701
rf,raw,2,1000,4,False,5.753527879714966,Black women,261,0.13793103448275862,0.24879693486590035,0.12646924137931034,0.682530864197531,0.0,0.0038314176245210726
rf,raw,2,1000,4,False,5.753527879714966,White women,481,0.19750519750519752,0.2660997920997921,0.14436147193347193,0.740482683392419,0.012953367875647668,0.02702702702702703
rf,raw,2,1000,5,False,5.74370265007019,All,5460,0.24065934065934066,0.28095860956770174,0.17066510097491192,0.6914107672686663,0.000723589001447178,0.0014652014652014652
rf,raw,2,1000,5,False,5.74370265007019,Men,4718,0.2507418397626113,0.2817524885307609,0.1755475277708574,0.6836233726017209,0.0008486562942008486,0.00105977108944468
rf,raw,2,1000,5,False,5.74370265007019,Women,742,0.1765498652291105,0.2759107376705142,0.13962023625352274,0.7530140802838545,0.0,0.004043126684636119
rf,raw,2,1000,5,False,5.74370265007019,Black,3107,0.24074670099774703,0.2781155171717016,0.1734954133933881,0.6668221375412857,0.0,0.0
rf,raw,2,1000,5,False,5.74370265007019,White,2353,0.24054398640034,0.2847127481458456,0.16692783761570856,0.7230033951526631,0.0016787912702853946,0.003399915002124947
rf,raw,2,1000,5,False,5.74370265007019,Black men,2846,0.2501756851721715,0.2800000868144149,0.17814838210464898,0.6592850636563714,0.0,0.0
rf,raw,2,1000,5,False,5.74370265007019,White men,1872,0.2516025641025641,0.28441666336234245,0.1715934511501464,0.7186904713193943,0.0021413276231263384,0.002670940170940171
rf,raw,2,1000,5,False,5.74370265007019,Black women,261,0.13793103448275862,0.25756576543544846,0.12275844422768495,0.7522222222222222,0.0,0.0
rf,raw,2,1000,5,False,5.74370265007019,White women,481,0.19750519750519752,0.2858650781140737,0.1487697741303287,0.7482956094900464,0.0,0.006237006237006237
rf,raw,2,1000,5,False,6.221844434738159,All,5460,0.24065934065934066,0.28095860956770174,0.17066510097491192,0.6914107672686663,0.000723589001447178,0.0014652014652014652
rf,raw,2,1000,5,False,6.221844434738159,Men,4718,0.2507418397626113,0.2817524885307609,0.1755475277708574,0.6836233726017209,0.0008486562942008486,0.00105977108944468
rf,raw,2,1000,5,False,6.221844434738159,Women,742,0.1765498652291105,0.2759107376705142,0.13962023625352274,0.7530140802838545,0.0,0.004043126684636119
rf,raw,2,1000,5,False,6.221844434738159,Black,3107,0.24074670099774703,0.2781155171717016,0.1734954133933881,0.6668221375412857,0.0,0.0
rf,raw,2,1000,5,False,6.221844434738159,White,2353,0.24054398640034,0.2847127481458456,0.16692783761570856,0.7230033951526631,0.0016787912702853946,0.003399915002124947
rf,raw,2,1000,5,False,6.221844434738159,Black men,2846,0.2501756851721715,0.2800000868144149,0.17814838210464898,0.6592850636563714,0.0,0.0
rf,raw,2,1000,5,False,6.221844434738159,White men,1872,0.2516025641025641,0.28441666336234245,0.1715934511501464,0.7186904713193943,0.0021413276231263384,0.002670940170940171
rf,raw,2,1000,5,False,6.221844434738159,Black women,261,0.13793103448275862,0.25756576543544846,0.12275844422768495,0.7522222222222222,0.0,0.0
rf,raw,2,1000,5,False,6.221844434738159,White women,481,0.19750519750519752,0.2858650781140737,0.1487697741303287,0.7482956094900464,0.0,0.006237006237006237
rf,raw,2,1000,6,False,5.896533250808716,All,5460,0.24065934065934066,0.2650291813414202,0.16730685091654743,0.7014951235754916,0.01447178002894356,0.020695970695970695
rf,raw,2,1000,6,False,5.896533250808716,Men,4718,0.2507418397626113,0.2700199572725638,0.17280582609167708,0.6921132833003141,0.016973125884016973,0.023526918185671895
rf,raw,2,1000,6,False,5.896533250808716,Women,742,0.1765498652291105,0.23329537966603528,0.1323416691426099,0.7461675891105808,0.0,0.0026954177897574125
rf,raw,2,1000,6,False,5.896533250808716,Black,3107,0.24074670099774703,0.2711071132759888,0.17174047035871776,0.674284739523001,0.01738024586689275,0.02252977148374638
rf,raw,2,1000,6,False,5.896533250808716,White,2353,0.24054398640034,0.257003624809034,0.16145251364207946,0.7372147883912277,0.010632344711807499,0.01827454313642159
rf,raw,2,1000,6,False,5.896533250808716,Black men,2846,0.2501756851721715,0.2754354856046771,0.17664296648600716,0.6672190747975527,0.019212746016869727,0.024595924104005622
rf,raw,2,1000,6,False,5.896533250808716,White men,1872,0.2516025641025641,0.26178673417790865,0.16697222482978427,0.7298290120341703,0.013561741613133477,0.0219017094017094
rf,raw,2,1000,6,False,5.896533250808716,Black women,261,0.13793103448275862,0.22390961271105844,0.11828260071019024,0.7159259259259259,0.0,0.0
rf,raw,2,1000,6,False,5.896533250808716,White women,481,0.19750519750519752,0.23838828023827843,0.13997039442506629,0.7574038723752387,0.0,0.004158004158004158
rf,raw,2,1000,6,False,6.17376184463501,All,5460,0.24065934065934066,0.2650291813414202,0.16730685091654743,0.7014951235754916,0.01447178002894356,0.020695970695970695
rf,raw,2,1000,6,False,6.17376184463501,Men,4718,0.2507418397626113,0.2700199572725638,0.17280582609167708,0.6921132833003141,0.016973125884016973,0.023526918185671895
rf,raw,2,1000,6,False,6.17376184463501,Women,742,0.1765498652291105,0.23329537966603528,0.1323416691426099,0.7461675891105808,0.0,0.0026954177897574125
rf,raw,2,1000,6,False,6.17376184463501,Black,3107,0.24074670099774703,0.2711071132759888,0.17174047035871776,0.674284739523001,0.01738024586689275,0.02252977148374638
rf,raw,2,1000,6,False,6.17376184463501,White,2353,0.24054398640034,0.257003624809034,0.16145251364207946,0.7372147883912277,0.010632344711807499,0.01827454313642159
rf,raw,2,1000,6,False,6.17376184463501,Black men,2846,0.2501756851721715,0.2754354856046771,0.17664296648600716,0.6672190747975527,0.019212746016869727,0.024595924104005622
rf,raw,2,1000,6,False,6.17376184463501,White men,1872,0.2516025641025641,0.26178673417790865,0.16697222482978427,0.7298290120341703,0.013561741613133477,0.0219017094017094
rf,raw,2,1000,6,False,6.17376184463501,Black women,261,0.13793103448275862,0.22390961271105844,0.11828260071019024,0.7159259259259259,0.0,0.0
rf,raw,2,1000,6,False,6.17376184463501,White women,481,0.19750519750519752,0.23838828023827843,0.13997039442506629,0.7574038723752387,0.0,0.004158004158004158
rf,raw,2,1000,7,False,5.970614194869995,All,5460,0.24065934065934066,0.268196336996337,0.16756224322344324,0.7027365321033423,0.008924264351181863,0.01227106227106227
rf,raw,2,1000,7,False,5.970614194869995,Men,4718,0.2507418397626113,0.27344552776600256,0.1728146858838491,0.6945396894477517,0.009618104667609617,0.01271725307333616
rf,raw,2,1000,7,False,5.970614194869995,Women,742,0.1765498652291105,0.23481940700808623,0.13416463611859838,0.7350857685436214,0.004909983633387889,0.009433962264150943
rf,raw,2,1000,7,False,5.970614194869995,Black,3107,0.24074670099774703,0.27359961377534603,0.17229859929192148,0.672251055804032,0.010173802458668928,0.012230447376890892
rf,raw,2,1000,7,False,5.970614194869995,White,2353,0.24054398640034,0.2610616234594135,0.16130815979600507,0.7416935424868654,0.007274762171236709,0.012324691882702932
rf,raw,2,1000,7,False,5.970614194869995,Black men,2846,0.2501756851721715,0.27854602951510893,0.17761823893183415,0.661172640923307,0.011246485473289597,0.013352073085031623
rf,raw,2,1000,7,False,5.970614194869995,White men,1872,0.2516025641025641,0.2656912393162393,0.1655118482905983,0.7437612806139381,0.007137758743754461,0.011752136752136752
rf,raw,2,1000,7,False,5.970614194869995,Black women,261,0.13793103448275862,0.21966283524904218,0.11429210727969348,0.7701234567901234,0.0,0.0
rf,raw,2,1000,7,False,5.970614194869995,White women,481,0.19750519750519752,0.24304365904365904,0.14494785862785864,0.7186664848650123,0.007772020725388601,0.014553014553014554
rf,raw,2,1000,7,False,6.801938772201538,All,5460,0.24065934065934066,0.268196336996337,0.16756224322344324,0.7027365321033423,0.008924264351181863,0.01227106227106227
rf,raw,2,1000,7,False,6.801938772201538,Men,4718,0.2507418397626113,0.27344552776600256,0.1728146858838491,0.6945396894477517,0.009618104667609617,0.01271725307333616
rf,raw,2,1000,7,False,6.801938772201538,Women,742,0.1765498652291105,0.23481940700808623,0.13416463611859838,0.7350857685436214,0.004909983633387889,0.009433962264150943
rf,raw,2,1000,7,False,6.801938772201538,Black,3107,0.24074670099774703,0.27359961377534603,0.17229859929192148,0.672251055804032,0.010173802458668928,0.012230447376890892
rf,raw,2,1000,7,False,6.801938772201538,White,2353,0.24054398640034,0.2610616234594135,0.16130815979600507,0.7416935424868654,0.007274762171236709,0.012324691882702932
rf,raw,2,1000,7,False,6.801938772201538,Black men,2846,0.2501756851721715,0.27854602951510893,0.17761823893183415,0.661172640923307,0.011246485473289597,0.013352073085031623
rf,raw,2,1000,7,False,6.801938772201538,White men,1872,0.2516025641025641,0.2656912393162393,0.1655118482905983,0.7437612806139381,0.007137758743754461,0.011752136752136752
rf,raw,2,1000,7,False,6.801938772201538,Black women,261,0.13793103448275862,0.21966283524904218,0.11429210727969348,0.7701234567901234,0.0,0.0
rf,raw,2,1000,7,False,6.801938772201538,White women,481,0.19750519750519752,0.24304365904365904,0.14494785862785864,0.7186664848650123,0.007772020725388601,0.014553014553014554
rf,raw,2,1000,8,False,6.021753311157227,All,5460,0.24065934065934066,0.24417216117216115,0.16904161465201464,0.6867205632173021,0.008200675349734683,0.011904761904761904
rf,raw,2,1000,8,False,6.021753311157227,Men,4718,0.2507418397626113,0.2441441288681645,0.17445668673166595,0.6800853917054548,0.008203677510608205,0.011869436201780416
rf,raw,2,1000,8,False,6.021753311157227,Women,742,0.1765498652291105,0.24435040431266844,0.13460992991913745,0.7421321572693994,0.008183306055646482,0.012129380053908356
rf,raw,2,1000,8,False,6.021753311157227,Black,3107,0.24074670099774703,0.24128870292887028,0.17231452075957515,0.6619364228021933,0.003391267486222976,0.006437077566784679
rf,raw,2,1000,8,False,6.021753311157227,White,2353,0.24054398640034,0.24797960050998724,0.16471993200169996,0.7171231766131918,0.014549524342473419,0.019124521886952826
rf,raw,2,1000,8,False,6.021753311157227,Black men,2846,0.2501756851721715,0.24339564300773012,0.1775494532677442,0.6547267093499574,0.0037488284910965324,0.007027406886858749
rf,raw,2,1000,8,False,6.021753311157227,White men,1872,0.2516025641025641,0.24528205128205127,0.16975475641025642,0.7156194165223204,0.014989293361884369,0.019230769230769232
rf,raw,2,1000,8,False,6.021753311157227,Black women,261,0.13793103448275862,0.21831417624521074,0.11523169348659004,0.7313580246913581,0.0,0.0
rf,raw,2,1000,8,False,6.021753311157227,White women,481,0.19750519750519752,0.2584781704781705,0.1451249397089397,0.7383283337878375,0.012953367875647668,0.018711018711018712
rf,raw,2,1000,8,False,5.573218107223511,All,5460,0.24065934065934066,0.24417216117216115,0.16904161465201464,0.6867205632173021,0.008200675349734683,0.011904761904761904
rf,raw,2,1000,8,False,5.573218107223511,Men,4718,0.2507418397626113,0.2441441288681645,0.17445668673166595,0.6800853917054548,0.008203677510608205,0.011869436201780416
rf,raw,2,1000,8,False,5.573218107223511,Women,742,0.1765498652291105,0.24435040431266844,0.13460992991913745,0.7421321572693994,0.008183306055646482,0.012129380053908356
rf,raw,2,1000,8,False,5.573218107223511,Black,3107,0.24074670099774703,0.24128870292887028,0.17231452075957515,0.6619364228021933,0.003391267486222976,0.006437077566784679
rf,raw,2,1000,8,False,5.573218107223511,White,2353,0.24054398640034,0.24797960050998724,0.16471993200169996,0.7171231766131918,0.014549524342473419,0.019124521886952826
rf,raw,2,1000,8,False,5.573218107223511,Black men,2846,0.2501756851721715,0.24339564300773012,0.1775494532677442,0.6547267093499574,0.0037488284910965324,0.007027406886858749
rf,raw,2,1000,8,False,5.573218107223511,White men,1872,0.2516025641025641,0.24528205128205127,0.16975475641025642,0.7156194165223204,0.014989293361884369,0.019230769230769232
rf,raw,2,1000,8,False,5.573218107223511,Black women,261,0.13793103448275862,0.21831417624521074,0.11523169348659004,0.7313580246913581,0.0,0.0
rf,raw,2,1000,8,False,5.573218107223511,White women,481,0.19750519750519752,0.2584781704781705,0.1451249397089397,0.7383283337878375,0.012953367875647668,0.018711018711018712
rf,raw,2,1000,9,False,5.66743016242981,All,5460,0.24065934065934066,0.26241318681318676,0.16939532454212453,0.687912135516362,0.005065123010130246,0.007692307692307693
rf,raw,2,1000,9,False,5.66743016242981,Men,4718,0.2507418397626113,0.265482831708351,0.174004613819415,0.6842335012392677,0.005091937765205092,0.008266214497668503
rf,raw,2,1000,9,False,5.66743016242981,Women,742,0.1765498652291105,0.24289487870619947,0.14008720215633425,0.6992416386601866,0.004909983633387889,0.004043126684636119
rf,raw,2,1000,9,False,5.66743016242981,Black,3107,0.24074670099774703,0.27210041841004184,0.17150367299645963,0.675058032384791,0.0072064434082238235,0.009333762471837787
rf,raw,2,1000,9,False,5.66743016242981,White,2353,0.24054398640034,0.24962175945601364,0.1666113727156821,0.7071873622016883,0.002238388360380526,0.0055248618784530384
rf,raw,2,1000,9,False,5.66743016242981,Black men,2846,0.2501756851721715,0.27531553056922,0.17599530850316233,0.6699898907995746,0.007497656982193065,0.009838369641602248
rf,raw,2,1000,9,False,5.66743016242981,White men,1872,0.2516025641025641,0.25053418803418803,0.1709781623931624,0.708948415675185,0.0014275517487508922,0.005876068376068376
rf,raw,2,1000,9,False,5.66743016242981,Black women,261,0.13793103448275862,0.23704214559386977,0.12252591570881226,0.7021604938271604,0.0044444444444444444,0.0038314176245210726
rf,raw,2,1000,9,False,5.66743016242981,White women,481,0.19750519750519752,0.2460706860706861,0.1496162993762994,0.6970684483228796,0.0051813471502590676,0.004158004158004158
rf,raw,2,2000,0,False,7.812677383422852,All,5460,0.24065934065934066,0.2776983679431036,0.1677957855566635,0.704566797433994,0.013989387361312108,0.019963369963369962
rf,raw,2,2000,0,False,7.812677383422852,Men,4718,0.2507418397626113,0.2844344401437163,0.17314813443941246,0.6956066672963637,0.015841584158415842,0.022467147096227214
rf,raw,2,2000,0,False,7.812677383422852,Women,742,0.1765498652291105,0.23486711640335892,0.13376292567956138,0.7422945740308092,0.0032733224222585926,0.004043126684636119
rf,raw,2,2000,0,False,7.812677383422852,Black,3107,0.24074670099774703,0.27974179463769483,0.17184642153232446,0.6770639467008817,0.011445527766002543,0.01544898616028323
rf,raw,2,2000,0,False,7.812677383422852,White,2353,0.24054398640034,0.2750001415342235,0.16244715573244814,0.7390764868376042,0.017347509792949075,0.02592435189120272
rf,raw,2,2000,0,False,7.812677383422852,Black men,2846,0.2501756851721715,0.2858970785749077,0.17704757380770253,0.6677370396891421,0.012652296157450796,0.016865776528460996
rf,raw,2,2000,0,False,7.812677383422852,White men,1872,0.2516025641025641,0.28221079218689427,0.16721982010065525,0.7350648838939733,0.02069950035688794,0.030982905982905984
rf,raw,2,2000,0,False,7.812677383422852,Black women,261,0.13793103448275862,0.21262325791237796,0.11513194116555826,0.7207407407407407,0.0,0.0
rf,raw,2,2000,0,False,7.812677383422852,White women,481,0.19750519750519752,0.24693706872382887,0.14387246197510153,0.7450504499590948,0.0051813471502590676,0.006237006237006237
rf,raw,2,2000,0,False,7.931710958480835,All,5460,0.24065934065934066,0.2776983679431036,0.1677957855566635,0.704566797433994,0.013989387361312108,0.019963369963369962
rf,raw,2,2000,0,False,7.931710958480835,Men,4718,0.2507418397626113,0.2844344401437163,0.17314813443941246,0.6956066672963637,0.015841584158415842,0.022467147096227214
rf,raw,2,2000,0,False,7.931710958480835,Women,742,0.1765498652291105,0.23486711640335892,0.13376292567956138,0.7422945740308092,0.0032733224222585926,0.004043126684636119
rf,raw,2,2000,0,False,7.931710958480835,Black,3107,0.24074670099774703,0.27974179463769483,0.17184642153232446,0.6770639467008817,0.011445527766002543,0.01544898616028323
rf,raw,2,2000,0,False,7.931710958480835,White,2353,0.24054398640034,0.2750001415342235,0.16244715573244814,0.7390764868376042,0.017347509792949075,0.02592435189120272
rf,raw,2,2000,0,False,7.931710958480835,Black men,2846,0.2501756851721715,0.2858970785749077,0.17704757380770253,0.6677370396891421,0.012652296157450796,0.016865776528460996
rf,raw,2,2000,0,False,7.931710958480835,White men,1872,0.2516025641025641,0.28221079218689427,0.16721982010065525,0.7350648838939733,0.02069950035688794,0.030982905982905984
rf,raw,2,2000,0,False,7.931710958480835,Black women,261,0.13793103448275862,0.21262325791237796,0.11513194116555826,0.7207407407407407,0.0,0.0
rf,raw,2,2000,0,False,7.931710958480835,White women,481,0.19750519750519752,0.24693706872382887,0.14387246197510153,0.7450504499590948,0.0051813471502590676,0.006237006237006237
rf,raw,2,2000,1,False,8.011386632919312,All,5460,0.24065934065934066,0.24598424470258423,0.16730007827489474,0.7035434568243878,0.002894356005788712,0.004578754578754579
rf,raw,2,2000,1,False,8.011386632919312,Men,4718,0.2507418397626113,0.24992596297932568,0.1727175860122699,0.6948173141188048,0.0031117397454031117,0.004874947011445528
rf,raw,2,2000,1,False,8.011386632919312,Women,742,0.1765498652291105,0.2209208662259452,0.13285290643535846,0.7460551467372971,0.0016366612111292963,0.0026954177897574125
rf,raw,2,2000,1,False,8.011386632919312,Black,3107,0.24074670099774703,0.2500609911715316,0.16964162372636116,0.6832797591656031,0.001271725307333616,0.002252977148374638
rf,raw,2,2000,1,False,8.011386632919312,White,2353,0.24054398640034,0.24060113748668138,0.16420820334174294,0.7296048611783968,0.005036373810856184,0.00764980875478113
rf,raw,2,2000,1,False,8.011386632919312,Black men,2846,0.2501756851721715,0.2534985374527552,0.17460788536971833,0.6760995071764793,0.0014058106841611997,0.002459592410400562
rf,raw,2,2000,1,False,8.011386632919312,White men,1872,0.2516025641025641,0.2444945810608533,0.1698437655147815,0.7228140045554358,0.005710206995003569,0.008547008547008548
rf,raw,2,2000,1,False,8.011386632919312,Black women,261,0.13793103448275862,0.21257724896324676,0.115488441209141,0.7337037037037036,0.0,0.0
rf,raw,2,2000,1,False,8.011386632919312,White women,481,0.19750519750519752,0.22544827600882314,0.1422752046142415,0.7503136078538314,0.0025906735751295338,0.004158004158004158
rf,raw,2,2000,1,False,8.185150146484375,All,5460,0.24065934065934066,0.24598424470258423,0.16730007827489474,0.7035434568243878,0.002894356005788712,0.004578754578754579
rf,raw,2,2000,1,False,8.185150146484375,Men,4718,0.2507418397626113,0.24992596297932568,0.1727175860122699,0.6948173141188048,0.0031117397454031117,0.004874947011445528
rf,raw,2,2000,1,False,8.185150146484375,Women,742,0.1765498652291105,0.2209208662259452,0.13285290643535846,0.7460551467372971,0.0016366612111292963,0.0026954177897574125
rf,raw,2,2000,1,False,8.185150146484375,Black,3107,0.24074670099774703,0.2500609911715316,0.16964162372636116,0.6832797591656031,0.001271725307333616,0.002252977148374638
rf,raw,2,2000,1,False,8.185150146484375,White,2353,0.24054398640034,0.24060113748668138,0.16420820334174294,0.7296048611783968,0.005036373810856184,0.00764980875478113
rf,raw,2,2000,1,False,8.185150146484375,Black men,2846,0.2501756851721715,0.2534985374527552,0.17460788536971833,0.6760995071764793,0.0014058106841611997,0.002459592410400562
rf,raw,2,2000,1,False,8.185150146484375,White men,1872,0.2516025641025641,0.2444945810608533,0.1698437655147815,0.7228140045554358,0.005710206995003569,0.008547008547008548
rf,raw,2,2000,1,False,8.185150146484375,Black women,261,0.13793103448275862,0.21257724896324676,0.115488441209141,0.7337037037037036,0.0,0.0
rf,raw,2,2000,1,False,8.185150146484375,White women,481,0.19750519750519752,0.22544827600882314,0.1422752046142415,0.7503136078538314,0.0025906735751295338,0.004158004158004158
rf,raw,2,2000,2,False,8.04872179031372,All,5460,0.24065934065934066,0.26111119602467686,0.16651180135384902,0.7086977894374361,0.005065123010130246,0.008241758241758242
rf,raw,2,2000,2,False,8.04872179031372,Men,4718,0.2507418397626113,0.26306323731425424,0.17142866824172723,0.7027153892783313,0.005657708628005658,0.009325985587113183
rf,raw,2,2000,2,False,8.04872179031372,Women,742,0.1765498652291105,0.24869915990038302,0.13524794963281206,0.7441061456003798,0.0016366612111292963,0.0013477088948787063
rf,raw,2,2000,2,False,8.04872179031372,Black,3107,0.24074670099774703,0.2644549958729941,0.1701332305993076,0.6843848680556658,0.005510809665112336,0.007080785323463148
rf,raw,2,2000,2,False,8.04872179031372,White,2353,0.24054398640034,0.2566959023023132,0.161729914118133,0.7395668758070162,0.004476776720761052,0.009774755631109222
rf,raw,2,2000,2,False,8.04872179031372,Black men,2846,0.2501756851721715,0.2674223145315916,0.17487162553347727,0.6778238629782125,0.006091846298031865,0.007730147575544624
rf,raw,2,2000,2,False,8.04872179031372,White men,1872,0.2516025641025641,0.2564361359464433,0.1661943432137782,0.738953522733989,0.004996431120628123,0.011752136752136752
rf,raw,2,2000,2,False,8.04872179031372,Black women,261,0.13793103448275862,0.2320987165535749,0.11846475557000907,0.7262962962962963,0.0,0.0
rf,raw,2,2000,2,False,8.04872179031372,White women,481,0.19750519750519752,0.25770688487650967,0.14435483871886526,0.7464139623670575,0.0025906735751295338,0.002079002079002079
rf,raw,2,2000,2,False,7.863353252410889,All,5460,0.24065934065934066,0.26111119602467686,0.16651180135384902,0.7086977894374361,0.005065123010130246,0.008241758241758242
rf,raw,2,2000,2,False,7.863353252410889,Men,4718,0.2507418397626113,0.26306323731425424,0.17142866824172723,0.7027153892783313,0.005657708628005658,0.009325985587113183
rf,raw,2,2000,2,False,7.863353252410889,Women,742,0.1765498652291105,0.24869915990038302,0.13524794963281206,0.7441061456003798,0.0016366612111292963,0.0013477088948787063
rf,raw,2,2000,2,False,7.863353252410889,Black,3107,0.24074670099774703,0.2644549958729941,0.1701332305993076,0.6843848680556658,0.005510809665112336,0.007080785323463148
rf,raw,2,2000,2,False,7.863353252410889,White,2353,0.24054398640034,0.2566959023023132,0.161729914118133,0.7395668758070162,0.004476776720761052,0.009774755631109222
rf,raw,2,2000,2,False,7.863353252410889,Black men,2846,0.2501756851721715,0.2674223145315916,0.17487162553347727,0.6778238629782125,0.006091846298031865,0.007730147575544624
rf,raw,2,2000,2,False,7.863353252410889,White men,1872,0.2516025641025641,0.2564361359464433,0.1661943432137782,0.738953522733989,0.004996431120628123,0.011752136752136752
rf,raw,2,2000,2,False,7.863353252410889,Black women,261,0.13793103448275862,0.2320987165535749,0.11846475557000907,0.7262962962962963,0.0,0.0
rf,raw,2,2000,2,False,7.863353252410889,White women,481,0.19750519750519752,0.25770688487650967,0.14435483871886526,0.7464139623670575,0.0025906735751295338,0.002079002079002079
rf,raw,2,2000,3,False,8.217951774597168,All,5460,0.24065934065934066,0.2581054499617777,0.16734545567515802,0.7035803521539897,0.00120598166907863,0.002014652014652015
rf,raw,2,2000,3,False,8.217951774597168,Men,4718,0.2507418397626113,0.26365684684062696,0.1724022132466813,0.6969503133141475,0.0014144271570014145,0.0023314963967782957
rf,raw,2,2000,3,False,8.217951774597168,Women,742,0.1765498652291105,0.22280694527928338,0.13519211036188725,0.724341275096513,0.0,0.0
rf,raw,2,2000,3,False,8.217951774597168,Black,3107,0.24074670099774703,0.2637804396181083,0.17021631314206406,0.6834866128809225,0.000847816871555744,0.001287415513356936
rf,raw,2,2000,3,False,8.217951774597168,White,2353,0.24054398640034,0.2506119553327002,0.16355465493156388,0.7297729380429129,0.0016787912702853946,0.0029749256268593286
rf,raw,2,2000,3,False,8.217951774597168,Black men,2846,0.2501756851721715,0.2684674342385079,0.17520413793426018,0.6750635773933005,0.0009372071227741331,0.0014054813773717498
rf,raw,2,2000,3,False,8.217951774597168,White men,1872,0.2516025641025641,0.2563433149312418,0.16814244953896262,0.7294577273436778,0.0021413276231263384,0.0037393162393162395
rf,raw,2,2000,3,False,8.217951774597168,Black women,261,0.13793103448275862,0.21267244463857965,0.11582800142332787,0.7360493827160494,0.0,0.0
rf,raw,2,2000,3,False,8.217951774597168,White women,481,0.19750519750519752,0.2283061233816195,0.14569945429736333,0.7176983910553586,0.0,0.0
rf,raw,2,2000,3,False,9.364813327789307,All,5460,0.24065934065934066,0.2581054499617777,0.16734545567515802,0.7035803521539897,0.00120598166907863,0.002014652014652015
rf,raw,2,2000,3,False,9.364813327789307,Men,4718,0.2507418397626113,0.26365684684062696,0.1724022132466813,0.6969503133141475,0.0014144271570014145,0.0023314963967782957
rf,raw,2,2000,3,False,9.364813327789307,Women,742,0.1765498652291105,0.22280694527928338,0.13519211036188725,0.724341275096513,0.0,0.0
rf,raw,2,2000,3,False,9.364813327789307,Black,3107,0.24074670099774703,0.2637804396181083,0.17021631314206406,0.6834866128809225,0.000847816871555744,0.001287415513356936
rf,raw,2,2000,3,False,9.364813327789307,White,2353,0.24054398640034,0.2506119553327002,0.16355465493156388,0.7297729380429129,0.0016787912702853946,0.0029749256268593286
rf,raw,2,2000,3,False,9.364813327789307,Black men,2846,0.2501756851721715,0.2684674342385079,0.17520413793426018,0.6750635773933005,0.0009372071227741331,0.0014054813773717498
rf,raw,2,2000,3,False,9.364813327789307,White men,1872,0.2516025641025641,0.2563433149312418,0.16814244953896262,0.7294577273436778,0.0021413276231263384,0.0037393162393162395
rf,raw,2,2000,3,False,9.364813327789307,Black women,261,0.13793103448275862,0.21267244463857965,0.11582800142332787,0.7360493827160494,0.0,0.0
rf,raw,2,2000,3,False,9.364813327789307,White women,481,0.19750519750519752,0.2283061233816195,0.14569945429736333,0.7176983910553586,0.0,0.0
rf,raw,2,2000,4,False,8.238765001296997,All,5460,0.24065934065934066,0.2755593406593407,0.16645085641025642,0.7088528966688473,0.02001929570670526,0.02857142857142857
rf,raw,2,2000,4,False,8.238765001296997,Men,4718,0.2507418397626113,0.2790979228486647,0.1711553895718525,0.7032352480508285,0.0214992927864215,0.030945315811784654
rf,raw,2,2000,4,False,8.238765001296997,Women,742,0.1765498652291105,0.25305929919137465,0.13653712668463613,0.738309116577754,0.011456628477905073,0.013477088948787063
rf,raw,2,2000,4,False,8.238765001296997,Black,3107,0.24074670099774703,0.280326359832636,0.17055813196009012,0.6854415221713179,0.022043238660449344,0.028001287415513356
rf,raw,2,2000,4,False,8.238765001296997,White,2353,0.24054398640034,0.26926476838079044,0.16102743731406716,0.7386508568954029,0.017347509792949075,0.029324266893327667
rf,raw,2,2000,4,False,8.238765001296997,Black men,2846,0.2501756851721715,0.2846430077301476,0.17501702459592408,0.6804146746627634,0.023898781630740395,0.030217849613492623
rf,raw,2,2000,4,False,8.238765001296997,White men,1872,0.2516025641025641,0.27066773504273506,0.16528454914529916,0.7365992747067229,0.017844396859386154,0.03205128205128205
rf,raw,2,2000,4,False,8.238765001296997,Black women,261,0.13793103448275862,0.23325670498084294,0.12193740996168581,0.7047530864197531,0.0044444444444444444,0.0038314176245210726
rf,raw,2,2000,4,False,8.238765001296997,White women,481,0.19750519750519752,0.2638045738045738,0.1444592182952183,0.748677392964276,0.015544041450777202,0.018711018711018712
rf,raw,2,2000,4,False,7.946441411972046,All,5460,0.24065934065934066,0.2755593406593407,0.16645085641025642,0.7088528966688473,0.02001929570670526,0.02857142857142857
rf,raw,2,2000,4,False,7.946441411972046,Men,4718,0.2507418397626113,0.2790979228486647,0.1711553895718525,0.7032352480508285,0.0214992927864215,0.030945315811784654
rf,raw,2,2000,4,False,7.946441411972046,Women,742,0.1765498652291105,0.25305929919137465,0.13653712668463613,0.738309116577754,0.011456628477905073,0.013477088948787063
rf,raw,2,2000,4,False,7.946441411972046,Black,3107,0.24074670099774703,0.280326359832636,0.17055813196009012,0.6854415221713179,0.022043238660449344,0.028001287415513356
rf,raw,2,2000,4,False,7.946441411972046,White,2353,0.24054398640034,0.26926476838079044,0.16102743731406716,0.7386508568954029,0.017347509792949075,0.029324266893327667
rf,raw,2,2000,4,False,7.946441411972046,Black men,2846,0.2501756851721715,0.2846430077301476,0.17501702459592408,0.6804146746627634,0.023898781630740395,0.030217849613492623
rf,raw,2,2000,4,False,7.946441411972046,White men,1872,0.2516025641025641,0.27066773504273506,0.16528454914529916,0.7365992747067229,0.017844396859386154,0.03205128205128205
rf,raw,2,2000,4,False,7.946441411972046,Black women,261,0.13793103448275862,0.23325670498084294,0.12193740996168581,0.7047530864197531,0.0044444444444444444,0.0038314176245210726
rf,raw,2,2000,4,False,7.946441411972046,White women,481,0.19750519750519752,0.2638045738045738,0.1444592182952183,0.748677392964276,0.015544041450777202,0.018711018711018712
rf,raw,2,2000,5,False,7.882076740264893,All,5460,0.24065934065934066,0.25866032178360776,0.1684945845343932,0.695202542510395,0.001929570670525808,0.0029304029304029304
rf,raw,2,2000,5,False,7.882076740264893,Men,4718,0.2507418397626113,0.26215533178367373,0.17382868747909277,0.6864012931905435,0.0019801980198019802,0.002967359050445104
rf,raw,2,2000,5,False,7.882076740264893,Women,742,0.1765498652291105,0.23643733366998093,0.13457774128224678,0.7414325158356342,0.0016366612111292963,0.0026954177897574125
rf,raw,2,2000,5,False,7.882076740264893,Black,3107,0.24074670099774703,0.26229783550535973,0.17148717074798764,0.6720994575332155,0.001271725307333616,0.0019311232700354038
rf,raw,2,2000,5,False,7.882076740264893,White,2353,0.24054398640034,0.2538571959300237,0.16454304804240938,0.7249066184714497,0.0027979854504756574,0.004249893752656183
rf,raw,2,2000,5,False,7.882076740264893,Black men,2846,0.2501756851721715,0.26611915351506854,0.17655585996094297,0.6631141865779303,0.0014058106841611997,0.0021082220660576245
rf,raw,2,2000,5,False,7.882076740264893,White men,1872,0.2516025641025641,0.25612913699331596,0.16968256948585259,0.7209393957303776,0.0028551034975017845,0.004273504273504274
rf,raw,2,2000,5,False,7.882076740264893,Black women,261,0.13793103448275862,0.22062936402784503,0.11621709603507231,0.7482716049382716,0.0,0.0
rf,raw,2,2000,5,False,7.882076740264893,White women,481,0.19750519750519752,0.24501504692694032,0.14454058620846827,0.7348241068993728,0.0025906735751295338,0.004158004158004158
rf,raw,2,2000,5,False,7.7731945514678955,All,5460,0.24065934065934066,0.25866032178360776,0.1684945845343932,0.695202542510395,0.001929570670525808,0.0029304029304029304
rf,raw,2,2000,5,False,7.7731945514678955,Men,4718,0.2507418397626113,0.26215533178367373,0.17382868747909277,0.6864012931905435,0.0019801980198019802,0.002967359050445104
rf,raw,2,2000,5,False,7.7731945514678955,Women,742,0.1765498652291105,0.23643733366998093,0.13457774128224678,0.7414325158356342,0.0016366612111292963,0.0026954177897574125
rf,raw,2,2000,5,False,7.7731945514678955,Black,3107,0.24074670099774703,0.26229783550535973,0.17148717074798764,0.6720994575332155,0.001271725307333616,0.0019311232700354038
rf,raw,2,2000,5,False,7.7731945514678955,White,2353,0.24054398640034,0.2538571959300237,0.16454304804240938,0.7249066184714497,0.0027979854504756574,0.004249893752656183
rf,raw,2,2000,5,False,7.7731945514678955,Black men,2846,0.2501756851721715,0.26611915351506854,0.17655585996094297,0.6631141865779303,0.0014058106841611997,0.0021082220660576245
rf,raw,2,2000,5,False,7.7731945514678955,White men,1872,0.2516025641025641,0.25612913699331596,0.16968256948585259,0.7209393957303776,0.0028551034975017845,0.004273504273504274
rf,raw,2,2000,5,False,7.7731945514678955,Black women,261,0.13793103448275862,0.22062936402784503,0.11621709603507231,0.7482716049382716,0.0,0.0
rf,raw,2,2000,5,False,7.7731945514678955,White women,481,0.19750519750519752,0.24501504692694032,0.14454058620846827,0.7348241068993728,0.0025906735751295338,0.004158004158004158
rf,raw,2,2000,6,False,7.865207195281982,All,5460,0.24065934065934066,0.26231005655707906,0.16601783412534238,0.7137274855887944,0.003859141341051616,0.008241758241758242
rf,raw,2,2000,6,False,7.865207195281982,Men,4718,0.2507418397626113,0.2684054772176813,0.17146648519449098,0.7038211054531368,0.004526166902404526,0.00953793980500212
rf,raw,2,2000,6,False,7.865207195281982,Women,742,0.1765498652291105,0.2235523817906082,0.1313726377045297,0.7581864294549044,0.0,0.0
rf,raw,2,2000,6,False,7.865207195281982,Black,3107,0.24074670099774703,0.26901938211130416,0.16932318278088476,0.6915040361977,0.005086901229334464,0.00965561635017702
rf,raw,2,2000,6,False,7.865207195281982,White,2353,0.24054398640034,0.25345078137774324,0.1616533129724439,0.7437935146058796,0.002238388360380526,0.006374840628984276
rf,raw,2,2000,6,False,7.865207195281982,Black men,2846,0.2501756851721715,0.27428317552990134,0.17443579265374226,0.6820946052673146,0.005623242736644799,0.010541110330288124
rf,raw,2,2000,6,False,7.865207195281982,White men,1872,0.2516025641025641,0.25946961749728703,0.16695224960206087,0.7375350636715359,0.0028551034975017845,0.008012820512820512
rf,raw,2,2000,6,False,7.865207195281982,Black women,261,0.13793103448275862,0.21162184927863142,0.11357418776880672,0.7491358024691358,0.0,0.0
rf,raw,2,2000,6,False,7.865207195281982,White women,481,0.19750519750519752,0.23002612188546462,0.14103042446798855,0.7586583037905644,0.0,0.0
rf,raw,2,2000,6,False,7.850306034088135,All,5460,0.24065934065934066,0.26231005655707906,0.16601783412534238,0.7137274855887944,0.003859141341051616,0.008241758241758242
rf,raw,2,2000,6,False,7.850306034088135,Men,4718,0.2507418397626113,0.2684054772176813,0.17146648519449098,0.7038211054531368,0.004526166902404526,0.00953793980500212
rf,raw,2,2000,6,False,7.850306034088135,Women,742,0.1765498652291105,0.2235523817906082,0.1313726377045297,0.7581864294549044,0.0,0.0
rf,raw,2,2000,6,False,7.850306034088135,Black,3107,0.24074670099774703,0.26901938211130416,0.16932318278088476,0.6915040361977,0.005086901229334464,0.00965561635017702
rf,raw,2,2000,6,False,7.850306034088135,White,2353,0.24054398640034,0.25345078137774324,0.1616533129724439,0.7437935146058796,0.002238388360380526,0.006374840628984276
rf,raw,2,2000,6,False,7.850306034088135,Black men,2846,0.2501756851721715,0.27428317552990134,0.17443579265374226,0.6820946052673146,0.005623242736644799,0.010541110330288124
rf,raw,2,2000,6,False,7.850306034088135,White men,1872,0.2516025641025641,0.25946961749728703,0.16695224960206087,0.7375350636715359,0.0028551034975017845,0.008012820512820512
rf,raw,2,2000,6,False,7.850306034088135,Black women,261,0.13793103448275862,0.21162184927863142,0.11357418776880672,0.7491358024691358,0.0,0.0
rf,raw,2,2000,6,False,7.850306034088135,White women,481,0.19750519750519752,0.23002612188546462,0.14103042446798855,0.7586583037905644,0.0,0.0
rf,raw,2,2000,7,False,8.62209153175354,All,5460,0.24065934065934066,0.25783087227030776,0.16492811203433017,0.7189501020954345,0.004582730342498794,0.006776556776556777
rf,raw,2,2000,7,False,8.62209153175354,Men,4718,0.2507418397626113,0.26300198922649487,0.16999182254619238,0.7118186568083207,0.005374823196605375,0.007630351844001695
rf,raw,2,2000,7,False,8.62209153175354,Women,742,0.1765498652291105,0.2249503738885145,0.13273055651550797,0.7435564273309928,0.0,0.0013477088948787063
rf,raw,2,2000,7,False,8.62209153175354,Black,3107,0.24074670099774703,0.26421955691481486,0.16888417276234002,0.6905383410445376,0.0046629927935565915,0.0067589314451239136
rf,raw,2,2000,7,False,8.62209153175354,White,2353,0.24054398640034,0.24939498481153877,0.1597043633382287,0.756252953703722,0.004476776720761052,0.006799830004249894
rf,raw,2,2000,7,False,8.62209153175354,Black men,2846,0.2501756851721715,0.26915548890284335,0.17376474684040066,0.6827757916241062,0.005154639175257732,0.007378777231201687
rf,raw,2,2000,7,False,8.62209153175354,White men,1872,0.2516025641025641,0.2536468289279437,0.1642558489664292,0.7555992004497849,0.005710206995003569,0.008012820512820512
rf,raw,2,2000,7,False,8.62209153175354,Black women,261,0.13793103448275862,0.21039709546681085,0.11566534584218459,0.7261728395061728,0.0,0.0
rf,raw,2,2000,7,False,8.62209153175354,White women,481,0.19750519750519752,0.23284726716931417,0.14199047332577283,0.7456503954185983,0.0,0.002079002079002079
rf,raw,2,2000,7,False,8.36402153968811,All,5460,0.24065934065934066,0.25783087227030776,0.16492811203433017,0.7189501020954345,0.004582730342498794,0.006776556776556777
rf,raw,2,2000,7,False,8.36402153968811,Men,4718,0.2507418397626113,0.26300198922649487,0.16999182254619238,0.7118186568083207,0.005374823196605375,0.007630351844001695
rf,raw,2,2000,7,False,8.36402153968811,Women,742,0.1765498652291105,0.2249503738885145,0.13273055651550797,0.7435564273309928,0.0,0.0013477088948787063
rf,raw,2,2000,7,False,8.36402153968811,Black,3107,0.24074670099774703,0.26421955691481486,0.16888417276234002,0.6905383410445376,0.0046629927935565915,0.0067589314451239136
rf,raw,2,2000,7,False,8.36402153968811,White,2353,0.24054398640034,0.24939498481153877,0.1597043633382287,0.756252953703722,0.004476776720761052,0.006799830004249894
rf,raw,2,2000,7,False,8.36402153968811,Black men,2846,0.2501756851721715,0.26915548890284335,0.17376474684040066,0.6827757916241062,0.005154639175257732,0.007378777231201687
rf,raw,2,2000,7,False,8.36402153968811,White men,1872,0.2516025641025641,0.2536468289279437,0.1642558489664292,0.7555992004497849,0.005710206995003569,0.008012820512820512
rf,raw,2,2000,7,False,8.36402153968811,Black women,261,0.13793103448275862,0.21039709546681085,0.11566534584218459,0.7261728395061728,0.0,0.0
rf,raw,2,2000,7,False,8.36402153968811,White women,481,0.19750519750519752,0.23284726716931417,0.14199047332577283,0.7456503954185983,0.0,0.002079002079002079
rf,raw,2,2000,8,False,7.573132514953613,All,5460,0.24065934065934066,0.2544619721373439,0.16606654459755546,0.7126222777304196,0.006512301013024602,0.008791208791208791
rf,raw,2,2000,8,False,7.573132514953613,Men,4718,0.2507418397626113,0.25610913305849137,0.17119451361049207,0.7054787232134637,0.007072135785007072,0.009325985587113183
rf,raw,2,2000,8,False,7.573132514953613,Women,742,0.1765498652291105,0.2439885149594814,0.1334604020058643,0.7575742432003598,0.0032733224222585926,0.005390835579514825
rf,raw,2,2000,8,False,7.573132514953613,Black,3107,0.24074670099774703,0.25603545473836165,0.16902899503113555,0.6937199212029025,0.005934718100890208,0.006115223688445446
rf,raw,2,2000,8,False,7.573132514953613,White,2353,0.24054398640034,0.25238427964207727,0.16215480065487237,0.7357653726066349,0.007274762171236709,0.012324691882702932
rf,raw,2,2000,8,False,7.573132514953613,Black men,2846,0.2501756851721715,0.2588266484256623,0.17421350708355965,0.6837570948685278,0.006560449859418931,0.0066760365425158116
rf,raw,2,2000,8,False,7.573132514953613,White men,1872,0.2516025641025641,0.2519776967684442,0.16660474041372378,0.7360044614780767,0.007851534618129907,0.013354700854700854
rf,raw,2,2000,8,False,7.573132514953613,Black women,261,0.13793103448275862,0.22559967989522942,0.1124959632257759,0.794074074074074,0.0,0.0
rf,raw,2,2000,8,False,7.573132514953613,White women,481,0.19750519750519752,0.253966656231352,0.14483611618799125,0.7383692391600764,0.0051813471502590676,0.008316008316008316
rf,raw,2,2000,8,False,8.28830623626709,All,5460,0.24065934065934066,0.2544619721373439,0.16606654459755546,0.7126222777304196,0.006512301013024602,0.008791208791208791
rf,raw,2,2000,8,False,8.28830623626709,Men,4718,0.2507418397626113,0.25610913305849137,0.17119451361049207,0.7054787232134637,0.007072135785007072,0.009325985587113183
rf,raw,2,2000,8,False,8.28830623626709,Women,742,0.1765498652291105,0.2439885149594814,0.1334604020058643,0.7575742432003598,0.0032733224222585926,0.005390835579514825
rf,raw,2,2000,8,False,8.28830623626709,Black,3107,0.24074670099774703,0.25603545473836165,0.16902899503113555,0.6937199212029025,0.005934718100890208,0.006115223688445446
rf,raw,2,2000,8,False,8.28830623626709,White,2353,0.24054398640034,0.25238427964207727,0.16215480065487237,0.7357653726066349,0.007274762171236709,0.012324691882702932
rf,raw,2,2000,8,False,8.28830623626709,Black men,2846,0.2501756851721715,0.2588266484256623,0.17421350708355965,0.6837570948685278,0.006560449859418931,0.0066760365425158116
rf,raw,2,2000,8,False,8.28830623626709,White men,1872,0.2516025641025641,0.2519776967684442,0.16660474041372378,0.7360044614780767,0.007851534618129907,0.013354700854700854
rf,raw,2,2000,8,False,8.28830623626709,Black women,261,0.13793103448275862,0.22559967989522942,0.1124959632257759,0.794074074074074,0.0,0.0
rf,raw,2,2000,8,False,8.28830623626709,White women,481,0.19750519750519752,0.253966656231352,0.14483611618799125,0.7383692391600764,0.0051813471502590676,0.008316008316008316
rf,raw,2,2000,9,False,10.034361124038696,All,5460,0.24065934065934066,0.267769109279658,0.16697000656925165,0.7068994633473352,0.013748191027496382,0.01978021978021978
rf,raw,2,2000,9,False,10.034361124038696,Men,4718,0.2507418397626113,0.27234536412352317,0.17195951208030202,0.6999106866368316,0.015275813295615276,0.021831284442560408
rf,raw,2,2000,9,False,10.034361124038696,Women,742,0.1765498652291105,0.23867103602715692,0.13524428284804463,0.7383965717569746,0.004909983633387889,0.006738544474393531
rf,raw,2,2000,9,False,10.034361124038696,Black,3107,0.24074670099774703,0.2778066530402986,0.1702797738291234,0.6873261578707556,0.018228062738448497,0.023817186997103314
rf,raw,2,2000,9,False,10.034361124038696,White,2353,0.24054398640034,0.2545151150321822,0.16259965090566406,0.7350554950259136,0.00783435926133184,0.014449638759031025
rf,raw,2,2000,9,False,10.034361124038696,Black men,2846,0.2501756851721715,0.28206031024166517,0.17508177738303296,0.6793527479123447,0.019212746016869727,0.024947294448348558
rf,raw,2,2000,9,False,10.034361124038696,White men,1872,0.2516025641025641,0.25757573984348464,0.16721273480916296,0.7346587439060058,0.009279086366880799,0.017094017094017096
rf,raw,2,2000,9,False,10.034361124038696,Black women,261,0.13793103448275862,0.2314238622545164,0.11791769676235495,0.7570370370370371,0.008888888888888889,0.011494252873563218
rf,raw,2,2000,9,False,10.034361124038696,White women,481,0.19750519750519752,0.24260349414495144,0.1446460270650197,0.7303517862012545,0.0025906735751295338,0.004158004158004158
rf,raw,2,2000,9,False,7.719125032424927,All,5460,0.24065934065934066,0.267769109279658,0.16697000656925165,0.7068994633473352,0.013748191027496382,0.01978021978021978
rf,raw,2,2000,9,False,7.719125032424927,Men,4718,0.2507418397626113,0.27234536412352317,0.17195951208030202,0.6999106866368316,0.015275813295615276,0.021831284442560408
rf,raw,2,2000,9,False,7.719125032424927,Women,742,0.1765498652291105,0.23867103602715692,0.13524428284804463,0.7383965717569746,0.004909983633387889,0.006738544474393531
rf,raw,2,2000,9,False,7.719125032424927,Black,3107,0.24074670099774703,0.2778066530402986,0.1702797738291234,0.6873261578707556,0.018228062738448497,0.023817186997103314
rf,raw,2,2000,9,False,7.719125032424927,White,2353,0.24054398640034,0.2545151150321822,0.16259965090566406,0.7350554950259136,0.00783435926133184,0.014449638759031025
rf,raw,2,2000,9,False,7.719125032424927,Black men,2846,0.2501756851721715,0.28206031024166517,0.17508177738303296,0.6793527479123447,0.019212746016869727,0.024947294448348558
rf,raw,2,2000,9,False,7.719125032424927,White men,1872,0.2516025641025641,0.25757573984348464,0.16721273480916296,0.7346587439060058,0.009279086366880799,0.017094017094017096
rf,raw,2,2000,9,False,7.719125032424927,Black women,261,0.13793103448275862,0.2314238622545164,0.11791769676235495,0.7570370370370371,0.008888888888888889,0.011494252873563218
rf,raw,2,2000,9,False,7.719125032424927,White women,481,0.19750519750519752,0.24260349414495144,0.1446460270650197,0.7303517862012545,0.0025906735751295338,0.004158004158004158
rf,raw,2,4000,0,False,13.321852445602417,All,5460,0.24065934065934066,0.26911649986347924,0.16470127752199443,0.7200600824840065,0.011577424023154847,0.020879120879120878
rf,raw,2,4000,0,False,13.321852445602417,Men,4718,0.2507418397626113,0.2736997722425251,0.17007542651275623,0.7106691806724448,0.012446958981612447,0.022467147096227214
rf,raw,2,4000,0,False,13.321852445602417,Women,742,0.1765498652291105,0.23997380567973436,0.13052980186375426,0.76299646431204,0.006546644844517185,0.01078167115902965
rf,raw,2,4000,0,False,13.321852445602417,Black,3107,0.24074670099774703,0.2713859363444693,0.16873117560558096,0.6940854572203848,0.007630351844001695,0.013196009011908594
rf,raw,2,4000,0,False,13.321852445602417,White,2353,0.24054398640034,0.2661198406427244,0.15938003088123653,0.7514538648780651,0.016787912702853944,0.03102422439439014
rf,raw,2,4000,0,False,13.321852445602417,Black men,2846,0.2501756851721715,0.2760720086038263,0.17374103632307555,0.6853386318882092,0.008434864104967198,0.014054813773717497
rf,raw,2,4000,0,False,13.321852445602417,White men,1872,0.2516025641025641,0.2700932633299915,0.16450260305112763,0.7461200749843532,0.018558172733761598,0.035256410256410256
rf,raw,2,4000,0,False,13.321852445602417,Black women,261,0.13793103448275862,0.2202879989876491,0.11410257942937574,0.7472839506172839,0.0,0.0038314176245210726
rf,raw,2,4000,0,False,13.321852445602417,White women,481,0.19750519750519752,0.2506557091030904,0.13944353378760624,0.7636487592037087,0.010362694300518135,0.014553014553014554
rf,raw,2,4000,0,False,13.641725063323975,All,5460,0.24065934065934066,0.26911649986347924,0.16470127752199443,0.7200600824840065,0.011577424023154847,0.020879120879120878
rf,raw,2,4000,0,False,13.641725063323975,Men,4718,0.2507418397626113,0.2736997722425251,0.17007542651275623,0.7106691806724448,0.012446958981612447,0.022467147096227214
rf,raw,2,4000,0,False,13.641725063323975,Women,742,0.1765498652291105,0.23997380567973436,0.13052980186375426,0.76299646431204,0.006546644844517185,0.01078167115902965
rf,raw,2,4000,0,False,13.641725063323975,Black,3107,0.24074670099774703,0.2713859363444693,0.16873117560558096,0.6940854572203848,0.007630351844001695,0.013196009011908594
rf,raw,2,4000,0,False,13.641725063323975,White,2353,0.24054398640034,0.2661198406427244,0.15938003088123653,0.7514538648780651,0.016787912702853944,0.03102422439439014
rf,raw,2,4000,0,False,13.641725063323975,Black men,2846,0.2501756851721715,0.2760720086038263,0.17374103632307555,0.6853386318882092,0.008434864104967198,0.014054813773717497
rf,raw,2,4000,0,False,13.641725063323975,White men,1872,0.2516025641025641,0.2700932633299915,0.16450260305112763,0.7461200749843532,0.018558172733761598,0.035256410256410256
rf,raw,2,4000,0,False,13.641725063323975,Black women,261,0.13793103448275862,0.2202879989876491,0.11410257942937574,0.7472839506172839,0.0,0.0038314176245210726
rf,raw,2,4000,0,False,13.641725063323975,White women,481,0.19750519750519752,0.2506557091030904,0.13944353378760624,0.7636487592037087,0.010362694300518135,0.014553014553014554
rf,raw,2,4000,1,False,14.93419361114502,All,5460,0.24065934065934066,0.2530805860805861,0.1651562695970696,0.7114946756918884,0.009889049686444766,0.0173992673992674
rf,raw,2,4000,1,False,14.93419361114502,Men,4718,0.2507418397626113,0.25729122509537944,0.17019389741415852,0.705034667215061,0.011598302687411598,0.019923696481559984
rf,raw,2,4000,1,False,14.93419361114502,Women,742,0.1765498652291105,0.22630727762803238,0.13312456064690026,0.7413762946489925,0.0,0.0013477088948787063
rf,raw,2,4000,1,False,14.93419361114502,Black,3107,0.24074670099774703,0.26010621177985194,0.1687665362085613,0.6892960853076057,0.011445527766002543,0.017380109430318636
rf,raw,2,4000,1,False,14.93419361114502,White,2353,0.24054398640034,0.24380365490862727,0.1603891219719507,0.741010853810698,0.00783435926133184,0.017424564385890354
rf,raw,2,4000,1,False,14.93419361114502,Black men,2846,0.2501756851721715,0.26422698524244553,0.1737266352775826,0.6817842870381097,0.012652296157450796,0.018973998594518624
rf,raw,2,4000,1,False,14.93419361114502,White men,1872,0.2516025641025641,0.24674679487179485,0.16482307905982907,0.740924362489032,0.009992862241256246,0.021367521367521368
rf,raw,2,4000,1,False,14.93419361114502,Black women,261,0.13793103448275862,0.21517241379310345,0.11468055172413794,0.7484567901234568,0.0,0.0
rf,raw,2,4000,1,False,14.93419361114502,White women,481,0.19750519750519752,0.23234927234927236,0.14313264033264034,0.7351513498772839,0.0,0.002079002079002079
rf,raw,2,4000,1,False,15.999794721603394,All,5460,0.24065934065934066,0.2530805860805861,0.1651562695970696,0.7114946756918884,0.009889049686444766,0.0173992673992674
rf,raw,2,4000,1,False,15.999794721603394,Men,4718,0.2507418397626113,0.25729122509537944,0.17019389741415852,0.705034667215061,0.011598302687411598,0.019923696481559984
rf,raw,2,4000,1,False,15.999794721603394,Women,742,0.1765498652291105,0.22630727762803238,0.13312456064690026,0.7413762946489925,0.0,0.0013477088948787063
rf,raw,2,4000,1,False,15.999794721603394,Black,3107,0.24074670099774703,0.26010621177985194,0.1687665362085613,0.6892960853076057,0.011445527766002543,0.017380109430318636
rf,raw,2,4000,1,False,15.999794721603394,White,2353,0.24054398640034,0.24380365490862727,0.1603891219719507,0.741010853810698,0.00783435926133184,0.017424564385890354
rf,raw,2,4000,1,False,15.999794721603394,Black men,2846,0.2501756851721715,0.26422698524244553,0.1737266352775826,0.6817842870381097,0.012652296157450796,0.018973998594518624
rf,raw,2,4000,1,False,15.999794721603394,White men,1872,0.2516025641025641,0.24674679487179485,0.16482307905982907,0.740924362489032,0.009992862241256246,0.021367521367521368
rf,raw,2,4000,1,False,15.999794721603394,Black women,261,0.13793103448275862,0.21517241379310345,0.11468055172413794,0.7484567901234568,0.0,0.0
rf,raw,2,4000,1,False,15.999794721603394,White women,481,0.19750519750519752,0.23234927234927236,0.14313264033264034,0.7351513498772839,0.0,0.002079002079002079
rf,raw,2,4000,2,False,16.360559701919556,All,5460,0.24065934065934066,0.260958310118089,0.1648368584941139,0.7173586468334996,0.005788712011577424,0.011721611721611722
rf,raw,2,4000,2,False,16.360559701919556,Men,4718,0.2507418397626113,0.2655915816463367,0.16994712593432526,0.7094501190247028,0.006789250353606789,0.013353115727002967
rf,raw,2,4000,2,False,16.360559701919556,Women,742,0.1765498652291105,0.23149769681583449,0.13234327118559994,0.7545507927187316,0.0,0.0013477088948787063
rf,raw,2,4000,2,False,16.360559701919556,Black,3107,0.24074670099774703,0.2655080320330528,0.1690432063748907,0.6903348876642644,0.0046629927935565915,0.00804634695848085
rf,raw,2,4000,2,False,16.360559701919556,White,2353,0.24054398640034,0.25495066626352353,0.15928262013220415,0.7509802835951047,0.007274762171236709,0.016574585635359115
rf,raw,2,4000,2,False,16.360559701919556,Black men,2846,0.2501756851721715,0.2700603048450622,0.17407003990213318,0.6815963849078063,0.005154639175257732,0.008784258608573436
rf,raw,2,4000,2,False,16.360559701919556,White men,1872,0.2516025641025641,0.2587977855867359,0.16367906335292498,0.749375256678957,0.009279086366880799,0.0202991452991453
rf,raw,2,4000,2,False,16.360559701919556,Black women,261,0.13793103448275862,0.21586907255803764,0.11422953503951846,0.7576543209876543,0.0,0.0
rf,raw,2,4000,2,False,16.360559701919556,White women,481,0.19750519750519752,0.2399780937623729,0.14217213840831774,0.7510771748022906,0.0,0.002079002079002079
rf,raw,2,4000,2,False,16.32317042350769,All,5460,0.24065934065934066,0.260958310118089,0.1648368584941139,0.7173586468334996,0.005788712011577424,0.011721611721611722
rf,raw,2,4000,2,False,16.32317042350769,Men,4718,0.2507418397626113,0.2655915816463367,0.16994712593432526,0.7094501190247028,0.006789250353606789,0.013353115727002967
rf,raw,2,4000,2,False,16.32317042350769,Women,742,0.1765498652291105,0.23149769681583449,0.13234327118559994,0.7545507927187316,0.0,0.0013477088948787063
rf,raw,2,4000,2,False,16.32317042350769,Black,3107,0.24074670099774703,0.2655080320330528,0.1690432063748907,0.6903348876642644,0.0046629927935565915,0.00804634695848085
rf,raw,2,4000,2,False,16.32317042350769,White,2353,0.24054398640034,0.25495066626352353,0.15928262013220415,0.7509802835951047,0.007274762171236709,0.016574585635359115
rf,raw,2,4000,2,False,16.32317042350769,Black men,2846,0.2501756851721715,0.2700603048450622,0.17407003990213318,0.6815963849078063,0.005154639175257732,0.008784258608573436
rf,raw,2,4000,2,False,16.32317042350769,White men,1872,0.2516025641025641,0.2587977855867359,0.16367906335292498,0.749375256678957,0.009279086366880799,0.0202991452991453
rf,raw,2,4000,2,False,16.32317042350769,Black women,261,0.13793103448275862,0.21586907255803764,0.11422953503951846,0.7576543209876543,0.0,0.0
rf,raw,2,4000,2,False,16.32317042350769,White women,481,0.19750519750519752,0.2399780937623729,0.14217213840831774,0.7510771748022906,0.0,0.002079002079002079
rf,raw,2,4000,3,False,12.461883544921875,All,5460,0.24065934065934066,0.26017497594457517,0.16515730207850524,0.7177819335502265,0.004582730342498794,0.007875457875457875
rf,raw,2,4000,3,False,12.461883544921875,Men,4718,0.2507418397626113,0.26388414060347154,0.16999299563928116,0.7121637148620067,0.005374823196605375,0.008902077151335312
rf,raw,2,4000,3,False,12.461883544921875,Women,742,0.1765498652291105,0.23659028745310196,0.13440959019206208,0.7407703551929636,0.0,0.0013477088948787063
rf,raw,2,4000,3,False,12.461883544921875,Black,3107,0.24074670099774703,0.2674872838176496,0.1687293427261261,0.6947638240621309,0.00635862653666808,0.009333762471837787
rf,raw,2,4000,3,False,12.461883544921875,White,2353,0.24054398640034,0.250519497592836,0.16044062962114955,0.7481476940842876,0.002238388360380526,0.005949851253718657
rf,raw,2,4000,3,False,12.461883544921875,Black men,2846,0.2501756851721715,0.2713484583980508,0.17367717669668453,0.686139601739625,0.007029053420805998,0.010189739985945186
rf,raw,2,4000,3,False,12.461883544921875,White men,1872,0.2516025641025641,0.25253614464013147,0.16439193832658355,0.7515514395995581,0.0028551034975017845,0.006944444444444444
rf,raw,2,4000,3,False,12.461883544921875,Black women,261,0.13793103448275862,0.22538420774170387,0.11477709950693328,0.7603703703703704,0.0,0.0
rf,raw,2,4000,3,False,12.461883544921875,White women,481,0.19750519750519752,0.24267092530065898,0.1450625633081091,0.7282792473411508,0.0,0.002079002079002079
rf,raw,2,4000,3,False,12.833788633346558,All,5460,0.24065934065934066,0.26017497594457517,0.16515730207850524,0.7177819335502265,0.004582730342498794,0.007875457875457875
rf,raw,2,4000,3,False,12.833788633346558,Men,4718,0.2507418397626113,0.26388414060347154,0.16999299563928116,0.7121637148620067,0.005374823196605375,0.008902077151335312
rf,raw,2,4000,3,False,12.833788633346558,Women,742,0.1765498652291105,0.23659028745310196,0.13440959019206208,0.7407703551929636,0.0,0.0013477088948787063
rf,raw,2,4000,3,False,12.833788633346558,Black,3107,0.24074670099774703,0.2674872838176496,0.1687293427261261,0.6947638240621309,0.00635862653666808,0.009333762471837787
rf,raw,2,4000,3,False,12.833788633346558,White,2353,0.24054398640034,0.250519497592836,0.16044062962114955,0.7481476940842876,0.002238388360380526,0.005949851253718657
rf,raw,2,4000,3,False,12.833788633346558,Black men,2846,0.2501756851721715,0.2713484583980508,0.17367717669668453,0.686139601739625,0.007029053420805998,0.010189739985945186
rf,raw,2,4000,3,False,12.833788633346558,White men,1872,0.2516025641025641,0.25253614464013147,0.16439193832658355,0.7515514395995581,0.0028551034975017845,0.006944444444444444
rf,raw,2,4000,3,False,12.833788633346558,Black women,261,0.13793103448275862,0.22538420774170387,0.11477709950693328,0.7603703703703704,0.0,0.0
rf,raw,2,4000,3,False,12.833788633346558,White women,481,0.19750519750519752,0.24267092530065898,0.1450625633081091,0.7282792473411508,0.0,0.002079002079002079
rf,raw,2,4000,4,False,13.170761346817017,All,5460,0.24065934065934066,0.26716399778711186,0.1648119732262105,0.7201272650244757,0.008924264351181863,0.012087912087912088
rf,raw,2,4000,4,False,13.170761346817017,Men,4718,0.2507418397626113,0.2703960944733766,0.1697980659667879,0.713214910429577,0.009052333804809052,0.012505298855447223
rf,raw,2,4000,4,False,13.170761346817017,Women,742,0.1765498652291105,0.24661274149897605,0.13310794957385977,0.7599230394422858,0.008183306055646482,0.009433962264150943
rf,raw,2,4000,4,False,13.170761346817017,Black,3107,0.24074670099774703,0.27140615809960267,0.16826184423748752,0.6979601390056968,0.00847816871555744,0.010621177985194722
rf,raw,2,4000,4,False,13.170761346817017,White,2353,0.24054398640034,0.2615624711866406,0.16025661868645794,0.7488091259805307,0.009513150531617236,0.014024649383765405
rf,raw,2,4000,4,False,13.170761346817017,Black men,2846,0.2501756851721715,0.2754998671706149,0.1732029085114034,0.689777202699999,0.008903467666354265,0.011243851018973999
rf,raw,2,4000,4,False,13.170761346817017,White men,1872,0.2516025641025641,0.262636833203964,0.16462168675633082,0.7486660271477305,0.009279086366880799,0.014423076923076924
rf,raw,2,4000,4,False,13.170761346817017,Black women,261,0.13793103448275862,0.22676747604557632,0.11438341924298746,0.7645679012345679,0.0044444444444444444,0.0038314176245210726
rf,raw,2,4000,4,False,13.170761346817017,White women,481,0.19750519750519752,0.2573811703624632,0.14326824565776347,0.7530133624215981,0.010362694300518135,0.012474012474012475
rf,raw,2,4000,4,False,13.110734701156616,All,5460,0.24065934065934066,0.26716399778711186,0.1648119732262105,0.7201272650244757,0.008924264351181863,0.012087912087912088
rf,raw,2,4000,4,False,13.110734701156616,Men,4718,0.2507418397626113,0.2703960944733766,0.1697980659667879,0.713214910429577,0.009052333804809052,0.012505298855447223
rf,raw,2,4000,4,False,13.110734701156616,Women,742,0.1765498652291105,0.24661274149897605,0.13310794957385977,0.7599230394422858,0.008183306055646482,0.009433962264150943
rf,raw,2,4000,4,False,13.110734701156616,Black,3107,0.24074670099774703,0.27140615809960267,0.16826184423748752,0.6979601390056968,0.00847816871555744,0.010621177985194722
rf,raw,2,4000,4,False,13.110734701156616,White,2353,0.24054398640034,0.2615624711866406,0.16025661868645794,0.7488091259805307,0.009513150531617236,0.014024649383765405
rf,raw,2,4000,4,False,13.110734701156616,Black men,2846,0.2501756851721715,0.2754998671706149,0.1732029085114034,0.689777202699999,0.008903467666354265,0.011243851018973999
rf,raw,2,4000,4,False,13.110734701156616,White men,1872,0.2516025641025641,0.262636833203964,0.16462168675633082,0.7486660271477305,0.009279086366880799,0.014423076923076924
rf,raw,2,4000,4,False,13.110734701156616,Black women,261,0.13793103448275862,0.22676747604557632,0.11438341924298746,0.7645679012345679,0.0044444444444444444,0.0038314176245210726
rf,raw,2,4000,4,False,13.110734701156616,White women,481,0.19750519750519752,0.2573811703624632,0.14326824565776347,0.7530133624215981,0.010362694300518135,0.012474012474012475
rf,raw,2,4000,5,False,12.188847064971924,All,5460,0.24065934065934066,0.2599346943870128,0.1652568892920339,0.7158103279021939,0.004582730342498794,0.007142857142857143
rf,raw,2,4000,5,False,12.188847064971924,Men,4718,0.2507418397626113,0.26394690779391095,0.1704476446288894,0.7083176207972204,0.004809052333804809,0.00741839762611276
rf,raw,2,4000,5,False,12.188847064971924,Women,742,0.1765498652291105,0.23442307329032055,0.13225152045202823,0.7525268299996252,0.0032733224222585926,0.005390835579514825
rf,raw,2,4000,5,False,12.188847064971924,Black,3107,0.24074670099774703,0.26497109794145457,0.16858488433177182,0.6934745303570579,0.0046629927935565915,0.006115223688445446
rf,raw,2,4000,5,False,12.188847064971924,White,2353,0.24054398640034,0.25328441566042936,0.1608624649025457,0.7439408290341908,0.004476776720761052,0.008499787505312367
rf,raw,2,4000,5,False,12.188847064971924,Black men,2846,0.2501756851721715,0.2691091482484779,0.1736509821675686,0.6844652654191632,0.005154639175257732,0.0066760365425158116
rf,raw,2,4000,5,False,12.188847064971924,White men,1872,0.2516025641025641,0.256098758043004,0.16557761330673065,0.7431573746989942,0.004282655246252677,0.008547008547008548
rf,raw,2,4000,5,False,12.188847064971924,Black women,261,0.13793103448275862,0.21984890953613423,0.11334306655139761,0.7696296296296297,0.0,0.0
rf,raw,2,4000,5,False,12.188847064971924,White women,481,0.19750519750519752,0.2423312993606794,0.14251161705923115,0.7430597218434688,0.0051813471502590676,0.008316008316008316
rf,raw,2,4000,5,False,12.31964659690857,All,5460,0.24065934065934066,0.2599346943870128,0.1652568892920339,0.7158103279021939,0.004582730342498794,0.007142857142857143
rf,raw,2,4000,5,False,12.31964659690857,Men,4718,0.2507418397626113,0.26394690779391095,0.1704476446288894,0.7083176207972204,0.004809052333804809,0.00741839762611276
rf,raw,2,4000,5,False,12.31964659690857,Women,742,0.1765498652291105,0.23442307329032055,0.13225152045202823,0.7525268299996252,0.0032733224222585926,0.005390835579514825
rf,raw,2,4000,5,False,12.31964659690857,Black,3107,0.24074670099774703,0.26497109794145457,0.16858488433177182,0.6934745303570579,0.0046629927935565915,0.006115223688445446
rf,raw,2,4000,5,False,12.31964659690857,White,2353,0.24054398640034,0.25328441566042936,0.1608624649025457,0.7439408290341908,0.004476776720761052,0.008499787505312367
rf,raw,2,4000,5,False,12.31964659690857,Black men,2846,0.2501756851721715,0.2691091482484779,0.1736509821675686,0.6844652654191632,0.005154639175257732,0.0066760365425158116
rf,raw,2,4000,5,False,12.31964659690857,White men,1872,0.2516025641025641,0.256098758043004,0.16557761330673065,0.7431573746989942,0.004282655246252677,0.008547008547008548
rf,raw,2,4000,5,False,12.31964659690857,Black women,261,0.13793103448275862,0.21984890953613423,0.11334306655139761,0.7696296296296297,0.0,0.0
rf,raw,2,4000,5,False,12.31964659690857,White women,481,0.19750519750519752,0.2423312993606794,0.14251161705923115,0.7430597218434688,0.0051813471502590676,0.008316008316008316
rf,raw,2,4000,6,False,11.769561290740967,All,5460,0.24065934065934066,0.2583254202713772,0.16417925089172725,0.7219454154707807,0.01085383502170767,0.01575091575091575
rf,raw,2,4000,6,False,11.769561290740967,Men,4718,0.2507418397626113,0.26366471132583746,0.1696023675019287,0.713206301912645,0.01272984441301273,0.017804154302670624
rf,raw,2,4000,6,False,11.769561290740967,Women,742,0.1765498652291105,0.2243755884722625,0.12969641508723864,0.7621219125198335,0.0,0.0026954177897574125
rf,raw,2,4000,6,False,11.769561290740967,Black,3107,0.24074670099774703,0.2656697621740731,0.1677374091104081,0.7003386733706162,0.01314116150911403,0.0170582555519794
rf,raw,2,4000,6,False,11.769561290740967,White,2353,0.24054398640034,0.2486276428418506,0.15948090937645248,0.7509417247850099,0.00783435926133184,0.014024649383765405
rf,raw,2,4000,6,False,11.769561290740967,Black men,2846,0.2501756851721715,0.2707953490624886,0.17279172740922857,0.6920530890978591,0.014526710402999063,0.018622628250175684
rf,raw,2,4000,6,False,11.769561290740967,White men,1872,0.2516025641025641,0.25282400886936884,0.16475358636080933,0.7465277304200366,0.009992862241256246,0.01655982905982906
rf,raw,2,4000,6,False,11.769561290740967,Black women,261,0.13793103448275862,0.20977926300001046,0.11262403792863404,0.7529629629629631,0.0,0.0
rf,raw,2,4000,6,False,11.769561290740967,White women,481,0.19750519750519752,0.23229583992394184,0.138960220572469,0.762530679029179,0.0,0.004158004158004158
rf,raw,2,4000,6,False,12.879741668701172,All,5460,0.24065934065934066,0.2583254202713772,0.16417925089172725,0.7219454154707807,0.01085383502170767,0.01575091575091575
rf,raw,2,4000,6,False,12.879741668701172,Men,4718,0.2507418397626113,0.26366471132583746,0.1696023675019287,0.713206301912645,0.01272984441301273,0.017804154302670624
rf,raw,2,4000,6,False,12.879741668701172,Women,742,0.1765498652291105,0.2243755884722625,0.12969641508723864,0.7621219125198335,0.0,0.0026954177897574125
rf,raw,2,4000,6,False,12.879741668701172,Black,3107,0.24074670099774703,0.2656697621740731,0.1677374091104081,0.7003386733706162,0.01314116150911403,0.0170582555519794
rf,raw,2,4000,6,False,12.879741668701172,White,2353,0.24054398640034,0.2486276428418506,0.15948090937645248,0.7509417247850099,0.00783435926133184,0.014024649383765405
rf,raw,2,4000,6,False,12.879741668701172,Black men,2846,0.2501756851721715,0.2707953490624886,0.17279172740922857,0.6920530890978591,0.014526710402999063,0.018622628250175684
rf,raw,2,4000,6,False,12.879741668701172,White men,1872,0.2516025641025641,0.25282400886936884,0.16475358636080933,0.7465277304200366,0.009992862241256246,0.01655982905982906
rf,raw,2,4000,6,False,12.879741668701172,Black women,261,0.13793103448275862,0.20977926300001046,0.11262403792863404,0.7529629629629631,0.0,0.0
rf,raw,2,4000,6,False,12.879741668701172,White women,481,0.19750519750519752,0.23229583992394184,0.138960220572469,0.762530679029179,0.0,0.004158004158004158
rf,raw,2,4000,7,False,11.994873523712158,All,5460,0.24065934065934066,0.25835250341152277,0.1638219534503339,0.7235109889343381,0.009889049686444766,0.01575091575091575
rf,raw,2,4000,7,False,11.994873523712158,Men,4718,0.2507418397626113,0.26336076740047276,0.16892740430629846,0.7164266046215779,0.011315417256011316,0.017804154302670624
rf,raw,2,4000,7,False,11.994873523712158,Women,742,0.1765498652291105,0.22650750408555773,0.13135899234731402,0.7502405017428568,0.0016366612111292963,0.0026954177897574125
rf,raw,2,4000,7,False,11.994873523712158,Black,3107,0.24074670099774703,0.26401509490313413,0.16777559804082967,0.6973645136500785,0.008902077151335312,0.013839716768587062
rf,raw,2,4000,7,False,11.994873523712158,White,2353,0.24054398640034,0.2508753798397265,0.15860139512365717,0.7573276569491874,0.01119194180190263,0.01827454313642159
rf,raw,2,4000,7,False,11.994873523712158,Black men,2846,0.2501756851721715,0.26873637688769897,0.17284920592748343,0.6885477765024273,0.009840674789128397,0.015108924806746311
rf,raw,2,4000,7,False,11.994873523712158,White men,1872,0.2516025641025641,0.2551882328915807,0.16296509265357811,0.7579936078415327,0.013561741613133477,0.0219017094017094
rf,raw,2,4000,7,False,11.994873523712158,Black women,261,0.13793103448275862,0.2125332231480705,0.11245188905455916,0.7685185185185185,0.0,0.0
rf,raw,2,4000,7,False,11.994873523712158,White women,481,0.19750519750519752,0.23409022201629404,0.1416183560882891,0.7400599945459503,0.0025906735751295338,0.004158004158004158
rf,raw,2,4000,7,False,12.282710552215576,All,5460,0.24065934065934066,0.25835250341152277,0.1638219534503339,0.7235109889343381,0.009889049686444766,0.01575091575091575
rf,raw,2,4000,7,False,12.282710552215576,Men,4718,0.2507418397626113,0.26336076740047276,0.16892740430629846,0.7164266046215779,0.011315417256011316,0.017804154302670624
rf,raw,2,4000,7,False,12.282710552215576,Women,742,0.1765498652291105,0.22650750408555773,0.13135899234731402,0.7502405017428568,0.0016366612111292963,0.0026954177897574125
rf,raw,2,4000,7,False,12.282710552215576,Black,3107,0.24074670099774703,0.26401509490313413,0.16777559804082967,0.6973645136500785,0.008902077151335312,0.013839716768587062
rf,raw,2,4000,7,False,12.282710552215576,White,2353,0.24054398640034,0.2508753798397265,0.15860139512365717,0.7573276569491874,0.01119194180190263,0.01827454313642159
rf,raw,2,4000,7,False,12.282710552215576,Black men,2846,0.2501756851721715,0.26873637688769897,0.17284920592748343,0.6885477765024273,0.009840674789128397,0.015108924806746311
rf,raw,2,4000,7,False,12.282710552215576,White men,1872,0.2516025641025641,0.2551882328915807,0.16296509265357811,0.7579936078415327,0.013561741613133477,0.0219017094017094
rf,raw,2,4000,7,False,12.282710552215576,Black women,261,0.13793103448275862,0.2125332231480705,0.11245188905455916,0.7685185185185185,0.0,0.0
rf,raw,2,4000,7,False,12.282710552215576,White women,481,0.19750519750519752,0.23409022201629404,0.1416183560882891,0.7400599945459503,0.0025906735751295338,0.004158004158004158
rf,raw,2,4000,8,False,11.837872505187988,All,5460,0.24065934065934066,0.25009608039412995,0.16462998678074275,0.7193495261611751,0.003376748673420164,0.005494505494505495
rf,raw,2,4000,8,False,11.837872505187988,Men,4718,0.2507418397626113,0.2539964678570551,0.17000507520918873,0.7110147169770715,0.0039603960396039604,0.006146672318779143
rf,raw,2,4000,8,False,11.837872505187988,Women,742,0.1765498652291105,0.22529550350722835,0.13045253771685048,0.7581114678727152,0.0,0.0013477088948787063
rf,raw,2,4000,8,False,11.837872505187988,Black,3107,0.24074670099774703,0.2540655617030098,0.16796198618639288,0.6982695694949143,0.0038151759220008477,0.0041841004184100415
rf,raw,2,4000,8,False,11.837872505187988,White,2353,0.24054398640034,0.24485461059953156,0.16023027485836497,0.7449611544705479,0.0027979854504756574,0.007224819379515512
rf,raw,2,4000,8,False,11.837872505187988,Black men,2846,0.2501756851721715,0.25818043983014666,0.17315321182073287,0.6887741804702884,0.004217432052483599,0.004567814476458187
rf,raw,2,4000,8,False,11.837872505187988,White men,1872,0.2516025641025641,0.2476355788424084,0.1652189658093732,0.7424572378540654,0.0035688793718772305,0.008547008547008548
rf,raw,2,4000,8,False,11.837872505187988,Black women,261,0.13793103448275862,0.20919604771898104,0.11135574804335982,0.7725925925925926,0.0,0.0
rf,raw,2,4000,8,False,11.837872505187988,White women,481,0.19750519750519752,0.2340313828434706,0.14081482899498154,0.7494955004090538,0.0,0.002079002079002079
rf,raw,2,4000,8,False,11.979450702667236,All,5460,0.24065934065934066,0.25009608039412995,0.16462998678074275,0.7193495261611751,0.003376748673420164,0.005494505494505495
rf,raw,2,4000,8,False,11.979450702667236,Men,4718,0.2507418397626113,0.2539964678570551,0.17000507520918873,0.7110147169770715,0.0039603960396039604,0.006146672318779143
rf,raw,2,4000,8,False,11.979450702667236,Women,742,0.1765498652291105,0.22529550350722835,0.13045253771685048,0.7581114678727152,0.0,0.0013477088948787063
rf,raw,2,4000,8,False,11.979450702667236,Black,3107,0.24074670099774703,0.2540655617030098,0.16796198618639288,0.6982695694949143,0.0038151759220008477,0.0041841004184100415
rf,raw,2,4000,8,False,11.979450702667236,White,2353,0.24054398640034,0.24485461059953156,0.16023027485836497,0.7449611544705479,0.0027979854504756574,0.007224819379515512
rf,raw,2,4000,8,False,11.979450702667236,Black men,2846,0.2501756851721715,0.25818043983014666,0.17315321182073287,0.6887741804702884,0.004217432052483599,0.004567814476458187
rf,raw,2,4000,8,False,11.979450702667236,White men,1872,0.2516025641025641,0.2476355788424084,0.1652189658093732,0.7424572378540654,0.0035688793718772305,0.008547008547008548
rf,raw,2,4000,8,False,11.979450702667236,Black women,261,0.13793103448275862,0.20919604771898104,0.11135574804335982,0.7725925925925926,0.0,0.0
rf,raw,2,4000,8,False,11.979450702667236,White women,481,0.19750519750519752,0.2340313828434706,0.14081482899498154,0.7494955004090538,0.0,0.002079002079002079
rf,raw,2,4000,9,False,11.9081392288208,All,5460,0.24065934065934066,0.26353778184009674,0.16495828646517782,0.7175868104886998,0.014230583695127834,0.02032967032967033
rf,raw,2,4000,9,False,11.9081392288208,Men,4718,0.2507418397626113,0.2681205403883201,0.16996244488828566,0.7106811369459612,0.014992927864214993,0.021831284442560408
rf,raw,2,4000,9,False,11.9081392288208,Women,742,0.1765498652291105,0.23439835484478988,0.13313939234088862,0.7451306205569644,0.009819967266775777,0.01078167115902965
rf,raw,2,4000,9,False,11.9081392288208,Black,3107,0.24074670099774703,0.27194082775849865,0.16795175734253603,0.7006379028546946,0.01695633743111488,0.02252977148374638
rf,raw,2,4000,9,False,11.9081392288208,White,2353,0.24054398640034,0.25244204717436164,0.16100558182601424,0.7409500495332406,0.010632344711807499,0.017424564385890354
rf,raw,2,4000,9,False,11.9081392288208,Black men,2846,0.2501756851721715,0.27653775382671814,0.17259145707729284,0.6941532491601992,0.01780693533270853,0.02354181307097681
rf,raw,2,4000,9,False,11.9081392288208,White men,1872,0.2516025641025641,0.2553238579921231,0.1659655599043569,0.7376729694137187,0.010706638115631691,0.019230769230769232
rf,raw,2,4000,9,False,11.9081392288208,Black women,261,0.13793103448275862,0.22181495959699427,0.117359475943617,0.7293827160493827,0.008888888888888889,0.011494252873563218
rf,raw,2,4000,9,False,11.9081392288208,White women,481,0.19750519750519752,0.2412263510187497,0.14170188335895073,0.7491409871829834,0.010362694300518135,0.010395010395010396
rf,raw,2,4000,9,False,12.531866788864136,All,5460,0.24065934065934066,0.26353778184009674,0.16495828646517782,0.7175868104886998,0.014230583695127834,0.02032967032967033
rf,raw,2,4000,9,False,12.531866788864136,Men,4718,0.2507418397626113,0.2681205403883201,0.16996244488828566,0.7106811369459612,0.014992927864214993,0.021831284442560408
rf,raw,2,4000,9,False,12.531866788864136,Women,742,0.1765498652291105,0.23439835484478988,0.13313939234088862,0.7451306205569644,0.009819967266775777,0.01078167115902965
rf,raw,2,4000,9,False,12.531866788864136,Black,3107,0.24074670099774703,0.27194082775849865,0.16795175734253603,0.7006379028546946,0.01695633743111488,0.02252977148374638
rf,raw,2,4000,9,False,12.531866788864136,White,2353,0.24054398640034,0.25244204717436164,0.16100558182601424,0.7409500495332406,0.010632344711807499,0.017424564385890354
rf,raw,2,4000,9,False,12.531866788864136,Black men,2846,0.2501756851721715,0.27653775382671814,0.17259145707729284,0.6941532491601992,0.01780693533270853,0.02354181307097681
rf,raw,2,4000,9,False,12.531866788864136,White men,1872,0.2516025641025641,0.2553238579921231,0.1659655599043569,0.7376729694137187,0.010706638115631691,0.019230769230769232
rf,raw,2,4000,9,False,12.531866788864136,Black women,261,0.13793103448275862,0.22181495959699427,0.117359475943617,0.7293827160493827,0.008888888888888889,0.011494252873563218
rf,raw,2,4000,9,False,12.531866788864136,White women,481,0.19750519750519752,0.2412263510187497,0.14170188335895073,0.7491409871829834,0.010362694300518135,0.010395010395010396
rf,raw,2,8000,0,False,23.369519233703613,All,5460,0.24065934065934066,0.26382838957756954,0.1632525413340344,0.728202019000544,0.011577424023154847,0.019413919413919414
rf,raw,2,8000,0,False,23.369519233703613,Men,4718,0.2507418397626113,0.2682540527417098,0.16832227230990984,0.7204766727125556,0.01272984441301273,0.021407376006782535
rf,raw,2,8000,0,False,23.369519233703613,Women,742,0.1765498652291105,0.2356878520999228,0.13101670475158123,0.7641833560300346,0.004909983633387889,0.006738544474393531
rf,raw,2,8000,0,False,23.369519233703613,Black,3107,0.24074670099774703,0.2685033404135226,0.167124452054769,0.7036755354960975,0.011021619330224672,0.016414547795300934
rf,raw,2,8000,0,False,23.369519233703613,White,2353,0.24054398640034,0.2576553881974989,0.15813990784090967,0.7588601224785998,0.012311135982092894,0.02337441563960901
rf,raw,2,8000,0,False,23.369519233703613,Black men,2846,0.2501756851721715,0.27320409469598544,0.17210664993820726,0.6947705948632626,0.01218369259606373,0.017919887561489812
rf,raw,2,8000,0,False,23.369519233703613,White men,1872,0.2516025641025641,0.26072850818942966,0.16256888623612004,0.7575904987489979,0.013561741613133477,0.026709401709401708
rf,raw,2,8000,0,False,23.369519233703613,Black women,261,0.13793103448275862,0.21724530712659026,0.11279749735643488,0.7753086419753086,0.0,0.0
rf,raw,2,8000,0,False,23.369519233703613,White women,481,0.19750519750519752,0.2456951374180928,0.1409028027352261,0.7574856831197164,0.007772020725388601,0.010395010395010396
rf,raw,2,8000,0,False,23.428324699401855,All,5460,0.24065934065934066,0.26382838957756954,0.1632525413340344,0.728202019000544,0.011577424023154847,0.019413919413919414
rf,raw,2,8000,0,False,23.428324699401855,Men,4718,0.2507418397626113,0.2682540527417098,0.16832227230990984,0.7204766727125556,0.01272984441301273,0.021407376006782535
rf,raw,2,8000,0,False,23.428324699401855,Women,742,0.1765498652291105,0.2356878520999228,0.13101670475158123,0.7641833560300346,0.004909983633387889,0.006738544474393531
rf,raw,2,8000,0,False,23.428324699401855,Black,3107,0.24074670099774703,0.2685033404135226,0.167124452054769,0.7036755354960975,0.011021619330224672,0.016414547795300934
rf,raw,2,8000,0,False,23.428324699401855,White,2353,0.24054398640034,0.2576553881974989,0.15813990784090967,0.7588601224785998,0.012311135982092894,0.02337441563960901
rf,raw,2,8000,0,False,23.428324699401855,Black men,2846,0.2501756851721715,0.27320409469598544,0.17210664993820726,0.6947705948632626,0.01218369259606373,0.017919887561489812
rf,raw,2,8000,0,False,23.428324699401855,White men,1872,0.2516025641025641,0.26072850818942966,0.16256888623612004,0.7575904987489979,0.013561741613133477,0.026709401709401708
rf,raw,2,8000,0,False,23.428324699401855,Black women,261,0.13793103448275862,0.21724530712659026,0.11279749735643488,0.7753086419753086,0.0,0.0
rf,raw,2,8000,0,False,23.428324699401855,White women,481,0.19750519750519752,0.2456951374180928,0.1409028027352261,0.7574856831197164,0.007772020725388601,0.010395010395010396
rf,raw,2,8000,1,False,22.636852025985718,All,5460,0.24065934065934066,0.25473822053582595,0.16310855719707426,0.7271320544420875,0.0074770863482875064,0.014102564102564103
rf,raw,2,8000,1,False,22.636852025985718,Men,4718,0.2507418397626113,0.25921022298067514,0.16814328521192104,0.7208136005002506,0.00876944837340877,0.0158965663416702
rf,raw,2,8000,1,False,22.636852025985718,Women,742,0.1765498652291105,0.2263030351789549,0.13109528661210498,0.754800664659362,0.0,0.0026954177897574125
rf,raw,2,8000,1,False,22.636852025985718,Black,3107,0.24074670099774703,0.2615735912182247,0.166230718629506,0.7089675902732282,0.008054260279779568,0.012874155133569359
rf,raw,2,8000,1,False,22.636852025985718,White,2353,0.24054398640034,0.24571251007674696,0.1589859241454102,0.7512521726406457,0.006715165081141578,0.01572460688482788
rf,raw,2,8000,1,False,22.636852025985718,Black men,2846,0.2501756851721715,0.2659972013889644,0.17126199573688566,0.7004063424702252,0.008903467666354265,0.014054813773717497
rf,raw,2,8000,1,False,22.636852025985718,White men,1872,0.2516025641025641,0.24889198550738928,0.16340191226638195,0.7521621650292254,0.008565310492505354,0.018696581196581196
rf,raw,2,8000,1,False,22.636852025985718,Black women,261,0.13793103448275862,0.2133375967893933,0.11136859354290651,0.7792592592592593,0.0,0.0
rf,raw,2,8000,1,False,22.636852025985718,White women,481,0.19750519750519752,0.23333833542776067,0.14179937578270954,0.7421325334060539,0.0,0.004158004158004158
rf,raw,2,8000,1,False,22.919834852218628,All,5460,0.24065934065934066,0.25473822053582595,0.16310855719707426,0.7271320544420875,0.0074770863482875064,0.014102564102564103
rf,raw,2,8000,1,False,22.919834852218628,Men,4718,0.2507418397626113,0.25921022298067514,0.16814328521192104,0.7208136005002506,0.00876944837340877,0.0158965663416702
rf,raw,2,8000,1,False,22.919834852218628,Women,742,0.1765498652291105,0.2263030351789549,0.13109528661210498,0.754800664659362,0.0,0.0026954177897574125
rf,raw,2,8000,1,False,22.919834852218628,Black,3107,0.24074670099774703,0.2615735912182247,0.166230718629506,0.7089675902732282,0.008054260279779568,0.012874155133569359
rf,raw,2,8000,1,False,22.919834852218628,White,2353,0.24054398640034,0.24571251007674696,0.1589859241454102,0.7512521726406457,0.006715165081141578,0.01572460688482788
rf,raw,2,8000,1,False,22.919834852218628,Black men,2846,0.2501756851721715,0.2659972013889644,0.17126199573688566,0.7004063424702252,0.008903467666354265,0.014054813773717497
rf,raw,2,8000,1,False,22.919834852218628,White men,1872,0.2516025641025641,0.24889198550738928,0.16340191226638195,0.7521621650292254,0.008565310492505354,0.018696581196581196
rf,raw,2,8000,1,False,22.919834852218628,Black women,261,0.13793103448275862,0.2133375967893933,0.11136859354290651,0.7792592592592593,0.0,0.0
rf,raw,2,8000,1,False,22.919834852218628,White women,481,0.19750519750519752,0.23333833542776067,0.14179937578270954,0.7421325334060539,0.0,0.004158004158004158
rf,raw,2,8000,2,False,22.21546745300293,All,5460,0.24065934065934066,0.255076898347068,0.16238074510222264,0.7315545379052704,0.006994693680656054,0.013186813186813187
rf,raw,2,8000,2,False,22.21546745300293,Men,4718,0.2507418397626113,0.26037110022090776,0.16737110092188467,0.7251974877478088,0.008203677510608205,0.01526070368800339
rf,raw,2,8000,2,False,22.21546745300293,Women,742,0.1765498652291105,0.221413765677558,0.13064961470173006,0.754175984807786,0.0,0.0
rf,raw,2,8000,2,False,22.21546745300293,Black,3107,0.24074670099774703,0.262581585047519,0.16622412831904335,0.7076329587675372,0.007630351844001695,0.012874155133569359
rf,raw,2,8000,2,False,22.21546745300293,White,2353,0.24054398640034,0.24516739491387568,0.15730578052310573,0.7629137409757555,0.006155567991046447,0.013599660008499787
rf,raw,2,8000,2,False,22.21546745300293,Black men,2846,0.2501756851721715,0.2676348297136346,0.171087799570419,0.7002740541052832,0.008434864104967198,0.014054813773717497
rf,raw,2,8000,2,False,22.21546745300293,White men,1872,0.2516025641025641,0.24932805848143097,0.16172060714318337,0.7628203088179356,0.007851534618129907,0.017094017094017096
rf,raw,2,8000,2,False,22.21546745300293,Black women,261,0.13793103448275862,0.2074799209871161,0.113189613447721,0.7479012345679013,0.0,0.0
rf,raw,2,8000,2,False,22.21546745300293,White women,481,0.19750519750519752,0.22897454211041732,0.14012375259631712,0.7549495500409054,0.0,0.0
rf,raw,2,8000,2,False,22.611632585525513,All,5460,0.24065934065934066,0.255076898347068,0.16238074510222264,0.7315545379052704,0.006994693680656054,0.013186813186813187
rf,raw,2,8000,2,False,22.611632585525513,Men,4718,0.2507418397626113,0.26037110022090776,0.16737110092188467,0.7251974877478088,0.008203677510608205,0.01526070368800339
rf,raw,2,8000,2,False,22.611632585525513,Women,742,0.1765498652291105,0.221413765677558,0.13064961470173006,0.754175984807786,0.0,0.0
rf,raw,2,8000,2,False,22.611632585525513,Black,3107,0.24074670099774703,0.262581585047519,0.16622412831904335,0.7076329587675372,0.007630351844001695,0.012874155133569359
rf,raw,2,8000,2,False,22.611632585525513,White,2353,0.24054398640034,0.24516739491387568,0.15730578052310573,0.7629137409757555,0.006155567991046447,0.013599660008499787
rf,raw,2,8000,2,False,22.611632585525513,Black men,2846,0.2501756851721715,0.2676348297136346,0.171087799570419,0.7002740541052832,0.008434864104967198,0.014054813773717497
rf,raw,2,8000,2,False,22.611632585525513,White men,1872,0.2516025641025641,0.24932805848143097,0.16172060714318337,0.7628203088179356,0.007851534618129907,0.017094017094017096
rf,raw,2,8000,2,False,22.611632585525513,Black women,261,0.13793103448275862,0.2074799209871161,0.113189613447721,0.7479012345679013,0.0,0.0
rf,raw,2,8000,2,False,22.611632585525513,White women,481,0.19750519750519752,0.22897454211041732,0.14012375259631712,0.7549495500409054,0.0,0.0
rf,raw,2,8000,3,False,27.279693841934204,All,5460,0.24065934065934066,0.25784644045313726,0.16273129702233227,0.7314932292481209,0.006753497346840328,0.011172161172161172
rf,raw,2,8000,3,False,27.279693841934204,Men,4718,0.2507418397626113,0.2633094691276247,0.16781715672539108,0.7241245317624384,0.007920792079207921,0.01271725307333616
rf,raw,2,8000,3,False,27.279693841934204,Women,742,0.1765498652291105,0.22310982416441513,0.13039290608024126,0.7619095213702978,0.0,0.0013477088948787063
rf,raw,2,8000,3,False,27.279693841934204,Black,3107,0.24074670099774703,0.26400372355860724,0.16651310482666318,0.7097020626432392,0.007630351844001695,0.00965561635017702
rf,raw,2,8000,3,False,27.279693841934204,White,2353,0.24054398640034,0.24971610530282043,0.15773763920335382,0.759921972787367,0.005595970900951315,0.01317467063323417
rf,raw,2,8000,3,False,27.279693841934204,Black men,2846,0.2501756851721715,0.2690966561759693,0.17159832346598394,0.7006669702936934,0.008434864104967198,0.010541110330288124
rf,raw,2,8000,3,False,27.279693841934204,White men,1872,0.2516025641025641,0.25451121360434,0.1620686521614342,0.7592832538481007,0.007137758743754461,0.016025641025641024
rf,raw,2,8000,3,False,27.279693841934204,Black women,261,0.13793103448275862,0.20846929356239108,0.11106278970211605,0.7738271604938272,0.0,0.0
rf,raw,2,8000,3,False,27.279693841934204,White women,481,0.19750519750519752,0.23105406218339283,0.14088180498812208,0.7539132806108536,0.0,0.002079002079002079
rf,raw,2,8000,3,False,27.161882638931274,All,5460,0.24065934065934066,0.25784644045313726,0.16273129702233227,0.7314932292481209,0.006753497346840328,0.011172161172161172
rf,raw,2,8000,3,False,27.161882638931274,Men,4718,0.2507418397626113,0.2633094691276247,0.16781715672539108,0.7241245317624384,0.007920792079207921,0.01271725307333616
rf,raw,2,8000,3,False,27.161882638931274,Women,742,0.1765498652291105,0.22310982416441513,0.13039290608024126,0.7619095213702978,0.0,0.0013477088948787063
rf,raw,2,8000,3,False,27.161882638931274,Black,3107,0.24074670099774703,0.26400372355860724,0.16651310482666318,0.7097020626432392,0.007630351844001695,0.00965561635017702
rf,raw,2,8000,3,False,27.161882638931274,White,2353,0.24054398640034,0.24971610530282043,0.15773763920335382,0.759921972787367,0.005595970900951315,0.01317467063323417
rf,raw,2,8000,3,False,27.161882638931274,Black men,2846,0.2501756851721715,0.2690966561759693,0.17159832346598394,0.7006669702936934,0.008434864104967198,0.010541110330288124
rf,raw,2,8000,3,False,27.161882638931274,White men,1872,0.2516025641025641,0.25451121360434,0.1620686521614342,0.7592832538481007,0.007137758743754461,0.016025641025641024
rf,raw,2,8000,3,False,27.161882638931274,Black women,261,0.13793103448275862,0.20846929356239108,0.11106278970211605,0.7738271604938272,0.0,0.0
rf,raw,2,8000,3,False,27.161882638931274,White women,481,0.19750519750519752,0.23105406218339283,0.14088180498812208,0.7539132806108536,0.0,0.002079002079002079
rf,raw,2,8000,4,False,23.99836277961731,All,5460,0.24065934065934066,0.2586508427060188,0.16325585328680178,0.7277875431087968,0.009165460684997588,0.013186813186813187
rf,raw,2,8000,4,False,23.99836277961731,Men,4718,0.2507418397626113,0.263494171221095,0.16843740286675452,0.7201074629863663,0.010183875530410185,0.014624841034336583
rf,raw,2,8000,4,False,23.99836277961731,Women,742,0.1765498652291105,0.22785458403468553,0.1303090191652157,0.7627465923714097,0.0032733224222585926,0.004043126684636119
rf,raw,2,8000,4,False,23.99836277961731,Black,3107,0.24074670099774703,0.26467955168797286,0.16658425701329962,0.707588187689427,0.008902077151335312,0.011586739620212423
rf,raw,2,8000,4,False,23.99836277961731,White,2353,0.24054398640034,0.250690282227085,0.15886088925015548,0.7540363164669848,0.009513150531617236,0.01529961750956226
rf,raw,2,8000,4,False,23.99836277961731,Black men,2846,0.2501756851721715,0.26948258446547446,0.17162409264466366,0.6988596874572202,0.009840674789128397,0.012649332396345749
rf,raw,2,8000,4,False,23.99836277961731,White men,1872,0.2516025641025641,0.2543899916839667,0.16359268112106565,0.7526137684486817,0.010706638115631691,0.017628205128205128
rf,raw,2,8000,4,False,23.99836277961731,Black women,261,0.13793103448275862,0.21230625174632684,0.11162880794486249,0.7741975308641975,0.0,0.0
rf,raw,2,8000,4,False,23.99836277961731,White women,481,0.19750519750519752,0.23629141298949138,0.14044526683364023,0.7555494955004091,0.0051813471502590676,0.006237006237006237
rf,raw,2,8000,4,False,24.100935220718384,All,5460,0.24065934065934066,0.2586508427060188,0.16325585328680178,0.7277875431087968,0.009165460684997588,0.013186813186813187
rf,raw,2,8000,4,False,24.100935220718384,Men,4718,0.2507418397626113,0.263494171221095,0.16843740286675452,0.7201074629863663,0.010183875530410185,0.014624841034336583
rf,raw,2,8000,4,False,24.100935220718384,Women,742,0.1765498652291105,0.22785458403468553,0.1303090191652157,0.7627465923714097,0.0032733224222585926,0.004043126684636119
rf,raw,2,8000,4,False,24.100935220718384,Black,3107,0.24074670099774703,0.26467955168797286,0.16658425701329962,0.707588187689427,0.008902077151335312,0.011586739620212423
rf,raw,2,8000,4,False,24.100935220718384,White,2353,0.24054398640034,0.250690282227085,0.15886088925015548,0.7540363164669848,0.009513150531617236,0.01529961750956226
rf,raw,2,8000,4,False,24.100935220718384,Black men,2846,0.2501756851721715,0.26948258446547446,0.17162409264466366,0.6988596874572202,0.009840674789128397,0.012649332396345749
rf,raw,2,8000,4,False,24.100935220718384,White men,1872,0.2516025641025641,0.2543899916839667,0.16359268112106565,0.7526137684486817,0.010706638115631691,0.017628205128205128
rf,raw,2,8000,4,False,24.100935220718384,Black women,261,0.13793103448275862,0.21230625174632684,0.11162880794486249,0.7741975308641975,0.0,0.0
rf,raw,2,8000,4,False,24.100935220718384,White women,481,0.19750519750519752,0.23629141298949138,0.14044526683364023,0.7555494955004091,0.0051813471502590676,0.006237006237006237
rf,raw,2,8000,5,False,26.748812675476074,All,5460,0.24065934065934066,0.260661677480991,0.16304863791595034,0.7294465480289083,0.009889049686444766,0.01684981684981685
rf,raw,2,8000,5,False,26.748812675476074,Men,4718,0.2507418397626113,0.265941235491695,0.16816380243493825,0.7218358618859109,0.011598302687411598,0.01907587961000424
rf,raw,2,8000,5,False,26.748812675476074,Women,742,0.1765498652291105,0.22709165767708037,0.13052391257823473,0.7619220149673291,0.0,0.0026954177897574125
rf,raw,2,8000,5,False,26.748812675476074,Black,3107,0.24074670099774703,0.2671540938644632,0.16645773847764012,0.7087885059607875,0.010173802458668928,0.014805278403604764
rf,raw,2,8000,5,False,26.748812675476074,White,2353,0.24054398640034,0.2520888182785055,0.1585471183897412,0.7564516798788264,0.009513150531617236,0.019549511262218443
rf,raw,2,8000,5,False,26.748812675476074,Black men,2846,0.2501756851721715,0.2721461039947089,0.1714264150400228,0.7002957730905721,0.011246485473289597,0.016163035839775124
rf,raw,2,8000,5,False,26.748812675476074,White men,1872,0.2516025641025641,0.25650797920986934,0.16320365527998604,0.7543792650381665,0.012134189864382585,0.023504273504273504
rf,raw,2,8000,5,False,26.748812675476074,Black women,261,0.13793103448275862,0.21272014432163097,0.11227822316522208,0.7722222222222223,0.0,0.0
rf,raw,2,8000,5,False,26.748812675476074,White women,481,0.19750519750519752,0.23488992168076495,0.14042438022230186,0.7548677392964276,0.0,0.004158004158004158
rf,raw,2,8000,5,False,26.824095010757446,All,5460,0.24065934065934066,0.260661677480991,0.16304863791595034,0.7294465480289083,0.009889049686444766,0.01684981684981685
rf,raw,2,8000,5,False,26.824095010757446,Men,4718,0.2507418397626113,0.265941235491695,0.16816380243493825,0.7218358618859109,0.011598302687411598,0.01907587961000424
rf,raw,2,8000,5,False,26.824095010757446,Women,742,0.1765498652291105,0.22709165767708037,0.13052391257823473,0.7619220149673291,0.0,0.0026954177897574125
rf,raw,2,8000,5,False,26.824095010757446,Black,3107,0.24074670099774703,0.2671540938644632,0.16645773847764012,0.7087885059607875,0.010173802458668928,0.014805278403604764
rf,raw,2,8000,5,False,26.824095010757446,White,2353,0.24054398640034,0.2520888182785055,0.1585471183897412,0.7564516798788264,0.009513150531617236,0.019549511262218443
rf,raw,2,8000,5,False,26.824095010757446,Black men,2846,0.2501756851721715,0.2721461039947089,0.1714264150400228,0.7002957730905721,0.011246485473289597,0.016163035839775124
rf,raw,2,8000,5,False,26.824095010757446,White men,1872,0.2516025641025641,0.25650797920986934,0.16320365527998604,0.7543792650381665,0.012134189864382585,0.023504273504273504
rf,raw,2,8000,5,False,26.824095010757446,Black women,261,0.13793103448275862,0.21272014432163097,0.11227822316522208,0.7722222222222223,0.0,0.0
rf,raw,2,8000,5,False,26.824095010757446,White women,481,0.19750519750519752,0.23488992168076495,0.14042438022230186,0.7548677392964276,0.0,0.004158004158004158
rf,raw,2,8000,6,False,24.037132501602173,All,5460,0.24065934065934066,0.2606223179030711,0.16280523367014296,0.73110408447819,0.011577424023154847,0.018315018315018316
rf,raw,2,8000,6,False,24.037132501602173,Men,4718,0.2507418397626113,0.2653653966887049,0.16796059381781747,0.7236257160313303,0.013578500707213578,0.02055955913522679
rf,raw,2,8000,6,False,24.037132501602173,Women,742,0.1765498652291105,0.23046349619064482,0.13002492480662767,0.7644457215676965,0.0,0.004043126684636119
rf,raw,2,8000,6,False,24.037132501602173,Black,3107,0.24074670099774703,0.2667977745621255,0.16659330733880873,0.708836677373944,0.014412886816447647,0.01931123270035404
rf,raw,2,8000,6,False,24.037132501602173,White,2353,0.24054398640034,0.2524679856295131,0.15780330214079977,0.7601305858368548,0.00783435926133184,0.016999575010624733
rf,raw,2,8000,6,False,24.037132501602173,Black men,2846,0.2501756851721715,0.2715897839824828,0.17157795726418662,0.7003056453566125,0.015932521087160263,0.02108222066057625
rf,raw,2,8000,6,False,24.037132501602173,White men,1872,0.2516025641025641,0.25590246600596356,0.1624611192620661,0.7589407626642176,0.009992862241256246,0.019764957264957264
rf,raw,2,8000,6,False,24.037132501602173,Black women,261,0.13793103448275862,0.2145446756719459,0.11223961504905584,0.7738271604938272,0.0,0.0
rf,raw,2,8000,6,False,24.037132501602173,White women,481,0.19750519750519752,0.23910135929954385,0.13967558145262812,0.7580583583310608,0.0,0.006237006237006237
rf,raw,2,8000,6,False,24.240976333618164,All,5460,0.24065934065934066,0.2606223179030711,0.16280523367014296,0.73110408447819,0.011577424023154847,0.018315018315018316
rf,raw,2,8000,6,False,24.240976333618164,Men,4718,0.2507418397626113,0.2653653966887049,0.16796059381781747,0.7236257160313303,0.013578500707213578,0.02055955913522679
rf,raw,2,8000,6,False,24.240976333618164,Women,742,0.1765498652291105,0.23046349619064482,0.13002492480662767,0.7644457215676965,0.0,0.004043126684636119
rf,raw,2,8000,6,False,24.240976333618164,Black,3107,0.24074670099774703,0.2667977745621255,0.16659330733880873,0.708836677373944,0.014412886816447647,0.01931123270035404
rf,raw,2,8000,6,False,24.240976333618164,White,2353,0.24054398640034,0.2524679856295131,0.15780330214079977,0.7601305858368548,0.00783435926133184,0.016999575010624733
rf,raw,2,8000,6,False,24.240976333618164,Black men,2846,0.2501756851721715,0.2715897839824828,0.17157795726418662,0.7003056453566125,0.015932521087160263,0.02108222066057625
rf,raw,2,8000,6,False,24.240976333618164,White men,1872,0.2516025641025641,0.25590246600596356,0.1624611192620661,0.7589407626642176,0.009992862241256246,0.019764957264957264
rf,raw,2,8000,6,False,24.240976333618164,Black women,261,0.13793103448275862,0.2145446756719459,0.11223961504905584,0.7738271604938272,0.0,0.0
rf,raw,2,8000,6,False,24.240976333618164,White women,481,0.19750519750519752,0.23910135929954385,0.13967558145262812,0.7580583583310608,0.0,0.006237006237006237
rf,raw,2,8000,7,False,23.960920572280884,All,5460,0.24065934065934066,0.2581687268555058,0.16292408714603895,0.7296791170965983,0.011577424023154847,0.018315018315018316
rf,raw,2,8000,7,False,23.960920572280884,Men,4718,0.2507418397626113,0.2636802629873759,0.16808007906360906,0.7220996172796847,0.013578500707213578,0.020983467571004662
rf,raw,2,8000,7,False,23.960920572280884,Women,742,0.1765498652291105,0.22312367635663335,0.1301397611796027,0.76086005921965,0.0,0.0013477088948787063
rf,raw,2,8000,7,False,23.960920572280884,Black,3107,0.24074670099774703,0.26581012677669896,0.16655924898860713,0.706843514314277,0.011869436201780416,0.018989378822014805
rf,raw,2,8000,7,False,23.960920572280884,White,2353,0.24054398640034,0.24807870154520092,0.15812406681248206,0.7597044615509341,0.01119194180190263,0.017424564385890354
rf,raw,2,8000,7,False,23.960920572280884,Black men,2846,0.2501756851721715,0.270941190933988,0.17165752974229065,0.6976236797489549,0.013120899718837863,0.02073085031623331
rf,raw,2,8000,7,False,23.960920572280884,White men,1872,0.2516025641025641,0.2526414804360629,0.16264128385445953,0.7593681189202132,0.014275517487508922,0.021367521367521368
rf,raw,2,8000,7,False,23.960920572280884,Black women,261,0.13793103448275862,0.20985990228763937,0.11096650176644879,0.7845679012345679,0.0,0.0
rf,raw,2,8000,7,False,23.960920572280884,White women,481,0.19750519750519752,0.23032085937535982,0.1405435464328941,0.749304608671939,0.0,0.002079002079002079
rf,raw,2,8000,7,False,23.927335739135742,All,5460,0.24065934065934066,0.2581687268555058,0.16292408714603895,0.7296791170965983,0.011577424023154847,0.018315018315018316
rf,raw,2,8000,7,False,23.927335739135742,Men,4718,0.2507418397626113,0.2636802629873759,0.16808007906360906,0.7220996172796847,0.013578500707213578,0.020983467571004662
rf,raw,2,8000,7,False,23.927335739135742,Women,742,0.1765498652291105,0.22312367635663335,0.1301397611796027,0.76086005921965,0.0,0.0013477088948787063
rf,raw,2,8000,7,False,23.927335739135742,Black,3107,0.24074670099774703,0.26581012677669896,0.16655924898860713,0.706843514314277,0.011869436201780416,0.018989378822014805
rf,raw,2,8000,7,False,23.927335739135742,White,2353,0.24054398640034,0.24807870154520092,0.15812406681248206,0.7597044615509341,0.01119194180190263,0.017424564385890354
rf,raw,2,8000,7,False,23.927335739135742,Black men,2846,0.2501756851721715,0.270941190933988,0.17165752974229065,0.6976236797489549,0.013120899718837863,0.02073085031623331
rf,raw,2,8000,7,False,23.927335739135742,White men,1872,0.2516025641025641,0.2526414804360629,0.16264128385445953,0.7593681189202132,0.014275517487508922,0.021367521367521368
rf,raw,2,8000,7,False,23.927335739135742,Black women,261,0.13793103448275862,0.20985990228763937,0.11096650176644879,0.7845679012345679,0.0,0.0
rf,raw,2,8000,7,False,23.927335739135742,White women,481,0.19750519750519752,0.23032085937535982,0.1405435464328941,0.749304608671939,0.0,0.002079002079002079
rf,raw,2,8000,8,False,22.509199857711792,All,5460,0.24065934065934066,0.2538817059230751,0.1624738309690903,0.7320152706281605,0.0074770863482875064,0.01282051282051282
rf,raw,2,8000,8,False,22.509199857711792,Men,4718,0.2507418397626113,0.25888847348176175,0.167795778671091,0.7232947663803936,0.00876944837340877,0.014412886816447647
rf,raw,2,8000,8,False,22.509199857711792,Women,742,0.1765498652291105,0.22204622163482193,0.12863427671297256,0.7757899076723179,0.0,0.0026954177897574125
rf,raw,2,8000,8,False,22.509199857711792,Black,3107,0.24074670099774703,0.2592163906626434,0.16608263941611814,0.7105629141324725,0.00847816871555744,0.011908593498551657
rf,raw,2,8000,8,False,22.509199857711792,White,2353,0.24054398640034,0.24683756419513675,0.15770860876555629,0.7593099752630403,0.006155567991046447,0.014024649383765405
rf,raw,2,8000,8,False,22.509199857711792,Black men,2846,0.2501756851721715,0.26439254798606665,0.1713731149555798,0.7002003411855143,0.00937207122774133,0.013000702740688685
rf,raw,2,8000,8,False,22.509199857711792,White men,1872,0.2516025641025641,0.2505206337172043,0.16235715737533507,0.7571025245843505,0.007851534618129907,0.01655982905982906
rf,raw,2,8000,8,False,22.509199857711792,Black women,261,0.13793103448275862,0.20277446061489493,0.10839415901264002,0.7979012345679012,0.0,0.0
rf,raw,2,8000,8,False,22.509199857711792,White women,481,0.19750519750519752,0.23250345578492781,0.13961696012209268,0.763348786473957,0.0,0.004158004158004158
rf,raw,2,8000,8,False,23.034300088882446,All,5460,0.24065934065934066,0.2538817059230751,0.1624738309690903,0.7320152706281605,0.0074770863482875064,0.01282051282051282
rf,raw,2,8000,8,False,23.034300088882446,Men,4718,0.2507418397626113,0.25888847348176175,0.167795778671091,0.7232947663803936,0.00876944837340877,0.014412886816447647
rf,raw,2,8000,8,False,23.034300088882446,Women,742,0.1765498652291105,0.22204622163482193,0.12863427671297256,0.7757899076723179,0.0,0.0026954177897574125
rf,raw,2,8000,8,False,23.034300088882446,Black,3107,0.24074670099774703,0.2592163906626434,0.16608263941611814,0.7105629141324725,0.00847816871555744,0.011908593498551657
rf,raw,2,8000,8,False,23.034300088882446,White,2353,0.24054398640034,0.24683756419513675,0.15770860876555629,0.7593099752630403,0.006155567991046447,0.014024649383765405
rf,raw,2,8000,8,False,23.034300088882446,Black men,2846,0.2501756851721715,0.26439254798606665,0.1713731149555798,0.7002003411855143,0.00937207122774133,0.013000702740688685
rf,raw,2,8000,8,False,23.034300088882446,White men,1872,0.2516025641025641,0.2505206337172043,0.16235715737533507,0.7571025245843505,0.007851534618129907,0.01655982905982906
rf,raw,2,8000,8,False,23.034300088882446,Black women,261,0.13793103448275862,0.20277446061489493,0.10839415901264002,0.7979012345679012,0.0,0.0
rf,raw,2,8000,8,False,23.034300088882446,White women,481,0.19750519750519752,0.23250345578492781,0.13961696012209268,0.763348786473957,0.0,0.004158004158004158
rf,raw,2,8000,9,False,26.03736639022827,All,5460,0.24065934065934066,0.2599978446207808,0.16307341674243017,0.7297062838069519,0.012542209358417752,0.019413919413919414
rf,raw,2,8000,9,False,26.03736639022827,Men,4718,0.2507418397626113,0.265471518661194,0.1683256242277648,0.7207251240762285,0.014144271570014143,0.021407376006782535
rf,raw,2,8000,9,False,26.03736639022827,Women,742,0.1765498652291105,0.22519353987324817,0.12967730499605734,0.7707050136804887,0.0032733224222585926,0.006738544474393531
rf,raw,2,8000,9,False,26.03736639022827,Black,3107,0.24074670099774703,0.26847120699159166,0.1666397309817784,0.708955689100566,0.015684612123781264,0.02188606372706791
rf,raw,2,8000,9,False,26.03736639022827,White,2353,0.24054398640034,0.24880926115877094,0.15836430567500356,0.7576450256168914,0.008393956351426972,0.016149596260093498
rf,raw,2,8000,9,False,26.03736639022827,Black men,2846,0.2501756851721715,0.2739050103087351,0.17164899239557194,0.6999884165411792,0.017338331771321464,0.023893183415319746
rf,raw,2,8000,9,False,26.03736639022827,White men,1872,0.2516025641025641,0.25265008851754966,0.1632731104427332,0.7530759800021519,0.009279086366880799,0.017628205128205128
rf,raw,2,8000,9,False,26.03736639022827,Black women,261,0.13793103448275862,0.20921984974795033,0.11201766974171536,0.7669135802469136,0.0,0.0
rf,raw,2,8000,9,False,26.03736639022827,White women,481,0.19750519750519752,0.2338611763029836,0.13925976820059632,0.7677120261794382,0.0051813471502590676,0.010395010395010396
rf,raw,2,8000,9,False,27.71152138710022,All,5460,0.24065934065934066,0.2599978446207808,0.16307341674243017,0.7297062838069519,0.012542209358417752,0.019413919413919414
rf,raw,2,8000,9,False,27.71152138710022,Men,4718,0.2507418397626113,0.265471518661194,0.1683256242277648,0.7207251240762285,0.014144271570014143,0.021407376006782535
rf,raw,2,8000,9,False,27.71152138710022,Women,742,0.1765498652291105,0.22519353987324817,0.12967730499605734,0.7707050136804887,0.0032733224222585926,0.006738544474393531
rf,raw,2,8000,9,False,27.71152138710022,Black,3107,0.24074670099774703,0.26847120699159166,0.1666397309817784,0.708955689100566,0.015684612123781264,0.02188606372706791
rf,raw,2,8000,9,False,27.71152138710022,White,2353,0.24054398640034,0.24880926115877094,0.15836430567500356,0.7576450256168914,0.008393956351426972,0.016149596260093498
rf,raw,2,8000,9,False,27.71152138710022,Black men,2846,0.2501756851721715,0.2739050103087351,0.17164899239557194,0.6999884165411792,0.017338331771321464,0.023893183415319746
rf,raw,2,8000,9,False,27.71152138710022,White men,1872,0.2516025641025641,0.25265008851754966,0.1632731104427332,0.7530759800021519,0.009279086366880799,0.017628205128205128
rf,raw,2,8000,9,False,27.71152138710022,Black women,261,0.13793103448275862,0.20921984974795033,0.11201766974171536,0.7669135802469136,0.0,0.0
rf,raw,2,8000,9,False,27.71152138710022,White women,481,0.19750519750519752,0.2338611763029836,0.13925976820059632,0.7677120261794382,0.0051813471502590676,0.010395010395010396
rf,raw,2,12651,0,True,42.35264587402344,All,5460,0.24065934065934066,0.25720064713357654,0.16201807879880722,0.7349483575520884,0.011577424023154847,0.01684981684981685
rf,raw,2,12651,0,True,42.35264587402344,Men,4718,0.2507418397626113,0.2626893895498048,0.16724023474417643,0.7268632357741268,0.013295615275813296,0.01907587961000424
rf,raw,2,12651,0,True,42.35264587402344,Women,742,0.1765498652291105,0.22230053026057736,0.12881304948579922,0.7709423920240877,0.0016366612111292963,0.0026954177897574125
rf,raw,2,12651,0,True,42.35264587402344,Black,3107,0.24074670099774703,0.26410277765245405,0.1657055025878131,0.7124557673082721,0.012293344637558287,0.0170582555519794
rf,raw,2,12651,0,True,42.35264587402344,White,2353,0.24054398640034,0.24808678418323546,0.15714904959674975,0.7643582133231563,0.010632344711807499,0.016574585635359115
rf,raw,2,12651,0,True,42.35264587402344,Black men,2846,0.2501756851721715,0.269437538355274,0.170739482733661,0.7038497888651368,0.01358950328022493,0.018622628250175684
rf,raw,2,12651,0,True,42.35264587402344,White men,1872,0.2516025641025641,0.25243018468849865,0.16192033101657333,0.7619549881719305,0.01284796573875803,0.019764957264957264
rf,raw,2,12651,0,True,42.35264587402344,Black women,261,0.13793103448275862,0.20593140232591936,0.11081390298979366,0.7775308641975309,0.0,0.0
rf,raw,2,12651,0,True,42.35264587402344,White women,481,0.19750519750519752,0.23118273897356229,0.13857973812500393,0.7659121898009271,0.0025906735751295338,0.004158004158004158
rf,raw,2,12651,0,True,42.896326303482056,All,5460,0.24065934065934066,0.25720064713357654,0.16201807879880722,0.7349483575520884,0.011577424023154847,0.01684981684981685
rf,raw,2,12651,0,True,42.896326303482056,Men,4718,0.2507418397626113,0.2626893895498048,0.16724023474417643,0.7268632357741268,0.013295615275813296,0.01907587961000424
rf,raw,2,12651,0,True,42.896326303482056,Women,742,0.1765498652291105,0.22230053026057736,0.12881304948579922,0.7709423920240877,0.0016366612111292963,0.0026954177897574125
rf,raw,2,12651,0,True,42.896326303482056,Black,3107,0.24074670099774703,0.26410277765245405,0.1657055025878131,0.7124557673082721,0.012293344637558287,0.0170582555519794
rf,raw,2,12651,0,True,42.896326303482056,White,2353,0.24054398640034,0.24808678418323546,0.15714904959674975,0.7643582133231563,0.010632344711807499,0.016574585635359115
rf,raw,2,12651,0,True,42.896326303482056,Black men,2846,0.2501756851721715,0.269437538355274,0.170739482733661,0.7038497888651368,0.01358950328022493,0.018622628250175684
rf,raw,2,12651,0,True,42.896326303482056,White men,1872,0.2516025641025641,0.25243018468849865,0.16192033101657333,0.7619549881719305,0.01284796573875803,0.019764957264957264
rf,raw,2,12651,0,True,42.896326303482056,Black women,261,0.13793103448275862,0.20593140232591936,0.11081390298979366,0.7775308641975309,0.0,0.0
rf,raw,2,12651,0,True,42.896326303482056,White women,481,0.19750519750519752,0.23118273897356229,0.13857973812500393,0.7659121898009271,0.0025906735751295338,0.004158004158004158
rf,raw,2,12651,1,True,38.369311571121216,All,5460,0.24065934065934066,0.2578967499236158,0.16242280811402512,0.732649282908982,0.010130246020260492,0.017216117216117217
rf,raw,2,12651,1,True,38.369311571121216,Men,4718,0.2507418397626113,0.26329336445497964,0.1675897661439543,0.7249088633051205,0.011598302687411598,0.019287833827893175
rf,raw,2,12651,1,True,38.369311571121216,Women,742,0.1765498652291105,0.22358242733739672,0.12956875422560765,0.7669944153621269,0.0016366612111292963,0.004043126684636119
rf,raw,2,12651,1,True,38.369311571121216,Black,3107,0.24074670099774703,0.2649395678787462,0.1661149571193121,0.7109023809145995,0.011445527766002543,0.018023817186997103
rf,raw,2,12651,1,True,38.369311571121216,White,2353,0.24054398640034,0.24859711737512866,0.15754753953798317,0.7615641826224341,0.008393956351426972,0.016149596260093498
rf,raw,2,12651,1,True,38.369311571121216,Black men,2846,0.2501756851721715,0.2701974857922779,0.1710869334162311,0.7028632204121605,0.012652296157450796,0.019676739283204497
rf,raw,2,12651,1,True,38.369311571121216,White men,1872,0.2516025641025641,0.25279703468684345,0.16227302572894367,0.7588528666966724,0.009992862241256246,0.018696581196581196
rf,raw,2,12651,1,True,38.369311571121216,Black women,261,0.13793103448275862,0.20760610281395248,0.11189946079352105,0.7682716049382716,0.0,0.0
rf,raw,2,12651,1,True,38.369311571121216,White women,481,0.19750519750519752,0.2322514932430495,0.139156458146137,0.764739569130079,0.0025906735751295338,0.006237006237006237
rf,raw,2,12651,1,True,38.90052509307861,All,5460,0.24065934065934066,0.2578967499236158,0.16242280811402512,0.732649282908982,0.010130246020260492,0.017216117216117217
rf,raw,2,12651,1,True,38.90052509307861,Men,4718,0.2507418397626113,0.26329336445497964,0.1675897661439543,0.7249088633051205,0.011598302687411598,0.019287833827893175
rf,raw,2,12651,1,True,38.90052509307861,Women,742,0.1765498652291105,0.22358242733739672,0.12956875422560765,0.7669944153621269,0.0016366612111292963,0.004043126684636119
rf,raw,2,12651,1,True,38.90052509307861,Black,3107,0.24074670099774703,0.2649395678787462,0.1661149571193121,0.7109023809145995,0.011445527766002543,0.018023817186997103
rf,raw,2,12651,1,True,38.90052509307861,White,2353,0.24054398640034,0.24859711737512866,0.15754753953798317,0.7615641826224341,0.008393956351426972,0.016149596260093498
rf,raw,2,12651,1,True,38.90052509307861,Black men,2846,0.2501756851721715,0.2701974857922779,0.1710869334162311,0.7028632204121605,0.012652296157450796,0.019676739283204497
rf,raw,2,12651,1,True,38.90052509307861,White men,1872,0.2516025641025641,0.25279703468684345,0.16227302572894367,0.7588528666966724,0.009992862241256246,0.018696581196581196
rf,raw,2,12651,1,True,38.90052509307861,Black women,261,0.13793103448275862,0.20760610281395248,0.11189946079352105,0.7682716049382716,0.0,0.0
rf,raw,2,12651,1,True,38.90052509307861,White women,481,0.19750519750519752,0.2322514932430495,0.139156458146137,0.764739569130079,0.0025906735751295338,0.006237006237006237
rf,raw,2,12651,2,True,38.804177045822144,All,5460,0.24065934065934066,0.2579141368356398,0.16192417120194116,0.7354623223425634,0.010371442354076218,0.017216117216117217
rf,raw,2,12651,2,True,38.804177045822144,Men,4718,0.2507418397626113,0.2636555845675213,0.1671799376339014,0.7269294735294083,0.012164073550212163,0.019711742263671048
rf,raw,2,12651,2,True,38.804177045822144,Women,742,0.1765498652291105,0.2214071955970725,0.1285054299270241,0.7738783873264952,0.0,0.0013477088948787063
rf,raw,2,12651,2,True,38.804177045822144,Black,3107,0.24074670099774703,0.26470520070178555,0.1657599604692842,0.7127453625097193,0.01271725307333616,0.018023817186997103
rf,raw,2,12651,2,True,38.804177045822144,White,2353,0.24054398640034,0.24894693095713796,0.15685923399257665,0.7650997289019045,0.007274762171236709,0.016149596260093498
rf,raw,2,12651,2,True,38.804177045822144,Black men,2846,0.2501756851721715,0.2702259836156627,0.17076627400343294,0.7042637658877668,0.014058106841611996,0.019676739283204497
rf,raw,2,12651,2,True,38.804177045822144,White men,1872,0.2516025641025641,0.2536666125103577,0.16172763351654743,0.7612518204315692,0.009279086366880799,0.019764957264957264
rf,raw,2,12651,2,True,38.804177045822144,Black women,261,0.13793103448275862,0.20450539927307182,0.11117004354136349,0.7727160493827161,0.0,0.0
rf,raw,2,12651,2,True,38.804177045822144,White women,481,0.19750519750519752,0.2305784405878504,0.1379119493587443,0.7727297518407418,0.0,0.002079002079002079
rf,raw,2,12651,2,True,39.19928550720215,All,5460,0.24065934065934066,0.2579141368356398,0.16192417120194116,0.7354623223425634,0.010371442354076218,0.017216117216117217
rf,raw,2,12651,2,True,39.19928550720215,Men,4718,0.2507418397626113,0.2636555845675213,0.1671799376339014,0.7269294735294083,0.012164073550212163,0.019711742263671048
rf,raw,2,12651,2,True,39.19928550720215,Women,742,0.1765498652291105,0.2214071955970725,0.1285054299270241,0.7738783873264952,0.0,0.0013477088948787063
rf,raw,2,12651,2,True,39.19928550720215,Black,3107,0.24074670099774703,0.26470520070178555,0.1657599604692842,0.7127453625097193,0.01271725307333616,0.018023817186997103
rf,raw,2,12651,2,True,39.19928550720215,White,2353,0.24054398640034,0.24894693095713796,0.15685923399257665,0.7650997289019045,0.007274762171236709,0.016149596260093498
rf,raw,2,12651,2,True,39.19928550720215,Black men,2846,0.2501756851721715,0.2702259836156627,0.17076627400343294,0.7042637658877668,0.014058106841611996,0.019676739283204497
rf,raw,2,12651,2,True,39.19928550720215,White men,1872,0.2516025641025641,0.2536666125103577,0.16172763351654743,0.7612518204315692,0.009279086366880799,0.019764957264957264
rf,raw,2,12651,2,True,39.19928550720215,Black women,261,0.13793103448275862,0.20450539927307182,0.11117004354136349,0.7727160493827161,0.0,0.0
rf,raw,2,12651,2,True,39.19928550720215,White women,481,0.19750519750519752,0.2305784405878504,0.1379119493587443,0.7727297518407418,0.0,0.002079002079002079
rf,raw,2,12651,3,True,38.702762842178345,All,5460,0.24065934065934066,0.25744933332593734,0.16184446967430471,0.735951690246637,0.010130246020260492,0.01684981684981685
rf,raw,2,12651,3,True,38.702762842178345,Men,4718,0.2507418397626113,0.26315697993434733,0.1670390725203018,0.7282040122862667,0.011881188118811881,0.01907587961000424
rf,raw,2,12651,3,True,38.702762842178345,Women,742,0.1765498652291105,0.2211573162120854,0.1288146364837195,0.7669319473769693,0.0,0.0026954177897574125
rf,raw,2,12651,3,True,38.702762842178345,Black,3107,0.24074670099774703,0.2642957340196726,0.16554711215579274,0.7140947288006111,0.011021619330224672,0.0170582555519794
rf,raw,2,12651,3,True,38.702762842178345,White,2353,0.24054398640034,0.24840905837675104,0.1569553450716769,0.7645134372509745,0.008953553441522105,0.016574585635359115
rf,raw,2,12651,3,True,38.702762842178345,Black men,2846,0.2501756851721715,0.2697425458459524,0.17056959715915673,0.7054780546107433,0.01218369259606373,0.018622628250175684
rf,raw,2,12651,3,True,38.702762842178345,White men,1872,0.2516025641025641,0.2531449497076229,0.1616716189293931,0.7626233006148171,0.011420413990007138,0.019764957264957264
rf,raw,2,12651,3,True,38.702762842178345,Black women,261,0.13793103448275862,0.20490252920131108,0.11078085805780824,0.7720987654320988,0.0,0.0
rf,raw,2,12651,3,True,38.702762842178345,White women,481,0.19750519750519752,0.2299774813052499,0.13860011708488962,0.7616580310880829,0.0,0.004158004158004158
rf,raw,2,12651,3,True,38.96153259277344,All,5460,0.24065934065934066,0.25744933332593734,0.16184446967430471,0.735951690246637,0.010130246020260492,0.01684981684981685
rf,raw,2,12651,3,True,38.96153259277344,Men,4718,0.2507418397626113,0.26315697993434733,0.1670390725203018,0.7282040122862667,0.011881188118811881,0.01907587961000424
rf,raw,2,12651,3,True,38.96153259277344,Women,742,0.1765498652291105,0.2211573162120854,0.1288146364837195,0.7669319473769693,0.0,0.0026954177897574125
rf,raw,2,12651,3,True,38.96153259277344,Black,3107,0.24074670099774703,0.2642957340196726,0.16554711215579274,0.7140947288006111,0.011021619330224672,0.0170582555519794
rf,raw,2,12651,3,True,38.96153259277344,White,2353,0.24054398640034,0.24840905837675104,0.1569553450716769,0.7645134372509745,0.008953553441522105,0.016574585635359115
rf,raw,2,12651,3,True,38.96153259277344,Black men,2846,0.2501756851721715,0.2697425458459524,0.17056959715915673,0.7054780546107433,0.01218369259606373,0.018622628250175684
rf,raw,2,12651,3,True,38.96153259277344,White men,1872,0.2516025641025641,0.2531449497076229,0.1616716189293931,0.7626233006148171,0.011420413990007138,0.019764957264957264
rf,raw,2,12651,3,True,38.96153259277344,Black women,261,0.13793103448275862,0.20490252920131108,0.11078085805780824,0.7720987654320988,0.0,0.0
rf,raw,2,12651,3,True,38.96153259277344,White women,481,0.19750519750519752,0.2299774813052499,0.13860011708488962,0.7616580310880829,0.0,0.004158004158004158
rf,raw,2,12651,4,True,36.0981764793396,All,5460,0.24065934065934066,0.25778438060015535,0.16223771089824818,0.7335250422001804,0.00964785335262904,0.01611721611721612
rf,raw,2,12651,4,True,36.0981764793396,Men,4718,0.2507418397626113,0.2633911907745327,0.16753189572208785,0.7249516667643096,0.011315417256011316,0.01844001695633743
rf,raw,2,12651,4,True,36.0981764793396,Women,742,0.1765498652291105,0.22213353100081215,0.12857468664100358,0.7728539123699104,0.0,0.0013477088948787063
rf,raw,2,12651,4,True,36.0981764793396,Black,3107,0.24074670099774703,0.26495500612365586,0.1658029482944093,0.7123820933822679,0.010173802458668928,0.015127132281943997
rf,raw,2,12651,4,True,36.0981764793396,White,2353,0.24054398640034,0.2483159855718867,0.15753002173978128,0.7613852301960963,0.008953553441522105,0.017424564385890354
rf,raw,2,12651,4,True,36.0981764793396,Black men,2846,0.2501756851721715,0.2703943601654029,0.17090495155753044,0.7032429735791836,0.011246485473289597,0.01651440618411806
rf,raw,2,12651,4,True,36.0981764793396,White men,1872,0.2516025641025641,0.25274427833520774,0.16240384181841816,0.7581648534334742,0.011420413990007138,0.021367521367521368
rf,raw,2,12651,4,True,36.0981764793396,Black women,261,0.13793103448275862,0.20564312258797712,0.11016961003064402,0.7825925925925926,0.0,0.0
rf,raw,2,12651,4,True,36.0981764793396,White women,481,0.19750519750519752,0.23108154887139412,0.13856164089319453,0.7666757567493865,0.0,0.002079002079002079
rf,raw,2,12651,5,True,36.02918767929077,All,5460,0.24065934065934066,0.2583354465010108,0.16194088666112072,0.7349847022051292,0.009165460684997588,0.015934065934065933
rf,raw,2,12651,5,True,36.02918767929077,Men,4718,0.2507418397626113,0.26377301087163696,0.16727227183189702,0.7258345180007677,0.01074964639321075,0.018228062738448497
rf,raw,2,12651,5,True,36.02918767929077,Women,742,0.1765498652291105,0.22376074474816124,0.1280413243488261,0.7788133581539461,0.0,0.0013477088948787063
rf,raw,2,12651,5,True,36.02918767929077,Black,3107,0.24074670099774703,0.26515097861760256,0.1657991251285328,0.712018257532309,0.010173802458668928,0.01544898616028323
rf,raw,2,12651,5,True,36.02918767929077,White,2353,0.24054398640034,0.24933593171722385,0.15684630658536666,0.7649682334726065,0.00783435926133184,0.016574585635359115
rf,raw,2,12651,5,True,36.02918767929077,Black men,2846,0.2501756851721715,0.27046024233020527,0.17091384877062366,0.702542042690311,0.011246485473289597,0.016865776528460996
rf,raw,2,12651,5,True,36.02918767929077,White men,1872,0.2516025641025641,0.253606418600758,0.16173598552440985,0.7610411731990041,0.009992862241256246,0.0202991452991453
rf,raw,2,12651,5,True,36.02918767929077,Black women,261,0.13793103448275862,0.20725762794301525,0.11002708112320478,0.7801234567901234,0.0,0.0
rf,raw,2,12651,5,True,36.02918767929077,White women,481,0.19750519750519752,0.2327156584407665,0.13781620476854994,0.7740387237523861,0.0,0.002079002079002079
rf,raw,2,12651,6,True,40.93349075317383,All,5460,0.24065934065934066,0.25807654538836966,0.1621585455551981,0.7332770541887763,0.008200675349734683,0.014652014652014652
rf,raw,2,12651,6,True,40.93349075317383,Men,4718,0.2507418397626113,0.26363764089785025,0.1673754540887361,0.7251379455056965,0.009618104667609617,0.016744383213225942
rf,raw,2,12651,6,True,40.93349075317383,Women,742,0.1765498652291105,0.22271637205450281,0.12898688186081492,0.7690058844842018,0.0,0.0013477088948787063
rf,raw,2,12651,6,True,40.93349075317383,Black,3107,0.24074670099774703,0.26480397732327077,0.16590004620650597,0.7111914093935389,0.009749894022891056,0.014805278403604764
rf,raw,2,12651,6,True,40.93349075317383,White,2353,0.24054398640034,0.24919336178372134,0.15721811099352637,0.7619922842832313,0.006155567991046447,0.014449638759031025
rf,raw,2,12651,6,True,40.93349075317383,Black men,2846,0.2501756851721715,0.27015491958415555,0.1709146865883921,0.7026789381127386,0.01077788191190253,0.016163035839775124
rf,raw,2,12651,6,True,40.93349075317383,White men,1872,0.2516025641025641,0.2537294276813839,0.16199476194449414,0.7591771725079599,0.007851534618129907,0.017628205128205128
rf,raw,2,12651,6,True,40.93349075317383,Black women,261,0.13793103448275862,0.2064561548156914,0.11121933154425327,0.7740740740740741,0.0,0.0
rf,raw,2,12651,6,True,40.93349075317383,White women,481,0.19750519750519752,0.23153948369552108,0.13862790188705731,0.7643850559040088,0.0,0.002079002079002079
rf,raw,2,12651,7,True,36.52433919906616,All,5460,0.24065934065934066,0.2577804901028671,0.1622024415257723,0.7345076327442561,0.01085383502170767,0.017216117216117217
rf,raw,2,12651,7,True,36.52433919906616,Men,4718,0.2507418397626113,0.26345796994101306,0.16746300538522543,0.7262228577645833,0.01272984441301273,0.019711742263671048
rf,raw,2,12651,7,True,36.52433919906616,Women,742,0.1765498652291105,0.2216802881131459,0.12875319585340053,0.770804962456741,0.0,0.0013477088948787063
rf,raw,2,12651,7,True,36.52433919906616,Black,3107,0.24074670099774703,0.2647474166632557,0.16591746474645183,0.7123622580944976,0.011021619330224672,0.016414547795300934
rf,raw,2,12651,7,True,36.52433919906616,White,2353,0.24054398640034,0.24858106773859698,0.15729696887526176,0.7632034263951863,0.010632344711807499,0.01827454313642159
rf,raw,2,12651,7,True,36.52433919906616,Black men,2846,0.2501756851721715,0.2701488060823873,0.1709959650060552,0.7034331792382296,0.01218369259606373,0.017919887561489812
rf,raw,2,12651,7,True,36.52433919906616,White men,1872,0.2516025641025641,0.2532858974739453,0.1620918498933015,0.7604334786647693,0.013561741613133477,0.022435897435897436
rf,raw,2,12651,7,True,36.52433919906616,Black women,261,0.13793103448275862,0.20584950751824213,0.11054040827583378,0.7803703703703704,0.0,0.0
rf,raw,2,12651,7,True,36.52433919906616,White women,481,0.19750519750519752,0.23027037903886294,0.13863581031856673,0.7647122988819197,0.0,0.002079002079002079
rf,raw,2,12651,8,True,36.99154281616211,All,5460,0.24065934065934066,0.2576483853964186,0.16212338230627443,0.7341911772804067,0.009889049686444766,0.01575091575091575
rf,raw,2,12651,8,True,36.99154281616211,Men,4718,0.2507418397626113,0.2632412978976172,0.16745361723515248,0.725320876490499,0.011598302687411598,0.01801610852055956
rf,raw,2,12651,8,True,36.99154281616211,Women,742,0.1765498652291105,0.22208590402087272,0.12823113379623866,0.7742407016404093,0.0,0.0013477088948787063
rf,raw,2,12651,8,True,36.99154281616211,Black,3107,0.24074670099774703,0.26454479886332455,0.16589497948081428,0.7115473111283899,0.0105977108944468,0.01544898616028323
rf,raw,2,12651,8,True,36.99154281616211,White,2353,0.24054398640034,0.24854207148155377,0.15714320703160584,0.7642168310194752,0.008953553441522105,0.016149596260093498
rf,raw,2,12651,8,True,36.99154281616211,Black men,2846,0.2501756851721715,0.26993917362009245,0.17101512909242358,0.7022419258026811,0.011715089034676664,0.016865776528460996
rf,raw,2,12651,8,True,36.99154281616211,White men,1872,0.2516025641025641,0.2530585231614182,0.16203905380257044,0.7609259991725655,0.011420413990007138,0.019764957264957264
rf,raw,2,12651,8,True,36.99154281616211,Black women,261,0.13793103448275862,0.2057233791017868,0.11006376953966435,0.782962962962963,0.0,0.0
rf,raw,2,12651,8,True,36.99154281616211,White women,481,0.19750519750519752,0.230964529808568,0.13808910067974364,0.7680392691573493,0.0,0.002079002079002079
rf,raw,2,12651,9,True,37.73296403884888,All,5460,0.24065934065934066,0.257914844634031,0.16183652233983756,0.7357971336917871,0.01085383502170767,0.017765567765567765
rf,raw,2,12651,9,True,37.73296403884888,Men,4718,0.2507418397626113,0.26362880869344907,0.1671239197322589,0.7271375126885953,0.01272984441301273,0.020347604917337857
rf,raw,2,12651,9,True,37.73296403884888,Women,742,0.1765498652291105,0.22158265806754285,0.12821665590123385,0.7757024524930972,0.0,0.0013477088948787063
rf,raw,2,12651,9,True,37.73296403884888,Black,3107,0.24074670099774703,0.2652484259553565,0.16576036199164665,0.7123140866813411,0.011445527766002543,0.017701963308657868
rf,raw,2,12651,9,True,37.73296403884888,White,2353,0.24054398640034,0.24823127592797142,0.1566553197056808,0.7664216040069524,0.010072747621712367,0.017849553761155972
rf,raw,2,12651,9,True,37.73296403884888,Black men,2846,0.2501756851721715,0.27066697236672227,0.17078172486668428,0.7036911744574201,0.012652296157450796,0.01932536893886156
rf,raw,2,12651,9,True,37.73296403884888,White men,1872,0.2516025641025641,0.25292869447649635,0.16156296171272122,0.762494487558932,0.01284796573875803,0.0219017094017094
rf,raw,2,12651,9,True,37.73296403884888,Black women,261,0.13793103448275862,0.20616343328582826,0.11100634382169598,0.7722222222222223,0.0,0.0
rf,raw,2,12651,9,True,37.73296403884888,White women,481,0.19750519750519752,0.22994943076614474,0.13755530757017226,0.7749386419416417,0.0,0.002079002079002079
rf,raw,3,500,0,False,3.983959436416626,All,4146,0.19826338639652677,0.2029472570519516,0.15046850970009457,0.6684065749060875,0.0009025270758122744,0.000964785335262904
rf,raw,3,500,0,False,3.983959436416626,Men,3535,0.2065063649222065,0.20585963339373597,0.15585846168781578,0.6597553292799062,0.0010695187165775401,0.0011315417256011315
rf,raw,3,500,0,False,3.983959436416626,Women,611,0.15057283142389524,0.18609742011544123,0.11928441759437533,0.7123439725224093,0.0,0.0
rf,raw,3,500,0,False,3.983959436416626,Black,2359,0.19584569732937684,0.20722543882265967,0.1507918652436747,0.6541668663439881,0.0010542962572482868,0.001271725307333616
rf,raw,3,500,0,False,3.983959436416626,White,1787,0.20145495243424735,0.19729967406532575,0.15004165143075746,0.6872985283812194,0.000700770847932726,0.0005595970900951316
rf,raw,3,500,0,False,3.983959436416626,Black men,2134,0.20290534208059982,0.20998399057855943,0.1553445829092405,0.6474631822335185,0.0011757789535567313,0.0014058106841611997
rf,raw,3,500,0,False,3.983959436416626,White men,1401,0.21199143468950749,0.1995774219501862,0.1566412006696,0.6788019079685745,0.0009057971014492754,0.0007137758743754461
rf,raw,3,500,0,False,3.983959436416626,Black women,225,0.1288888888888889,0.1810621079467037,0.10761186747337509,0.6954609429978889,0.0,0.0
rf,raw,3,500,0,False,3.983959436416626,White women,386,0.16321243523316062,0.18903251140550842,0.12608836520376668,0.7190525332940194,0.0,0.0
rf,raw,3,500,1,False,3.7960169315338135,All,4146,0.19826338639652677,0.19289016848844348,0.15220847720176411,0.6551325463121558,0.0,0.0
rf,raw,3,500,1,False,3.7960169315338135,Men,3535,0.2065063649222065,0.19577936421090578,0.1574207749349229,0.6463785314873147,0.0,0.0
rf,raw,3,500,1,False,3.7960169315338135,Women,611,0.15057283142389524,0.17617444528238071,0.12205222108602524,0.6887827762419367,0.0,0.0
rf,raw,3,500,1,False,3.7960169315338135,Black,2359,0.19584569732937684,0.19543866463691603,0.15156847543900984,0.6436433009970174,0.0,0.0
rf,raw,3,500,1,False,3.7960169315338135,White,1787,0.20145495243424735,0.1895259253914951,0.15305333683149963,0.6700225803939889,0.0,0.0
rf,raw,3,500,1,False,3.7960169315338135,Black men,2134,0.20290534208059982,0.19758231458534584,0.1560849153803718,0.635956569495189,0.0,0.0
rf,raw,3,500,1,False,3.7960169315338135,White men,1401,0.21199143468950749,0.19303311431864667,0.15945555315720136,0.6619394427365441,0.0,0.0
rf,raw,3,500,1,False,3.7960169315338135,Black women,225,0.1288888888888889,0.17510733579269716,0.10873255172849197,0.6972202674173118,0.0,0.0
rf,raw,3,500,1,False,3.7960169315338135,White women,386,0.16321243523316062,0.1767964650626367,0.12981627705868068,0.685439087915868,0.0,0.0
rf,raw,3,500,2,False,3.847191095352173,All,4146,0.19826338639652677,0.17992989466695533,0.15494211609693828,0.6236077806178467,0.0,0.0
rf,raw,3,500,2,False,3.847191095352173,Men,3535,0.2065063649222065,0.18530062212226153,0.16062635402513223,0.6090235147608234,0.0,0.0
rf,raw,3,500,2,False,3.847191095352173,Women,611,0.15057283142389524,0.14885702796563374,0.12205540402465417,0.6880497612465445,0.0,0.0
rf,raw,3,500,2,False,3.847191095352173,Black,2359,0.19584569732937684,0.19225445717276338,0.15350808074466837,0.6173863037331672,0.0,0.0
rf,raw,3,500,2,False,3.847191095352173,White,1787,0.20145495243424735,0.16366036867299838,0.15683517115905615,0.6457603363700071,0.0,0.0
rf,raw,3,500,2,False,3.847191095352173,Black men,2134,0.20290534208059982,0.19628578517711945,0.15821495050719964,0.6069504014076763,0.0,0.0
rf,raw,3,500,2,False,3.847191095352173,White men,1401,0.21199143468950749,0.16856804684812393,0.16429939835580185,0.6279949250963743,0.0,0.0
rf,raw,3,500,2,False,3.847191095352173,Black women,225,0.1288888888888889,0.15401955067811487,0.1088660359747052,0.6747009148486981,0.0,0.0
rf,raw,3,500,2,False,3.847191095352173,White women,386,0.16321243523316062,0.1458477854518818,0.1297435071625778,0.6993464052287581,0.0,0.0
rf,raw,3,500,3,False,4.465785026550293,All,4146,0.19826338639652677,0.1712287721122065,0.15491577123835967,0.6243569586081905,0.0,0.0
rf,raw,3,500,3,False,4.465785026550293,Men,3535,0.2065063649222065,0.17487871319183712,0.1606024253134144,0.612188118086587,0.0,0.0
rf,raw,3,500,3,False,4.465785026550293,Women,611,0.15057283142389524,0.15011168255984272,0.12201508031312491,0.6808452710061155,0.0,0.0
rf,raw,3,500,3,False,4.465785026550293,Black,2359,0.19584569732937684,0.17885700601074936,0.1538864610835646,0.6111152948264177,0.0,0.0
rf,raw,3,500,3,False,4.465785026550293,White,1787,0.20145495243424735,0.16115882036813117,0.156274552802524,0.6463949233045239,0.0,0.0
rf,raw,3,500,3,False,4.465785026550293,Black men,2134,0.20290534208059982,0.18209011378999188,0.15861164051782953,0.6027944436977026,0.0,0.0
rf,raw,3,500,3,False,4.465785026550293,White men,1401,0.21199143468950749,0.16389432427216385,0.16363478416693197,0.6317126579807739,0.0,0.0
rf,raw,3,500,3,False,4.465785026550293,Black women,225,0.1288888888888889,0.14819277489562258,0.10907075924924742,0.6476073187895848,0.0,0.0
rf,raw,3,500,3,False,4.465785026550293,White women,386,0.16321243523316062,0.15123021682007468,0.12956034518196538,0.697577276524645,0.0,0.0
rf,raw,3,500,4,False,3.898944854736328,All,4146,0.19826338639652677,0.19784861367918877,0.15351538751768926,0.6391985149659924,0.0006016847172081829,0.000964785335262904
rf,raw,3,500,4,False,3.898944854736328,Men,3535,0.2065063649222065,0.20247719631642713,0.159420929821156,0.6262984396747491,0.00071301247771836,0.0011315417256011315
rf,raw,3,500,4,False,3.898944854736328,Women,611,0.15057283142389524,0.17106949809385705,0.11934829743134703,0.7071709809834966,0.0,0.0
rf,raw,3,500,4,False,3.898944854736328,Black,2359,0.19584569732937684,0.20434982304158392,0.15367368636943493,0.6256369706554208,0.0005271481286241434,0.001271725307333616
rf,raw,3,500,4,False,3.898944854736328,White,1787,0.20145495243424735,0.18926643523157255,0.15330641886001267,0.659466246204158,0.000700770847932726,0.0005595970900951316
rf,raw,3,500,4,False,3.898944854736328,Black men,2134,0.20290534208059982,0.20876387927066803,0.15869420861726272,0.6151985043440008,0.0005878894767783657,0.0014058106841611997
rf,raw,3,500,4,False,3.898944854736328,White men,1401,0.21199143468950749,0.1929013351998318,0.16052786989903492,0.6459492265651686,0.0009057971014492754,0.0007137758743754461
rf,raw,3,500,4,False,3.898944854736328,Black women,225,0.1288888888888889,0.16248495196218157,0.10605682202781475,0.7005629838142153,0.0,0.0
rf,raw,3,500,4,False,3.898944854736328,White women,386,0.16321243523316062,0.17607344337786476,0.1270959191043905,0.7102560322374564,0.0,0.0
rf,raw,3,500,5,False,4.2779154777526855,All,4146,0.19826338639652677,0.19225406811648138,0.15430908912443636,0.6311185919113664,0.0015042117930204573,0.001447178002894356
rf,raw,3,500,5,False,4.2779154777526855,Men,3535,0.2065063649222065,0.19531515289336687,0.1600516230129574,0.621425536590726,0.0017825311942959,0.0016973125884016972
rf,raw,3,500,5,False,4.2779154777526855,Women,611,0.15057283142389524,0.17454386404726654,0.12108510009674114,0.6835888414174416,0.0,0.0
rf,raw,3,500,5,False,4.2779154777526855,Black,2359,0.19584569732937684,0.1982371238109282,0.15572739108167205,0.6071696709545945,0.0021085925144965737,0.001695633743111488
rf,raw,3,500,5,False,4.2779154777526855,White,1787,0.20145495243424735,0.1843558989037226,0.15243680355246153,0.6638752627890679,0.000700770847932726,0.001119194180190263
rf,raw,3,500,5,False,4.2779154777526855,Black men,2134,0.20290534208059982,0.20186713423120375,0.16063650562516535,0.5990783848109996,0.0023515579071134627,0.0018744142455482662
rf,raw,3,500,5,False,4.2779154777526855,White men,1401,0.21199143468950749,0.1853351898848417,0.15916073115396248,0.6573311618601473,0.0009057971014492754,0.0014275517487508922
rf,raw,3,500,5,False,4.2779154777526855,Black women,225,0.1288888888888889,0.1638084916470703,0.10916716692249562,0.6634412385643913,0.0,0.0
rf,raw,3,500,5,False,4.2779154777526855,White women,386,0.16321243523316062,0.18080152930644822,0.1280320818692936,0.6901076219961668,0.0,0.0
rf,raw,3,500,6,False,4.028208494186401,All,4146,0.19826338639652677,0.20458219960171672,0.1547980327255408,0.6259581572929751,0.0,0.0
rf,raw,3,500,6,False,4.028208494186401,Men,3535,0.2065063649222065,0.20816353040391042,0.16085695243098203,0.6082699680121115,0.0,0.0
rf,raw,3,500,6,False,4.028208494186401,Women,611,0.15057283142389524,0.18386206149082496,0.11974356274397811,0.7133283069447935,0.0,0.0
rf,raw,3,500,6,False,4.028208494186401,Black,2359,0.19584569732937684,0.20688846898620214,0.15357379636982801,0.6253015127553873,0.0,0.0
rf,raw,3,500,6,False,4.028208494186401,White,1787,0.20145495243424735,0.20153771752113406,0.156414134327738,0.6292961146149654,0.0,0.0
rf,raw,3,500,6,False,4.028208494186401,Black men,2134,0.20290534208059982,0.2090001668701381,0.1584735766235143,0.6132719104235655,0.0,0.0
rf,raw,3,500,6,False,4.028208494186401,White men,1401,0.21199143468950749,0.20688916764949947,0.16448730501708916,0.603971478065681,0.0,0.0
rf,raw,3,500,6,False,4.028208494186401,Black women,225,0.1288888888888889,0.18686018772256077,0.10710210276375455,0.720619282195637,0.0,0.0
rf,raw,3,500,6,False,4.028208494186401,White women,386,0.16321243523316062,0.18211444905004626,0.12711228941638825,0.7105508870214752,0.0,0.0
rf,raw,3,500,7,False,4.449274063110352,All,4146,0.19826338639652677,0.21973844199808948,0.1534197321205244,0.6430644490705362,0.0,0.0
rf,raw,3,500,7,False,4.449274063110352,Men,3535,0.2065063649222065,0.22332396520887016,0.15896177637493117,0.6299133152638391,0.0,0.0
rf,raw,3,500,7,False,4.449274063110352,Women,611,0.15057283142389524,0.19899404829905573,0.12135569539494676,0.7096004021110833,0.0,0.0
rf,raw,3,500,7,False,4.449274063110352,Black,2359,0.19584569732937684,0.2246035978054826,0.15355607670265767,0.6291261892210759,0.0,0.0
rf,raw,3,500,7,False,4.449274063110352,White,1787,0.20145495243424735,0.2133160007280054,0.15323974506442345,0.6629778867865764,0.0,0.0
rf,raw,3,500,7,False,4.449274063110352,Black men,2134,0.20290534208059982,0.22739827869886156,0.15825614907610044,0.6181936179370102,0.0,0.0
rf,raw,3,500,7,False,4.449274063110352,White men,1401,0.21199143468950749,0.21711798020698458,0.16003658626479889,0.6494046747669935,0.0,0.0
rf,raw,3,500,7,False,4.449274063110352,Black women,225,0.1288888888888889,0.19809760213227912,0.10897850139187114,0.7227304714989444,0.0,0.0
rf,raw,3,500,7,False,4.449274063110352,White women,386,0.16321243523316062,0.1995165881631095,0.12857038101850118,0.704358936557079,0.0,0.0
rf,raw,3,500,8,False,3.920912265777588,All,4146,0.19826338639652677,0.17547756874095513,0.15133164399421128,0.6625159936874343,0.0009025270758122744,0.00120598166907863
rf,raw,3,500,8,False,3.920912265777588,Men,3535,0.2065063649222065,0.18095219236209334,0.15664919830268745,0.6544680487387982,0.0010695187165775401,0.0014144271570014145
rf,raw,3,500,8,False,3.920912265777588,Women,611,0.15057283142389524,0.1438036006546645,0.12056641571194762,0.6984376308955349,0.0,0.0
rf,raw,3,500,8,False,3.920912265777588,Black,2359,0.19584569732937684,0.1788622297583722,0.15153087240356083,0.6490254605700045,0.0010542962572482868,0.001271725307333616
rf,raw,3,500,8,False,3.920912265777588,White,1787,0.20145495243424735,0.17100951315053164,0.1510686446558478,0.6801195203612864,0.000700770847932726,0.001119194180190263
rf,raw,3,500,8,False,3.920912265777588,Black men,2134,0.20290534208059982,0.18322961574507965,0.1562963448922212,0.6403263669109193,0.0011757789535567313,0.0014058106841611997
rf,raw,3,500,8,False,3.920912265777588,White men,1401,0.21199143468950749,0.17748322626695218,0.15718666381156318,0.6755980700727078,0.0009057971014492754,0.0014275517487508922
rf,raw,3,500,8,False,3.920912265777588,Black women,225,0.1288888888888889,0.13744,0.10633301333333334,0.7246657283603096,0.0,0.0
rf,raw,3,500,8,False,3.920912265777588,White women,386,0.16321243523316062,0.14751295336787565,0.12886308808290156,0.6873802152439923,0.0,0.0
rf,raw,3,500,9,False,4.457473039627075,All,4146,0.19826338639652677,0.20143077665219492,0.1544020472744814,0.6338946129454444,0.0024067388688327317,0.003135552339604438
rf,raw,3,500,9,False,4.457473039627075,Men,3535,0.2065063649222065,0.2068107496463932,0.15964468684582742,0.6271726125070202,0.0024955436720142605,0.0033946251768033945
rf,raw,3,500,9,False,4.457473039627075,Women,611,0.15057283142389524,0.17030441898527007,0.12407024549918165,0.6489067604925861,0.0019267822736030828,0.0016366612111292963
rf,raw,3,500,9,False,4.457473039627075,Black,2359,0.19584569732937684,0.2103450614667232,0.15538079186095802,0.6174462069296017,0.0031628887717448603,0.00423908435777872
rf,raw,3,500,9,False,4.457473039627075,White,1787,0.20145495243424735,0.18966312255176274,0.1531100167879127,0.6576393755353109,0.001401541695865452,0.0016787912702853946
rf,raw,3,500,9,False,4.457473039627075,Black men,2134,0.20290534208059982,0.21545829428303656,0.16026031490159326,0.6082422647729294,0.003527336860670194,0.004686035613870665
rf,raw,3,500,9,False,4.457473039627075,White men,1401,0.21199143468950749,0.19363882940756602,0.15870696359743042,0.6584199482750207,0.0009057971014492754,0.0014275517487508922
rf,raw,3,500,9,False,4.457473039627075,Black women,225,0.1288888888888889,0.16184888888888888,0.10910122666666666,0.6562280084447573,0.0,0.0
rf,raw,3,500,9,False,4.457473039627075,White women,386,0.16321243523316062,0.17523316062176167,0.13279570984455957,0.6412108703130376,0.0030959752321981426,0.0025906735751295338
rf,raw,3,1000,0,False,4.807496547698975,All,4146,0.19826338639652677,0.2056835861742862,0.15055553366708427,0.6669305442099192,0.0,0.0
rf,raw,3,1000,0,False,4.807496547698975,Men,3535,0.2065063649222065,0.20845672114096853,0.1558193164461149,0.6575694088345176,0.0,0.0
rf,raw,3,1000,0,False,4.807496547698975,Women,611,0.15057283142389524,0.18963934377294075,0.12010140580477108,0.7146896205076652,0.0,0.0
rf,raw,3,1000,0,False,4.807496547698975,Black,2359,0.19584569732937684,0.2089747104967103,0.1503654806603,0.6565139306309575,0.0,0.0
rf,raw,3,1000,0,False,4.807496547698975,White,1787,0.20145495243424735,0.20133900739611135,0.150806420652537,0.6808806353655689,0.0,0.0
rf,raw,3,1000,0,False,4.807496547698975,Black men,2134,0.20290534208059982,0.21156020677330978,0.15477015532467192,0.6500088930163346,0.0,0.0
rf,raw,3,1000,0,False,4.807496547698975,White men,1401,0.21199143468950749,0.2037294989144045,0.15741739626992596,0.6696036451471234,0.0,0.0
rf,raw,3,1000,0,False,4.807496547698975,Black women,225,0.1288888888888889,0.1844527146999845,0.1085895885102125,0.6915904292751583,0.0,0.0
rf,raw,3,1000,0,False,4.807496547698975,White women,386,0.16321243523316062,0.1926626379216847,0.12681166199978577,0.7229347879502679,0.0,0.0
rf,raw,3,1000,1,False,6.939995765686035,All,4146,0.19826338639652677,0.19588230183301886,0.1516013819359369,0.6537791216867082,0.0,0.0
rf,raw,3,1000,1,False,6.939995765686035,Men,3535,0.2065063649222065,0.20150458910874441,0.15680655525051093,0.6452792225233803,0.0,0.0
rf,raw,3,1000,1,False,6.939995765686035,Women,611,0.15057283142389524,0.16335401129342825,0.12148634483770537,0.6775152885984753,0.0,0.0
rf,raw,3,1000,1,False,6.939995765686035,Black,2359,0.19584569732937684,0.20359303003953352,0.15197061462564704,0.6362449709840327,0.0,0.0
rf,raw,3,1000,1,False,6.939995765686035,White,1787,0.20145495243424735,0.18570345021624873,0.15111396172607328,0.6796815385813283,0.0,0.0
rf,raw,3,1000,1,False,6.939995765686035,Black men,2134,0.20290534208059982,0.20839405297775185,0.15651779128331142,0.6284185501532178,0.0,0.0
rf,raw,3,1000,1,False,6.939995765686035,White men,1401,0.21199143468950749,0.1910105734795781,0.15724639986578845,0.6736568584394672,0.0,0.0
rf,raw,3,1000,1,False,6.939995765686035,Black women,225,0.1288888888888889,0.1580579947054983,0.10884317023695435,0.6585151301900071,0.0,0.0
rf,raw,3,1000,1,False,6.939995765686035,White women,386,0.16321243523316062,0.16644106759468277,0.12885607096508614,0.6860287974839058,0.0,0.0
rf,raw,3,1000,2,False,4.756299734115601,All,4146,0.19826338639652677,0.19302133025137244,0.15228484084211308,0.6480923959348951,0.0,0.0
rf,raw,3,1000,2,False,4.756299734115601,Men,3535,0.2065063649222065,0.19769069838583805,0.15777029927489217,0.6358698996410519,0.0,0.0
rf,raw,3,1000,2,False,4.756299734115601,Women,611,0.15057283142389524,0.1660062462000861,0.12054818689796547,0.7080087124068024,0.0,0.0
rf,raw,3,1000,2,False,4.756299734115601,Black,2359,0.19584569732937684,0.20314309523431384,0.1517271273330773,0.6348974343175713,0.0,0.0
rf,raw,3,1000,2,False,4.756299734115601,White,1787,0.20145495243424735,0.17965969421625289,0.15302107260921732,0.6715292377170442,0.0,0.0
rf,raw,3,1000,2,False,4.756299734115601,Black men,2134,0.20290534208059982,0.20716746928791321,0.1563352874197919,0.6257031253182138,0.0,0.0
rf,raw,3,1000,2,False,4.756299734115601,White men,1401,0.21199143468950749,0.18325570259352658,0.15995610605489494,0.6584321475625824,0.0,0.0
rf,raw,3,1000,2,False,4.756299734115601,Black women,225,0.1288888888888889,0.16497414309928676,0.10802128899952622,0.691942294159043,0.0,0.0
rf,raw,3,1000,2,False,4.756299734115601,White women,386,0.16321243523316062,0.1666078607018474,0.1278501351548277,0.7153668484937834,0.0,0.0
rf,raw,3,1000,3,False,5.321429252624512,All,4146,0.19826338639652677,0.1804654491263516,0.1529566611178024,0.6443175929097824,0.0,0.0
rf,raw,3,1000,3,False,5.321429252624512,Men,3535,0.2065063649222065,0.18485463575885697,0.15823989589478024,0.6353810465655751,0.0,0.0
rf,raw,3,1000,3,False,5.321429252624512,Women,611,0.15057283142389524,0.15507138243910698,0.12238999182710418,0.6718187149199967,0.0,0.0
rf,raw,3,1000,3,False,5.321429252624512,Black,2359,0.19584569732937684,0.1879469924134602,0.15167270560937973,0.6376153279158023,0.0,0.0
rf,raw,3,1000,3,False,5.321429252624512,White,1787,0.20145495243424735,0.17058914212339182,0.15465159734856299,0.6574223312310208,0.0,0.0
rf,raw,3,1000,3,False,5.321429252624512,Black men,2134,0.20290534208059982,0.19144954014555227,0.15640385434543155,0.6272224055133986,0.0,0.0
rf,raw,3,1000,3,False,5.321429252624512,White men,1401,0.21199143468950749,0.1748092924603504,0.16103655018907728,0.6518994290733421,0.0,0.0
rf,raw,3,1000,3,False,5.321429252624512,Black women,225,0.1288888888888889,0.154727273034418,0.1068003882638927,0.6896551724137931,0.0,0.0
rf,raw,3,1000,3,False,5.321429252624512,White women,386,0.16321243523316062,0.15527196434598525,0.13147719597664456,0.6643078283945156,0.0,0.0
rf,raw,3,1000,4,False,4.963284969329834,All,4146,0.19826338639652677,0.20787658136761394,0.15164729070452643,0.6532821096149511,0.0,0.0
rf,raw,3,1000,4,False,4.963284969329834,Men,3535,0.2065063649222065,0.2121043166792639,0.15724310115571746,0.6398940248577637,0.0,0.0
rf,raw,3,1000,4,False,4.963284969329834,Women,611,0.15057283142389524,0.18341660701952445,0.11927218441162905,0.7259152215799615,0.0,0.0
rf,raw,3,1000,4,False,4.963284969329834,Black,2359,0.19584569732937684,0.21503971746883618,0.15159726836182097,0.642268380012186,0.0,0.0
rf,raw,3,1000,4,False,4.963284969329834,White,1787,0.20145495243424735,0.19842060035878165,0.1517133246756748,0.6704566690025695,0.0,0.0
rf,raw,3,1000,4,False,4.963284969329834,Black men,2134,0.20290534208059982,0.21899968747877277,0.15628210432357956,0.6316811330924752,0.0,0.0
rf,raw,3,1000,4,False,4.963284969329834,White men,1401,0.21199143468950749,0.20160130362704984,0.15870688933543362,0.6558001512711658,0.0,0.0
rf,raw,3,1000,4,False,4.963284969329834,Black women,225,0.1288888888888889,0.1774816019079264,0.10716420195118617,0.7227304714989444,0.0,0.0
rf,raw,3,1000,4,False,4.963284969329834,White women,386,0.16321243523316062,0.1868761307244715,0.1263299462085193,0.7265221878224974,0.0,0.0
rf,raw,3,1000,5,False,5.070377826690674,All,4146,0.19826338639652677,0.19642600873500687,0.15197946610144802,0.6513028450464219,0.00030084235860409147,0.000241196333815726
rf,raw,3,1000,5,False,5.070377826690674,Men,3535,0.2065063649222065,0.19958002671474587,0.15763590056724056,0.6406246184650697,0.00035650623885918,0.0002828854314002829
rf,raw,3,1000,5,False,5.070377826690674,Women,611,0.15057283142389524,0.17817813057072335,0.1192536136684256,0.7080505989779676,0.0,0.0
rf,raw,3,1000,5,False,5.070377826690674,Black,2359,0.19584569732937684,0.20102860515237855,0.15267601705951706,0.6311834361386286,0.0,0.0
rf,raw,3,1000,5,False,5.070377826690674,White,1787,0.20145495243424735,0.19035016936814633,0.15105995647073464,0.6780269407459316,0.000700770847932726,0.0005595970900951316
rf,raw,3,1000,5,False,5.070377826690674,Black men,2134,0.20290534208059982,0.20417152351849063,0.15749552253522706,0.6216381343402129,0.0,0.0
rf,raw,3,1000,5,False,5.070377826690674,White men,1401,0.21199143468950749,0.1925862692706406,0.1578497240649685,0.6696524422973699,0.0009057971014492754,0.0007137758743754461
rf,raw,3,1000,5,False,5.070377826690674,Black women,225,0.1288888888888889,0.17121977051556428,0.10696568512544964,0.7009148486980998,0.0,0.0
rf,raw,3,1000,5,False,5.070377826690674,White women,386,0.16321243523316062,0.18223416946297932,0.12641626631653335,0.7076023391812865,0.0,0.0
rf,raw,3,1000,6,False,5.205693483352661,All,4146,0.19826338639652677,0.2014981836744789,0.15323860714044293,0.6416546622513842,0.0,0.0
rf,raw,3,1000,6,False,5.205693483352661,Men,3535,0.2065063649222065,0.2044221408299207,0.15890780572765834,0.6268165946328719,0.0,0.0
rf,raw,3,1000,6,False,5.205693483352661,Women,611,0.15057283142389524,0.1845813448127983,0.12043890663994142,0.7167211192091816,0.0,0.0
rf,raw,3,1000,6,False,5.205693483352661,Black,2359,0.19584569732937684,0.20664414689161675,0.15215843299680573,0.6393496680792411,0.0,0.0
rf,raw,3,1000,6,False,5.205693483352661,White,1787,0.20145495243424735,0.19470505148129014,0.15466453372401323,0.6479093669703341,0.0,0.0
rf,raw,3,1000,6,False,5.205693483352661,Black men,2134,0.20290534208059982,0.20883567074414344,0.1566889959217441,0.6303532903481581,0.0,0.0
rf,raw,3,1000,6,False,5.205693483352661,White men,1401,0.21199143468950749,0.19769946214544437,0.16228749175608156,0.6260003415800518,0.0,0.0
rf,raw,3,1000,6,False,5.205693483352661,Black women,225,0.1288888888888889,0.18585876066365264,0.10918856063316819,0.6922941590429276,0.0,0.0
rf,raw,3,1000,6,False,5.205693483352661,White women,386,0.16321243523316062,0.18383673712771478,0.126996750814874,0.7310432945107868,0.0,0.0
rf,raw,3,1000,7,False,5.106894254684448,All,4146,0.19826338639652677,0.2025489628557646,0.1516564708152436,0.6610337411906624,0.0018050541516245488,0.002170767004341534
rf,raw,3,1000,7,False,5.106894254684448,Men,3535,0.2065063649222065,0.2055835926449788,0.15693300707213578,0.6534427270285449,0.0017825311942959,0.002263083451202263
rf,raw,3,1000,7,False,5.106894254684448,Women,611,0.15057283142389524,0.18499181669394435,0.1211285564648118,0.6988983831783532,0.0019267822736030828,0.0016366612111292963
rf,raw,3,1000,7,False,5.106894254684448,Black,2359,0.19584569732937684,0.2096116998728275,0.151203755828741,0.6534719892653471,0.0010542962572482868,0.001695633743111488
rf,raw,3,1000,7,False,5.106894254684448,White,1787,0.20145495243424735,0.19322551762730833,0.15225409513150534,0.6721141867164991,0.002803083391730904,0.0027979854504756574
rf,raw,3,1000,7,False,5.106894254684448,Black men,2134,0.20290534208059982,0.21150515463917524,0.1555386579194002,0.6480789048148555,0.0011757789535567313,0.0018744142455482662
rf,raw,3,1000,7,False,5.106894254684448,White men,1401,0.21199143468950749,0.19656388294075658,0.15905687651677372,0.6628955618991851,0.002717391304347826,0.0028551034975017845
rf,raw,3,1000,7,False,5.106894254684448,Black women,225,0.1288888888888889,0.19165333333333334,0.11008961777777779,0.7026741731175229,0.0,0.0
rf,raw,3,1000,7,False,5.106894254684448,White women,386,0.16321243523316062,0.18110880829015544,0.12756317098445596,0.7024423804609563,0.0030959752321981426,0.0025906735751295338
rf,raw,3,1000,8,False,5.059446096420288,All,4146,0.19826338639652677,0.20259141341051615,0.1508825991316932,0.6635025150713969,0.0024067388688327317,0.003376748673420164
rf,raw,3,1000,8,False,5.059446096420288,Men,3535,0.2065063649222065,0.21045261669024043,0.15646383818953322,0.6517297878055333,0.00285204991087344,0.0039603960396039604
rf,raw,3,1000,8,False,5.059446096420288,Women,611,0.15057283142389524,0.15710965630114565,0.11859179705400981,0.713213118874089,0.0,0.0
rf,raw,3,1000,8,False,5.059446096420288,Black,2359,0.19584569732937684,0.2085036032217041,0.15184208562950402,0.6451328938150236,0.002635740643120717,0.002967359050445104
rf,raw,3,1000,8,False,5.059446096420288,White,1787,0.20145495243424735,0.19478679350867376,0.14961599104644657,0.6882367826831737,0.002102312543798178,0.00391717963066592
rf,raw,3,1000,8,False,5.059446096420288,Black men,2134,0.20290534208059982,0.21443580131208997,0.15675621180880972,0.6341616736792512,0.0029394473838918285,0.0032802249297094657
rf,raw,3,1000,8,False,5.059446096420288,White men,1401,0.21199143468950749,0.20438543897216277,0.1560184953604568,0.6782392158297956,0.002717391304347826,0.004996431120628123
rf,raw,3,1000,8,False,5.059446096420288,Black women,225,0.1288888888888889,0.15224000000000001,0.10523432888888891,0.7119985925404645,0.0,0.0
rf,raw,3,1000,8,False,5.059446096420288,White women,386,0.16321243523316062,0.1599481865284974,0.12637788601036268,0.7137451471816796,0.0,0.0
rf,raw,3,1000,9,False,5.074024677276611,All,4146,0.19826338639652677,0.19416841725050546,0.15206765555243032,0.6538281641149963,0.0,0.0
rf,raw,3,1000,9,False,5.074024677276611,Men,3535,0.2065063649222065,0.19862862364204525,0.15726705066404914,0.6461866041559837,0.0,0.0
rf,raw,3,1000,9,False,5.074024677276611,Women,611,0.15057283142389524,0.16836345883136752,0.12198604881008583,0.6728239926279636,0.0,0.0
rf,raw,3,1000,9,False,5.074024677276611,Black,2359,0.19584569732937684,0.199871315559034,0.15177489902367147,0.6425593383948681,0.0,0.0
rf,raw,3,1000,9,False,5.074024677276611,White,1787,0.20145495243424735,0.18664008087119993,0.15245412038250422,0.6700654052791404,0.0,0.0
rf,raw,3,1000,9,False,5.074024677276611,Black men,2134,0.20290534208059982,0.20381479647272546,0.15625800492520944,0.6352315510642429,0.0,0.0
rf,raw,3,1000,9,False,5.074024677276611,White men,1401,0.21199143468950749,0.19072905703200138,0.15880402682870567,0.6647696774508369,0.0,0.0
rf,raw,3,1000,9,False,5.074024677276611,Black women,225,0.1288888888888889,0.16246958991540064,0.10925513016197362,0.6637931034482758,0.0,0.0
rf,raw,3,1000,9,False,5.074024677276611,White women,386,0.16321243523316062,0.1717990041839389,0.12940692107906318,0.6748243156911887,0.0,0.0
rf,raw,3,2000,0,False,7.024817228317261,All,4146,0.19826338639652677,0.1922139117645794,0.15051653873184304,0.6766907194158241,0.0,0.0
rf,raw,3,2000,0,False,7.024817228317261,Men,3535,0.2065063649222065,0.19463495421650898,0.15573926538185404,0.667753278148121,0.0,0.0
rf,raw,3,2000,0,False,7.024817228317261,Women,611,0.15057283142389524,0.1782067348945775,0.12029994510207408,0.719150540336768,0.0,0.0
rf,raw,3,2000,0,False,7.024817228317261,Black,2359,0.19584569732937684,0.19574344538289884,0.14985754932852072,0.6677232449504458,0.0,0.0
rf,raw,3,2000,0,False,7.024817228317261,White,1787,0.20145495243424735,0.18755461136971902,0.1513864637471969,0.689463131667056,0.0,0.0
rf,raw,3,2000,0,False,7.024817228317261,Black men,2134,0.20290534208059982,0.1982184914872678,0.1543446699367246,0.660117061964637,0.0,0.0
rf,raw,3,2000,0,False,7.024817228317261,White men,1401,0.21199143468950749,0.18917651843078506,0.1578635099785037,0.6811563704679646,0.0,0.0
rf,raw,3,2000,0,False,7.024817228317261,Black women,225,0.1288888888888889,0.17226900810857276,0.10729970320448941,0.7114707952146376,0.0,0.0
rf,raw,3,2000,0,False,7.024817228317261,White women,386,0.16321243523316062,0.1816678450677668,0.12787780631180606,0.7191508182220256,0.0,0.0
rf,raw,3,2000,1,False,7.194905042648315,All,4146,0.19826338639652677,0.1950540084754634,0.1500614686940723,0.6709893541331786,0.0,0.0
rf,raw,3,2000,1,False,7.194905042648315,Men,3535,0.2065063649222065,0.19879531809836887,0.15524640618194754,0.662548287060777,0.0,0.0
rf,raw,3,2000,1,False,7.194905042648315,Women,611,0.15057283142389524,0.17340829731839144,0.12006350794179911,0.7097679483957443,0.0,0.0
rf,raw,3,2000,1,False,7.194905042648315,Black,2359,0.19584569732937684,0.20265790279928053,0.14972431008591197,0.6609342160211954,0.0,0.0
rf,raw,3,2000,1,False,7.194905042648315,White,1787,0.20145495243424735,0.18501618714928275,0.15050654824452014,0.6865451997196916,0.0,0.0
rf,raw,3,2000,1,False,7.194905042648315,Black men,2134,0.20290534208059982,0.20624702409224444,0.15417824645703354,0.6536109040599675,0.0,0.0
rf,raw,3,2000,1,False,7.194905042648315,White men,1401,0.21199143468950749,0.187444896548811,0.1568734246351713,0.6790885912262723,0.0,0.0
rf,raw,3,2000,1,False,7.194905042648315,Black women,225,0.1288888888888889,0.16861708129179168,0.10748119801491894,0.6951090781140042,0.0,0.0
rf,raw,3,2000,1,False,7.194905042648315,White women,386,0.16321243523316062,0.17620110458778251,0.12739775595617225,0.7138925745736892,0.0,0.0
rf,raw,3,2000,2,False,6.909314870834351,All,4146,0.19826338639652677,0.1958162448614913,0.1511703785068412,0.6605144038343859,0.0,0.0
rf,raw,3,2000,2,False,6.909314870834351,Men,3535,0.2065063649222065,0.20009429461707978,0.15641944114460832,0.650873440285205,0.0,0.0
rf,raw,3,2000,2,False,6.909314870834351,Women,611,0.15057283142389524,0.17106517139830735,0.12080141545527544,0.7031289268660468,0.0,0.0
rf,raw,3,2000,2,False,6.909314870834351,Black,2359,0.19584569732937684,0.2021919698119017,0.15087123725723836,0.6485713372903674,0.0,0.0
rf,raw,3,2000,2,False,6.909314870834351,White,1787,0.20145495243424735,0.18739971707300881,0.15156527174008866,0.678462975940201,0.0,0.0
rf,raw,3,2000,2,False,6.909314870834351,Black men,2134,0.20290534208059982,0.20591323821195037,0.1554299409558025,0.6395124183166268,0.0,0.0
rf,raw,3,2000,2,False,6.909314870834351,White men,1401,0.21199143468950749,0.19123089302432192,0.1579266455720969,0.6709394671351193,0.0,0.0
rf,raw,3,2000,2,False,6.909314870834351,Black women,225,0.1288888888888889,0.16689780640877372,0.10763446528952322,0.7047853624208305,0.0,0.0
rf,raw,3,2000,2,False,6.909314870834351,White women,386,0.16321243523316062,0.17349433492847588,0.12847645117365433,0.7015086736448966,0.0,0.0
rf,raw,3,2000,3,False,8.203717708587646,All,4146,0.19826338639652677,0.20111143270622286,0.15250143753014955,0.6517405670183081,0.0,0.000241196333815726
rf,raw,3,2000,3,False,8.203717708587646,Men,3535,0.2065063649222065,0.20706817538896743,0.15802930353606787,0.6404763997753522,0.0,0.0002828854314002829
rf,raw,3,2000,3,False,8.203717708587646,Women,611,0.15057283142389524,0.1666481178396072,0.12051943044189853,0.6948877439892771,0.0,0.0
rf,raw,3,2000,3,False,8.203717708587646,Black,2359,0.19584569732937684,0.2093107248834252,0.15229192708774905,0.6407006277854986,0.0,0.000423908435777872
rf,raw,3,2000,3,False,8.203717708587646,White,1787,0.20145495243424735,0.1902876329043089,0.1527780100727476,0.6676253601183525,0.0,0.0
rf,raw,3,2000,3,False,8.203717708587646,Black men,2134,0.20290534208059982,0.21397750702905344,0.15723475913776944,0.6290159436169187,0.0,0.00046860356138706655
rf,raw,3,2000,3,False,8.203717708587646,White men,1401,0.21199143468950749,0.19654389721627405,0.15923955174875087,0.6597023983799346,0.0,0.0
rf,raw,3,2000,3,False,8.203717708587646,Black women,225,0.1288888888888889,0.16504888888888886,0.10541191111111109,0.7209711470795215,0.0,0.0
rf,raw,3,2000,3,False,8.203717708587646,White women,386,0.16321243523316062,0.16758031088082903,0.12932562694300517,0.68406309892378,0.0,0.0
rf,raw,3,2000,4,False,7.06691312789917,All,4146,0.19826338639652677,0.2020120579732163,0.14981915483658703,0.6732797087318946,0.0,0.0
rf,raw,3,2000,4,False,7.06691312789917,Men,3535,0.2065063649222065,0.20558938773145785,0.1552539112881146,0.6610973555050913,0.0,0.0
rf,raw,3,2000,4,False,7.06691312789917,Women,611,0.15057283142389524,0.18131506829173696,0.11837584214239694,0.7434238083270502,0.0,0.0
rf,raw,3,2000,4,False,7.06691312789917,Black,2359,0.19584569732937684,0.20589843839733069,0.1488880668314748,0.6702311921078394,0.0,0.0
rf,raw,3,2000,4,False,7.06691312789917,White,1787,0.20145495243424735,0.19688168784423712,0.15104827436879723,0.6787121389083548,0.0,0.0
rf,raw,3,2000,4,False,7.06691312789917,Black men,2134,0.20290534208059982,0.20951981666072453,0.15348466272995187,0.6603899621605549,0.0,0.0
rf,raw,3,2000,4,False,7.06691312789917,White men,1401,0.21199143468950749,0.19960256736382398,0.15794882665079796,0.6644555457961255,0.0,0.0
rf,raw,3,2000,4,False,7.06691312789917,Black women,225,0.1288888888888889,0.1715516774458535,0.10529190839880787,0.7531667839549614,0.0,0.0
rf,raw,3,2000,4,False,7.06691312789917,White women,386,0.16321243523316062,0.18700616399205766,0.12600248745925588,0.7334512752469409,0.0,0.0
rf,raw,3,2000,5,False,7.34456467628479,All,4146,0.19826338639652677,0.20258113022104404,0.15035944096165696,0.6666307998161275,0.00030084235860409147,0.000241196333815726
rf,raw,3,2000,5,False,7.34456467628479,Men,3535,0.2065063649222065,0.2078928847025813,0.1557732761737949,0.6556144848973213,0.00035650623885918,0.0002828854314002829
rf,raw,3,2000,5,False,7.34456467628479,Women,611,0.15057283142389524,0.17184945740233024,0.1190371701352942,0.7098098349669096,0.0,0.0
rf,raw,3,2000,5,False,7.34456467628479,Black,2359,0.19584569732937684,0.20619068011666042,0.15084887941792474,0.6479084085831581,0.0,0.0
rf,raw,3,2000,5,False,7.34456467628479,White,1787,0.20145495243424735,0.19781620117585158,0.1497133383772498,0.692122167717823,0.000700770847932726,0.0005595970900951316
rf,raw,3,2000,5,False,7.34456467628479,Black men,2134,0.20290534208059982,0.21043164903394695,0.1555444635652307,0.6376917259647565,0.0,0.0
rf,raw,3,2000,5,False,7.34456467628479,White men,1401,0.21199143468950749,0.20402584467179308,0.15612180301653306,0.6825470892499877,0.0009057971014492754,0.0007137758743754461
rf,raw,3,2000,5,False,7.34456467628479,Black women,225,0.1288888888888889,0.16596744603004052,0.10631387243858753,0.7107670654468684,0.0,0.0
rf,raw,3,2000,5,False,7.34456467628479,White women,386,0.16321243523316062,0.17527809097426075,0.12645360013985116,0.7100594623814438,0.0,0.0
rf,raw,3,2000,6,False,7.41435170173645,All,4146,0.19826338639652677,0.19798410096954874,0.15090156269148697,0.6650339929905926,0.0,0.0
rf,raw,3,2000,6,False,7.41435170173645,Men,3535,0.2065063649222065,0.20154241621800814,0.15656914076803263,0.652286279393451,0.0,0.0
rf,raw,3,2000,6,False,7.41435170173645,Women,611,0.15057283142389524,0.1773971215860725,0.11811123781327271,0.7257686185808829,0.0,0.0
rf,raw,3,2000,6,False,7.41435170173645,Black,2359,0.19584569732937684,0.20237982838001484,0.149769989756711,0.6627758114315836,0.0,0.0
rf,raw,3,2000,6,False,7.41435170173645,White,1787,0.20145495243424735,0.19218134721393068,0.15239534028137874,0.6690298216927508,0.0,0.0
rf,raw,3,2000,6,False,7.41435170173645,Black men,2134,0.20290534208059982,0.20531004686406595,0.15426642162348536,0.6551600539283373,0.0,0.0
rf,raw,3,2000,6,False,7.41435170173645,White men,1401,0.21199143468950749,0.1958035698235133,0.16007663730940588,0.6499780412823891,0.0,0.0
rf,raw,3,2000,6,False,7.41435170173645,Black women,225,0.1288888888888889,0.17458833395794784,0.10712383151805988,0.7056650246305419,0.0,0.0
rf,raw,3,2000,6,False,7.41435170173645,White women,386,0.16321243523316062,0.1790343682604975,0.12451581402162216,0.7350238340950415,0.0,0.0
rf,raw,3,2000,7,False,7.034268856048584,All,4146,0.19826338639652677,0.19680032461399635,0.15019944909919328,0.6707953803496506,0.0,0.0
rf,raw,3,2000,7,False,7.034268856048584,Men,3535,0.2065063649222065,0.20068826468225945,0.15552226188771343,0.660974287597978,0.0,0.0
rf,raw,3,2000,7,False,7.034268856048584,Women,611,0.15057283142389524,0.17430626873623845,0.1194037973685569,0.715988104213789,0.0,0.0
rf,raw,3,2000,7,False,7.034268856048584,Black,2359,0.19584569732937684,0.2016883625580512,0.1495658265285907,0.6641062328990638,0.0,0.0
rf,raw,3,2000,7,False,7.034268856048584,White,1787,0.20145495243424735,0.1903476768747544,0.15103588762412412,0.6805516623841782,0.0,0.0
rf,raw,3,2000,7,False,7.034268856048584,Black men,2134,0.20290534208059982,0.2045203710301812,0.15412545999761607,0.6556773423594056,0.0,0.0
rf,raw,3,2000,7,False,7.034268856048584,White men,1401,0.21199143468950749,0.19485120904595324,0.15764986733629863,0.6703722002635046,0.0,0.0
rf,raw,3,2000,7,False,7.034268856048584,Black women,225,0.1288888888888889,0.17482833553793803,0.10632023620459033,0.724313863476425,0.0,0.0
rf,raw,3,2000,7,False,7.034268856048584,White women,386,0.16321243523316062,0.17400195518602504,0.12703022550817472,0.7111897390535161,0.0,0.0
rf,raw,3,2000,8,False,8.459678888320923,All,4146,0.19826338639652677,0.1953785771491596,0.14915553903564593,0.6825677590684573,0.0,0.0
rf,raw,3,2000,8,False,8.459678888320923,Men,3535,0.2065063649222065,0.20145580367670782,0.1543964131883138,0.6727834346690109,0.0,0.0
rf,raw,3,2000,8,False,8.459678888320923,Women,611,0.15057283142389524,0.16021819126555423,0.11883395126202762,0.7270252157158416,0.0,0.0
rf,raw,3,2000,8,False,8.459678888320923,Black,2359,0.19584569732937684,0.2012637165417655,0.14919273221600285,0.6675372597881823,0.0,0.0
rf,raw,3,2000,8,False,8.459678888320923,White,1787,0.20145495243424735,0.18760966622181924,0.14910644070746354,0.7047808144514521,0.0,0.0
rf,raw,3,2000,8,False,8.459678888320923,Black men,2134,0.20290534208059982,0.2063203100780913,0.15378494446001575,0.65872404902428,0.0,0.0
rf,raw,3,2000,8,False,8.459678888320923,White men,1401,0.21199143468950749,0.19404619863705597,0.15532780095861207,0.695960205923974,0.0,0.0
rf,raw,3,2000,8,False,8.459678888320923,Black women,225,0.1288888888888889,0.1533047360683467,0.10563815031056474,0.7102392681210415,0.0,0.0
rf,raw,3,2000,8,False,8.459678888320923,White women,386,0.16321243523316062,0.16424805504630993,0.12652580414824302,0.7337952724949629,0.0,0.0
rf,raw,3,2000,9,False,7.2924628257751465,All,4146,0.19826338639652677,0.19468602162692622,0.1498875057107961,0.674467340670666,0.0,0.0
rf,raw,3,2000,9,False,7.2924628257751465,Men,3535,0.2065063649222065,0.1988953340536974,0.15520415850114275,0.6643547481259005,0.0,0.0
rf,raw,3,2000,9,False,7.2924628257751465,Women,611,0.15057283142389524,0.1703326346733483,0.11912749324946162,0.71686772220826,0.0,0.0
rf,raw,3,2000,9,False,7.2924628257751465,Black,2359,0.19584569732937684,0.20054659536740863,0.14942592416934225,0.6645991506297253,0.0,0.0
rf,raw,3,2000,9,False,7.2924628257751465,White,1787,0.20145495243424735,0.18694953955988758,0.15049683467346514,0.6894787043525655,0.0,0.0
rf,raw,3,2000,9,False,7.2924628257751465,Black men,2134,0.20290534208059982,0.2041580111094843,0.1539521181297578,0.6558470564115932,0.0,0.0
rf,raw,3,2000,9,False,7.2924628257751465,White men,1401,0.21199143468950749,0.19087923638271284,0.15711126353507238,0.6798052993705168,0.0,0.0
rf,raw,3,2000,9,False,7.2924628257751465,Black women,225,0.1288888888888889,0.16629432339589967,0.10649748900700119,0.7158691062631949,0.0,0.0
rf,raw,3,2000,9,False,7.2924628257751465,White women,386,0.16321243523316062,0.1726865725941409,0.12648954235452273,0.7155142758857929,0.0,0.0
rf,raw,3,4000,0,False,13.810904026031494,All,4146,0.19826338639652677,0.19880219615712416,0.14904442858969819,0.6834197797628981,0.00030084235860409147,0.000241196333815726
rf,raw,3,4000,0,False,13.810904026031494,Men,3535,0.2065063649222065,0.20354123245527536,0.15450806553740562,0.6721817693453471,0.00035650623885918,0.0002828854314002829
rf,raw,3,4000,0,False,13.810904026031494,Women,611,0.15057283142389524,0.17138404016045547,0.11743402497243821,0.731674625115188,0.0,0.0
rf,raw,3,4000,0,False,13.810904026031494,Black,2359,0.19584569732937684,0.20814155698186873,0.14887494615457617,0.670243743253759,0.0,0.0
rf,raw,3,4000,0,False,13.810904026031494,White,1787,0.20145495243424735,0.18647340366379883,0.14926816057875966,0.7065989254846998,0.000700770847932726,0.0005595970900951316
rf,raw,3,4000,0,False,13.810904026031494,Black men,2134,0.20290534208059982,0.21228430417977603,0.15355583676914525,0.6604021815723125,0.0,0.0
rf,raw,3,4000,0,False,13.810904026031494,White men,1401,0.21199143468950749,0.1902238055744157,0.15595849822225052,0.6965793197677255,0.0009057971014492754,0.0007137758743754461
rf,raw,3,4000,0,False,13.810904026031494,Black women,225,0.1288888888888889,0.16884990133593886,0.10447929917017436,0.7229064039408866,0.0,0.0
rf,raw,3,4000,0,False,13.810904026031494,White women,386,0.16321243523316062,0.1728611936203421,0.1249853547794573,0.7358592559830949,0.0,0.0
rf,raw,3,4000,1,False,13.533859491348267,All,4146,0.19826338639652677,0.19409997195820333,0.14922119962103567,0.680830778735203,0.0,0.0
rf,raw,3,4000,1,False,13.533859491348267,Men,3535,0.2065063649222065,0.19911972182213622,0.15457203150495916,0.6706019095060192,0.0,0.0
rf,raw,3,4000,1,False,13.533859491348267,Women,611,0.15057283142389524,0.165057720290441,0.1182634406854061,0.7274231381419117,0.0,0.0
rf,raw,3,4000,1,False,13.533859491348267,Black,2359,0.19584569732937684,0.20175419345724388,0.14936867937246984,0.6671527383177357,0.0,0.0
rf,raw,3,4000,1,False,13.533859491348267,White,1787,0.20145495243424735,0.18399571425465738,0.14902651314446416,0.6999630148719146,0.0,0.0
rf,raw,3,4000,1,False,13.533859491348267,Black men,2134,0.20290534208059982,0.20617330903502312,0.1540964839553953,0.6569766731429549,0.0,0.0
rf,raw,3,4000,1,False,13.533859491348267,White men,1401,0.21199143468950749,0.18837571389044414,0.1552963844462649,0.6926054018445323,0.0,0.0
rf,raw,3,4000,1,False,13.533859491348267,Black women,225,0.1288888888888889,0.15984133726621746,0.10452807946152366,0.7359254046446164,0.0,0.0
rf,raw,3,4000,1,False,13.533859491348267,White women,386,0.16321243523316062,0.16809835806362833,0.12626980409310964,0.720281094894098,0.0,0.0
rf,raw,3,4000,2,False,11.668678283691406,All,4146,0.19826338639652677,0.20426850500512997,0.14964131276212472,0.6754009767494971,0.0,0.0
rf,raw,3,4000,2,False,11.668678283691406,Men,3535,0.2065063649222065,0.2086297640011723,0.15465396291091807,0.6678001611603546,0.0,0.0
rf,raw,3,4000,2,False,11.668678283691406,Women,611,0.15057283142389524,0.17903601637827296,0.1206401371876822,0.7021864790148279,0.0,0.0
rf,raw,3,4000,2,False,11.668678283691406,Black,2359,0.19584569732937684,0.21126337356596783,0.1498104025709159,0.6617454764529092,0.0,0.0
rf,raw,3,4000,2,False,11.668678283691406,White,1787,0.20145495243424735,0.1950346522155293,0.14941809907497405,0.6948142957252977,0.0,0.0
rf,raw,3,4000,2,False,11.668678283691406,Black men,2134,0.20290534208059982,0.21507738650244032,0.15418545658657923,0.6541091845171907,0.0,0.0
rf,raw,3,4000,2,False,11.668678283691406,White men,1401,0.21199143468950749,0.19880876013414447,0.15536759067404377,0.6897690674864587,0.0,0.0
rf,raw,3,4000,2,False,11.668678283691406,Black women,225,0.1288888888888889,0.17508957975960168,0.10831544581791351,0.7010907811400422,0.0,0.0
rf,raw,3,4000,2,False,11.668678283691406,White women,386,0.16321243523316062,0.18133640041765386,0.12782421894467172,0.7029829475649909,0.0,0.0
rf,raw,3,4000,3,False,14.11921763420105,All,4146,0.19826338639652677,0.18836325731505282,0.1498527769409357,0.6792068887776285,0.0,0.0
rf,raw,3,4000,3,False,14.11921763420105,Men,3535,0.2065063649222065,0.19206895638065166,0.15517245476597813,0.6685581031914634,0.0,0.0
rf,raw,3,4000,3,False,14.11921763420105,Women,611,0.15057283142389524,0.16692357450508238,0.11907526284678667,0.723716176593784,0.0,0.0
rf,raw,3,4000,3,False,14.11921763420105,Black,2359,0.19584569732937684,0.1933085681546903,0.14924022452887098,0.668285764490298,0.0,0.0
rf,raw,3,4000,3,False,14.11921763420105,White,1787,0.20145495243424735,0.18183500422568247,0.1506614009700687,0.6944074593163592,0.0,0.0
rf,raw,3,4000,3,False,14.11921763420105,Black men,2134,0.20290534208059982,0.19652265620295462,0.15395871245352452,0.6572264922277752,0.0,0.0
rf,raw,3,4000,3,False,14.11921763420105,White men,1401,0.21199143468950749,0.18528509098393897,0.15702122428401957,0.6869327331283852,0.0,0.0
rf,raw,3,4000,3,False,14.11921763420105,Black women,225,0.1288888888888889,0.16282472862137423,0.10448798794571262,0.7448979591836734,0.0,0.0
rf,raw,3,4000,3,False,14.11921763420105,White women,386,0.16321243523316062,0.16931279814195888,0.12757820806114328,0.7119268760135633,0.0,0.0
rf,raw,3,4000,4,False,12.121939420700073,All,4146,0.19826338639652677,0.2058582970304795,0.14944556737995518,0.6754964996881779,0.0,0.0
rf,raw,3,4000,4,False,12.121939420700073,Men,3535,0.2065063649222065,0.21142036613148915,0.15488267363129768,0.6632876712328767,0.0,0.0
rf,raw,3,4000,4,False,12.121939420700073,Women,611,0.15057283142389524,0.17367840460483439,0.1179886596901096,0.7310672698332914,0.0,0.0
rf,raw,3,4000,4,False,12.121939420700073,Black,2359,0.19584569732937684,0.21234004003621987,0.14857625253741735,0.6707663273293216,0.0,0.0
rf,raw,3,4000,4,False,12.121939420700073,White,1787,0.20145495243424735,0.19730181591657828,0.15059314080667416,0.6850463287393911,0.0,0.0
rf,raw,3,4000,4,False,12.121939420700073,Black men,2134,0.20290534208059982,0.2169836135491176,0.15328989088538233,0.6595766924224712,0.0,0.0
rf,raw,3,4000,4,False,12.121939420700073,White men,1401,0.21199143468950749,0.20294644037187523,0.15730879667182826,0.6723972819987313,0.0,0.0
rf,raw,3,4000,4,False,12.121939420700073,Black women,225,0.1288888888888889,0.16829832502944742,0.10387001149494048,0.7438423645320197,0.0,0.0
rf,raw,3,4000,4,False,12.121939420700073,White women,386,0.16321243523316062,0.17681446135214543,0.126218441669159,0.7200353825740822,0.0,0.0
rf,raw,3,4000,5,False,11.296767473220825,All,4146,0.19826338639652677,0.18785903126598483,0.1493062968228238,0.684980353749623,0.0,0.0
rf,raw,3,4000,5,False,11.296767473220825,Men,3535,0.2065063649222065,0.19278389323134532,0.15466811526788632,0.673832930432447,0.0,0.0
rf,raw,3,4000,5,False,11.296767473220825,Women,611,0.15057283142389524,0.15936576277572387,0.11828497406783872,0.7312767026891178,0.0,0.0
rf,raw,3,4000,5,False,11.296767473220825,Black,2359,0.19584569732937684,0.19291924341184913,0.14950429540783433,0.6656637160063623,0.0,0.0
rf,raw,3,4000,5,False,11.296767473220825,White,1787,0.20145495243424735,0.18117909816464517,0.14904492096270078,0.7103499961068286,0.0,0.0
rf,raw,3,4000,5,False,11.296767473220825,Black men,2134,0.20290534208059982,0.19702982998788032,0.15421525453945323,0.6551749887649297,0.0,0.0
rf,raw,3,4000,5,False,11.296767473220825,White men,1401,0.21199143468950749,0.18631649206186243,0.15535791169506405,0.7014163372859025,0.0,0.0
rf,raw,3,4000,5,False,11.296767473220825,Black women,225,0.1288888888888889,0.15393261339740225,0.10482346524394642,0.7271287825475018,0.0,0.0
rf,raw,3,4000,5,False,11.296767473220825,White women,386,0.16321243523316062,0.1625327539936574,0.12613170848591068,0.7322227136468622,0.0,0.0
rf,raw,3,4000,6,False,11.675722122192383,All,4146,0.19826338639652677,0.19222451344124397,0.14909299990507188,0.6866873230446711,0.0,0.0
rf,raw,3,4000,6,False,11.675722122192383,Men,3535,0.2065063649222065,0.19628167840632024,0.1544758141657572,0.6757775987107172,0.0,0.0
rf,raw,3,4000,6,False,11.675722122192383,Women,611,0.15057283142389524,0.16875139044362605,0.11795020381420016,0.7339993298148614,0.0,0.0
rf,raw,3,4000,6,False,11.675722122192383,Black,2359,0.19584569732937684,0.19690973559640615,0.14857635690308585,0.676610597274804,0.0,0.0
rf,raw,3,4000,6,False,11.675722122192383,White,1787,0.20145495243424735,0.18603960070256037,0.14977501492560077,0.7006306937631395,0.0,0.0
rf,raw,3,4000,6,False,11.675722122192383,Black men,2134,0.20290534208059982,0.20022529657931704,0.15302126910396086,0.6686747233321522,0.0,0.0
rf,raw,3,4000,6,False,11.675722122192383,White men,1401,0.21199143468950749,0.19027476821276187,0.1566913738815841,0.6875975943004928,0.0,0.0
rf,raw,3,4000,6,False,11.675722122192383,Black women,225,0.1288888888888889,0.16546348165181993,0.10641883407345355,0.7223786066150598,0.0,0.0
rf,raw,3,4000,6,False,11.675722122192383,White women,386,0.16321243523316062,0.17066791758910893,0.12467185716049028,0.7391518010713056,0.0,0.0
rf,raw,3,4000,7,False,11.421401739120483,All,4146,0.19826338639652677,0.18822127121733223,0.14935666432607417,0.6821699298180892,0.0,0.0
rf,raw,3,4000,7,False,11.421401739120483,Men,3535,0.2065063649222065,0.19328331582874075,0.15457508941203402,0.6727272727272727,0.0,0.0
rf,raw,3,4000,7,False,11.421401739120483,Women,611,0.15057283142389524,0.15893431916933035,0.11916495781401541,0.7234439138812097,0.0,0.0
rf,raw,3,4000,7,False,11.421401739120483,Black,2359,0.19584569732937684,0.19510751216380226,0.1485373475387834,0.6747039641082867,0.0,0.0
rf,raw,3,4000,7,False,11.421401739120483,White,1787,0.20145495243424735,0.17913081660472854,0.1504382358432644,0.6952075060344156,0.0,0.0
rf,raw,3,4000,7,False,11.421401739120483,Black men,2134,0.20290534208059982,0.19904666346759065,0.153121064343247,0.6656660326149678,0.0,0.0
rf,raw,3,4000,7,False,11.421401739120483,White men,1401,0.21199143468950749,0.18450459786920784,0.15678985707569665,0.6861733274776753,0.0,0.0
rf,raw,3,4000,7,False,11.421401739120483,Black women,225,0.1288888888888889,0.15774685046476053,0.10506334015778189,0.7295918367346939,0.0,0.0
rf,raw,3,4000,7,False,11.421401739120483,White women,386,0.16321243523316062,0.1596264965230304,0.12738481266544685,0.7228365030222615,0.0,0.0
rf,raw,3,4000,8,False,11.339832067489624,All,4146,0.19826338639652677,0.19883679957432798,0.14888706255640863,0.6865383658184523,0.0,0.0
rf,raw,3,4000,8,False,11.339832067489624,Men,3535,0.2065063649222065,0.20525543843285268,0.15405149608166036,0.677497619222035,0.0,0.0
rf,raw,3,4000,8,False,11.339832067489624,Women,611,0.15057283142389524,0.16170113940266725,0.11900772947659717,0.7207631733266315,0.0,0.0
rf,raw,3,4000,8,False,11.339832067489624,Black,2359,0.19584569732937684,0.20577676300413755,0.14815598942310246,0.6792851323689489,0.0,0.0
rf,raw,3,4000,8,False,11.339832067489624,White,1787,0.20145495243424735,0.18967542647364483,0.14985214454939647,0.6992291520672741,0.0,0.0
rf,raw,3,4000,8,False,11.339832067489624,Black men,2134,0.20290534208059982,0.21082550551485088,0.1527478780126214,0.6697188041812111,0.0,0.0
rf,raw,3,4000,8,False,11.339832067489624,White men,1401,0.21199143468950749,0.19677112497604737,0.1560371641468489,0.6926084516664227,0.0,0.0
rf,raw,3,4000,8,False,11.339832067489624,Black women,225,0.1288888888888889,0.15789224514697248,0.1046044772007317,0.7417311752287122,0.0,0.0
rf,raw,3,4000,8,False,11.339832067489624,White women,386,0.16321243523316062,0.16392134978487277,0.1274034076166742,0.7089291857093714,0.0,0.0
rf,raw,3,4000,9,False,13.969431400299072,All,4146,0.19826338639652677,0.19019777389257847,0.14896598251600823,0.6840661150491449,0.0,0.0
rf,raw,3,4000,9,False,13.969431400299072,Men,3535,0.2065063649222065,0.19450218597002006,0.15417328575404357,0.6751236783630015,0.0,0.0
rf,raw,3,4000,9,False,13.969431400299072,Women,611,0.15057283142389524,0.1652941786491152,0.11883862253817713,0.7171399849208344,0.0,0.0
rf,raw,3,4000,9,False,13.969431400299072,Black,2359,0.19584569732937684,0.19751461851776442,0.1480815467438397,0.678897187858706,0.0,0.0
rf,raw,3,4000,9,False,13.969431400299072,White,1787,0.20145495243424735,0.1805388838697392,0.15013351692370025,0.6934400062290742,0.0,0.0
rf,raw,3,4000,9,False,13.969431400299072,Black men,2134,0.20290534208059982,0.20113342781572296,0.1526180720054326,0.6699930620895466,0.0,0.0
rf,raw,3,4000,9,False,13.969431400299072,White men,1401,0.21199143468950749,0.18440149353695082,0.15654218378369078,0.6864112135851267,0.0,0.0
rf,raw,3,4000,9,False,13.969431400299072,Black women,225,0.1288888888888889,0.16319222277623793,0.10505512492944293,0.7324067558057705,0.0,0.0
rf,raw,3,4000,9,False,13.969431400299072,White women,386,0.16321243523316062,0.16651941199470427,0.1268730447194341,0.7088309007813651,0.0,0.0
rf,raw,3,8000,0,False,27.898850917816162,All,4146,0.19826338639652677,0.1950736250931916,0.14856413980651065,0.6883434199700768,0.0,0.0
rf,raw,3,8000,0,False,27.898850917816162,Men,3535,0.2065063649222065,0.20106982645222324,0.15380856727942868,0.6778663345786634,0.0,0.0
rf,raw,3,8000,0,False,27.898850917816162,Women,611,0.15057283142389524,0.16038201821237874,0.11822199395255764,0.7286169054201224,0.0,0.0
rf,raw,3,8000,0,False,27.898850917816162,Black,2359,0.19584569732937684,0.2029660774651768,0.14792275986640951,0.6803611078782402,0.0,0.0
rf,raw,3,8000,0,False,27.898850917816162,White,1787,0.20145495243424735,0.18465488130723015,0.14941081875373988,0.7024488047963872,0.0,0.0
rf,raw,3,8000,0,False,27.898850917816162,Black men,2134,0.20290534208059982,0.20765873873841117,0.15242555374603486,0.671246230650901,0.0,0.0
rf,raw,3,8000,0,False,27.898850917816162,White men,1401,0.21199143468950749,0.19103361030752286,0.15591517033457677,0.6915715122236861,0.0,0.0
rf,raw,3,8000,0,False,27.898850917816162,Black women,225,0.1288888888888889,0.1584587923225895,0.10521626147031841,0.7269528501055594,0.0,0.0
rf,raw,3,8000,0,False,27.898850917816162,White women,386,0.16321243523316062,0.16150306957300714,0.12580305563261934,0.7303061575507396,0.0,0.0
rf,raw,3,8000,1,False,21.5547354221344,All,4146,0.19826338639652677,0.19232870377021516,0.14842073158026467,0.6917299094398623,0.0,0.0
rf,raw,3,8000,1,False,21.5547354221344,Men,3535,0.2065063649222065,0.19795105640284105,0.1535878291398719,0.6817229506995823,0.0,0.0
rf,raw,3,8000,1,False,21.5547354221344,Women,611,0.15057283142389524,0.1598000351019132,0.11852598547026232,0.7318840579710145,0.0,0.0
rf,raw,3,8000,1,False,21.5547354221344,Black,2359,0.19584569732937684,0.19939091840896242,0.14768664137745327,0.6833711008724188,0.0,0.0
rf,raw,3,8000,1,False,21.5547354221344,White,1787,0.20145495243424735,0.18300594812790694,0.14938979637513444,0.706016896363778,0.0,0.0
rf,raw,3,8000,1,False,21.5547354221344,Black men,2134,0.20290534208059982,0.20408807523930397,0.15221665508563986,0.6737281289500946,0.0,0.0
rf,raw,3,8000,1,False,21.5547354221344,White men,1401,0.21199143468950749,0.18860316332859983,0.1556763983274031,0.6969818962572586,0.0,0.0
rf,raw,3,8000,1,False,21.5547354221344,Black women,225,0.1288888888888889,0.1548409954047452,0.10472197802958584,0.7383884588318085,0.0,0.0
rf,raw,3,8000,1,False,21.5547354221344,White women,386,0.16321243523316062,0.16269066704974433,0.126572362864439,0.7269153275345226,0.0,0.0
rf,raw,3,8000,2,False,24.2515549659729,All,4146,0.19826338639652677,0.19662887083826094,0.14862266656403642,0.6863176748911551,0.0,0.0
rf,raw,3,8000,2,False,24.2515549659729,Men,3535,0.2065063649222065,0.20245163526090576,0.1536889872808226,0.6779078455790785,0.0,0.0
rf,raw,3,8000,2,False,24.2515549659729,Women,611,0.15057283142389524,0.16294070024243507,0.1193109746919592,0.7212448688950324,0.0,0.0
rf,raw,3,8000,2,False,24.2515549659729,Black,2359,0.19584569732937684,0.2044046626325472,0.14793863469457738,0.6787728174127752,0.0,0.0
rf,raw,3,8000,2,False,24.2515549659729,White,1787,0.20145495243424735,0.1863641294601292,0.14952564987688127,0.6995659113914194,0.0,0.0
rf,raw,3,8000,2,False,24.2515549659729,Black men,2134,0.20290534208059982,0.20911314765603622,0.15232688181656742,0.6711308250954133,0.0,0.0
rf,raw,3,8000,2,False,24.2515549659729,White men,1401,0.21199143468950749,0.19230483479608895,0.15576374321281442,0.6914586688137414,0.0,0.0
rf,raw,3,8000,2,False,24.2515549659729,Black women,225,0.1288888888888889,0.15974729800976686,0.10631854865756965,0.7202674173117523,0.0,0.0
rf,raw,3,8000,2,False,24.2515549659729,White women,386,0.16321243523316062,0.16480213936769506,0.12688428002288574,0.720969089390142,0.0,0.0
rf,raw,3,8000,3,False,28.200324058532715,All,4146,0.19826338639652677,0.19458448318362193,0.14842814765519244,0.6906341405570634,0.00030084235860409147,0.000241196333815726
rf,raw,3,8000,3,False,28.200324058532715,Men,3535,0.2065063649222065,0.19987613197376985,0.1536254583561361,0.6806421995946572,0.00035650623885918,0.0002828854314002829
rf,raw,3,8000,3,False,28.200324058532715,Women,611,0.15057283142389524,0.16396913380036013,0.11835860047379175,0.7300619921253246,0.0,0.0
rf,raw,3,8000,3,False,28.200324058532715,Black,2359,0.19584569732937684,0.20189057394579316,0.1480124807406587,0.6805048755496831,0.0,0.0
rf,raw,3,8000,3,False,28.200324058532715,White,1787,0.20145495243424735,0.18493978922281498,0.14897686519933626,0.706682628669314,0.000700770847932726,0.0005595970900951316
rf,raw,3,8000,3,False,28.200324058532715,Black men,2134,0.20290534208059982,0.20625612621197156,0.15262741297909566,0.6701804264031619,0.0,0.0
rf,raw,3,8000,3,False,28.200324058532715,White men,1401,0.21199143468950749,0.1901581393225761,0.15514567879482583,0.699696237739716,0.0009057971014492754,0.0007137758743754461
rf,raw,3,8000,3,False,28.200324058532715,Black women,225,0.1288888888888889,0.16048573600790578,0.10424241231032814,0.7468332160450387,0.0,0.0
rf,raw,3,8000,3,False,28.200324058532715,White women,386,0.16321243523316062,0.1659996117881897,0.12658694849653607,0.7188559634380067,0.0,0.0
rf,raw,3,8000,4,False,24.873491048812866,All,4146,0.19826338639652677,0.19318497984799196,0.14838365812227583,0.6907552826747009,0.0,0.0
rf,raw,3,8000,4,False,24.873491048812866,Men,3535,0.2065063649222065,0.19937176542778723,0.15362584242752558,0.6800839987302518,0.0,0.0
rf,raw,3,8000,4,False,24.873491048812866,Women,611,0.15057283142389524,0.15739072939860363,0.11805449033331003,0.7389838317835302,0.0,0.0
rf,raw,3,8000,4,False,24.873491048812866,Black,2359,0.19584569732937684,0.19974062134430723,0.147964921443399,0.6781247218780165,0.0,0.0
rf,raw,3,8000,4,False,24.873491048812866,White,1787,0.20145495243424735,0.18453094610999102,0.14893642803020551,0.7098847621272288,0.0,0.0
rf,raw,3,8000,4,False,24.873491048812866,Black men,2134,0.20290534208059982,0.20469552017000678,0.15247423040792757,0.66890417673071,0.0,0.0
rf,raw,3,8000,4,False,24.873491048812866,White men,1401,0.21199143468950749,0.19126263436433505,0.1553799752254002,0.6994095544820182,0.0,0.0
rf,raw,3,8000,4,False,24.873491048812866,Black women,225,0.1288888888888889,0.1527461587041167,0.10519663108649265,0.7382125263898662,0.0,0.0
rf,raw,3,8000,4,False,24.873491048812866,White women,386,0.16321243523316062,0.16009805687596002,0.12554935647458956,0.7396923681753403,0.0,0.0
rf,raw,3,8000,5,False,20.551371335983276,All,4146,0.19826338639652677,0.18840980797357426,0.14897559512548353,0.6857028145961979,0.0,0.0
rf,raw,3,8000,5,False,20.551371335983276,Men,3535,0.2065063649222065,0.19374405646623188,0.1543333399204475,0.6743916196615634,0.0,0.0
rf,raw,3,8000,5,False,20.551371335983276,Women,611,0.15057283142389524,0.15754799386302648,0.11797784086984091,0.7352349836642371,0.0,0.0
rf,raw,3,8000,5,False,20.551371335983276,Black,2359,0.19584569732937684,0.19528044311105264,0.14825535617372348,0.6767840312911478,0.0,0.0
rf,raw,3,8000,5,False,20.551371335983276,White,1787,0.20145495243424735,0.17933995442611397,0.14992637502878622,0.7006501596200265,0.0,0.0
rf,raw,3,8000,5,False,20.551371335983276,Black men,2134,0.20290534208059982,0.1996778201675753,0.15284061931750573,0.6670237450324698,0.0,0.0
rf,raw,3,8000,5,False,20.551371335983276,White men,1401,0.21199143468950749,0.1847057611495532,0.15660704853335092,0.6891438539989265,0.0,0.0
rf,raw,3,8000,5,False,20.551371335983276,Black women,225,0.1288888888888889,0.1535737647171889,0.10476668262336192,0.7369809992962703,0.0,0.0
rf,raw,3,8000,5,False,20.551371335983276,White women,386,0.16321243523316062,0.15986457820969344,0.12567864554719263,0.7320261437908497,0.0,0.0
rf,raw,3,8000,6,False,20.55475640296936,All,4146,0.19826338639652677,0.1919606955856333,0.14830738081771935,0.6916395103369727,0.0,0.0
rf,raw,3,8000,6,False,20.55475640296936,Men,3535,0.2065063649222065,0.19682413483728986,0.1535062900432911,0.6818538324420678,0.0,0.0
rf,raw,3,8000,6,False,20.55475640296936,Women,611,0.15057283142389524,0.16382279418693288,0.1182285852164161,0.7302085951244032,0.0,0.0
rf,raw,3,8000,6,False,20.55475640296936,Black,2359,0.19584569732937684,0.19835056816433957,0.14758907177433891,0.6837065587724522,0.0,0.0
rf,raw,3,8000,6,False,20.55475640296936,White,1787,0.20145495243424735,0.18352549166108484,0.14925561306916552,0.704736042980612,0.0,0.0
rf,raw,3,8000,6,False,20.55475640296936,Black men,2134,0.20290534208059982,0.20246229527737908,0.15210949210273475,0.6743309532634655,0.0,0.0
rf,raw,3,8000,6,False,20.55475640296936,White men,1401,0.21199143468950749,0.1882361017329712,0.15563388947594445,0.6963048357975894,0.0,0.0
rf,raw,3,8000,6,False,20.55475640296936,Black women,225,0.1288888888888889,0.15935312079000002,0.10471539630413165,0.7394440534834623,0.0,0.0
rf,raw,3,8000,6,False,20.55475640296936,White women,386,0.16321243523316062,0.16642817375768396,0.1261054440383435,0.7234753550543024,0.0,0.0
rf,raw,3,8000,7,False,21.009517431259155,All,4146,0.19826338639652677,0.19571867756628739,0.1482232123256877,0.6928018890850587,0.00030084235860409147,0.000241196333815726
rf,raw,3,8000,7,False,21.009517431259155,Men,3535,0.2065063649222065,0.20113233174421288,0.1532946150865714,0.6842018899714307,0.00035650623885918,0.0002828854314002829
rf,raw,3,8000,7,False,21.009517431259155,Women,611,0.15057283142389524,0.16439745413099013,0.11888211779258813,0.7245748513026724,0.0,0.0
rf,raw,3,8000,7,False,21.009517431259155,Black,2359,0.19584569732937684,0.2031410676154022,0.14761228881478697,0.684433384222525,0.0005271481286241434,0.000423908435777872
rf,raw,3,8000,7,False,21.009517431259155,White,1787,0.20145495243424735,0.1859204581337961,0.14902968605943975,0.7072880168185004,0.0,0.0
rf,raw,3,8000,7,False,21.009517431259155,Black men,2134,0.20290534208059982,0.2078267338022635,0.15209461838860708,0.6753886112366996,0.0005878894767783657,0.00046860356138706655
rf,raw,3,8000,7,False,21.009517431259155,White men,1401,0.21199143468950749,0.19093543381995873,0.15512244731601893,0.7011327038500952,0.0,0.0
rf,raw,3,8000,7,False,21.009517431259155,Black women,225,0.1288888888888889,0.15870012698090458,0.10509988299020026,0.7364532019704434,0.0,0.0
rf,raw,3,8000,7,False,21.009517431259155,White women,386,0.16321243523316062,0.16771843498272396,0.12691580388206292,0.7172342621259029,0.0,0.0
rf,raw,3,8000,8,False,21.68176817893982,All,4146,0.19826338639652677,0.19520439468431006,0.14821916360560608,0.6935587528290893,0.0,0.0
rf,raw,3,8000,8,False,21.68176817893982,Men,3535,0.2065063649222065,0.20130167641863267,0.15339981893168902,0.6832637413620491,0.0,0.0
rf,raw,3,8000,8,False,21.68176817893982,Women,611,0.15057283142389524,0.15992797744890827,0.1182459777173845,0.7358632822317166,0.0,0.0
rf,raw,3,8000,8,False,21.68176817893982,Black,2359,0.19584569732937684,0.2015434652228007,0.14742791531449098,0.6854340528562985,0.0,0.0
rf,raw,3,8000,8,False,21.68176817893982,White,1787,0.20145495243424735,0.18683625400143403,0.14926368219471653,0.7068636611383633,0.0,0.0
rf,raw,3,8000,8,False,21.68176817893982,Black men,2134,0.20290534208059982,0.2065276821394615,0.15202434117545555,0.674994874635624,0.0,0.0
rf,raw,3,8000,8,False,21.68176817893982,White men,1401,0.21199143468950749,0.19334143644129598,0.15549494350827886,0.6982567218074464,0.0,0.0
rf,raw,3,8000,8,False,21.68176817893982,Black women,225,0.1288888888888889,0.1542709367776713,0.10383336959316504,0.7471850809289234,0.0,0.0
rf,raw,3,8000,8,False,21.68176817893982,White women,386,0.16321243523316062,0.1632254752494998,0.12664710939600984,0.7256867659344439,0.0,0.0
rf,raw,3,8000,9,False,21.005990028381348,All,4146,0.19826338639652677,0.19213817318454435,0.14850693130483678,0.6905064106505515,0.0,0.0
rf,raw,3,8000,9,False,21.005990028381348,Men,3535,0.2065063649222065,0.19737078905920158,0.15372247928692603,0.6803399018386931,0.0,0.0
rf,raw,3,8000,9,False,21.005990028381348,Women,611,0.15057283142389524,0.16186436448255834,0.11833187055739738,0.7338736701013655,0.0,0.0
rf,raw,3,8000,9,False,21.005990028381348,Black,2359,0.19584569732937684,0.19972348878057647,0.1478822540821786,0.6810673950895353,0.0,0.0
rf,raw,3,8000,9,False,21.005990028381348,White,1787,0.20145495243424735,0.18212487744249628,0.1493315611695546,0.7063848010589426,0.0,0.0
rf,raw,3,8000,9,False,21.005990028381348,Black men,2134,0.20290534208059982,0.20408297186540303,0.15230372532739495,0.6731633205844137,0.0,0.0
rf,raw,3,8000,9,False,21.005990028381348,White men,1401,0.21199143468950749,0.18714680753997687,0.15588352207753225,0.6955606792563315,0.0,0.0
rf,raw,3,8000,9,False,21.005990028381348,Black women,225,0.1288888888888889,0.15837621365604385,0.10594705569421548,0.7222026741731176,0.0,0.0
rf,raw,3,8000,9,False,21.005990028381348,White women,386,0.16321243523316062,0.16389761302132974,0.1255509983921537,0.7389060887512899,0.0,0.0
rf,raw,3,9398,0,True,24.5326087474823,All,4146,0.19826338639652677,0.19226527431094134,0.1483986190324859,0.6918056690119195,0.0,0.0
rf,raw,3,9398,0,True,24.5326087474823,Men,3535,0.2065063649222065,0.19774462241864815,0.15360261795959884,0.6814396991673382,0.0,0.0
rf,raw,3,9398,0,True,24.5326087474823,Women,611,0.15057283142389524,0.16056397224753122,0.11829037646727454,0.733852726815783,0.0,0.0
rf,raw,3,9398,0,True,24.5326087474823,Black,2359,0.19584569732937684,0.19930242881242854,0.14774984644165431,0.6830002715611572,0.0,0.0
rf,raw,3,9398,0,True,24.5326087474823,White,1787,0.20145495243424735,0.1829756002935892,0.14925505694058425,0.7063575488593008,0.0,0.0
rf,raw,3,9398,0,True,24.5326087474823,Black men,2134,0.20290534208059982,0.20385752769638255,0.1523227993756071,0.6728890626760783,0.0,0.0
rf,raw,3,9398,0,True,24.5326087474823,White men,1401,0.21199143468950749,0.18843345906198491,0.1555520347035234,0.6976559068950374,0.0,0.0
rf,raw,3,9398,0,True,24.5326087474823,Black women,225,0.1288888888888889,0.15609984650861583,0.10437792839251994,0.7429627023223082,0.0,0.0
rf,raw,3,9398,0,True,24.5326087474823,White women,386,0.16321243523316062,0.1631661180798005,0.12639996407561596,0.7260307631824658,0.0,0.0
rf,raw,3,9398,1,True,24.523746013641357,All,4146,0.19826338639652677,0.1948805510892455,0.14854193231736437,0.6882771760930605,0.00030084235860409147,0.000241196333815726
rf,raw,3,9398,1,True,24.523746013641357,Men,3535,0.2065063649222065,0.2005365359507296,0.15374422888757402,0.6782199106292579,0.00035650623885918,0.0002828854314002829
rf,raw,3,9398,1,True,24.523746013641357,Women,611,0.15057283142389524,0.16215729988573316,0.11844353890379453,0.7279676635670603,0.0,0.0
rf,raw,3,9398,1,True,24.523746013641357,Black,2359,0.19584569732937684,0.2024644734084978,0.14787799633883755,0.6796377054679639,0.0005271481286241434,0.000423908435777872
rf,raw,3,9398,1,True,24.523746013641357,White,1787,0.20145495243424735,0.18486909459729473,0.14941838725488235,0.7031670949155182,0.0,0.0
rf,raw,3,9398,1,True,24.523746013641357,Black men,2134,0.20290534208059982,0.20720736509383983,0.15235909264780645,0.670548366468305,0.0005878894767783657,0.00046860356138706655
rf,raw,3,9398,1,True,24.523746013641357,White men,1401,0.21199143468950749,0.19037554423667016,0.15585406524422207,0.6939747718733226,0.0,0.0
rf,raw,3,9398,1,True,24.523746013641357,Black women,225,0.1288888888888889,0.15748078071285387,0.105377287346217,0.7283603096410978,0.0,0.0
rf,raw,3,9398,1,True,24.523746013641357,White women,386,0.16321243523316062,0.16488325018080524,0.12605987724694206,0.724703916654381,0.0,0.0
rf,raw,3,9398,2,True,37.47465777397156,All,4146,0.19826338639652677,0.19431807625544187,0.14830898662524344,0.6905232461110085,0.0006016847172081829,0.000482392667631452
rf,raw,3,9398,2,True,37.47465777397156,Men,3535,0.2065063649222065,0.20036195289707562,0.15349223635997192,0.6803931335921667,0.00071301247771836,0.0005657708628005657
rf,raw,3,9398,2,True,37.47465777397156,Women,611,0.15057283142389524,0.1593506393844512,0.11832079053315654,0.730271424981151,0.0,0.0
rf,raw,3,9398,2,True,37.47465777397156,Black,2359,0.19584569732937684,0.20187686949084255,0.14755560157152003,0.6838183780724635,0.0005271481286241434,0.000423908435777872
rf,raw,3,9398,2,True,37.47465777397156,White,1787,0.20145495243424735,0.18433979240412113,0.14930352235089178,0.7027660982636454,0.000700770847932726,0.0005595970900951316
rf,raw,3,9398,2,True,37.47465777397156,Black men,2134,0.20290534208059982,0.20683954482039268,0.1521265695891926,0.6736873975775695,0.0005878894767783657,0.00046860356138706655
rf,raw,3,9398,2,True,37.47465777397156,White men,1401,0.21199143468950749,0.19049529967483528,0.15557241686592702,0.6942828038842532,0.0009057971014492754,0.0007137758743754461
rf,raw,3,9398,2,True,37.47465777397156,Black women,225,0.1288888888888889,0.154808651031909,0.10420250935057256,0.742786769880366,0.0,0.0
rf,raw,3,9398,2,True,37.47465777397156,White women,386,0.16321243523316062,0.16199817145523354,0.12655035857999958,0.721657083886186,0.0,0.0
rf,raw,3,9398,3,True,25.539618730545044,All,4146,0.19826338639652677,0.1948964409825366,0.1483515860138947,0.690170067429679,0.00030084235860409147,0.000241196333815726
rf,raw,3,9398,3,True,25.539618730545044,Men,3535,0.2065063649222065,0.20074381643393077,0.1535517605279638,0.6801933924254634,0.00035650623885918,0.0002828854314002829
rf,raw,3,9398,3,True,25.539618730545044,Women,611,0.15057283142389524,0.16106588088322657,0.11826546996277457,0.730564630979308,0.0,0.0
rf,raw,3,9398,3,True,25.539618730545044,Black,2359,0.19584569732937684,0.20233910104856054,0.14778582930038256,0.6816207865232642,0.0005271481286241434,0.000423908435777872
rf,raw,3,9398,3,True,25.539618730545044,White,1787,0.20145495243424735,0.18507146331283855,0.14909843553106036,0.7050552830335591,0.0,0.0
rf,raw,3,9398,3,True,25.539618730545044,Black men,2134,0.20290534208059982,0.20717815329360598,0.15226227273366114,0.6729447288851959,0.0005878894767783657,0.00046860356138706655
rf,raw,3,9398,3,True,25.539618730545044,White men,1401,0.21199143468950749,0.19094304922583175,0.15551590539094873,0.6951062557946616,0.0,0.0
rf,raw,3,9398,3,True,25.539618730545044,Black women,225,0.1288888888888889,0.15644337886666285,0.10532925024875346,0.730295566502463,0.0,0.0
rf,raw,3,9398,3,True,25.539618730545044,White women,386,0.16321243523316062,0.16376034449391785,0.125806012542191,0.7286353137746326,0.0,0.0
rf,raw,3,9398,4,True,28.66951584815979,All,4146,0.19826338639652677,0.19276423146453397,0.1482415676239201,0.6929318149211955,0.0,0.0
rf,raw,3,9398,4,True,28.66951584815979,Men,3535,0.2065063649222065,0.19836652710472788,0.1533943719736108,0.682971699265011,0.0,0.0
rf,raw,3,9398,4,True,28.66951584815979,Women,611,0.15057283142389524,0.16035160447912403,0.11842951627178175,0.732910278964564,0.0,0.0
rf,raw,3,9398,4,True,28.66951584815979,Black,2359,0.19584569732937684,0.20000341668997307,0.1474488446524937,0.6863674017074122,0.0,0.0
rf,raw,3,9398,4,True,28.66951584815979,White,1787,0.20145495243424735,0.18320785880263651,0.14928803292307788,0.7050280308339173,0.0,0.0
rf,raw,3,9398,4,True,28.66951584815979,Black men,2134,0.20290534208059982,0.20461065650494878,0.15194974518046564,0.6769241839808944,0.0,0.0
rf,raw,3,9398,4,True,28.66951584815979,White men,1401,0.21199143468950749,0.18885548346442005,0.15559482420528226,0.69592970770507,0.0,0.0
rf,raw,3,9398,4,True,28.66951584815979,Black women,225,0.1288888888888889,0.15630630662260378,0.10476030364497303,0.738036593947924,0.0,0.0
rf,raw,3,9398,4,True,28.66951584815979,White women,386,0.16321243523316062,0.16270961488771746,0.12639732155942934,0.7278490343505823,0.0,0.0
rf,raw,3,9398,5,True,24.52610468864441,All,4146,0.19826338639652677,0.19250849600201328,0.14814666929961318,0.6935550929463812,0.0,0.0
rf,raw,3,9398,5,True,24.52610468864441,Men,3535,0.2065063649222065,0.19804080448083183,0.15331752181587116,0.683616829047933,0.0,0.0
rf,raw,3,9398,5,True,24.52610468864441,Women,611,0.15057283142389524,0.160500786554184,0.11823019852224491,0.7330149953924772,0.0,0.0
rf,raw,3,9398,5,True,24.52610468864441,Black,2359,0.19584569732937684,0.19963085825751492,0.1474730623242294,0.6848258927858295,0.0,0.0
rf,raw,3,9398,5,True,24.52610468864441,White,1787,0.20145495243424735,0.18310634012024027,0.14903589081888027,0.7087888343844896,0.0,0.0
rf,raw,3,9398,5,True,24.52610468864441,Black men,2134,0.20290534208059982,0.20425758236624578,0.1519561770571231,0.6757470473149201,0.0,0.0
rf,raw,3,9398,5,True,24.52610468864441,White men,1401,0.21199143468950749,0.18857142260540483,0.15539111904297204,0.6994339530571414,0.0,0.0
rf,raw,3,9398,5,True,24.52610468864441,Black women,225,0.1288888888888889,0.15574895048848564,0.1049532097020284,0.7318789584799437,0.0,0.0
rf,raw,3,9398,5,True,24.52610468864441,White women,386,0.16321243523316062,0.16327063918315332,0.12596937594335555,0.7319278588628434,0.0,0.0
rf,raw,3,9398,6,True,27.542837619781494,All,4146,0.19826338639652677,0.19127195922667165,0.14866797926350225,0.6919202233406825,0.0,0.0
rf,raw,3,9398,6,True,27.542837619781494,Men,3535,0.2065063649222065,0.19633234413099343,0.15381240394740403,0.6821634556686933,0.0,0.0
rf,raw,3,9398,6,True,27.542837619781494,Women,611,0.15057283142389524,0.16199460957564446,0.11890440928380847,0.7306065175504732,0.0,0.0
rf,raw,3,9398,6,True,27.542837619781494,Black,2359,0.19584569732937684,0.19757205012109696,0.14791846043053522,0.6826648136611236,0.0,0.0
rf,raw,3,9398,6,True,27.542837619781494,White,1787,0.20145495243424735,0.1829552751640251,0.14965741123158793,0.7075391263723428,0.0,0.0
rf,raw,3,9398,6,True,27.542837619781494,Black men,2134,0.20290534208059982,0.20177583169821658,0.15235405523584833,0.6742019705838028,0.0,0.0
rf,raw,3,9398,6,True,27.542837619781494,White men,1401,0.21199143468950749,0.18804083630197543,0.1560337573738565,0.6979486897965159,0.0,0.0
rf,raw,3,9398,6,True,27.542837619781494,Black women,225,0.1288888888888889,0.15770151729632675,0.10584930792147658,0.7241379310344829,0.0,0.0
rf,raw,3,9398,6,True,27.542837619781494,White women,386,0.16321243523316062,0.16449705973845918,0.1265142481608154,0.7318787163988403,0.0,0.0
rf,raw,3,9398,7,True,25.064591646194458,All,4146,0.19826338639652677,0.19425714219781462,0.1482265757639846,0.6922375351714728,0.0,0.0
rf,raw,3,9398,7,True,25.064591646194458,Men,3535,0.2065063649222065,0.2000073446239852,0.1533899467678279,0.6826938197445852,0.0,0.0
rf,raw,3,9398,7,True,25.064591646194458,Women,611,0.15057283142389524,0.16098878609877557,0.11835339000525119,0.7284493591354612,0.0,0.0
rf,raw,3,9398,7,True,25.064591646194458,Black,2359,0.19584569732937684,0.2018797455444553,0.14763588458050228,0.6843968717980315,0.0,0.0
rf,raw,3,9398,7,True,25.064591646194458,White,1787,0.20145495243424735,0.18419462328638467,0.14900634101403207,0.7063147239741493,0.0,0.0
rf,raw,3,9398,7,True,25.064591646194458,Black men,2134,0.20290534208059982,0.20662688355885298,0.15216163944982375,0.675087199080014,0.0,0.0
rf,raw,3,9398,7,True,25.064591646194458,White men,1401,0.21199143468950749,0.18992447803796955,0.15526090166905626,0.6983848143268433,0.0,0.0
rf,raw,3,9398,7,True,25.064591646194458,Black women,225,0.1288888888888889,0.15685577877679052,0.1047116139532491,0.7373328641801549,0.0,0.0
rf,raw,3,9398,7,True,25.064591646194458,White women,386,0.16321243523316062,0.16339792249112434,0.12630520247079646,0.7214605140301734,0.0,0.0
rf,raw,3,9398,8,True,25.067631006240845,All,4146,0.19826338639652677,0.19255875988692092,0.14842901660601718,0.690604495507128,0.0,0.0
rf,raw,3,9398,8,True,25.067631006240845,Men,3535,0.2065063649222065,0.19814097002919354,0.15359592988662266,0.6807594071252412,0.0,0.0
rf,raw,3,9398,8,True,25.067631006240845,Women,611,0.15057283142389524,0.16026233950568725,0.11853533666012447,0.7281352098517215,0.0,0.0
rf,raw,3,9398,8,True,25.067631006240845,Black,2359,0.19584569732937684,0.1998305195583865,0.14783081390108116,0.6812168678273054,0.0,0.0
rf,raw,3,9398,8,True,25.067631006240845,White,1787,0.20145495243424735,0.182959386039698,0.14921869773693158,0.7061492641906096,0.0,0.0
rf,raw,3,9398,8,True,25.067631006240845,Black men,2134,0.20290534208059982,0.20435629063165817,0.15226648532175682,0.6726243087546654,0.0,0.0
rf,raw,3,9398,8,True,25.067631006240845,White men,1401,0.21199143468950749,0.1886738078838263,0.15562093681126485,0.6967745083687114,0.0,0.0
rf,raw,3,9398,8,True,25.067631006240845,Black women,225,0.1288888888888889,0.1569060952456679,0.10576093473787293,0.7239619985925405,0.0,0.0
rf,raw,3,9398,8,True,25.067631006240845,White women,386,0.16321243523316062,0.1622186995018126,0.12598155539718817,0.7288318836306451,0.0,0.0
rf,raw,3,9398,9,True,29.404777765274048,All,4146,0.19826338639652677,0.19253491270028852,0.14828210228961325,0.6920120863966551,0.0,0.0
rf,raw,3,9398,9,True,29.404777765274048,Men,3535,0.2065063649222065,0.19816032794994493,0.1535058466000831,0.6814167460259322,0.0,0.0
rf,raw,3,9398,9,True,29.404777765274048,Women,611,0.15057283142389524,0.15998852496291457,0.11805962088615826,0.7356538493758902,0.0,0.0
rf,raw,3,9398,9,True,29.404777765274048,Black,2359,0.19584569732937684,0.19956158937032972,0.14763288977366287,0.683567355154071,0.0,0.0
rf,raw,3,9398,9,True,29.404777765274048,White,1787,0.20145495243424735,0.18325907035858335,0.1491391209382573,0.7058884217083236,0.0,0.0
rf,raw,3,9398,9,True,29.404777765274048,Black men,2134,0.20290534208059982,0.20418269204941675,0.15217093215558603,0.6737810797343772,0.0,0.0
rf,raw,3,9398,9,True,29.404777765274048,White men,1401,0.21199143468950749,0.18898707670920778,0.15553918523288593,0.695899209486166,0.0,0.0
rf,raw,3,9398,9,True,29.404777765274048,Black women,225,0.1288888888888889,0.15573299773845528,0.10459207891577832,0.7390921885995778,0.0,0.0
rf,raw,3,9398,9,True,29.404777765274048,White women,386,0.16321243523316062,0.16246907839686106,0.1259098720346958,0.7316330040788245,0.0,0.0
