model,features,round,size,rep,full,seconds,group,n,base_rate,mean_pred,brier,auc,fpr50,flag50
kumo_small,raw,1,500,0,False,21.52571177482605,All,7807,0.30062764185986934,0.29158589243888855,0.19771387795323733,0.6540873236974643,0.03553113553113553,0.05238888177276803
kumo_small,raw,1,500,0,False,21.52571177482605,Men,6857,0.31194399883330903,0.29727452993392944,0.20214336604654473,0.6517517386884918,0.04111911827045358,0.0596470759807496
kumo_small,raw,1,500,0,False,21.52571177482605,Women,950,0.21894736842105264,0.25052574276924133,0.1657422991576489,0.6336369997926601,0.0,0.0
kumo_small,raw,1,500,0,False,21.52571177482605,Black,4534,0.31473312748125276,0.2950465977191925,0.2036421563761558,0.6500171753138301,0.040875442549082715,0.05910895456550507
kumo_small,raw,1,500,0,False,21.52571177482605,White,3273,0.281087687137183,0.2867918014526367,0.18950159125311128,0.6590975443005229,0.02847428814279643,0.04307974335472044
kumo_small,raw,1,500,0,False,21.52571177482605,Black men,4195,0.3215733015494637,0.29938074946403503,0.20666015022371323,0.6457999392590332,0.044624033731553055,0.06388557806912992
kumo_small,raw,1,500,0,False,21.52571177482605,White men,2662,0.29676934635612323,0.29395538568496704,0.19502544357350873,0.6612030725954776,0.03579059829059829,0.052967693463561234
kumo_small,raw,1,500,0,False,21.52571177482605,Black women,339,0.23008849557522124,0.24141335487365723,0.16629559534222205,0.6728558797524316,0.0,0.0
kumo_small,raw,1,500,0,False,21.52571177482605,White women,611,0.2127659574468085,0.2555815577507019,0.16543531485884322,0.6113865344634575,0.0,0.0
kumo_small,raw,1,500,1,False,10.678169012069702,All,7807,0.30062764185986934,0.3039402961730957,0.1941090438740882,0.6736931723297297,0.02857142857142857,0.042782118611502495
kumo_small,raw,1,500,1,False,10.678169012069702,Men,6857,0.31194399883330903,0.31230610609054565,0.19896106614304693,0.6669850438999892,0.03306485799067401,0.04827183899664576
kumo_small,raw,1,500,1,False,10.678169012069702,Women,950,0.21894736842105264,0.24355661869049072,0.1590876578759305,0.689528042712005,0.0,0.003157894736842105
kumo_small,raw,1,500,1,False,10.678169012069702,Black,4534,0.31473312748125276,0.30608460307121277,0.2004650052277583,0.6634112135515143,0.025748310267138717,0.03815615350683723
kumo_small,raw,1,500,1,False,10.678169012069702,White,3273,0.281087687137183,0.3009697496891022,0.18530429936521556,0.6885978122286074,0.032299192520186995,0.04919034524900703
kumo_small,raw,1,500,1,False,10.678169012069702,Black men,4195,0.3215733015494637,0.31145113706588745,0.20414364889966252,0.654879046814824,0.028109627547434995,0.040762812872467226
kumo_small,raw,1,500,1,False,10.678169012069702,White men,2662,0.29676934635612323,0.31365343928337097,0.1907939231437973,0.687906388618414,0.0405982905982906,0.06010518407212622
kumo_small,raw,1,500,1,False,10.678169012069702,Black women,339,0.23008849557522124,0.23967623710632324,0.15494314621997607,0.7395618430101188,0.0,0.0058997050147492625
kumo_small,raw,1,500,1,False,10.678169012069702,White women,611,0.2127659574468085,0.24570950865745544,0.16138714961303124,0.6591076283383976,0.0,0.0016366612111292963
kumo_small,raw,1,500,2,False,10.986648321151733,All,7807,0.30062764185986934,0.2945171594619751,0.20200111659548667,0.6627089605466256,0.10952380952380952,0.15191494812347892
kumo_small,raw,1,500,2,False,10.986648321151733,Men,6857,0.31194399883330903,0.30908647179603577,0.20692921785881985,0.6568638088618861,0.12208562950402713,0.1680035000729182
kumo_small,raw,1,500,2,False,10.986648321151733,Women,950,0.21894736842105264,0.18935738503932953,0.16643060042424906,0.6749105846983205,0.029649595687331536,0.035789473684210524
kumo_small,raw,1,500,2,False,10.986648321151733,Black,4534,0.31473312748125276,0.3053959608078003,0.2054224793615915,0.6639236536437265,0.1136144190537496,0.1627701808557565
kumo_small,raw,1,500,2,False,10.986648321151733,White,3273,0.281087687137183,0.2794470489025116,0.19726159359471693,0.658389382656738,0.1041223969400765,0.13687748243201955
kumo_small,raw,1,500,2,False,10.986648321151733,Black men,4195,0.3215733015494637,0.3138377368450165,0.20940334148221124,0.6555127636775269,0.12087139845397049,0.17187127532777116
kumo_small,raw,1,500,2,False,10.986648321151733,White men,2662,0.29676934635612323,0.30159908533096313,0.2030302890082838,0.6578032024234556,0.12393162393162394,0.16190833959429002
kumo_small,raw,1,500,2,False,10.986648321151733,Black women,339,0.23008849557522124,0.2009323686361313,0.15616077848843557,0.7550348757245308,0.034482758620689655,0.05014749262536873
kumo_small,raw,1,500,2,False,10.986648321151733,White women,611,0.2127659574468085,0.18293525278568268,0.1721285867356088,0.6284023668639054,0.02702702702702703,0.027823240589198037
kumo_small,raw,1,500,3,False,11.066767692565918,All,7807,0.30062764185986934,0.3077612519264221,0.19383861211948736,0.672890534405234,0.0641025641025641,0.10426540284360189
kumo_small,raw,1,500,3,False,11.066767692565918,Men,6857,0.31194399883330903,0.32212114334106445,0.1981777513603427,0.6700887017006478,0.07376006782534972,0.11798162461717952
kumo_small,raw,1,500,3,False,11.066767692565918,Women,950,0.21894736842105264,0.2041131854057312,0.16251916183049214,0.6544292971179764,0.0026954177897574125,0.005263157894736842
kumo_small,raw,1,500,3,False,11.066767692565918,Black,4534,0.31473312748125276,0.32087796926498413,0.20004560927555537,0.6645972462209235,0.07209526874798841,0.11579179532421703
kumo_small,raw,1,500,3,False,11.066767692565918,White,3273,0.281087687137183,0.28959107398986816,0.18524022375846916,0.6814182634564571,0.05354866128346791,0.08829819737244118
kumo_small,raw,1,500,3,False,11.066767692565918,Black men,4195,0.3215733015494637,0.329601913690567,0.20337575202841965,0.6584131969387803,0.07870695713281799,0.12467222884386174
kumo_small,raw,1,500,3,False,11.066767692565918,White men,2662,0.29676934635612323,0.310332328081131,0.18998631153968812,0.687163258682246,0.06623931623931624,0.10743801652892562
kumo_small,raw,1,500,3,False,11.066767692565918,Black women,339,0.23008849557522124,0.21292231976985931,0.1588363206376039,0.705717653993516,0.0,0.0058997050147492625
kumo_small,raw,1,500,3,False,11.066767692565918,White women,611,0.2127659574468085,0.19922564923763275,0.16456250579839576,0.6265152726691188,0.004158004158004158,0.004909983633387889
kumo_small,raw,1,500,4,False,11.690917491912842,All,7807,0.30062764185986934,0.3377942740917206,0.19580777204545358,0.6812859062539506,0.1401098901098901,0.19853977199948764
kumo_small,raw,1,500,4,False,11.690917491912842,Men,6857,0.31194399883330903,0.35148388147354126,0.20039531409462513,0.6774154903158028,0.1543026706231454,0.21583782995479073
kumo_small,raw,1,500,4,False,11.690917491912842,Women,950,0.21894736842105264,0.23898427188396454,0.16269537643369625,0.6770293385859425,0.04986522911051213,0.07368421052631578
kumo_small,raw,1,500,4,False,11.690917491912842,Black,4534,0.31473312748125276,0.34267106652259827,0.20167766338925694,0.6721885544971693,0.13743160605085292,0.19563299514777238
kumo_small,raw,1,500,4,False,11.690917491912842,White,3273,0.281087687137183,0.33103856444358826,0.1876763674158158,0.69249570391175,0.143646408839779,0.20256645279560037
kumo_small,raw,1,500,4,False,11.690917491912842,Black men,4195,0.3215733015494637,0.35036221146583557,0.20553232578347894,0.6647481515940337,0.14581869290231905,0.20452920143027414
kumo_small,raw,1,500,4,False,11.690917491912842,White men,2662,0.29676934635612323,0.3532513976097107,0.19229998575700616,0.6978186194958348,0.1672008547008547,0.2336589030803907
kumo_small,raw,1,500,4,False,11.690917491912842,Black women,339,0.23008849557522124,0.24749548733234406,0.15397763759645056,0.7416249140387071,0.04597701149425287,0.0855457227138643
kumo_small,raw,1,500,4,False,11.690917491912842,White women,611,0.2127659574468085,0.23426198959350586,0.16753222334994222,0.6364465056772749,0.05197505197505198,0.06710310965630115
kumo_small,raw,1,500,5,False,11.229987382888794,All,7807,0.30062764185986934,0.289908766746521,0.19846578984066002,0.6537102933992581,0.06208791208791209,0.08453951581913667
kumo_small,raw,1,500,5,False,11.229987382888794,Men,6857,0.31194399883330903,0.2935478091239929,0.20280962736658198,0.6521371505306981,0.06506994489190335,0.08881435029896456
kumo_small,raw,1,500,5,False,11.229987382888794,Women,950,0.21894736842105264,0.26364246010780334,0.1671124278246106,0.6488311217084801,0.0431266846361186,0.05368421052631579
kumo_small,raw,1,500,5,False,11.229987382888794,Black,4534,0.31473312748125276,0.28884047269821167,0.2032859771823032,0.6551339076782335,0.056968136466044414,0.07851786501985002
kumo_small,raw,1,500,5,False,11.229987382888794,White,3273,0.281087687137183,0.291388601064682,0.19178851229498003,0.6526723516694691,0.06884827879303017,0.09288114879315612
kumo_small,raw,1,500,5,False,11.229987382888794,Black men,4195,0.3215733015494637,0.2898484170436859,0.20691959709806745,0.6492430560728724,0.05727336612789881,0.07890345649582836
kumo_small,raw,1,500,5,False,11.229987382888794,White men,2662,0.29676934635612323,0.29937759041786194,0.1963327967792109,0.658665341339392,0.07692307692307693,0.10443275732531931
kumo_small,raw,1,500,5,False,11.229987382888794,Black women,339,0.23008849557522124,0.2763673663139343,0.15832127055507328,0.7322428529325081,0.05363984674329502,0.07374631268436578
kumo_small,raw,1,500,5,False,11.229987382888794,White women,611,0.2127659574468085,0.2565823197364807,0.17199000935386294,0.595746041899888,0.037422037422037424,0.0425531914893617
kumo_small,raw,1,500,6,False,10.559674263000488,All,7807,0.30062764185986934,0.28049373626708984,0.1960938807086514,0.664511394017146,0.0706959706959707,0.11143845267068016
kumo_small,raw,1,500,6,False,10.559674263000488,Men,6857,0.31194399883330903,0.2924232482910156,0.200374272258259,0.6635630584111737,0.08181432810512929,0.1268776432842351
kumo_small,raw,1,500,6,False,10.559674263000488,Women,950,0.21894736842105264,0.19438788294792175,0.1651984650711155,0.6335009330292349,0.0,0.0
kumo_small,raw,1,500,6,False,10.559674263000488,Black,4534,0.31473312748125276,0.2919406592845917,0.20362719012548997,0.6527373706184625,0.08625683939491471,0.13145125716806352
kumo_small,raw,1,500,6,False,10.559674263000488,White,3273,0.281087687137183,0.2646366059780121,0.18565818718712804,0.679438367301687,0.050148746281342964,0.08371524595172625
kumo_small,raw,1,500,6,False,10.559674263000488,Black men,4195,0.3215733015494637,0.3000263571739197,0.2066878661618064,0.6490923757584157,0.09416725228390724,0.14207389749702026
kumo_small,raw,1,500,6,False,10.559674263000488,White men,2662,0.29676934635612323,0.2804415822029114,0.19042478825172954,0.685928540517148,0.06303418803418803,0.10293012772351616
kumo_small,raw,1,500,6,False,10.559674263000488,Black women,339,0.23008849557522124,0.1918828785419464,0.16575245274393405,0.6731997249238628,0.0,0.0
kumo_small,raw,1,500,6,False,10.559674263000488,White women,611,0.2127659574468085,0.19577772915363312,0.16489109711516545,0.6085399008475932,0.0,0.0
kumo_small,raw,1,500,7,False,11.038942337036133,All,7807,0.30062764185986934,0.28438445925712585,0.194902250954456,0.6719785292111666,0.020695970695970695,0.03035737158959908
kumo_small,raw,1,500,7,False,11.038942337036133,Men,6857,0.31194399883330903,0.28338292241096497,0.1989811170391659,0.673798841871848,0.020347604917337857,0.029750619804579263
kumo_small,raw,1,500,7,False,11.038942337036133,Women,950,0.21894736842105264,0.29161375761032104,0.16546142490934487,0.6712950964130209,0.022911051212938006,0.034736842105263156
kumo_small,raw,1,500,7,False,11.038942337036133,Black,4534,0.31473312748125276,0.2883622944355011,0.199681502132576,0.674988480247487,0.023495333118764082,0.0337450374944861
kumo_small,raw,1,500,7,False,11.038942337036133,White,3273,0.281087687137183,0.27887412905693054,0.1882816811892266,0.6666212420776436,0.016999575010624733,0.025664527956003668
kumo_small,raw,1,500,7,False,11.038942337036133,Black men,4195,0.3215733015494637,0.28712254762649536,0.20270385838046998,0.6728705628749752,0.022839072382290933,0.03218116805721097
kumo_small,raw,1,500,7,False,11.038942337036133,White men,2662,0.29676934635612323,0.27748963236808777,0.19311451300957516,0.6746328302499189,0.01655982905982906,0.025920360631104433
kumo_small,raw,1,500,7,False,11.038942337036133,Black women,339,0.23008849557522124,0.3037033677101135,0.16228095800303233,0.7366145986835642,0.03065134099616858,0.05309734513274336
kumo_small,raw,1,500,7,False,11.038942337036133,White women,611,0.2127659574468085,0.2849061191082001,0.16722603748093232,0.6322405245482168,0.018711018711018712,0.024549918166939442
kumo_small,raw,1,500,8,False,10.944299221038818,All,7807,0.30062764185986934,0.3273652493953705,0.19732858945201215,0.6691184756161322,0.126007326007326,0.17112847444600998
kumo_small,raw,1,500,8,False,10.944299221038818,Men,6857,0.31194399883330903,0.33127522468566895,0.2012392240388745,0.6665697563230035,0.13162356930902924,0.1789412279422488
kumo_small,raw,1,500,8,False,10.944299221038818,Women,950,0.21894736842105264,0.29914358258247375,0.1691020406497854,0.6744051938627411,0.09029649595687332,0.11473684210526315
kumo_small,raw,1,500,8,False,10.944299221038818,Black,4534,0.31473312748125276,0.3290445804595947,0.2021008489419527,0.6636278503070467,0.12294818152558738,0.17115130127922365
kumo_small,raw,1,500,8,False,10.944299221038818,White,3273,0.281087687137183,0.32503893971443176,0.19071770508678437,0.6770672037546889,0.13004674883127923,0.17109685304002445
kumo_small,raw,1,500,8,False,10.944299221038818,Black men,4195,0.3215733015494637,0.33199793100357056,0.20574699993009915,0.6572526850268308,0.12965565706254392,0.17711561382598331
kumo_small,raw,1,500,8,False,10.944299221038818,White men,2662,0.29676934635612323,0.3301362693309784,0.19413549756866896,0.6817672833495618,0.1346153846153846,0.18181818181818182
kumo_small,raw,1,500,8,False,10.944299221038818,Black women,339,0.23008849557522124,0.2924976944923401,0.1569810749145949,0.733372629924354,0.04980842911877394,0.09734513274336283
kumo_small,raw,1,500,8,False,10.944299221038818,White women,611,0.2127659574468085,0.30283087491989136,0.1758270936517978,0.639565008795778,0.11226611226611227,0.12438625204582651
kumo_small,raw,1,500,9,False,11.769906997680664,All,7807,0.30062764185986934,0.26259636878967285,0.20612780664617553,0.6157907140438031,0.02673992673992674,0.03484052773152299
kumo_small,raw,1,500,9,False,11.769906997680664,Men,6857,0.31194399883330903,0.2660485804080963,0.2116275152337475,0.6118546519244036,0.029885544722339976,0.03835496572845268
kumo_small,raw,1,500,9,False,11.769906997680664,Women,950,0.21894736842105264,0.237678661942482,0.16643148897777438,0.6302223719676551,0.006738544474393531,0.009473684210526316
kumo_small,raw,1,500,9,False,11.769906997680664,Black,4534,0.31473312748125276,0.25424179434776306,0.21556945083066306,0.6049448890077767,0.026070164145477952,0.03242170269078077
kumo_small,raw,1,500,9,False,11.769906997680664,White,3273,0.281087687137183,0.2741697430610657,0.1930485476383948,0.6382719100500748,0.027624309392265192,0.03819126183929117
kumo_small,raw,1,500,9,False,11.769906997680664,Black men,4195,0.3215733015494637,0.25622349977493286,0.21978901535852466,0.5980150049983668,0.028109627547434995,0.034088200238379024
kumo_small,raw,1,500,9,False,11.769906997680664,White men,2662,0.29676934635612323,0.28153178095817566,0.19876594760661,0.6410476171156552,0.03258547008547009,0.045078888054094664
kumo_small,raw,1,500,9,False,11.769906997680664,Black women,339,0.23008849557522124,0.2297191321849823,0.16335389568500083,0.6902937420178799,0.0038314176245210726,0.011799410029498525
kumo_small,raw,1,500,9,False,11.769906997680664,White women,611,0.2127659574468085,0.24209479987621307,0.1681390243726193,0.5910602910602911,0.008316008316008316,0.008183306055646482
kumo_small,raw,1,1000,0,False,12.280568361282349,All,7807,0.30062764185986934,0.29434481263160706,0.1937493918149193,0.6773746704935457,0.04835164835164835,0.06904060458562829
kumo_small,raw,1,1000,0,False,12.280568361282349,Men,6857,0.31194399883330903,0.30214646458625793,0.19870940238865606,0.6707460174109638,0.05447223399745655,0.07685576782849643
kumo_small,raw,1,1000,0,False,12.280568361282349,Women,950,0.21894736842105264,0.23803311586380005,0.15794855760006374,0.6931694484760522,0.009433962264150943,0.01263157894736842
kumo_small,raw,1,1000,0,False,12.280568361282349,Black,4534,0.31473312748125276,0.29783838987350464,0.20010942376529034,0.6707806975184772,0.052140328290955905,0.06991618879576533
kumo_small,raw,1,1000,0,False,12.280568361282349,White,3273,0.281087687137183,0.289505273103714,0.1849390084165135,0.6863435207598071,0.04334891627709307,0.06782768102658111
kumo_small,raw,1,1000,0,False,12.280568361282349,Black men,4195,0.3215733015494637,0.30239343643188477,0.20379093641633206,0.6625094354267782,0.05657062543921293,0.07437425506555423
kumo_small,raw,1,1000,0,False,12.280568361282349,White men,2662,0.29676934635612323,0.3017573654651642,0.19070150034278793,0.6851218489667856,0.05128205128205128,0.0807663410969196
kumo_small,raw,1,1000,0,False,12.280568361282349,Black women,339,0.23008849557522124,0.2414713054895401,0.15455206219856443,0.7486000589448865,0.0038314176245210726,0.014749262536873156
kumo_small,raw,1,1000,0,False,12.280568361282349,White women,611,0.2127659574468085,0.23612546920776367,0.15983302886210674,0.6612346073884535,0.012474012474012475,0.011456628477905073
kumo_small,raw,1,1000,1,False,14.269059896469116,All,7807,0.30062764185986934,0.3180994987487793,0.19178386509900244,0.6871156538391306,0.05970695970695971,0.09184065582169848
kumo_small,raw,1,1000,1,False,14.269059896469116,Men,6857,0.31194399883330903,0.3276008069515228,0.19667100295654621,0.6801030182716624,0.06740144128868164,0.10237713285693452
kumo_small,raw,1,1000,1,False,14.269059896469116,Women,950,0.21894736842105264,0.24952025711536407,0.15650901847881502,0.708065519386274,0.01078167115902965,0.015789473684210527
kumo_small,raw,1,1000,1,False,14.269059896469116,Black,4534,0.31473312748125276,0.3189280331134796,0.19756282834865138,0.678709535107221,0.0502092050209205,0.07873842082046757
kumo_small,raw,1,1000,1,False,14.269059896469116,White,3273,0.281087687137183,0.31695181131362915,0.18377842074400444,0.6994050148746281,0.07224819379515512,0.10999083409715857
kumo_small,raw,1,1000,1,False,14.269059896469116,Black men,4195,0.3215733015494637,0.3252671957015991,0.20124714371897232,0.67030443935202,0.054813773717498245,0.08367103694874851
kumo_small,raw,1,1000,1,False,14.269059896469116,White men,2662,0.29676934635612323,0.3312782645225525,0.18945954146203933,0.6972073460997512,0.08653846153846154,0.1318557475582269
kumo_small,raw,1,1000,1,False,14.269059896469116,Black women,339,0.23008849557522124,0.24048301577568054,0.15197078416429632,0.7542489439041163,0.0,0.017699115044247787
kumo_small,raw,1,1000,1,False,14.269059896469116,White women,611,0.2127659574468085,0.25453436374664307,0.15902695863040556,0.680649288341596,0.016632016632016633,0.014729950900163666
kumo_small,raw,1,1000,2,False,12.11541485786438,All,7807,0.30062764185986934,0.29034045338630676,0.19268555652048622,0.6874214373894816,0.08131868131868132,0.12501601127193543
kumo_small,raw,1,1000,2,False,12.11541485786438,Men,6857,0.31194399883330903,0.30255258083343506,0.1972598566570835,0.6831763544310521,0.09220008478168716,0.14000291672743181
kumo_small,raw,1,1000,2,False,12.11541485786438,Women,950,0.21894736842105264,0.2021949589252472,0.15966873963980446,0.6851155919552147,0.012129380053908356,0.016842105263157894
kumo_small,raw,1,1000,2,False,12.11541485786438,Black,4534,0.31473312748125276,0.29479992389678955,0.19804460732408666,0.6852126975978694,0.08207273897650466,0.12836347595941774
kumo_small,raw,1,1000,2,False,12.11541485786438,White,3273,0.281087687137183,0.2841629087924957,0.1852618057280865,0.6897415879820396,0.08032299192520187,0.12037885731744577
kumo_small,raw,1,1000,2,False,12.11541485786438,Black men,4195,0.3215733015494637,0.3019569218158722,0.20187686690899642,0.6771458726096268,0.08924806746310611,0.13778307508939214
kumo_small,raw,1,1000,2,False,12.11541485786438,White men,2662,0.29676934635612323,0.30349117517471313,0.18998398963725827,0.6936215243968409,0.09668803418803419,0.14350112697220135
kumo_small,raw,1,1000,2,False,12.11541485786438,Black women,339,0.23008849557522124,0.20623469352722168,0.15062180803589592,0.7759111897042932,0.0038314176245210726,0.011799410029498525
kumo_small,raw,1,1000,2,False,12.11541485786438,White women,611,0.2127659574468085,0.1999536156654358,0.16468823196996002,0.6329601791140254,0.016632016632016633,0.019639934533551555
kumo_small,raw,1,1000,3,False,13.262362241744995,All,7807,0.30062764185986934,0.2979176938533783,0.1917882271658914,0.6853649971672979,0.05860805860805861,0.09107211476879723
kumo_small,raw,1,1000,3,False,13.262362241744995,Men,6857,0.31194399883330903,0.312305748462677,0.19606567207500833,0.6825680884345531,0.06782534972445951,0.1036896602012542
kumo_small,raw,1,1000,3,False,13.262362241744995,Women,950,0.21894736842105264,0.19406625628471375,0.16091408006924413,0.666461486626581,0.0,0.0
kumo_small,raw,1,1000,3,False,13.262362241744995,Black,4534,0.31473312748125276,0.3099873661994934,0.1979173202851128,0.678832683122339,0.06694560669456066,0.10013233348037054
kumo_small,raw,1,1000,3,False,13.262362241744995,White,3273,0.281087687137183,0.2811979353427887,0.1832977571987206,0.6910142463829709,0.04759881002974926,0.07852123434158265
kumo_small,raw,1,1000,3,False,13.262362241744995,Black men,4195,0.3215733015494637,0.31854739785194397,0.2012105269880122,0.6725006993546142,0.07308503162333099,0.10822407628128725
kumo_small,raw,1,1000,3,False,13.262362241744995,White men,2662,0.29676934635612323,0.3024696111679077,0.18795798373539477,0.6968800714053878,0.05982905982905983,0.09654395191585274
kumo_small,raw,1,1000,3,False,13.262362241744995,Black women,339,0.23008849557522124,0.20405970513820648,0.15716510164598885,0.7269869338834857,0.0,0.0
kumo_small,raw,1,1000,3,False,13.262362241744995,White women,611,0.2127659574468085,0.188521608710289,0.16299411883435627,0.6340796417719494,0.0,0.0
kumo_small,raw,1,1000,4,False,18.171945095062256,All,7807,0.30062764185986934,0.3290109932422638,0.1929096035000392,0.6829781140603468,0.09194139194139195,0.14077110285641092
kumo_small,raw,1,1000,4,False,18.171945095062256,Men,6857,0.31194399883330903,0.3449125587940216,0.19748144526318767,0.6794404012286409,0.10555320050869012,0.1592533177774537
kumo_small,raw,1,1000,4,False,18.171945095062256,Women,950,0.21894736842105264,0.2142355889081955,0.15991053090013468,0.6772625958946713,0.005390835579514825,0.007368421052631579
kumo_small,raw,1,1000,4,False,18.171945095062256,Black,4534,0.31473312748125276,0.3343454897403717,0.19947364397561476,0.6715269158481798,0.09140650144834245,0.1349801499779444
kumo_small,raw,1,1000,4,False,18.171945095062256,White,3273,0.281087687137183,0.3216213285923004,0.1838166125082092,0.6979337201352575,0.09264768380790481,0.1487931561258784
kumo_small,raw,1,1000,4,False,18.171945095062256,Black men,4195,0.3215733015494637,0.34404653310775757,0.20311673785855539,0.6643518506459848,0.09978917779339423,0.14517282479141835
kumo_small,raw,1,1000,4,False,18.171945095062256,White men,2662,0.29676934635612323,0.34627723693847656,0.18860088461797078,0.7045067889213459,0.11431623931623931,0.18144252441773104
kumo_small,raw,1,1000,4,False,18.171945095062256,Black women,339,0.23008849557522124,0.21429862082004547,0.15439170049792794,0.7427055702917772,0.0,0.008849557522123894
kumo_small,raw,1,1000,4,False,18.171945095062256,White women,611,0.2127659574468085,0.21420058608055115,0.1629725333655162,0.6385415000799617,0.008316008316008316,0.006546644844517185
kumo_small,raw,1,1000,5,False,16.223717212677002,All,7807,0.30062764185986934,0.2913553714752197,0.19312506724498943,0.6787252762859921,0.04798534798534799,0.07506084283335468
kumo_small,raw,1,1000,5,False,16.223717212677002,Men,6857,0.31194399883330903,0.2942996323108673,0.19743222488793824,0.6764013007785924,0.0506570580754557,0.0805016771182733
kumo_small,raw,1,1000,5,False,16.223717212677002,Women,950,0.21894736842105264,0.27010414004325867,0.16203645676320033,0.6857991654571843,0.03099730458221024,0.035789473684210524
kumo_small,raw,1,1000,5,False,16.223717212677002,Black,4534,0.31473312748125276,0.28908365964889526,0.19889227487330252,0.6751320401588834,0.04248471194077889,0.06793118659020732
kumo_small,raw,1,1000,5,False,16.223717212677002,White,3273,0.281087687137183,0.29450228810310364,0.1851359076401097,0.6860506476468523,0.055248618784530384,0.08493736633058356
kumo_small,raw,1,1000,5,False,16.223717212677002,Black men,4195,0.3215733015494637,0.2907196581363678,0.20239739883101235,0.6694076505487786,0.04427266338721012,0.07032181168057211
kumo_small,raw,1,1000,5,False,16.223717212677002,White men,2662,0.29676934635612323,0.29994121193885803,0.18960769269740627,0.6899153413393919,0.060363247863247864,0.09654395191585274
kumo_small,raw,1,1000,5,False,16.223717212677002,Black women,339,0.23008849557522124,0.26883891224861145,0.15551765834648051,0.7450879261224089,0.022988505747126436,0.038348082595870206
kumo_small,raw,1,1000,5,False,16.223717212677002,White women,611,0.2127659574468085,0.27080610394477844,0.16565326963270616,0.6491923876539262,0.035343035343035345,0.03436988543371522
kumo_small,raw,1,1000,6,False,15.82913088798523,All,7807,0.30062764185986934,0.2813551723957062,0.19235283401491607,0.6805596264266908,0.048534798534798536,0.0849237863455873
kumo_small,raw,1,1000,6,False,15.82913088798523,Men,6857,0.31194399883330903,0.298429012298584,0.19625019623396944,0.6790870451084949,0.05616786774056804,0.0966895143648826
kumo_small,raw,1,1000,6,False,15.82913088798523,Women,950,0.21894736842105264,0.15811815857887268,0.16422208376644376,0.6747097242380261,0.0,0.0
kumo_small,raw,1,1000,6,False,15.82913088798523,Black,4534,0.31473312748125276,0.29141873121261597,0.19839828359107467,0.6745294945134853,0.05407145156099131,0.09285399205999118
kumo_small,raw,1,1000,6,False,15.82913088798523,White,3273,0.281087687137183,0.2674144208431244,0.18397823322716697,0.6870174984755816,0.04122396940076498,0.07393828292086771
kumo_small,raw,1,1000,6,False,15.82913088798523,Black men,4195,0.3215733015494637,0.30211910605430603,0.2011835925283826,0.6704057611192175,0.059030217849613494,0.10035756853396902
kumo_small,raw,1,1000,6,False,15.82913088798523,White men,2662,0.29676934635612323,0.29261383414268494,0.18847574189322439,0.6923759872335822,0.05181623931623932,0.09090909090909091
kumo_small,raw,1,1000,6,False,15.82913088798523,Black women,339,0.23008849557522124,0.1590053290128708,0.1639311125232078,0.7385794282346007,0.0,0.0
kumo_small,raw,1,1000,6,False,15.82913088798523,White women,611,0.2127659574468085,0.1576259434223175,0.1643835228031983,0.6385734847273309,0.0,0.0
kumo_small,raw,1,1000,7,False,20.01624035835266,All,7807,0.30062764185986934,0.2910681664943695,0.19173766408335435,0.6872697356612993,0.038461538461538464,0.061611374407582936
kumo_small,raw,1,1000,7,False,20.01624035835266,Men,6857,0.31194399883330903,0.2991403043270111,0.1962467447980924,0.6834154593996197,0.04281475201356507,0.06810558553303193
kumo_small,raw,1,1000,7,False,20.01624035835266,Women,950,0.21894736842105264,0.23280419409275055,0.15919159412445016,0.6831134667219573,0.01078167115902965,0.014736842105263158
kumo_small,raw,1,1000,7,False,20.01624035835266,Black,4534,0.31473312748125276,0.2960614264011383,0.19798780490759907,0.6799485710432103,0.03862246540070808,0.06021173356859286
kumo_small,raw,1,1000,7,False,20.01624035835266,White,3273,0.281087687137183,0.284151166677475,0.18307950994429975,0.6956752711616991,0.03824904377390565,0.06355025970058051
kumo_small,raw,1,1000,7,False,20.01624035835266,Black men,4195,0.3215733015494637,0.3008628189563751,0.20144908610253145,0.6731895050444697,0.04146170063246662,0.06340882002383791
kumo_small,raw,1,1000,7,False,20.01624035835266,White men,2662,0.29676934635612323,0.2964259386062622,0.18804846464327585,0.6987679865844423,0.04487179487179487,0.07550713749060857
kumo_small,raw,1,1000,7,False,20.01624035835266,Black women,339,0.23008849557522124,0.2366461306810379,0.15515572640393743,0.7358777876019256,0.007662835249042145,0.02064896755162242
kumo_small,raw,1,1000,7,False,20.01624035835266,White women,611,0.2127659574468085,0.23067258298397064,0.16143080714777888,0.6519590596513674,0.012474012474012475,0.011456628477905073
kumo_small,raw,1,1000,8,False,23.28248357772827,All,7807,0.30062764185986934,0.3081003427505493,0.19344229462601192,0.6779218580028126,0.08223443223443223,0.12437556039451773
kumo_small,raw,1,1000,8,False,23.28248357772827,Men,6857,0.31194399883330903,0.3164916932582855,0.19801346423455693,0.6732761899212846,0.08944467994913098,0.13416946186378884
kumo_small,raw,1,1000,8,False,23.28248357772827,Women,950,0.21894736842105264,0.24753208458423615,0.1604480735672824,0.6850378395189717,0.03638814016172507,0.05368421052631579
kumo_small,raw,1,1000,8,False,23.28248357772827,Black,4534,0.31473312748125276,0.3119119703769684,0.199266145140491,0.6704595202775837,0.07981976182813003,0.12262902514336127
kumo_small,raw,1,1000,8,False,23.28248357772827,White,3273,0.281087687137183,0.3028201758861542,0.18537466913482709,0.68773951846856,0.08542286442838928,0.1267949893064467
kumo_small,raw,1,1000,8,False,23.28248357772827,Black men,4195,0.3215733015494637,0.31744199991226196,0.20312986206298833,0.6625177703793498,0.08608573436401967,0.12824791418355186
kumo_small,raw,1,1000,8,False,23.28248357772827,White men,2662,0.29676934635612323,0.31499427556991577,0.18995062092491397,0.6904373580006492,0.09455128205128205,0.14350112697220135
kumo_small,raw,1,1000,8,False,23.28248357772827,Black women,339,0.23008849557522124,0.24348008632659912,0.15145407289896837,0.7406916200019648,0.011494252873563218,0.05309734513274336
kumo_small,raw,1,1000,8,False,23.28248357772827,White women,611,0.2127659574468085,0.24978023767471313,0.1654381983243339,0.6522629138013754,0.0498960498960499,0.054009819967266774
kumo_small,raw,1,1000,9,False,14.43737244606018,All,7807,0.30062764185986934,0.29809117317199707,0.19794574912343743,0.6537978886615443,0.058424908424908426,0.08120917125656463
kumo_small,raw,1,1000,9,False,14.43737244606018,Men,6857,0.31194399883330903,0.3078865110874176,0.20292645439093226,0.6476468226388111,0.06676557863501484,0.09173107773078606
kumo_small,raw,1,1000,9,False,14.43737244606018,Women,950,0.21894736842105264,0.22738918662071228,0.16199554278742492,0.6674593095583662,0.005390835579514825,0.005263157894736842
kumo_small,raw,1,1000,9,False,14.43737244606018,Black,4534,0.31473312748125276,0.29743531346321106,0.20657076157975426,0.635193402153376,0.06050852912777599,0.08138509042787825
kumo_small,raw,1,1000,9,False,14.43737244606018,White,3273,0.281087687137183,0.2989996373653412,0.18599774836665758,0.6822222786821635,0.055673608159796,0.08096547509929729
kumo_small,raw,1,1000,9,False,14.43737244606018,Black men,4195,0.3215733015494637,0.30383560061454773,0.21025056986554416,0.6276552684453802,0.06605762473647224,0.08796185935637664
kumo_small,raw,1,1000,9,False,14.43737244606018,White men,2662,0.29676934635612323,0.3142702877521515,0.191384506826696,0.6829252542464569,0.06784188034188034,0.09767092411720511
kumo_small,raw,1,1000,9,False,14.43737244606018,Black women,339,0.23008849557522124,0.21823425590991974,0.16103449090456715,0.7115630219078495,0.0,0.0
kumo_small,raw,1,1000,9,False,14.43737244606018,White women,611,0.2127659574468085,0.2324686199426651,0.16252876142619543,0.6407004637773868,0.008316008316008316,0.008183306055646482
kumo_small,raw,1,2000,0,False,18.7946138381958,All,7807,0.30062764185986934,0.2938494384288788,0.19163082039048782,0.6862811382623909,0.06428571428571428,0.09939797617522736
kumo_small,raw,1,2000,0,False,18.7946138381958,Men,6857,0.31194399883330903,0.3010168671607971,0.19623933518533834,0.6819785009654371,0.07164052564646037,0.10952311506489719
kumo_small,raw,1,2000,0,False,18.7946138381958,Women,950,0.21894736842105264,0.242115780711174,0.15836704570807714,0.6916662347086875,0.01752021563342318,0.02631578947368421
kumo_small,raw,1,2000,0,False,18.7946138381958,Black,4534,0.31473312748125276,0.2993380129337311,0.19839691084030484,0.6780383107610841,0.06855487608625684,0.10211733568592854
kumo_small,raw,1,2000,0,False,18.7946138381958,White,3273,0.281087687137183,0.28624629974365234,0.18225793493388212,0.6968943439457492,0.058648533786655334,0.0956309196455851
kumo_small,raw,1,2000,0,False,18.7946138381958,Black men,4195,0.3215733015494637,0.30410540103912354,0.20201980633554217,0.6710501571399028,0.0741391426563598,0.10822407628128725
kumo_small,raw,1,2000,0,False,18.7946138381958,White men,2662,0.29676934635612323,0.29614967107772827,0.18712999015336798,0.699255517689062,0.06784188034188034,0.1115702479338843
kumo_small,raw,1,2000,0,False,18.7946138381958,Black women,339,0.23008849557522124,0.24034278094768524,0.15356491496266247,0.7438353472836232,0.007662835249042145,0.02654867256637168
kumo_small,raw,1,2000,0,False,18.7946138381958,White women,611,0.2127659574468085,0.24309948086738586,0.16103140302836447,0.6609147609147609,0.02286902286902287,0.02618657937806874
kumo_small,raw,1,2000,1,False,15.859365940093994,All,7807,0.30062764185986934,0.30658283829689026,0.19057061427796593,0.6913338046699785,0.053296703296703295,0.08556423722300499
kumo_small,raw,1,2000,1,False,15.859365940093994,Men,6857,0.31194399883330903,0.3188318610191345,0.19522576666041214,0.686128998567352,0.06083086053412463,0.0961061688785183
kumo_small,raw,1,2000,1,False,15.859365940093994,Women,950,0.21894736842105264,0.21817079186439514,0.15697021439750966,0.6982751917893426,0.005390835579514825,0.009473684210526316
kumo_small,raw,1,2000,1,False,15.859365940093994,Black,4534,0.31473312748125276,0.3094535171985626,0.19695597924875985,0.6825223871137556,0.0482780817508851,0.0780767534186149
kumo_small,raw,1,2000,1,False,15.859365940093994,White,3273,0.281087687137183,0.3026061952114105,0.18172513771897436,0.7035431179437905,0.05992350191245219,0.09593644974029943
kumo_small,raw,1,2000,1,False,15.859365940093994,Black men,4195,0.3215733015494637,0.31729912757873535,0.20047805994165174,0.6753087969694113,0.05270555165144062,0.08343265792610251
kumo_small,raw,1,2000,1,False,15.859365940093994,White men,2662,0.29676934635612323,0.32124724984169006,0.18694876804478475,0.7047948447473763,0.07318376068376069,0.11607813673929376
kumo_small,raw,1,2000,1,False,15.859365940093994,Black women,339,0.23008849557522124,0.21236705780029297,0.15337152937654322,0.7463405049611946,0.0,0.011799410029498525
kumo_small,raw,1,2000,1,False,15.859365940093994,White women,611,0.2127659574468085,0.22139084339141846,0.1589668661521866,0.6698224852071004,0.008316008316008316,0.008183306055646482
kumo_small,raw,1,2000,2,False,84.29078984260559,All,7807,0.30062764185986934,0.3051243722438812,0.1900936804055607,0.6928855869311771,0.07307692307692308,0.11745869091840656
kumo_small,raw,1,2000,2,False,84.29078984260559,Men,6857,0.31194399883330903,0.31377044320106506,0.1946554872194667,0.6881080802021285,0.08011869436201781,0.1274609887705994
kumo_small,raw,1,2000,2,False,84.29078984260559,Women,950,0.21894736842105264,0.24271811544895172,0.15716703901297818,0.70191659755339,0.02830188679245283,0.045263157894736845
kumo_small,raw,1,2000,2,False,84.29078984260559,Black,4534,0.31473312748125276,0.3062022626399994,0.19506897291752356,0.6902551126161532,0.06919858384293531,0.11358623731804146
kumo_small,raw,1,2000,2,False,84.29078984260559,White,3273,0.281087687137183,0.3036312162876129,0.1832015397855669,0.697316099706203,0.07819804504887377,0.1228230980751604
kumo_small,raw,1,2000,2,False,84.29078984260559,Black men,4195,0.3215733015494637,0.3113599717617035,0.19910499783694924,0.6814585593972162,0.0741391426563598,0.11823599523241955
kumo_small,raw,1,2000,2,False,84.29078984260559,White men,2662,0.29676934635612323,0.3175690472126007,0.18764357999169085,0.7005139024126366,0.08920940170940171,0.14199849737039819
kumo_small,raw,1,2000,2,False,84.29078984260559,Black women,339,0.23008849557522124,0.24237783253192902,0.14512465274940942,0.7778268985165537,0.01532567049808429,0.05604719764011799
kumo_small,raw,1,2000,2,False,84.29078984260559,White women,611,0.2127659574468085,0.24290691316127777,0.16384849391207776,0.655877178954102,0.035343035343035345,0.03927986906710311
kumo_small,raw,1,2000,3,False,14.486145734786987,All,7807,0.30062764185986934,0.30662280321121216,0.19042261050427547,0.6916960081531875,0.06794871794871794,0.10644293582682209
kumo_small,raw,1,2000,3,False,14.486145734786987,Men,6857,0.31194399883330903,0.32266974449157715,0.19455104857719477,0.6906681779923942,0.07863501483679525,0.12119002479218317
kumo_small,raw,1,2000,3,False,14.486145734786987,Women,950,0.21894736842105264,0.19079747796058655,0.16062397906637269,0.6746190130624092,0.0,0.0
kumo_small,raw,1,2000,3,False,14.486145734786987,Black,4534,0.31473312748125276,0.31750714778900146,0.19606942748997336,0.6872710287076969,0.07756678467975539,0.11755624172915748
kumo_small,raw,1,2000,3,False,14.486145734786987,White,3273,0.281087687137183,0.29154494404792786,0.18260022486017086,0.6951056930098487,0.055248618784530384,0.09104796822487014
kumo_small,raw,1,2000,3,False,14.486145734786987,Black men,4195,0.3215733015494637,0.32745611667633057,0.19901324262338455,0.6836898522473376,0.08468025298664793,0.12705601907032182
kumo_small,raw,1,2000,3,False,14.486145734786987,White men,2662,0.29676934635612323,0.3151269555091858,0.18751915375233896,0.7009121767824299,0.06944444444444445,0.11194590533433509
kumo_small,raw,1,2000,3,False,14.486145734786987,Black women,339,0.23008849557522124,0.19439229369163513,0.15964080069156664,0.7303762648590235,0.0,0.0
kumo_small,raw,1,2000,3,False,14.486145734786987,White women,611,0.2127659574468085,0.18880295753479004,0.16116947410574958,0.6417879417879419,0.0,0.0
kumo_small,raw,1,2000,4,False,15.376436471939087,All,7807,0.30062764185986934,0.32648134231567383,0.1915303486705177,0.6877441157053429,0.08058608058608059,0.12540028179838605
kumo_small,raw,1,2000,4,False,15.376436471939087,Men,6857,0.31194399883330903,0.3400803804397583,0.1961237412620391,0.6837682209777798,0.09241203899957609,0.14160711681493365
kumo_small,raw,1,2000,4,False,15.376436471939087,Women,950,0.21894736842105264,0.2283247411251068,0.15837572445992618,0.6894178934273274,0.005390835579514825,0.008421052631578947
kumo_small,raw,1,2000,4,False,15.376436471939087,Black,4534,0.31473312748125276,0.33024489879608154,0.19803493450921358,0.6772652524793688,0.0794979079497908,0.1199823555359506
kumo_small,raw,1,2000,4,False,15.376436471939087,White,3273,0.281087687137183,0.3212678134441376,0.18251971860860292,0.7019013655093405,0.08202294942626434,0.13290559120073328
kumo_small,raw,1,2000,4,False,15.376436471939087,Black men,4195,0.3215733015494637,0.33881041407585144,0.2015896317033359,0.670322802294404,0.08643710470836262,0.12848629320619787
kumo_small,raw,1,2000,4,False,15.376436471939087,White men,2662,0.29676934635612323,0.3420816957950592,0.1875101385568399,0.7067368549172346,0.1014957264957265,0.1622839969947408
kumo_small,raw,1,2000,4,False,15.376436471939087,Black women,339,0.23008849557522124,0.22424933314323425,0.15404686746100366,0.748894783377542,0.0038314176245210726,0.014749262536873156
kumo_small,raw,1,2000,4,False,15.376436471939087,White women,611,0.2127659574468085,0.23058590292930603,0.16077749618273257,0.654102031025108,0.006237006237006237,0.004909983633387889
kumo_small,raw,1,2000,5,False,15.656541585922241,All,7807,0.30062764185986934,0.29812198877334595,0.1903036754811499,0.6914166787622262,0.054212454212454214,0.09145638529524786
kumo_small,raw,1,2000,5,False,15.656541585922241,Men,6857,0.31194399883330903,0.30416667461395264,0.19445350753159485,0.6890253098505105,0.059559135226791016,0.10004375091147732
kumo_small,raw,1,2000,5,False,15.656541585922241,Women,950,0.21894736842105264,0.2544924020767212,0.1603506245654646,0.6852646174580137,0.02021563342318059,0.029473684210526315
kumo_small,raw,1,2000,5,False,15.656541585922241,Black,4534,0.31473312748125276,0.3029598891735077,0.19598434363216433,0.6865110520832651,0.05503701319600901,0.09307454786060873
kumo_small,raw,1,2000,5,False,15.656541585922241,White,3273,0.281087687137183,0.29142025113105774,0.18243439671649997,0.6976972043090226,0.053123671908202295,0.08921478765658418
kumo_small,raw,1,2000,5,False,15.656541585922241,Black men,4195,0.3215733015494637,0.3065878450870514,0.19925843501719626,0.6812684182916785,0.059030217849613494,0.09773539928486293
kumo_small,raw,1,2000,5,False,15.656541585922241,White men,2662,0.29676934635612323,0.30035123229026794,0.18688150497633646,0.7014943741209563,0.060363247863247864,0.10368144252441773
kumo_small,raw,1,2000,5,False,15.656541585922241,Black women,339,0.23008849557522124,0.2580656111240387,0.15546867000322895,0.7330287847529227,0.011494252873563218,0.035398230088495575
kumo_small,raw,1,2000,5,False,15.656541585922241,White women,611,0.2127659574468085,0.2525098919868469,0.16305927038641038,0.6565488565488564,0.02494802494802495,0.02618657937806874
kumo_small,raw,1,2000,6,False,14.227895259857178,All,7807,0.30062764185986934,0.297688364982605,0.19015541140000156,0.6912406688610353,0.06227106227106227,0.10426540284360189
kumo_small,raw,1,2000,6,False,14.227895259857178,Men,6857,0.31194399883330903,0.30778566002845764,0.1945542531968234,0.6878450944638035,0.07142857142857142,0.11768995187399738
kumo_small,raw,1,2000,6,False,14.227895259857178,Women,950,0.21894736842105264,0.2248067855834961,0.1584050343465203,0.6869622123159859,0.004043126684636119,0.007368421052631579
kumo_small,raw,1,2000,6,False,14.227895259857178,Black,4534,0.31473312748125276,0.30108657479286194,0.19561284404959342,0.6893378177855957,0.06598004505954297,0.105866784296427
kumo_small,raw,1,2000,6,False,14.227895259857178,White,3273,0.281087687137183,0.2929808795452118,0.18259537484844354,0.6942912840222473,0.05737356566085848,0.10204705163458601
kumo_small,raw,1,2000,6,False,14.227895259857178,Black men,4195,0.3215733015494637,0.30742207169532776,0.19887274100887906,0.6837438992054186,0.07167955024595925,0.1134684147794994
kumo_small,raw,1,2000,6,False,14.227895259857178,White men,2662,0.29676934635612323,0.30835869908332825,0.18774882255385816,0.6965642918965702,0.07104700854700854,0.12434259954921112
kumo_small,raw,1,2000,6,False,14.227895259857178,Black women,339,0.23008849557522124,0.2226870208978653,0.15527282120533611,0.7370566853325474,0.0038314176245210726,0.011799410029498525
kumo_small,raw,1,2000,6,False,14.227895259857178,White women,611,0.2127659574468085,0.2259828895330429,0.16014287437084343,0.6567727490804414,0.004158004158004158,0.004909983633387889
kumo_small,raw,1,2000,7,False,15.092063903808594,All,7807,0.30062764185986934,0.3039313554763794,0.18895215565610546,0.6990985686661015,0.054212454212454214,0.09132829511976431
kumo_small,raw,1,2000,7,False,15.092063903808594,Men,6857,0.31194399883330903,0.3146696090698242,0.193452730223764,0.6949306972134411,0.06104281475201356,0.10150211462738808
kumo_small,raw,1,2000,7,False,15.092063903808594,Women,950,0.21894736842105264,0.2264234870672226,0.15646748217143766,0.6986380364918101,0.01078167115902965,0.017894736842105262
kumo_small,raw,1,2000,7,False,15.092063903808594,Black,4534,0.31473312748125276,0.3108660876750946,0.194865237458301,0.6927256287033214,0.053427743804312845,0.08954565505072784
kumo_small,raw,1,2000,7,False,15.092063903808594,White,3273,0.281087687137183,0.2943248152732849,0.18076092043118816,0.7065716291875311,0.055248618784530384,0.09379773907729912
kumo_small,raw,1,2000,7,False,15.092063903808594,Black men,4195,0.3215733015494637,0.31743893027305603,0.19835678883263502,0.6859788385972899,0.05832747716092762,0.09487485101311084
kumo_small,raw,1,2000,7,False,15.092063903808594,White men,2662,0.29676934635612323,0.31030547618865967,0.18572450863690673,0.7086200367845937,0.06517094017094018,0.11194590533433509
kumo_small,raw,1,2000,7,False,15.092063903808594,Black women,339,0.23008849557522124,0.22952939569950104,0.15165857664611423,0.7410354651733961,0.0,0.02359882005899705
kumo_small,raw,1,2000,7,False,15.092063903808594,White women,611,0.2127659574468085,0.2247002273797989,0.15913559833033233,0.673884535422997,0.016632016632016633,0.014729950900163666
kumo_small,raw,1,2000,8,False,16.326754808425903,All,7807,0.30062764185986934,0.296634316444397,0.19194451447873231,0.6847273270686138,0.07362637362637363,0.11246317407454848
kumo_small,raw,1,2000,8,False,16.326754808425903,Men,6857,0.31194399883330903,0.3082733154296875,0.1965431417167172,0.6800722507239043,0.08202628232301823,0.12352340673764037
kumo_small,raw,1,2000,8,False,16.326754808425903,Women,950,0.21894736842105264,0.21262550354003906,0.15875210714098245,0.6860874974082523,0.02021563342318059,0.03263157894736842
kumo_small,raw,1,2000,8,False,16.326754808425903,Black,4534,0.31473312748125276,0.3023650348186493,0.1987577170416789,0.6751289952903778,0.07692307692307693,0.11380679311865902
kumo_small,raw,1,2000,8,False,16.326754808425903,White,3273,0.281087687137183,0.2886958122253418,0.18250636586266147,0.6969151314695393,0.06927326816829579,0.11060189428658723
kumo_small,raw,1,2000,8,False,16.326754808425903,Black men,4195,0.3215733015494637,0.3094174265861511,0.20267567567495717,0.666708167784679,0.08327477160927618,0.1199046483909416
kumo_small,raw,1,2000,8,False,16.326754808425903,White men,2662,0.29676934635612323,0.3064703643321991,0.18687898696284166,0.7014166125716758,0.08012820512820513,0.12922614575507138
kumo_small,raw,1,2000,8,False,16.326754808425903,Black women,339,0.23008849557522124,0.21509434282779694,0.1502744236298728,0.7453580901856764,0.007662835249042145,0.038348082595870206
kumo_small,raw,1,2000,8,False,16.326754808425903,White women,611,0.2127659574468085,0.21125571429729462,0.1634557646045932,0.6509835279066047,0.02702702702702703,0.029459901800327332
kumo_small,raw,1,2000,9,False,15.592376470565796,All,7807,0.30062764185986934,0.3007318377494812,0.18972257558915745,0.6944342477576393,0.04285714285714286,0.07506084283335468
kumo_small,raw,1,2000,9,False,15.592376470565796,Men,6857,0.31194399883330903,0.3159349262714386,0.19403263836020565,0.6917072887478372,0.04959728698601102,0.08546011375236984
kumo_small,raw,1,2000,9,False,15.592376470565796,Women,950,0.21894736842105264,0.19099761545658112,0.1586129961985495,0.6969728384822724,0.0,0.0
kumo_small,raw,1,2000,9,False,15.592376470565796,Black,4534,0.31473312748125276,0.30842816829681396,0.196742417725145,0.682645986220504,0.04602510460251046,0.07675341861490957
kumo_small,raw,1,2000,9,False,15.592376470565796,White,3273,0.281087687137183,0.2900702655315399,0.17999817465895043,0.7084863911010919,0.03867403314917127,0.07271616254201038
kumo_small,raw,1,2000,9,False,15.592376470565796,Black men,4195,0.3215733015494637,0.31783726811408997,0.20001801251501,0.676348061368172,0.050245959241040056,0.0829558998808105
kumo_small,raw,1,2000,9,False,15.592376470565796,White men,2662,0.29676934635612323,0.3129369616508484,0.1846003902086638,0.7158410418695229,0.04861111111111111,0.08940646130728776
kumo_small,raw,1,2000,9,False,15.592376470565796,Black women,339,0.23008849557522124,0.19199396669864655,0.1562081400157532,0.7501228018469398,0.0,0.0
kumo_small,raw,1,2000,9,False,15.592376470565796,White women,611,0.2127659574468085,0.19044482707977295,0.159947278106844,0.665248680633296,0.0,0.0
kumo_small,raw,1,4000,0,False,20.32805609703064,All,7807,0.30062764185986934,0.29794806241989136,0.188675372983913,0.6983547697863846,0.05531135531135531,0.0941462789804022
kumo_small,raw,1,4000,0,False,20.32805609703064,Men,6857,0.31194399883330903,0.3073962926864624,0.19317883430233876,0.6939041213848627,0.06316235693090293,0.10529386028875602
kumo_small,raw,1,4000,0,False,20.32805609703064,Women,950,0.21894736842105264,0.22975139319896698,0.15616986323607573,0.7029014617458014,0.005390835579514825,0.01368421052631579
kumo_small,raw,1,4000,0,False,20.32805609703064,Black,4534,0.31473312748125276,0.3012736141681671,0.1951202851752947,0.6912383795976669,0.05889925973607982,0.09417732686369651
kumo_small,raw,1,4000,0,False,20.32805609703064,White,3273,0.281087687137183,0.2933412492275238,0.17974740724125346,0.7082221585764704,0.05057373565660858,0.09410326917201345
kumo_small,raw,1,4000,0,False,20.32805609703064,Black men,4195,0.3215733015494637,0.3073023557662964,0.1986760918413935,0.6842100053812538,0.06394940267041462,0.10011918951132301
kumo_small,raw,1,4000,0,False,20.32805609703064,White men,2662,0.29676934635612323,0.30754441022872925,0.18451580072745724,0.7108250838472358,0.06196581196581197,0.11344853493613824
kumo_small,raw,1,4000,0,False,20.32805609703064,Black women,339,0.23008849557522124,0.22667016088962555,0.15111848882047324,0.7581786030061892,0.0038314176245210726,0.02064896755162242
kumo_small,raw,1,4000,0,False,20.32805609703064,White women,611,0.2127659574468085,0.23146094381809235,0.15897250796093537,0.671149848072925,0.006237006237006237,0.009819967266775777
kumo_small,raw,1,4000,1,False,20.21512269973755,All,7807,0.30062764185986934,0.3077966868877411,0.18893326771470056,0.6978267791007459,0.06483516483516484,0.10849237863455873
kumo_small,raw,1,4000,1,False,20.21512269973755,Men,6857,0.31194399883330903,0.32199227809906006,0.19358988645385217,0.6927343600280704,0.07333615938957186,0.12119002479218317
kumo_small,raw,1,4000,1,False,20.21512269973755,Women,950,0.21894736842105264,0.2053341567516327,0.15532228382589802,0.7107674165457184,0.01078167115902965,0.016842105263157894
kumo_small,raw,1,4000,1,False,20.21512269973755,Black,4534,0.31473312748125276,0.3101859390735626,0.1947637021735781,0.6915286570618734,0.059221113614419056,0.10211733568592854
kumo_small,raw,1,4000,1,False,20.21512269973755,White,3273,0.281087687137183,0.30448687076568604,0.1808565216601479,0.706800291949223,0.07224819379515512,0.11732355637030248
kumo_small,raw,1,4000,1,False,20.21512269973755,Black men,4195,0.3215733015494637,0.31978684663772583,0.19813675584103563,0.6854842112556243,0.0646521433591005,0.10870083432657926
kumo_small,raw,1,4000,1,False,20.21512269973755,White men,2662,0.29676934635612323,0.3254678547382355,0.18642455321597293,0.706137752894082,0.08653846153846154,0.14087152516904583
kumo_small,raw,1,4000,1,False,20.21512269973755,Black women,339,0.23008849557522124,0.19137878715991974,0.15302340679014423,0.7469299538265054,0.0,0.02064896755162242
kumo_small,raw,1,4000,1,False,20.21512269973755,White women,611,0.2127659574468085,0.21307700872421265,0.15659776552003965,0.6901487286102671,0.016632016632016633,0.014729950900163666
kumo_small,raw,1,4000,2,False,20.723357439041138,All,7807,0.30062764185986934,0.3050615191459656,0.18934676523963775,0.6952484740085934,0.0641025641025641,0.10669911617778917
kumo_small,raw,1,4000,2,False,20.723357439041138,Men,6857,0.31194399883330903,0.31753697991371155,0.19387711945315286,0.6906320100215997,0.07248834251801611,0.11914831558990813
kumo_small,raw,1,4000,2,False,20.723357439041138,Women,950,0.21894736842105264,0.21501481533050537,0.15664714540587657,0.7001088534107403,0.01078167115902965,0.016842105263157894
kumo_small,raw,1,4000,2,False,20.723357439041138,Black,4534,0.31473312748125276,0.309548556804657,0.1957485776889231,0.6874255275911323,0.0653363373028645,0.10542567269519189
kumo_small,raw,1,4000,2,False,20.723357439041138,White,3273,0.281087687137183,0.2988457977771759,0.18047850442538185,0.7060530959552098,0.0624734381640459,0.10846318362358692
kumo_small,raw,1,4000,2,False,20.723357439041138,Black men,4195,0.3215733015494637,0.3173980414867401,0.19942314108340753,0.6794299100814897,0.07097680955727337,0.11251489868891537
kumo_small,raw,1,4000,2,False,20.723357439041138,White men,2662,0.29676934635612323,0.3177560269832611,0.18513723938594087,0.7100109542356378,0.07478632478632478,0.12960180315552217
kumo_small,raw,1,4000,2,False,20.723357439041138,Black women,339,0.23008849557522124,0.21241407096385956,0.150277210609683,0.7625503487572453,0.0038314176245210726,0.017699115044247787
kumo_small,raw,1,4000,2,False,20.723357439041138,White women,611,0.2127659574468085,0.2164577841758728,0.16018136454811818,0.6640172717095794,0.014553014553014554,0.016366612111292964
kumo_small,raw,1,4000,3,False,19.73617696762085,All,7807,0.30062764185986934,0.30119895935058594,0.18872712661395527,0.6980696657411612,0.058424908424908426,0.10195977968489817
kumo_small,raw,1,4000,3,False,19.73617696762085,Men,6857,0.31194399883330903,0.3160494863986969,0.1930138269878521,0.695327207172713,0.06740144128868164,0.11521073355694911
kumo_small,raw,1,4000,3,False,19.73617696762085,Women,950,0.21894736842105264,0.194009467959404,0.15778617454678612,0.6963637777317022,0.0013477088948787063,0.00631578947368421
kumo_small,raw,1,4000,3,False,19.73617696762085,Black,4534,0.31473312748125276,0.30903157591819763,0.19440592769119233,0.6933015599425219,0.06147409076279369,0.10608734009704456
kumo_small,raw,1,4000,3,False,19.73617696762085,White,3273,0.281087687137183,0.2903486490249634,0.18086043425703718,0.7032825809789538,0.05439864003399915,0.09624197983501374
kumo_small,raw,1,4000,3,False,19.73617696762085,Black men,4195,0.3215733015494637,0.3182578682899475,0.19773604146984655,0.687181285739365,0.06711173576950105,0.1137067938021454
kumo_small,raw,1,4000,3,False,19.73617696762085,White men,2662,0.29676934635612323,0.31256935000419617,0.18557217043189161,0.7084577518121823,0.06784188034188034,0.11758076634109692
kumo_small,raw,1,4000,3,False,19.73617696762085,Black women,339,0.23008849557522124,0.19485950469970703,0.15319699759840605,0.7530209254347185,0.0,0.011799410029498525
kumo_small,raw,1,4000,3,False,19.73617696762085,White women,611,0.2127659574468085,0.19353783130645752,0.16033237910570733,0.6641292179753718,0.002079002079002079,0.0032733224222585926
kumo_small,raw,1,4000,4,False,20.302440881729126,All,7807,0.30062764185986934,0.3073391616344452,0.1890963762842835,0.6965290816270792,0.061721611721611724,0.1049058537210196
kumo_small,raw,1,4000,4,False,20.302440881729126,Men,6857,0.31194399883330903,0.3189067840576172,0.19355256073774807,0.6924881701008404,0.06973293768545995,0.11710660638763308
kumo_small,raw,1,4000,4,False,20.302440881729126,Women,950,0.21894736842105264,0.22384510934352875,0.15693210597122406,0.699266535351441,0.01078167115902965,0.016842105263157894
kumo_small,raw,1,4000,4,False,20.302440881729126,Black,4534,0.31473312748125276,0.31028324365615845,0.1954385888217226,0.6889184153421677,0.06050852912777599,0.0992501102779003
kumo_small,raw,1,4000,4,False,20.302440881729126,White,3273,0.281087687137183,0.30326077342033386,0.1803106776454968,0.7072155804800532,0.06332341691457713,0.11274060494958753
kumo_small,raw,1,4000,4,False,20.302440881729126,Black men,4195,0.3215733015494637,0.31771141290664673,0.1989012463733322,0.6822406123689654,0.0657062543921293,0.10560190703218117
kumo_small,raw,1,4000,4,False,20.302440881729126,White men,2662,0.29676934635612323,0.3207906186580658,0.18512365906935005,0.7104166666666667,0.07585470085470085,0.135236664162284
kumo_small,raw,1,4000,4,False,20.302440881729126,Black women,339,0.23008849557522124,0.21836276352405548,0.1525894784116862,0.748943904116318,0.0038314176245210726,0.02064896755162242
kumo_small,raw,1,4000,4,False,20.302440881729126,White women,611,0.2127659574468085,0.22688685357570648,0.15934151798870902,0.670286262593955,0.014553014553014554,0.014729950900163666
kumo_small,raw,1,4000,5,False,21.696614027023315,All,7807,0.30062764185986934,0.29798346757888794,0.18919085528274007,0.6959168122035613,0.05952380952380952,0.10131932880748047
kumo_small,raw,1,4000,5,False,21.696614027023315,Men,6857,0.31194399883330903,0.31132087111473083,0.19348017156117275,0.692710925164802,0.06824925816023739,0.11433571532740265
kumo_small,raw,1,4000,5,False,21.696614027023315,Women,950,0.21894736842105264,0.20171549916267395,0.15823102189198984,0.6894697283848227,0.004043126684636119,0.007368421052631579
kumo_small,raw,1,4000,5,False,21.696614027023315,Black,4534,0.31473312748125276,0.3063964545726776,0.19577838452411866,0.6873187316476189,0.06308336015448986,0.1043228936921041
kumo_small,raw,1,4000,5,False,21.696614027023315,White,3273,0.281087687137183,0.2863291800022125,0.1800653259272831,0.7058509950294721,0.05482362940926477,0.09715857011915674
kumo_small,raw,1,4000,5,False,21.696614027023315,Black men,4195,0.3215733015494637,0.3147277534008026,0.1989871838660781,0.6817039195635402,0.06851721714687281,0.11179976162097735
kumo_small,raw,1,4000,5,False,21.696614027023315,White men,2662,0.29676934635612323,0.3059519827365875,0.18480176561861897,0.7096721843557288,0.06784188034188034,0.1183320811419985
kumo_small,raw,1,4000,5,False,21.696614027023315,Black women,339,0.23008849557522124,0.20329932868480682,0.15607067585296855,0.7320954907161803,0.0038314176245210726,0.011799410029498525
kumo_small,raw,1,4000,5,False,21.696614027023315,White women,611,0.2127659574468085,0.20083676278591156,0.1594296426894174,0.6637933791779944,0.004158004158004158,0.004909983633387889
kumo_small,raw,1,4000,6,False,20.28578233718872,All,7807,0.30062764185986934,0.2943514585494995,0.1895285715855992,0.6944276927446932,0.06483516483516484,0.10862046881004227
kumo_small,raw,1,4000,6,False,20.28578233718872,Men,6857,0.31194399883330903,0.3053934574127197,0.19392305195660595,0.690787631386347,0.07418397626112759,0.12235671576491176
kumo_small,raw,1,4000,6,False,20.28578233718872,Women,950,0.21894736842105264,0.21465152502059937,0.15780967484455363,0.6933508708272859,0.005390835579514825,0.009473684210526316
kumo_small,raw,1,4000,6,False,20.28578233718872,Black,4534,0.31473312748125276,0.2990829050540924,0.19582925143490612,0.6884540165086004,0.06984229159961378,0.1113806793118659
kumo_small,raw,1,4000,6,False,20.28578233718872,White,3273,0.281087687137183,0.2877971827983856,0.18080040707696565,0.702494964799793,0.058223544411389716,0.10479682248701497
kumo_small,raw,1,4000,6,False,20.28578233718872,Black men,4195,0.3215733015494637,0.3062954545021057,0.19911500183338635,0.6826823648552558,0.0758959943780745,0.11942789034564959
kumo_small,raw,1,4000,6,False,20.28578233718872,White men,2662,0.29676934635612323,0.3039720356464386,0.18574114747385098,0.7046819214540734,0.07158119658119658,0.12697220135236664
kumo_small,raw,1,4000,6,False,20.28578233718872,Black women,339,0.23008849557522124,0.20983010530471802,0.15516930181359465,0.7424108458591216,0.0038314176245210726,0.011799410029498525
kumo_small,raw,1,4000,6,False,20.28578233718872,White women,611,0.2127659574468085,0.2173265665769577,0.159274628130143,0.6658723812569967,0.006237006237006237,0.008183306055646482
kumo_small,raw,1,4000,7,False,21.009652137756348,All,7807,0.30062764185986934,0.30095750093460083,0.1875707986369473,0.7047259692445035,0.04468864468864469,0.08466760599462021
kumo_small,raw,1,4000,7,False,21.009652137756348,Men,6857,0.31194399883330903,0.31610873341560364,0.1918441467885274,0.70225788218992,0.051716829164900384,0.0961061688785183
kumo_small,raw,1,4000,7,False,21.009652137756348,Women,950,0.21894736842105264,0.19159749150276184,0.15672622150496343,0.7059143686502176,0.0,0.002105263157894737
kumo_small,raw,1,4000,7,False,21.009652137756348,Black,4534,0.31473312748125276,0.31004512310028076,0.19310119602561446,0.7004745935044159,0.045703250724171224,0.08513453903837671
kumo_small,raw,1,4000,7,False,21.009652137756348,White,3273,0.281087687137183,0.2883686423301697,0.17990968596960333,0.708630979877677,0.04334891627709307,0.08402077604644058
kumo_small,raw,1,4000,7,False,21.009652137756348,Black men,4195,0.3215733015494637,0.3195064067840576,0.196249108105498,0.6953352135597175,0.049894588896697116,0.09177592371871275
kumo_small,raw,1,4000,7,False,21.009652137756348,White men,2662,0.29676934635612323,0.3107543885707855,0.18490244403695275,0.7128286270691334,0.05448717948717949,0.10293012772351616
kumo_small,raw,1,4000,7,False,21.009652137756348,Black women,339,0.23008849557522124,0.19296541810035706,0.15414694477159843,0.7476667649081443,0.0,0.0029498525073746312
kumo_small,raw,1,4000,7,False,21.009652137756348,White women,611,0.2127659574468085,0.1908385306596756,0.15815727684475187,0.6813209659363507,0.0,0.0016366612111292963
kumo_small,raw,1,4000,8,False,19.882925033569336,All,7807,0.30062764185986934,0.29602012038230896,0.18991280129796573,0.6934835367728424,0.06483516483516484,0.10823619828359164
kumo_small,raw,1,4000,8,False,19.882925033569336,Men,6857,0.31194399883330903,0.3074912130832672,0.194510227170518,0.6886992035713742,0.07376006782534972,0.1210441884205921
kumo_small,raw,1,4000,8,False,19.882925033569336,Women,950,0.21894736842105264,0.21322296559810638,0.15672906528944885,0.6999274310595065,0.008086253369272238,0.015789473684210527
kumo_small,raw,1,4000,8,False,19.882925033569336,Black,4534,0.31473312748125276,0.3016328811645508,0.1966772598213959,0.6837922100535242,0.06565819118120374,0.10741067490074989
kumo_small,raw,1,4000,8,False,19.882925033569336,White,3273,0.281087687137183,0.2882448732852936,0.1805421765056552,0.7058639294887193,0.06374840628984275,0.1093797739077299
kumo_small,raw,1,4000,8,False,19.882925033569336,Black men,4195,0.3215733015494637,0.309184193611145,0.2003585580184439,0.6761795390458668,0.07167955024595925,0.11442193087008343
kumo_small,raw,1,4000,8,False,19.882925033569336,White men,2662,0.29676934635612323,0.30482324957847595,0.18529394320844098,0.7084976468679,0.07692307692307693,0.13148009015777612
kumo_small,raw,1,4000,8,False,19.882925033569336,Black women,339,0.23008849557522124,0.2081882208585739,0.1511225520437665,0.7530209254347185,0.0,0.02064896755162242
kumo_small,raw,1,4000,8,False,19.882925033569336,White women,611,0.2127659574468085,0.21601638197898865,0.15983971666471292,0.6689269150807614,0.012474012474012475,0.01309328968903437
kumo_small,raw,1,4000,9,False,20.25500512123108,All,7807,0.30062764185986934,0.3017069697380066,0.18823297889953639,0.7008559754405516,0.05824175824175824,0.10285641091328294
kumo_small,raw,1,4000,9,False,20.25500512123108,Men,6857,0.31194399883330903,0.3150361478328705,0.19254205246346848,0.6976204051565815,0.06697753285290377,0.11666909727285985
kumo_small,raw,1,4000,9,False,20.25500512123108,Women,950,0.21894736842105264,0.20549847185611725,0.15713053950176564,0.7035364399751192,0.0026954177897574125,0.003157894736842105
kumo_small,raw,1,4000,9,False,20.25500512123108,Black,4534,0.31473312748125276,0.30948713421821594,0.19485656615755684,0.6910679797342573,0.06211779851947216,0.10608734009704456
kumo_small,raw,1,4000,9,False,20.25500512123108,White,3273,0.281087687137183,0.29092931747436523,0.17905749933098622,0.7125739111956984,0.053123671908202295,0.09838069049801405
kumo_small,raw,1,4000,9,False,20.25500512123108,Black men,4195,0.3215733015494637,0.3180045783519745,0.19802679581104926,0.685629421757456,0.06746310611384398,0.11418355184743742
kumo_small,raw,1,4000,9,False,20.25500512123108,White men,2662,0.29676934635612323,0.3103582262992859,0.18389873978762264,0.7162207210862275,0.06623931623931624,0.12058602554470323
kumo_small,raw,1,4000,9,False,20.25500512123108,Black women,339,0.23008849557522124,0.20408684015274048,0.15562614315932455,0.7450633657530209,0.0038314176245210726,0.0058997050147492625
kumo_small,raw,1,4000,9,False,20.25500512123108,White women,611,0.2127659574468085,0.2062816470861435,0.15796522094217075,0.6786022709099632,0.002079002079002079,0.0016366612111292963
kumo_small,raw,1,8000,0,False,34.651041984558105,All,7807,0.30062764185986934,0.3014528453350067,0.18727747966704417,0.7044948660202176,0.057692307692307696,0.10272832073779942
kumo_small,raw,1,8000,0,False,34.651041984558105,Men,6857,0.31194399883330903,0.31271281838417053,0.19163395397243504,0.7006648564845009,0.06591776176345909,0.11535656992854018
kumo_small,raw,1,8000,0,False,34.651041984558105,Women,950,0.21894736842105264,0.22017952799797058,0.15583290670697564,0.7058625336927223,0.005390835579514825,0.011578947368421053
kumo_small,raw,1,8000,0,False,34.651041984558105,Black,4534,0.31473312748125276,0.30695196986198425,0.1933175133559885,0.6990819608682521,0.05986482137109752,0.10388178209086898
kumo_small,raw,1,8000,0,False,34.651041984558105,White,3273,0.281087687137183,0.29383501410484314,0.17891038136405807,0.7109813559008851,0.05482362940926477,0.10113046135044301
kumo_small,raw,1,8000,0,False,34.651041984558105,Black men,4195,0.3215733015494637,0.3141855299472809,0.1967148570319492,0.6926634705596452,0.06535488404778636,0.11108462455303933
kumo_small,raw,1,8000,0,False,34.651041984558105,White men,2662,0.29676934635612323,0.31039202213287354,0.18362704625843734,0.713876717515958,0.06677350427350427,0.12208865514650638
kumo_small,raw,1,8000,0,False,34.651041984558105,Black women,339,0.23008849557522124,0.2174394726753235,0.15127663807382002,0.7614205717653993,0.0,0.014749262536873156
kumo_small,raw,1,8000,0,False,34.651041984558105,White women,611,0.2127659574468085,0.2216997891664505,0.1583608528062224,0.6742043818966895,0.008316008316008316,0.009819967266775777
kumo_small,raw,1,8000,1,False,35.837055683135986,All,7807,0.30062764185986934,0.30399879813194275,0.1879157189718525,0.7023549274188389,0.05384615384615385,0.09542718073523761
kumo_small,raw,1,8000,1,False,35.837055683135986,Men,6857,0.31194399883330903,0.3176235854625702,0.1924495197159648,0.6979972952303266,0.06104281475201356,0.10704389674784891
kumo_small,raw,1,8000,1,False,35.837055683135986,Women,950,0.21894736842105264,0.20565642416477203,0.15519122244303354,0.7118429919137467,0.008086253369272238,0.011578947368421053
kumo_small,raw,1,8000,1,False,35.837055683135986,Black,4534,0.31473312748125276,0.30951523780822754,0.19402873756592098,0.6952894079850886,0.05181847441261667,0.09241288045875606
kumo_small,raw,1,8000,1,False,35.837055683135986,White,3273,0.281087687137183,0.29635703563690186,0.17944751661758832,0.711204706295386,0.056523586910327245,0.09960281087687137
kumo_small,raw,1,8000,1,False,35.837055683135986,Black men,4195,0.3215733015494637,0.3183600604534149,0.1973889321107656,0.6891096551569653,0.05657062543921293,0.09892729439809297
kumo_small,raw,1,8000,1,False,35.837055683135986,White men,2662,0.29676934635612323,0.3164629340171814,0.18466558470612654,0.7126220518230013,0.06784188034188034,0.11983471074380166
kumo_small,raw,1,8000,1,False,35.837055683135986,Black women,339,0.23008849557522124,0.20006313920021057,0.15244756908325685,0.7498771981530602,0.0,0.011799410029498525
kumo_small,raw,1,8000,1,False,35.837055683135986,White women,611,0.2127659574468085,0.20875976979732513,0.15671347856245138,0.6891731968655045,0.012474012474012475,0.011456628477905073
kumo_small,raw,1,8000,2,False,34.49383759498596,All,7807,0.30062764185986934,0.299137681722641,0.18758572573552354,0.702731372448032,0.062454212454212454,0.10798001793262457
kumo_small,raw,1,8000,2,False,34.49383759498596,Men,6857,0.31194399883330903,0.3139535188674927,0.19185784463356648,0.6994110665270682,0.07164052564646037,0.12206504302172962
kumo_small,raw,1,8000,2,False,34.49383759498596,Women,950,0.21894736842105264,0.19219867885112762,0.15675002122617587,0.703244868339208,0.004043126684636119,0.00631578947368421
kumo_small,raw,1,8000,2,False,34.49383759498596,Black,4534,0.31473312748125276,0.30614492297172546,0.19411363240521254,0.6950348795325969,0.06469262954618603,0.10851345390383767
kumo_small,raw,1,8000,2,False,34.49383759498596,White,3273,0.281087687137183,0.28943076729774475,0.1785427899456153,0.712276649605499,0.05949851253718657,0.10724106324472961
kumo_small,raw,1,8000,2,False,34.49383759498596,Black men,4195,0.3215733015494637,0.3154044449329376,0.19751580369032723,0.6883946725066902,0.07062543921293044,0.11680572109654351
kumo_small,raw,1,8000,2,False,34.49383759498596,White men,2662,0.29676934635612323,0.3116670250892639,0.18294156430181913,0.7175964243211078,0.07318376068376069,0.13035311795642374
kumo_small,raw,1,8000,2,False,34.49383759498596,Black women,339,0.23008849557522124,0.19156184792518616,0.1520130172398551,0.7611749680715197,0.0,0.0058997050147492625
kumo_small,raw,1,8000,2,False,34.49383759498596,White women,611,0.2127659574468085,0.19255200028419495,0.15937824438716233,0.6701423316807931,0.006237006237006237,0.006546644844517185
kumo_small,raw,1,8000,3,False,35.415520429611206,All,7807,0.30062764185986934,0.296306848526001,0.1876938151681071,0.7030726623185082,0.052564102564102565,0.09312155757653388
kumo_small,raw,1,8000,3,False,35.415520429611206,Men,6857,0.31194399883330903,0.3094407021999359,0.19196995309817164,0.699981430471981,0.060406952098346754,0.10500218754557386
kumo_small,raw,1,8000,3,False,35.415520429611206,Women,950,0.21894736842105264,0.20150801539421082,0.1568291017086833,0.7019684325108854,0.0026954177897574125,0.007368421052631579
kumo_small,raw,1,8000,3,False,35.415520429611206,Black,4534,0.31473312748125276,0.3031322956085205,0.19377583384403138,0.6968763483410767,0.05632442870936595,0.09616232906925452
kumo_small,raw,1,8000,3,False,35.415520429611206,White,3273,0.281087687137183,0.28685176372528076,0.17926855617738283,0.710305068460245,0.04759881002974926,0.08890925756186985
kumo_small,raw,1,8000,3,False,35.415520429611206,Black men,4195,0.3215733015494637,0.31147217750549316,0.19716587456986936,0.6903830796295323,0.06113843991567112,0.10274135876042909
kumo_small,raw,1,8000,3,False,35.415520429611206,White men,2662,0.29676934635612323,0.30623942613601685,0.18378178984731822,0.7154759006815969,0.05929487179487179,0.10856498873027799
kumo_small,raw,1,8000,3,False,35.415520429611206,Black women,339,0.23008849557522124,0.19992977380752563,0.15182532987680317,0.7581294822674133,0.0038314176245210726,0.014749262536873156
kumo_small,raw,1,8000,3,False,35.415520429611206,White women,611,0.2127659574468085,0.20238368213176727,0.15960533518005376,0.6686550455781225,0.002079002079002079,0.0032733224222585926
kumo_small,raw,1,8000,4,False,36.149473428726196,All,7807,0.30062764185986934,0.2996025085449219,0.18754462493324278,0.703038287518475,0.057692307692307696,0.10042269757909568
kumo_small,raw,1,8000,4,False,36.149473428726196,Men,6857,0.31194399883330903,0.31228452920913696,0.19187560508982435,0.6994738897968865,0.06591776176345909,0.1128773516114919
kumo_small,raw,1,8000,4,False,36.149473428726196,Women,950,0.21894736842105264,0.20806510746479034,0.15628406605568526,0.7021692929711797,0.005390835579514825,0.010526315789473684
kumo_small,raw,1,8000,4,False,36.149473428726196,Black,4534,0.31473312748125276,0.3054709732532501,0.19385435851624486,0.6960055159484573,0.059221113614419056,0.10013233348037054
kumo_small,raw,1,8000,4,False,36.149473428726196,White,3273,0.281087687137183,0.2914730906486511,0.1788039185277031,0.7117786729244813,0.055673608159796,0.1008249312557287
kumo_small,raw,1,8000,4,False,36.149473428726196,Black men,4195,0.3215733015494637,0.3134216368198395,0.19724350687663508,0.6896248594127923,0.06430077301475755,0.1067938021454112
kumo_small,raw,1,8000,4,False,36.149473428726196,White men,2662,0.29676934635612323,0.3104925751686096,0.18341642101932434,0.7156875473331169,0.06837606837606838,0.12246431254695718
kumo_small,raw,1,8000,4,False,36.149473428726196,Black women,339,0.23008849557522124,0.20708449184894562,0.15191489724238968,0.7542980646428922,0.0038314176245210726,0.017699115044247787
kumo_small,raw,1,8000,4,False,36.149473428726196,White women,611,0.2127659574468085,0.2086091786623001,0.15870820390790655,0.6710379018071325,0.006237006237006237,0.006546644844517185
kumo_small,raw,1,8000,5,False,268.4024832248688,All,7807,0.30062764185986934,0.2977374792098999,0.18825070929254198,0.6999948886506193,0.05457875457875458,0.09657999231458947
kumo_small,raw,1,8000,5,False,268.4024832248688,Men,6857,0.31194399883330903,0.31079304218292236,0.19259550988119667,0.6965165884150324,0.06273844849512505,0.10908560595012397
kumo_small,raw,1,8000,5,False,268.4024832248688,Women,950,0.21894736842105264,0.20350413024425507,0.1568903959910631,0.6988194588430438,0.0026954177897574125,0.00631578947368421
kumo_small,raw,1,8000,5,False,268.4024832248688,Black,4534,0.31473312748125276,0.30465245246887207,0.19464798966024252,0.6925001956609946,0.057611844222722884,0.09616232906925452
kumo_small,raw,1,8000,5,False,268.4024832248688,White,3273,0.281087687137183,0.28815844655036926,0.17938872665057617,0.7091631404867051,0.05057373565660858,0.09715857011915674
kumo_small,raw,1,8000,5,False,268.4024832248688,Black men,4195,0.3215733015494637,0.31288304924964905,0.1980316900111094,0.685995638736067,0.0628952916373858,0.1032181168057211
kumo_small,raw,1,8000,5,False,268.4024832248688,White men,2662,0.29676934635612323,0.3074994385242462,0.18402872714453852,0.7135933950016229,0.0625,0.1183320811419985
kumo_small,raw,1,8000,5,False,268.4024832248688,Black women,339,0.23008849557522124,0.2028016448020935,0.15277594549538553,0.7490421455938697,0.0,0.008849557522123894
kumo_small,raw,1,8000,5,False,268.4024832248688,White women,611,0.2127659574468085,0.20389389991760254,0.1591732089502034,0.6688789381097073,0.004158004158004158,0.004909983633387889
kumo_small,raw,1,8000,6,False,400.17391419410706,All,7807,0.30062764185986934,0.2924353778362274,0.18803011570745096,0.7014453803546261,0.05512820512820513,0.09747662354297425
kumo_small,raw,1,8000,6,False,400.17391419410706,Men,6857,0.31194399883330903,0.3054288923740387,0.19255857741102786,0.6967020359693937,0.06273844849512505,0.10923144232171504
kumo_small,raw,1,8000,6,False,400.17391419410706,Women,950,0.21894736842105264,0.19864970445632935,0.15534415581121214,0.71158381712627,0.006738544474393531,0.01263157894736842
kumo_small,raw,1,8000,6,False,400.17391419410706,Black,4534,0.31473312748125276,0.2965589761734009,0.19447319217542056,0.6945438662928319,0.052784036047634375,0.09285399205999118
kumo_small,raw,1,8000,6,False,400.17391419410706,White,3273,0.281087687137183,0.2867231070995331,0.17910469294369472,0.7105411223415068,0.058223544411389716,0.10388023220287199
kumo_small,raw,1,8000,6,False,400.17391419410706,Black men,4195,0.3215733015494637,0.3050106167793274,0.19793033864821483,0.6876165265439589,0.05762473647224174,0.09892729439809297
kumo_small,raw,1,8000,6,False,400.17391419410706,White men,2662,0.29676934635612323,0.30608803033828735,0.1840933112990822,0.712192334739803,0.07051282051282051,0.12546957175056347
kumo_small,raw,1,8000,6,False,400.17391419410706,Black women,339,0.23008849557522124,0.19197310507297516,0.15169227933361545,0.7595539836919147,0.0,0.017699115044247787
kumo_small,raw,1,8000,6,False,400.17391419410706,White women,611,0.2127659574468085,0.2023540884256363,0.1573703196833976,0.6828722213337598,0.010395010395010396,0.009819967266775777
kumo_small,raw,1,8000,7,False,413.250497341156,All,7807,0.30062764185986934,0.3003011643886566,0.18754356093682495,0.7043741835497268,0.047619047619047616,0.08633277827590624
kumo_small,raw,1,8000,7,False,413.250497341156,Men,6857,0.31194399883330903,0.31462693214416504,0.19185002325519424,0.7014081826020765,0.05510809665112336,0.09800204170920228
kumo_small,raw,1,8000,7,False,413.250497341156,Women,950,0.21894736842105264,0.19689913094043732,0.15645996923465824,0.7061605846983205,0.0,0.002105263157894737
kumo_small,raw,1,8000,7,False,413.250497341156,Black,4534,0.31473312748125276,0.30787721276283264,0.1935670984052964,0.6980116332020582,0.05181847441261667,0.08910454344949272
kumo_small,raw,1,8000,7,False,413.250497341156,White,3273,0.281087687137183,0.28980621695518494,0.17919931441007592,0.7113375154751567,0.04207394815129622,0.08249312557286893
kumo_small,raw,1,8000,7,False,413.250497341156,Black men,4195,0.3215733015494637,0.31702566146850586,0.19681215326868567,0.6921580338263631,0.05657062543921293,0.09606674612634088
kumo_small,raw,1,8000,7,False,413.250497341156,White men,2662,0.29676934635612323,0.31084683537483215,0.18403028794092055,0.7160695932056691,0.052884615384615384,0.1010518407212622
kumo_small,raw,1,8000,7,False,413.250497341156,Black women,339,0.23008849557522124,0.19466906785964966,0.153410741025007,0.7546910305530995,0.0,0.0029498525073746312
kumo_small,raw,1,8000,7,False,413.250497341156,White women,611,0.2127659574468085,0.19813643395900726,0.1581517668828936,0.6777226931073085,0.0,0.0016366612111292963
kumo_small,raw,1,8000,8,False,189.648268699646,All,7807,0.30062764185986934,0.2999577820301056,0.18794888331617074,0.7016776150990041,0.05531135531135531,0.09939797617522736
kumo_small,raw,1,8000,8,False,189.648268699646,Men,6857,0.31194399883330903,0.3127979636192322,0.19243870217740977,0.6973841738076113,0.06295040271301398,0.11112731515239901
kumo_small,raw,1,8000,8,False,189.648268699646,Women,950,0.21894736842105264,0.2072785645723343,0.1555418433882593,0.709309558366162,0.006738544474393531,0.014736842105263158
kumo_small,raw,1,8000,8,False,189.648268699646,Black,4534,0.31473312748125276,0.30526646971702576,0.19447009950078348,0.6934171521728294,0.056968136466044414,0.09770621967357741
kumo_small,raw,1,8000,8,False,189.648268699646,White,3273,0.281087687137183,0.29260382056236267,0.1789152156776025,0.7121103494151777,0.053123671908202295,0.10174152153987168
kumo_small,raw,1,8000,8,False,189.648268699646,Black men,4195,0.3215733015494637,0.3137505054473877,0.19794903601873218,0.6864648705191165,0.06219255094869993,0.10417163289630513
kumo_small,raw,1,8000,8,False,189.648268699646,White men,2662,0.29676934635612323,0.31129691004753113,0.18375506188276378,0.7150695120631829,0.0641025641025641,0.12208865514650638
kumo_small,raw,1,8000,8,False,189.648268699646,Black women,339,0.23008849557522124,0.2002793550491333,0.15141954288486903,0.7592592592592593,0.0,0.017699115044247787
kumo_small,raw,1,8000,8,False,189.648268699646,White women,611,0.2127659574468085,0.21116194128990173,0.15782901175266076,0.680089557012634,0.010395010395010396,0.01309328968903437
kumo_small,raw,1,8000,9,False,34.89432430267334,All,7807,0.30062764185986934,0.302400141954422,0.18740565865198694,0.7046224156471281,0.056043956043956046,0.09875752529780966
kumo_small,raw,1,8000,9,False,34.89432430267334,Men,6857,0.31194399883330903,0.31573110818862915,0.19169574923299273,0.7016458012156799,0.06485799067401442,0.1122940061251276
kumo_small,raw,1,8000,9,False,34.89432430267334,Women,950,0.21894736842105264,0.2061787247657776,0.156440236426769,0.7052405142027783,0.0,0.0010526315789473684
kumo_small,raw,1,8000,9,False,34.89432430267334,Black,4534,0.31473312748125276,0.31160256266593933,0.19370907540208546,0.6967137298082928,0.06404892178950757,0.10652845169827967
kumo_small,raw,1,8000,9,False,34.89432430267334,White,3273,0.281087687137183,0.2896523177623749,0.17867370278735306,0.713306786895545,0.04547386315342117,0.08799266727772685
kumo_small,raw,1,8000,9,False,34.89432430267334,Black men,4195,0.3215733015494637,0.32013627886772156,0.19691892806116074,0.691227254044666,0.06992269852424456,0.11489868891537544
kumo_small,raw,1,8000,9,False,34.89432430267334,White men,2662,0.29676934635612323,0.30878913402557373,0.18346463158304357,0.7173665206101916,0.057158119658119656,0.10818933132982719
kumo_small,raw,1,8000,9,False,34.89432430267334,Black women,339,0.23008849557522124,0.20600110292434692,0.1539883323200178,0.7529226839571667,0.0,0.0029498525073746312
kumo_small,raw,1,8000,9,False,34.89432430267334,White women,611,0.2127659574468085,0.2062772810459137,0.15780062184769975,0.6772909003678235,0.0,0.0
kumo_small,raw,1,16000,0,False,74.70246911048889,All,7807,0.30062764185986934,0.29750561714172363,0.18691548712099795,0.7062386165176961,0.0543956043956044,0.09529909055975407
kumo_small,raw,1,16000,0,False,74.70246911048889,Men,6857,0.31194399883330903,0.31007468700408936,0.1913112524253762,0.7023025719291758,0.06167867740568037,0.10631471488989354
kumo_small,raw,1,16000,0,False,74.70246911048889,Women,950,0.21894736842105264,0.20678377151489258,0.15518731586613316,0.708078478125648,0.008086253369272238,0.015789473684210527
kumo_small,raw,1,16000,0,False,74.70246911048889,Black,4534,0.31473312748125276,0.3040827512741089,0.19299989871118853,0.6999786182567157,0.05600257483102671,0.09572121746801941
kumo_small,raw,1,16000,0,False,74.70246911048889,White,3273,0.281087687137183,0.28839460015296936,0.17848691328967384,0.7136724163417654,0.05227369315767106,0.0947143293614421
kumo_small,raw,1,16000,0,False,74.70246911048889,Black men,4195,0.3215733015494637,0.3120693266391754,0.19642605459360624,0.6934153093283226,0.06113843991567112,0.10178784266984506
kumo_small,raw,1,16000,0,False,74.70246911048889,White men,2662,0.29676934635612323,0.30693137645721436,0.183250923689191,0.7165567862165965,0.0625,0.11344853493613824
kumo_small,raw,1,16000,0,False,74.70246911048889,Black women,339,0.23008849557522124,0.20525182783603668,0.1506024829980842,0.7581786030061891,0.0,0.02064896755162242
kumo_small,raw,1,16000,0,False,74.70246911048889,White women,611,0.2127659574468085,0.20763374865055084,0.15773111020699826,0.679050055973133,0.012474012474012475,0.01309328968903437
kumo_small,raw,1,16000,1,False,73.46294474601746,All,7807,0.30062764185986934,0.29826465249061584,0.18694204386023203,0.7062300325721715,0.05201465201465202,0.0928653772255668
kumo_small,raw,1,16000,1,False,73.46294474601746,Men,6857,0.31194399883330903,0.3106948733329773,0.19136586409793033,0.7022399468400192,0.05934718100890208,0.10427300568761849
kumo_small,raw,1,16000,1,False,73.46294474601746,Women,950,0.21894736842105264,0.20854459702968597,0.15501137504981383,0.7117587601078168,0.005390835579514825,0.010526315789473684
kumo_small,raw,1,16000,1,False,73.46294474601746,Black,4534,0.31473312748125276,0.3045039772987366,0.193161228147855,0.6993592694480826,0.05374959768265208,0.09307454786060873
kumo_small,raw,1,16000,1,False,73.46294474601746,White,3273,0.281087687137183,0.2896214723587036,0.17832677298944602,0.7145965372604814,0.049723756906077346,0.0925756186984418
kumo_small,raw,1,16000,1,False,73.46294474601746,Black men,4195,0.3215733015494637,0.3125374913215637,0.196548266357926,0.6929855383363539,0.058678847505270554,0.09940405244338499
kumo_small,raw,1,16000,1,False,73.46294474601746,White men,2662,0.29676934635612323,0.30779120326042175,0.1831990055401986,0.7171440549605107,0.060363247863247864,0.11194590533433509
kumo_small,raw,1,16000,1,False,73.46294474601746,Black women,339,0.23008849557522124,0.2050928920507431,0.15124787920612104,0.7596522251694665,0.0,0.014749262536873156
kumo_small,raw,1,16000,1,False,73.46294474601746,White women,611,0.2127659574468085,0.21045970916748047,0.15709946848845843,0.6837677914600993,0.008316008316008316,0.008183306055646482
kumo_small,raw,1,16000,2,False,73.6209065914154,All,7807,0.30062764185986934,0.29896238446235657,0.18673953484397188,0.7068389854712821,0.056043956043956046,0.09901370564877673
kumo_small,raw,1,16000,2,False,73.6209065914154,Men,6857,0.31194399883330903,0.31123656034469604,0.19114247480416122,0.7028865607945934,0.0635862653666808,0.11083564240921685
kumo_small,raw,1,16000,2,False,73.6209065914154,Women,950,0.21894736842105264,0.21036851406097412,0.15495957767868923,0.7112209724238027,0.008086253369272238,0.01368421052631579
kumo_small,raw,1,16000,2,False,73.6209065914154,Black,4534,0.31473312748125276,0.3056316077709198,0.1928206253099424,0.7004943287632488,0.05986482137109752,0.10167622408469343
kumo_small,raw,1,16000,2,False,73.6209065914154,White,3273,0.281087687137183,0.28972363471984863,0.17831556167785192,0.7143480108649458,0.050998725031874206,0.09532538955087076
kumo_small,raw,1,16000,2,False,73.6209065914154,Black men,4195,0.3215733015494637,0.31358498334884644,0.1962545869159196,0.6939624208244622,0.06500351370344343,0.10846245530393325
kumo_small,raw,1,16000,2,False,73.6209065914154,White men,2662,0.29676934635612323,0.30753573775291443,0.183086385281687,0.7169547224926972,0.06143162393162393,0.11457550713749061
kumo_small,raw,1,16000,2,False,73.6209065914154,Black women,339,0.23008849557522124,0.20721149444580078,0.15032661664600647,0.7626977109735731,0.0038314176245210726,0.017699115044247787
kumo_small,raw,1,16000,2,False,73.6209065914154,White women,611,0.2127659574468085,0.21212011575698853,0.1575300748801286,0.6814808891731969,0.010395010395010396,0.011456628477905073
kumo_small,raw,1,16000,3,False,73.44416046142578,All,7807,0.30062764185986934,0.2982914447784424,0.18697040343255245,0.7060115321406332,0.054945054945054944,0.09670808249007301
kumo_small,raw,1,16000,3,False,73.44416046142578,Men,6857,0.31194399883330903,0.311180055141449,0.19135881594586246,0.7021886180485903,0.06252649427723611,0.10850226046375966
kumo_small,raw,1,16000,3,False,73.44416046142578,Women,950,0.21894736842105264,0.2052626758813858,0.15529530384964002,0.710560076715737,0.006738544474393531,0.011578947368421053
kumo_small,raw,1,16000,3,False,73.44416046142578,Black,4534,0.31473312748125276,0.3039970099925995,0.19312145579638745,0.699529669311492,0.05503701319600901,0.09616232906925452
kumo_small,raw,1,16000,3,False,73.44416046142578,White,3273,0.281087687137183,0.2903876006603241,0.17844951390684885,0.7140350431456605,0.05482362940926477,0.09746410021387107
kumo_small,raw,1,16000,3,False,73.44416046142578,Black men,4195,0.3215733015494637,0.3122919797897339,0.19655626132410736,0.6929718638047913,0.060084328882642306,0.10274135876042909
kumo_small,raw,1,16000,3,False,73.44416046142578,White men,2662,0.29676934635612323,0.30942779779434204,0.1831682511969003,0.7173722682029644,0.06623931623931624,0.11758076634109692
kumo_small,raw,1,16000,3,False,73.44416046142578,Black women,339,0.23008849557522124,0.20135030150413513,0.1506170039120658,0.7604381569898812,0.0,0.014749262536873156
kumo_small,raw,1,16000,3,False,73.44416046142578,White women,611,0.2127659574468085,0.20743340253829956,0.15789095635182934,0.6806652806652808,0.010395010395010396,0.009819967266775777
kumo_small,raw,1,16000,4,False,73.4217140674591,All,7807,0.30062764185986934,0.29809749126434326,0.18672714482026173,0.707052218481703,0.0521978021978022,0.09363391827846804
kumo_small,raw,1,16000,4,False,73.4217140674591,Men,6857,0.31194399883330903,0.3108074963092804,0.19112338294191403,0.703228868342839,0.059559135226791016,0.10500218754557386
kumo_small,raw,1,16000,4,False,73.4217140674591,Women,950,0.21894736842105264,0.206357941031456,0.15499556082008303,0.7112209724238026,0.005390835579514825,0.011578947368421053
kumo_small,raw,1,16000,4,False,73.4217140674591,Black,4534,0.31473312748125276,0.30471304059028625,0.19299241218316,0.7001104497857202,0.053427743804312845,0.09439788266431408
kumo_small,raw,1,16000,4,False,73.4217140674591,White,3273,0.281087687137183,0.28893306851387024,0.1780480362888286,0.7154243426523031,0.05057373565660858,0.0925756186984418
kumo_small,raw,1,16000,4,False,73.4217140674591,Black men,4195,0.3215733015494637,0.3129293918609619,0.19640750305903892,0.6935938596404406,0.05832747716092762,0.10083432657926103
kumo_small,raw,1,16000,4,False,73.4217140674591,White men,2662,0.29676934635612323,0.3074636459350586,0.1827962289631991,0.7186025911500595,0.06143162393162393,0.1115702479338843
kumo_small,raw,1,16000,4,False,73.4217140674591,Black women,339,0.23008849557522124,0.20303907990455627,0.15073192184595546,0.7631397976225562,0.0,0.014749262536873156
kumo_small,raw,1,16000,4,False,73.4217140674591,White women,611,0.2127659574468085,0.20819930732250214,0.1573611477468085,0.6809051655205502,0.008316008316008316,0.009819967266775777
kumo_small,raw,1,16000,5,False,72.91676926612854,All,7807,0.30062764185986934,0.2995884120464325,0.18678406677101173,0.7068300113464152,0.05293040293040293,0.09529909055975407
kumo_small,raw,1,16000,5,False,72.91676926612854,Men,6857,0.31194399883330903,0.3119180202484131,0.19115981372458352,0.7030522398279317,0.060406952098346754,0.10704389674784891
kumo_small,raw,1,16000,5,False,72.91676926612854,Women,950,0.21894736842105264,0.210595041513443,0.15520038586507293,0.7099315778561062,0.005390835579514825,0.010526315789473684
kumo_small,raw,1,16000,5,False,72.91676926612854,Black,4534,0.31473312748125276,0.3062796890735626,0.1930423236966432,0.6995625990005163,0.056968136466044414,0.09748566387295986
kumo_small,raw,1,16000,5,False,72.91676926612854,White,3273,0.281087687137183,0.2903192341327667,0.1781146696121932,0.7154862432787006,0.04759881002974926,0.09227008860372747
kumo_small,raw,1,16000,5,False,72.91676926612854,Black men,4195,0.3215733015494637,0.31419837474823,0.19643893772201232,0.693139604725293,0.06219255094869993,0.10417163289630513
kumo_small,raw,1,16000,5,False,72.91676926612854,White men,2662,0.29676934635612323,0.30832439661026,0.18284053304493894,0.718693876447041,0.057692307692307696,0.1115702479338843
kumo_small,raw,1,16000,5,False,72.91676926612854,Black women,339,0.23008849557522124,0.20828895270824432,0.15101047757150024,0.7608802436388643,0.0,0.014749262536873156
kumo_small,raw,1,16000,5,False,72.91676926612854,White women,611,0.2127659574468085,0.21187452971935272,0.15752506493466567,0.6813209659363506,0.008316008316008316,0.008183306055646482
kumo_small,raw,1,16000,6,False,72.75607323646545,All,7807,0.30062764185986934,0.298936128616333,0.18692020713885774,0.706138964713741,0.05549450549450549,0.09837325477135904
kumo_small,raw,1,16000,6,False,72.75607323646545,Men,6857,0.31194399883330903,0.3121525049209595,0.1913625281137856,0.7019963828065593,0.0635862653666808,0.11068980603762578
kumo_small,raw,1,16000,6,False,72.75607323646545,Women,950,0.21894736842105264,0.20354175567626953,0.1548560019545627,0.7132360563964337,0.004043126684636119,0.009473684210526316
kumo_small,raw,1,16000,6,False,72.75607323646545,Black,4534,0.31473312748125276,0.30553746223449707,0.1932892684320007,0.6984738893503807,0.056968136466044414,0.09814733127481252
kumo_small,raw,1,16000,6,False,72.75607323646545,White,3273,0.281087687137183,0.289791464805603,0.17809731563164413,0.7154566788004213,0.05354866128346791,0.09868622059272839
kumo_small,raw,1,16000,6,False,72.75607323646545,Black men,4195,0.3215733015494637,0.3140430450439453,0.19669006099479708,0.6920248048188529,0.06219255094869993,0.10488676996424315
kumo_small,raw,1,16000,6,False,72.75607323646545,White men,2662,0.29676934635612323,0.30917322635650635,0.1829669607073832,0.7179575083847236,0.06570512820512821,0.11983471074380166
kumo_small,raw,1,16000,6,False,72.75607323646545,Black women,339,0.23008849557522124,0.20028412342071533,0.151205714446954,0.7606837606837606,0.0,0.014749262536873156
kumo_small,raw,1,16000,6,False,72.75607323646545,White women,611,0.2127659574468085,0.2053491622209549,0.15688128422146835,0.6850151927075006,0.006237006237006237,0.006546644844517185
kumo_small,raw,1,16000,7,False,72.63489151000977,All,7807,0.30062764185986934,0.30004173517227173,0.18680231876070372,0.7070127323322892,0.05347985347985348,0.09542718073523761
kumo_small,raw,1,16000,7,False,72.63489151000977,Men,6857,0.31194399883330903,0.31305021047592163,0.19120908293041652,0.7031881422168211,0.06083086053412463,0.10704389674784891
kumo_small,raw,1,16000,7,False,72.63489151000977,Women,950,0.21894736842105264,0.2061479538679123,0.1549947588536295,0.7124650114036907,0.006738544474393531,0.011578947368421053
kumo_small,raw,1,16000,7,False,72.63489151000977,Black,4534,0.31473312748125276,0.30698275566101074,0.19293259926610076,0.6998614472057016,0.05632442870936595,0.09748566387295986
kumo_small,raw,1,16000,7,False,72.63489151000977,White,3273,0.281087687137183,0.2904265224933624,0.17831020393898972,0.7156359134499899,0.049723756906077346,0.0925756186984418
kumo_small,raw,1,16000,7,False,72.63489151000977,Black men,4195,0.3215733015494637,0.3154435455799103,0.1963191776751772,0.6935662501100474,0.06148981026001406,0.10417163289630513
kumo_small,raw,1,16000,7,False,72.63489151000977,White men,2662,0.29676934635612323,0.30927857756614685,0.18315617254188488,0.7185146867900032,0.05982905982905983,0.1115702479338843
kumo_small,raw,1,16000,7,False,72.63489151000977,Black women,339,0.23008849557522124,0.20228369534015656,0.15102494019213095,0.759406621475587,0.0,0.014749262536873156
kumo_small,raw,1,16000,7,False,72.63489151000977,White women,611,0.2127659574468085,0.2082919478416443,0.15719732599969832,0.6846473692627538,0.010395010395010396,0.009819967266775777
kumo_small,raw,1,16000,8,False,72.69941973686218,All,7807,0.30062764185986934,0.29835420846939087,0.18686965770983402,0.7064286338572661,0.054212454212454214,0.09657999231458947
kumo_small,raw,1,16000,8,False,72.69941973686218,Men,6857,0.31194399883330903,0.3108484447002411,0.19128350449939574,0.7024822226991772,0.061466723187791436,0.10806475134898644
kumo_small,raw,1,16000,8,False,72.69941973686218,Women,950,0.21894736842105264,0.20817238092422485,0.15501097619822898,0.7109682770060128,0.008086253369272238,0.01368421052631579
kumo_small,raw,1,16000,8,False,72.69941973686218,Black,4534,0.31473312748125276,0.3047661781311035,0.19312352676073494,0.6990680898006153,0.05600257483102671,0.09748566387295986
kumo_small,raw,1,16000,8,False,72.69941973686218,White,3273,0.281087687137183,0.2894718647003174,0.17820633895737908,0.7153291819878417,0.05184870378240544,0.09532538955087076
kumo_small,raw,1,16000,8,False,72.69941973686218,Black men,4195,0.3215733015494637,0.312895804643631,0.1966158654985813,0.6922127319526138,0.06113843991567112,0.10417163289630513
kumo_small,raw,1,16000,8,False,72.69941973686218,White men,2662,0.29676934635612323,0.3076220154762268,0.1828803285446311,0.7186891431353457,0.06196581196581197,0.11419984973703982
kumo_small,raw,1,16000,8,False,72.69941973686218,Black women,339,0.23008849557522124,0.20416560769081116,0.1499071226154092,0.7635327635327636,0.0,0.014749262536873156
kumo_small,raw,1,16000,8,False,72.69941973686218,White women,611,0.2127659574468085,0.2103954255580902,0.15784273784237943,0.6801695186310572,0.012474012474012475,0.01309328968903437
kumo_small,raw,1,16000,9,False,72.71546649932861,All,7807,0.30062764185986934,0.29734230041503906,0.18663977168039228,0.7073493010327268,0.051831501831501835,0.0941462789804022
kumo_small,raw,1,16000,9,False,72.71546649932861,Men,6857,0.31194399883330903,0.3100130259990692,0.19101248649622893,0.7035650818357315,0.059559135226791016,0.10616887851830246
kumo_small,raw,1,16000,9,False,72.71546649932861,Women,950,0.21894736842105264,0.20588628947734833,0.15507797642545346,0.7114412709931579,0.0026954177897574125,0.007368421052631579
kumo_small,raw,1,16000,9,False,72.71546649932861,Black,4534,0.31473312748125276,0.3049079179763794,0.19287667524850263,0.7002399130836647,0.05568072095268748,0.0972651080723423
kumo_small,raw,1,16000,9,False,72.71546649932861,White,3273,0.281087687137183,0.2868618667125702,0.17799995476080402,0.7155707792087806,0.04674883127921802,0.08982584784601283
kumo_small,raw,1,16000,9,False,72.71546649932861,Black men,4195,0.3215733015494637,0.3130127191543579,0.19625145997656318,0.693834531395943,0.06078706957132818,0.10417163289630513
kumo_small,raw,1,16000,9,False,72.71546649932861,White men,2662,0.29676934635612323,0.3052859306335449,0.1827564783256796,0.7186871145731906,0.057692307692307696,0.10931630353117956
kumo_small,raw,1,16000,9,False,72.71546649932861,Black women,339,0.23008849557522124,0.20461423695087433,0.1511149586284021,0.7630415561450044,0.0,0.011799410029498525
kumo_small,raw,1,16000,9,False,72.71546649932861,White women,611,0.2127659574468085,0.20659208297729492,0.15727677026047868,0.6819126819126818,0.004158004158004158,0.004909983633387889
kumo_small,raw,1,18028,0,True,85.7276303768158,All,7807,0.30062764185986934,0.298699289560318,0.1866978836126713,0.7071262355028866,0.05531135531135531,0.09888561547329319
kumo_small,raw,1,18028,0,True,85.7276303768158,Men,6857,0.31194399883330903,0.3112397789955139,0.19110873374817428,0.7031445920163713,0.06295040271301398,0.1105439696660347
kumo_small,raw,1,18028,0,True,85.7276303768158,Women,950,0.21894736842105264,0.20818333327770233,0.15486083163462533,0.7111367406178727,0.006738544474393531,0.014736842105263158
kumo_small,raw,1,18028,0,True,85.7276303768158,Black,4534,0.31473312748125276,0.30527520179748535,0.19287769814516104,0.7003420853379657,0.057611844222722884,0.10013233348037054
kumo_small,raw,1,18028,0,True,85.7276303768158,White,3273,0.281087687137183,0.2895898222923279,0.17813715061838215,0.7153448881169275,0.05227369315767106,0.09715857011915674
kumo_small,raw,1,18028,0,True,85.7276303768158,Black men,4195,0.3215733015494637,0.313284695148468,0.19631254849296376,0.6938118707436393,0.0628952916373858,0.1065554231227652
kumo_small,raw,1,18028,0,True,85.7276303768158,White men,2662,0.29676934635612323,0.30801722407341003,0.18290813162406006,0.7181333171048361,0.06303418803418803,0.11682945154019535
kumo_small,raw,1,18028,0,True,85.7276303768158,Black women,339,0.23008849557522124,0.20616091787815094,0.150372691628841,0.7613223302878475,0.0,0.02064896755162242
kumo_small,raw,1,18028,0,True,85.7276303768158,White women,611,0.2127659574468085,0.20930540561676025,0.15735097805354656,0.6821205821205821,0.010395010395010396,0.011456628477905073
kumo_small,raw,1,18028,1,True,86.31195759773254,All,7807,0.30062764185986934,0.2986990213394165,0.18666442940900418,0.7072854676923701,0.05457875457875458,0.09747662354297425
kumo_small,raw,1,18028,1,True,86.31195759773254,Men,6857,0.31194399883330903,0.3113464415073395,0.19106547338206462,0.7033601630313397,0.062102585841458245,0.10923144232171504
kumo_small,raw,1,18028,1,True,86.31195759773254,Women,950,0.21894736842105264,0.207411527633667,0.1548981572792405,0.7116032552353306,0.006738544474393531,0.01263157894736842
kumo_small,raw,1,18028,1,True,86.31195759773254,Black,4534,0.31473312748125276,0.3053005635738373,0.192774124498481,0.7008096418129461,0.05664628258770518,0.09858844287604764
kumo_small,raw,1,18028,1,True,86.31195759773254,White,3273,0.281087687137183,0.28955408930778503,0.17820083101740994,0.7151005192261498,0.05184870378240544,0.09593644974029943
kumo_small,raw,1,18028,1,True,86.31195759773254,Black men,4195,0.3215733015494637,0.3134485185146332,0.19618406183792972,0.6943820335929844,0.06184118060435699,0.10536352800953516
kumo_small,raw,1,18028,1,True,86.31195759773254,White men,2662,0.29676934635612323,0.30803385376930237,0.18299917790033882,0.7177661473547549,0.0625,0.11532682193839218
kumo_small,raw,1,18028,1,True,86.31195759773254,Black women,339,0.23008849557522124,0.20447321236133575,0.1505774072743293,0.7603399155123293,0.0,0.014749262536873156
kumo_small,raw,1,18028,1,True,86.31195759773254,White women,611,0.2127659574468085,0.20904181897640228,0.15729543101355298,0.68308012154166,0.010395010395010396,0.011456628477905073
kumo_small,raw,1,18028,2,True,87.17384123802185,All,7807,0.30062764185986934,0.2991173267364502,0.1866550960210205,0.7073187890081798,0.05457875457875458,0.0969642628410401
kumo_small,raw,1,18028,2,True,87.17384123802185,Men,6857,0.31194399883330903,0.31170764565467834,0.19107461693644845,0.7032961506775499,0.06189063162356931,0.10835642409216859
kumo_small,raw,1,18028,2,True,87.17384123802185,Women,950,0.21894736842105264,0.2082420438528061,0.1547554592661893,0.7123743002280739,0.008086253369272238,0.014736842105263158
kumo_small,raw,1,18028,2,True,87.17384123802185,Black,4534,0.31473312748125276,0.3054664433002472,0.19273753020921225,0.7008681709519996,0.05664628258770518,0.09770621967357741
kumo_small,raw,1,18028,2,True,87.17384123802185,White,3273,0.281087687137183,0.29032209515571594,0.1782292614321841,0.7151106820155582,0.05184870378240544,0.09593644974029943
kumo_small,raw,1,18028,2,True,87.17384123802185,Black men,4195,0.3215733015494637,0.313566654920578,0.19616829250916804,0.6943522100908146,0.06184118060435699,0.10417163289630513
kumo_small,raw,1,18028,2,True,87.17384123802185,White men,2662,0.29676934635612323,0.3087780475616455,0.18304758123864284,0.7176782429946986,0.06196581196581197,0.1149511645379414
kumo_small,raw,1,18028,2,True,87.17384123802185,Black women,339,0.23008849557522124,0.20522969961166382,0.1502831117776062,0.7606346399449848,0.0,0.017699115044247787
kumo_small,raw,1,18028,2,True,87.17384123802185,White women,611,0.2127659574468085,0.20991338789463043,0.15723684355199885,0.6837517991364145,0.012474012474012475,0.01309328968903437
kumo_small,raw,1,18028,3,True,87.11871719360352,All,7807,0.30062764185986934,0.298819363117218,0.18660266270494325,0.707456483297983,0.05512820512820513,0.0982451645958755
kumo_small,raw,1,18028,3,True,87.11871719360352,Men,6857,0.31194399883330903,0.3113788068294525,0.19102737256649344,0.7033905342177741,0.06252649427723611,0.10966895143648826
kumo_small,raw,1,18028,3,True,87.11871719360352,Women,950,0.21894736842105264,0.20816637575626373,0.15466557268320685,0.7129963197180178,0.008086253369272238,0.015789473684210527
kumo_small,raw,1,18028,3,True,87.11871719360352,Black,4534,0.31473312748125276,0.3050467073917389,0.1926777817314457,0.7010850332533473,0.057611844222722884,0.09947066607851786
kumo_small,raw,1,18028,3,True,87.11871719360352,White,3273,0.281087687137183,0.29019275307655334,0.17818696161537334,0.7152446460577615,0.05184870378240544,0.09654750992972808
kumo_small,raw,1,18028,3,True,87.11871719360352,Black men,4195,0.3215733015494637,0.31314733624458313,0.19610498762799075,0.6946083796487545,0.0628952916373858,0.10584028605482718
kumo_small,raw,1,18028,3,True,87.11871719360352,White men,2662,0.29676934635612323,0.30859190225601196,0.18302564635200005,0.7176187385048145,0.06196581196581197,0.11570247933884298
kumo_small,raw,1,18028,3,True,87.11871719360352,Black women,339,0.23008849557522124,0.20480482280254364,0.1502673724806894,0.7602416740347775,0.0,0.02064896755162242
kumo_small,raw,1,18028,3,True,87.11871719360352,White women,611,0.2127659574468085,0.21003149449825287,0.15710581796741868,0.6845674076443309,0.012474012474012475,0.01309328968903437
kumo_small,raw,1,18028,4,True,87.37028384208679,All,7807,0.30062764185986934,0.29910334944725037,0.18662175827879418,0.7074774749465844,0.056043956043956046,0.09978224670167798
kumo_small,raw,1,18028,4,True,87.37028384208679,Men,6857,0.31194399883330903,0.3116736114025116,0.19103539279388262,0.7034997317624742,0.06379821958456973,0.11171066063876331
kumo_small,raw,1,18028,4,True,87.37028384208679,Women,950,0.21894736842105264,0.2083725929260254,0.15476460894199248,0.7123419033796392,0.006738544474393531,0.01368421052631579
kumo_small,raw,1,18028,4,True,87.37028384208679,Black,4534,0.31473312748125276,0.3055897653102875,0.19279531793075533,0.7006795018775561,0.058255551979401354,0.10123511248345832
kumo_small,raw,1,18028,4,True,87.37028384208679,White,3273,0.281087687137183,0.29011791944503784,0.1780696900044306,0.7157823500064672,0.053123671908202295,0.09776963030858539
kumo_small,raw,1,18028,4,True,87.37028384208679,Black men,4195,0.3215733015494637,0.31367844343185425,0.19620643057162607,0.694267688462394,0.06359803232607168,0.10798569725864124
kumo_small,raw,1,18028,4,True,87.37028384208679,White men,2662,0.29676934635612323,0.30851417779922485,0.18288644332820508,0.7183632208157524,0.0641025641025641,0.11758076634109692
kumo_small,raw,1,18028,4,True,87.37028384208679,Black women,339,0.23008849557522124,0.20549514889717102,0.15058405678487716,0.7602416740347774,0.0,0.017699115044247787
kumo_small,raw,1,18028,4,True,87.37028384208679,White women,611,0.2127659574468085,0.20996907353401184,0.15708409696369804,0.6840396609627378,0.010395010395010396,0.011456628477905073
kumo_small,raw,1,18028,5,True,88.39914894104004,All,7807,0.30062764185986934,0.299024373292923,0.18665156891879867,0.7073481304947006,0.05476190476190476,0.0982451645958755
kumo_small,raw,1,18028,5,True,88.39914894104004,Men,6857,0.31194399883330903,0.31165289878845215,0.19105605768178258,0.7034081227515165,0.06231454005934718,0.10981478780807934
kumo_small,raw,1,18028,5,True,88.39914894104004,Women,950,0.21894736842105264,0.2078731507062912,0.15486043265797647,0.7113829566659755,0.006738544474393531,0.014736842105263158
kumo_small,raw,1,18028,5,True,88.39914894104004,Black,4534,0.31473312748125276,0.30538830161094666,0.19283374652063953,0.7005229730817837,0.05632442870936595,0.09880899867666519
kumo_small,raw,1,18028,5,True,88.39914894104004,White,3273,0.281087687137183,0.2902085781097412,0.17808756242727813,0.7157010476911989,0.05269868253293668,0.09746410021387107
kumo_small,raw,1,18028,5,True,88.39914894104004,Black men,4195,0.3215733015494637,0.3135330080986023,0.19625239687797716,0.6940900497857136,0.06148981026001406,0.10512514898688916
kumo_small,raw,1,18028,5,True,88.39914894104004,White men,2662,0.29676934635612323,0.30869001150131226,0.18286723614608155,0.7184714107973602,0.06356837606837606,0.11720510894064613
kumo_small,raw,1,18028,5,True,88.39914894104004,Black women,339,0.23008849557522124,0.20460087060928345,0.1505292089128772,0.7600943118184497,0.0,0.02064896755162242
kumo_small,raw,1,18028,5,True,88.39914894104004,White women,611,0.2127659574468085,0.2096887081861496,0.15726351751818704,0.682648328802175,0.010395010395010396,0.011456628477905073
kumo_small,raw,1,18028,6,True,86.77621650695801,All,7807,0.30062764185986934,0.29948872327804565,0.18668457405282163,0.7071738373826146,0.05531135531135531,0.09875752529780966
kumo_small,raw,1,18028,6,True,86.77621650695801,Men,6857,0.31194399883330903,0.31219857931137085,0.19110058829408852,0.7031781836385613,0.06273844849512505,0.1105439696660347
kumo_small,raw,1,18028,6,True,86.77621650695801,Women,950,0.21894736842105264,0.20775021612644196,0.15481024810296137,0.7122447128343354,0.008086253369272238,0.01368421052631579
kumo_small,raw,1,18028,6,True,86.77621650695801,Black,4534,0.31473312748125276,0.3059994876384735,0.19280295695447675,0.7005904112805386,0.05664628258770518,0.09991177767975298
kumo_small,raw,1,18028,6,True,86.77621650695801,White,3273,0.281087687137183,0.29046952724456787,0.1782089406656831,0.7150626397383544,0.05354866128346791,0.09715857011915674
kumo_small,raw,1,18028,6,True,86.77621650695801,Black men,4195,0.3215733015494637,0.31417128443717957,0.19622135617192948,0.6941304222122319,0.06184118060435699,0.1067938021454112
kumo_small,raw,1,18028,6,True,86.77621650695801,White men,2662,0.29676934635612323,0.30908989906311035,0.18303085829876814,0.7176539002488368,0.0641025641025641,0.11645379413974455
kumo_small,raw,1,18028,6,True,86.77621650695801,Black women,339,0.23008849557522124,0.20487692952156067,0.15050152711018694,0.7599960703408978,0.0,0.014749262536873156
kumo_small,raw,1,18028,6,True,86.77621650695801,White women,611,0.2127659574468085,0.20934438705444336,0.15720084780271673,0.6839916839916841,0.012474012474012475,0.01309328968903437
kumo_small,raw,1,18028,7,True,87.96009469032288,All,7807,0.30062764185986934,0.299235463142395,0.18662399059488324,0.7074283903853569,0.05622710622710623,0.09965415652619444
kumo_small,raw,1,18028,7,True,87.96009469032288,Men,6857,0.31194399883330903,0.3118557035923004,0.19104948391613813,0.7033728961388661,0.06379821958456973,0.11127315152399009
kumo_small,raw,1,18028,7,True,87.96009469032288,Women,950,0.21894736842105264,0.20814423263072968,0.15468124564346777,0.7126205162761765,0.008086253369272238,0.015789473684210527
kumo_small,raw,1,18028,7,True,87.96009469032288,Black,4534,0.31473312748125276,0.30577829480171204,0.19276696569088428,0.7006346182603245,0.058255551979401354,0.10101455668284076
kumo_small,raw,1,18028,7,True,87.96009469032288,White,3273,0.281087687137183,0.29017192125320435,0.178114290293854,0.7155527633548292,0.05354866128346791,0.09776963030858539
kumo_small,raw,1,18028,7,True,87.96009469032288,Black men,4195,0.3215733015494637,0.31390181183815,0.19619868708444935,0.6941262547359461,0.06359803232607168,0.10750893921334922
kumo_small,raw,1,18028,7,True,87.96009469032288,White men,2662,0.29676934635612323,0.30863121151924133,0.18293494323579793,0.7180582603050958,0.0641025641025641,0.11720510894064613
kumo_small,raw,1,18028,7,True,87.96009469032288,Black women,339,0.23008849557522124,0.20525266230106354,0.15030067882951106,0.7612732095490716,0.0,0.02064896755162242
kumo_small,raw,1,18028,7,True,87.96009469032288,White women,611,0.2127659574468085,0.20974856615066528,0.1571117074273161,0.6840396609627378,0.012474012474012475,0.01309328968903437
kumo_small,raw,1,18028,8,True,169.52248406410217,All,7807,0.30062764185986934,0.2993435561656952,0.18658949496007413,0.7076295278361746,0.05531135531135531,0.09875752529780966
kumo_small,raw,1,18028,8,True,169.52248406410217,Men,6857,0.31194399883330903,0.3119412362575531,0.19100560707761377,0.7036313732671331,0.06252649427723611,0.11039813329444363
kumo_small,raw,1,18028,8,True,169.52248406410217,Women,950,0.21894736842105264,0.20841504633426666,0.1547144625495801,0.7122835890524569,0.009433962264150943,0.014736842105263158
kumo_small,raw,1,18028,8,True,169.52248406410217,Black,4534,0.31473312748125276,0.305770605802536,0.19270038407055012,0.7011210078108772,0.056968136466044414,0.09969122187913543
kumo_small,raw,1,18028,8,True,169.52248406410217,White,3273,0.281087687137183,0.29044032096862793,0.17812424252289172,0.7155726269886731,0.053123671908202295,0.09746410021387107
kumo_small,raw,1,18028,8,True,169.52248406410217,Black men,4195,0.3215733015494637,0.3138915002346039,0.19611054657790766,0.6947220736111754,0.06184118060435699,0.10631704410011919
kumo_small,raw,1,18028,8,True,169.52248406410217,White men,2662,0.29676934635612323,0.30886775255203247,0.18296082075014086,0.7180285080601536,0.06356837606837606,0.11682945154019535
kumo_small,raw,1,18028,8,True,169.52248406410217,Black women,339,0.23008849557522124,0.2052774727344513,0.1505008804765529,0.7593575007368111,0.0038314176245210726,0.017699115044247787
kumo_small,raw,1,18028,8,True,169.52248406410217,White women,611,0.2127659574468085,0.21015582978725433,0.1570522764984446,0.6843275227890613,0.012474012474012475,0.01309328968903437
kumo_small,raw,1,18028,7,True,199.427499294281,All,7807,0.30062764185986934,0.299235463142395,0.18662399059488324,0.7074283903853569,0.05622710622710623,0.09965415652619444
kumo_small,raw,1,18028,7,True,199.427499294281,Men,6857,0.31194399883330903,0.3118557035923004,0.19104948391613813,0.7033728961388661,0.06379821958456973,0.11127315152399009
kumo_small,raw,1,18028,7,True,199.427499294281,Women,950,0.21894736842105264,0.20814423263072968,0.15468124564346777,0.7126205162761765,0.008086253369272238,0.015789473684210527
kumo_small,raw,1,18028,7,True,199.427499294281,Black,4534,0.31473312748125276,0.30577829480171204,0.19276696569088428,0.7006346182603245,0.058255551979401354,0.10101455668284076
kumo_small,raw,1,18028,7,True,199.427499294281,White,3273,0.281087687137183,0.29017192125320435,0.178114290293854,0.7155527633548292,0.05354866128346791,0.09776963030858539
kumo_small,raw,1,18028,7,True,199.427499294281,Black men,4195,0.3215733015494637,0.31390181183815,0.19619868708444935,0.6941262547359461,0.06359803232607168,0.10750893921334922
kumo_small,raw,1,18028,7,True,199.427499294281,White men,2662,0.29676934635612323,0.30863121151924133,0.18293494323579793,0.7180582603050958,0.0641025641025641,0.11720510894064613
kumo_small,raw,1,18028,7,True,199.427499294281,Black women,339,0.23008849557522124,0.20525266230106354,0.15030067882951106,0.7612732095490716,0.0,0.02064896755162242
kumo_small,raw,1,18028,7,True,199.427499294281,White women,611,0.2127659574468085,0.20974856615066528,0.1571117074273161,0.6840396609627378,0.012474012474012475,0.01309328968903437
kumo_small,raw,1,18028,9,True,174.13065791130066,All,7807,0.30062764185986934,0.29934051632881165,0.1865577196600485,0.7076187588863345,0.05714285714285714,0.10119123863199693
kumo_small,raw,1,18028,9,True,174.13065791130066,Men,6857,0.31194399883330903,0.31193140149116516,0.19095933156328898,0.7036810670681014,0.06485799067401442,0.11316902435467406
kumo_small,raw,1,18028,9,True,174.13065791130066,Women,950,0.21894736842105264,0.2084607630968094,0.15478734827002755,0.7117134045200083,0.008086253369272238,0.014736842105263158
kumo_small,raw,1,18028,9,True,174.13065791130066,Black,4534,0.31473312748125276,0.30600544810295105,0.19263525057659955,0.7011414197071559,0.058255551979401354,0.10123511248345832
kumo_small,raw,1,18028,9,True,174.13065791130066,White,3273,0.281087687137183,0.29010775685310364,0.17813867744323142,0.7153726048153144,0.055673608159796,0.10113046135044301
kumo_small,raw,1,18028,9,True,174.13065791130066,Black men,4195,0.3215733015494637,0.3140605688095093,0.1960626864664076,0.6946961571180235,0.06359803232607168,0.10798569725864124
kumo_small,raw,1,18028,9,True,174.13065791130066,White men,2662,0.29676934635612323,0.3085760474205017,0.18291704237524142,0.7180596126798658,0.06677350427350427,0.12133734034560481
kumo_small,raw,1,18028,9,True,174.13065791130066,Black women,339,0.23008849557522124,0.20632605254650116,0.15022199524401908,0.761076726593968,0.0,0.017699115044247787
kumo_small,raw,1,18028,9,True,174.13065791130066,White women,611,0.2127659574468085,0.20964515209197998,0.1573203346461599,0.6824084439469055,0.012474012474012475,0.01309328968903437
kumo_small,raw,1,18028,9,True,175.20314407348633,All,7807,0.30062764185986934,0.29934051632881165,0.1865577196600485,0.7076187588863345,0.05714285714285714,0.10119123863199693
kumo_small,raw,1,18028,9,True,175.20314407348633,Men,6857,0.31194399883330903,0.31193140149116516,0.19095933156328898,0.7036810670681014,0.06485799067401442,0.11316902435467406
kumo_small,raw,1,18028,9,True,175.20314407348633,Women,950,0.21894736842105264,0.2084607630968094,0.15478734827002755,0.7117134045200083,0.008086253369272238,0.014736842105263158
kumo_small,raw,1,18028,9,True,175.20314407348633,Black,4534,0.31473312748125276,0.30600544810295105,0.19263525057659955,0.7011414197071559,0.058255551979401354,0.10123511248345832
kumo_small,raw,1,18028,9,True,175.20314407348633,White,3273,0.281087687137183,0.29010775685310364,0.17813867744323142,0.7153726048153144,0.055673608159796,0.10113046135044301
kumo_small,raw,1,18028,9,True,175.20314407348633,Black men,4195,0.3215733015494637,0.3140605688095093,0.1960626864664076,0.6946961571180235,0.06359803232607168,0.10798569725864124
kumo_small,raw,1,18028,9,True,175.20314407348633,White men,2662,0.29676934635612323,0.3085760474205017,0.18291704237524142,0.7180596126798658,0.06677350427350427,0.12133734034560481
kumo_small,raw,1,18028,9,True,175.20314407348633,Black women,339,0.23008849557522124,0.20632605254650116,0.15022199524401908,0.761076726593968,0.0,0.017699115044247787
kumo_small,raw,1,18028,9,True,175.20314407348633,White women,611,0.2127659574468085,0.20964515209197998,0.1573203346461599,0.6824084439469055,0.012474012474012475,0.01309328968903437
kumo_small,raw,2,500,0,False,20.95724320411682,All,5460,0.24065934065934066,0.28113988041877747,0.17225680494797319,0.6753998462511042,0.04582730342498794,0.06282051282051282
kumo_small,raw,2,500,0,False,20.95724320411682,Men,4718,0.2507418397626113,0.29126986861228943,0.17779982548686016,0.6676373566592259,0.05261669024045262,0.0718524798643493
kumo_small,raw,2,500,0,False,20.95724320411682,Women,742,0.1765498652291105,0.21672841906547546,0.13701156114410698,0.7074249447158332,0.006546644844517185,0.005390835579514825
kumo_small,raw,2,500,0,False,20.95724320411682,Black,3107,0.24074670099774703,0.2894001603126526,0.17591774626001117,0.6580679749644666,0.050445103857566766,0.06501448342452526
kumo_small,raw,2,500,0,False,20.95724320411682,White,2353,0.24054398640034,0.270232617855072,0.1674227443204755,0.6992462246970167,0.039731393396754335,0.05992350191245219
kumo_small,raw,2,500,0,False,20.95724320411682,Black men,2846,0.2501756851721715,0.2964845597743988,0.18164664616619966,0.6466130229668396,0.054826616682286784,0.07027406886858749
kumo_small,raw,2,500,0,False,20.95724320411682,White men,1872,0.2516025641025641,0.2833419144153595,0.17195150729594122,0.7000731961246971,0.04925053533190578,0.07425213675213675
kumo_small,raw,2,500,0,False,20.95724320411682,Black women,261,0.13793103448275862,0.21215008199214935,0.11344859249367997,0.7607407407407407,0.008888888888888889,0.007662835249042145
kumo_small,raw,2,500,0,False,20.95724320411682,White women,481,0.19750519750519752,0.21921271085739136,0.1497972884159603,0.6852740659940005,0.0051813471502590676,0.004158004158004158
kumo_small,raw,2,500,0,False,20.50079584121704,All,5460,0.24065934065934066,0.28113988041877747,0.17225680494797319,0.6753998462511042,0.04582730342498794,0.06282051282051282
kumo_small,raw,2,500,0,False,20.50079584121704,Men,4718,0.2507418397626113,0.29126986861228943,0.17779982548686016,0.6676373566592259,0.05261669024045262,0.0718524798643493
kumo_small,raw,2,500,0,False,20.50079584121704,Women,742,0.1765498652291105,0.21672841906547546,0.13701156114410698,0.7074249447158332,0.006546644844517185,0.005390835579514825
kumo_small,raw,2,500,0,False,20.50079584121704,Black,3107,0.24074670099774703,0.2894001603126526,0.17591774626001117,0.6580679749644666,0.050445103857566766,0.06501448342452526
kumo_small,raw,2,500,0,False,20.50079584121704,White,2353,0.24054398640034,0.270232617855072,0.1674227443204755,0.6992462246970167,0.039731393396754335,0.05992350191245219
kumo_small,raw,2,500,0,False,20.50079584121704,Black men,2846,0.2501756851721715,0.2964845597743988,0.18164664616619966,0.6466130229668396,0.054826616682286784,0.07027406886858749
kumo_small,raw,2,500,0,False,20.50079584121704,White men,1872,0.2516025641025641,0.2833419144153595,0.17195150729594122,0.7000731961246971,0.04925053533190578,0.07425213675213675
kumo_small,raw,2,500,0,False,20.50079584121704,Black women,261,0.13793103448275862,0.21215008199214935,0.11344859249367997,0.7607407407407407,0.008888888888888889,0.007662835249042145
kumo_small,raw,2,500,0,False,20.50079584121704,White women,481,0.19750519750519752,0.21921271085739136,0.1497972884159603,0.6852740659940005,0.0051813471502590676,0.004158004158004158
kumo_small,raw,2,500,1,False,19.618117332458496,All,5460,0.24065934065934066,0.24798819422721863,0.16886983487111765,0.6902534286958291,0.014712976362759285,0.02032967032967033
kumo_small,raw,2,500,1,False,19.618117332458496,Men,4718,0.2507418397626113,0.25334370136260986,0.1741947670646539,0.6827328693502124,0.015841584158415842,0.021407376006782535
kumo_small,raw,2,500,1,False,19.618117332458496,Women,742,0.1765498652291105,0.21393507719039917,0.1350113037537267,0.7188440924026436,0.008183306055646482,0.013477088948787063
kumo_small,raw,2,500,1,False,19.618117332458496,Black,3107,0.24074670099774703,0.2526223659515381,0.17184073289786883,0.6672641810973108,0.014412886816447647,0.018345671065336338
kumo_small,raw,2,500,1,False,19.618117332458496,White,2353,0.24054398640034,0.2418690174818039,0.16494693637170577,0.7195291474943695,0.01510912143256855,0.022949426264343393
kumo_small,raw,2,500,1,False,19.618117332458496,Black men,2846,0.2501756851721715,0.2569047212600708,0.17678292735561937,0.6602551783326137,0.014526710402999063,0.018622628250175684
kumo_small,raw,2,500,1,False,19.618117332458496,White men,1872,0.2516025641025641,0.24792985618114471,0.17025998918640192,0.715797481628985,0.017844396859386154,0.02564102564102564
kumo_small,raw,2,500,1,False,19.618117332458496,Black women,261,0.13793103448275862,0.2059263288974762,0.11794998413634442,0.6930864197530864,0.013333333333333334,0.01532567049808429
kumo_small,raw,2,500,1,False,19.618117332458496,White women,481,0.19750519750519752,0.21828076243400574,0.1442691092009965,0.7258521952549768,0.0051813471502590676,0.012474012474012475
kumo_small,raw,2,500,1,False,20.323978662490845,All,5460,0.24065934065934066,0.24798819422721863,0.16886983487111765,0.6902534286958291,0.014712976362759285,0.02032967032967033
kumo_small,raw,2,500,1,False,20.323978662490845,Men,4718,0.2507418397626113,0.25334370136260986,0.1741947670646539,0.6827328693502124,0.015841584158415842,0.021407376006782535
kumo_small,raw,2,500,1,False,20.323978662490845,Women,742,0.1765498652291105,0.21393507719039917,0.1350113037537267,0.7188440924026436,0.008183306055646482,0.013477088948787063
kumo_small,raw,2,500,1,False,20.323978662490845,Black,3107,0.24074670099774703,0.2526223659515381,0.17184073289786883,0.6672641810973108,0.014412886816447647,0.018345671065336338
kumo_small,raw,2,500,1,False,20.323978662490845,White,2353,0.24054398640034,0.2418690174818039,0.16494693637170577,0.7195291474943695,0.01510912143256855,0.022949426264343393
kumo_small,raw,2,500,1,False,20.323978662490845,Black men,2846,0.2501756851721715,0.2569047212600708,0.17678292735561937,0.6602551783326137,0.014526710402999063,0.018622628250175684
kumo_small,raw,2,500,1,False,20.323978662490845,White men,1872,0.2516025641025641,0.24792985618114471,0.17025998918640192,0.715797481628985,0.017844396859386154,0.02564102564102564
kumo_small,raw,2,500,1,False,20.323978662490845,Black women,261,0.13793103448275862,0.2059263288974762,0.11794998413634442,0.6930864197530864,0.013333333333333334,0.01532567049808429
kumo_small,raw,2,500,1,False,20.323978662490845,White women,481,0.19750519750519752,0.21828076243400574,0.1442691092009965,0.7258521952549768,0.0051813471502590676,0.012474012474012475
kumo_small,raw,2,500,2,False,21.20670437812805,All,5460,0.24065934065934066,0.25256577134132385,0.16903287636028208,0.6894211728529671,0.03376748673420164,0.04725274725274725
kumo_small,raw,2,500,2,False,21.20670437812805,Men,4718,0.2507418397626113,0.25890666246414185,0.1741187683943626,0.6843608355522184,0.03818953323903819,0.05277660025434506
kumo_small,raw,2,500,2,False,21.20670437812805,Women,742,0.1765498652291105,0.21224716305732727,0.13669427984169483,0.7030147049637061,0.008183306055646482,0.012129380053908356
kumo_small,raw,2,500,2,False,21.20670437812805,Black,3107,0.24074670099774703,0.26718878746032715,0.17264637526844545,0.6747556859269199,0.047901653242899536,0.06083038300611522
kumo_small,raw,2,500,2,False,21.20670437812805,White,2353,0.24054398640034,0.23325686156749725,0.16426146067491723,0.7094425582485203,0.01510912143256855,0.029324266893327667
kumo_small,raw,2,500,2,False,21.20670437812805,Black men,2846,0.2501756851721715,0.2724403142929077,0.17772985079200976,0.6678647209965987,0.05248359887535145,0.0657062543921293
kumo_small,raw,2,500,2,False,21.20670437812805,White men,1872,0.2516025641025641,0.23833143711090088,0.16862884291161478,0.7103509625366171,0.01641684511063526,0.03311965811965812
kumo_small,raw,2,500,2,False,21.20670437812805,Black women,261,0.13793103448275862,0.20992520451545715,0.11721506745210812,0.715925925925926,0.0044444444444444444,0.007662835249042145
kumo_small,raw,2,500,2,False,21.20670437812805,White women,481,0.19750519750519752,0.21350713074207306,0.1472640811591213,0.6969457322061632,0.010362694300518135,0.014553014553014554
kumo_small,raw,2,500,2,False,18.701143503189087,All,5460,0.24065934065934066,0.25256577134132385,0.16903287636028208,0.6894211728529671,0.03376748673420164,0.04725274725274725
kumo_small,raw,2,500,2,False,18.701143503189087,Men,4718,0.2507418397626113,0.25890666246414185,0.1741187683943626,0.6843608355522184,0.03818953323903819,0.05277660025434506
kumo_small,raw,2,500,2,False,18.701143503189087,Women,742,0.1765498652291105,0.21224716305732727,0.13669427984169483,0.7030147049637061,0.008183306055646482,0.012129380053908356
kumo_small,raw,2,500,2,False,18.701143503189087,Black,3107,0.24074670099774703,0.26718878746032715,0.17264637526844545,0.6747556859269199,0.047901653242899536,0.06083038300611522
kumo_small,raw,2,500,2,False,18.701143503189087,White,2353,0.24054398640034,0.23325686156749725,0.16426146067491723,0.7094425582485203,0.01510912143256855,0.029324266893327667
kumo_small,raw,2,500,2,False,18.701143503189087,Black men,2846,0.2501756851721715,0.2724403142929077,0.17772985079200976,0.6678647209965987,0.05248359887535145,0.0657062543921293
kumo_small,raw,2,500,2,False,18.701143503189087,White men,1872,0.2516025641025641,0.23833143711090088,0.16862884291161478,0.7103509625366171,0.01641684511063526,0.03311965811965812
kumo_small,raw,2,500,2,False,18.701143503189087,Black women,261,0.13793103448275862,0.20992520451545715,0.11721506745210812,0.715925925925926,0.0044444444444444444,0.007662835249042145
kumo_small,raw,2,500,2,False,18.701143503189087,White women,481,0.19750519750519752,0.21350713074207306,0.1472640811591213,0.6969457322061632,0.010362694300518135,0.014553014553014554
kumo_small,raw,2,500,3,False,19.56598401069641,All,5460,0.24065934065934066,0.23248571157455444,0.17199079223797764,0.664683221472568,0.008683068017366137,0.011904761904761904
kumo_small,raw,2,500,3,False,19.56598401069641,Men,4718,0.2507418397626113,0.24695730209350586,0.17745650877191033,0.6570626305475615,0.010183875530410185,0.01377702416278084
kumo_small,raw,2,500,3,False,19.56598401069641,Women,742,0.1765498652291105,0.14046834409236908,0.13723708522033007,0.6928948913681737,0.0,0.0
kumo_small,raw,2,500,3,False,19.56598401069641,Black,3107,0.24074670099774703,0.24296319484710693,0.17467643261955318,0.6477068707169946,0.01271725307333616,0.015127132281943997
kumo_small,raw,2,500,3,False,19.56598401069641,White,2353,0.24054398640034,0.21865080296993256,0.16844455991092477,0.6881353552650571,0.003357582540570789,0.00764980875478113
kumo_small,raw,2,500,3,False,19.56598401069641,Black men,2846,0.2501756851721715,0.25306054949760437,0.1802789676326719,0.6377329196634478,0.014058106841611996,0.01651440618411806
kumo_small,raw,2,500,3,False,19.56598401069641,White men,1872,0.2516025641025641,0.23767849802970886,0.17316552697825247,0.6863871877988273,0.004282655246252677,0.009615384615384616
kumo_small,raw,2,500,3,False,19.56598401069641,Black women,261,0.13793103448275862,0.13285943865776062,0.11358518876002874,0.6812345679012346,0.0,0.0
kumo_small,raw,2,500,3,False,19.56598401069641,White women,481,0.19750519750519752,0.14459706842899323,0.15007106645970356,0.6951458958276521,0.0,0.0
kumo_small,raw,2,500,3,False,19.502715587615967,All,5460,0.24065934065934066,0.23248571157455444,0.17199079223797764,0.664683221472568,0.008683068017366137,0.011904761904761904
kumo_small,raw,2,500,3,False,19.502715587615967,Men,4718,0.2507418397626113,0.24695730209350586,0.17745650877191033,0.6570626305475615,0.010183875530410185,0.01377702416278084
kumo_small,raw,2,500,3,False,19.502715587615967,Women,742,0.1765498652291105,0.14046834409236908,0.13723708522033007,0.6928948913681737,0.0,0.0
kumo_small,raw,2,500,3,False,19.502715587615967,Black,3107,0.24074670099774703,0.24296319484710693,0.17467643261955318,0.6477068707169946,0.01271725307333616,0.015127132281943997
kumo_small,raw,2,500,3,False,19.502715587615967,White,2353,0.24054398640034,0.21865080296993256,0.16844455991092477,0.6881353552650571,0.003357582540570789,0.00764980875478113
kumo_small,raw,2,500,3,False,19.502715587615967,Black men,2846,0.2501756851721715,0.25306054949760437,0.1802789676326719,0.6377329196634478,0.014058106841611996,0.01651440618411806
kumo_small,raw,2,500,3,False,19.502715587615967,White men,1872,0.2516025641025641,0.23767849802970886,0.17316552697825247,0.6863871877988273,0.004282655246252677,0.009615384615384616
kumo_small,raw,2,500,3,False,19.502715587615967,Black women,261,0.13793103448275862,0.13285943865776062,0.11358518876002874,0.6812345679012346,0.0,0.0
kumo_small,raw,2,500,3,False,19.502715587615967,White women,481,0.19750519750519752,0.14459706842899323,0.15007106645970356,0.6951458958276521,0.0,0.0
kumo_small,raw,2,500,4,False,19.078773736953735,All,5460,0.24065934065934066,0.2753082513809204,0.1658157422797362,0.7159426738357412,0.06246985045827303,0.0912087912087912
kumo_small,raw,2,500,4,False,19.078773736953735,Men,4718,0.2507418397626113,0.28695040941238403,0.17128606881819491,0.7090103672847662,0.07298444130127299,0.10470538363713437
kumo_small,raw,2,500,4,False,19.078773736953735,Women,742,0.1765498652291105,0.20128171145915985,0.13103272259180063,0.7359228395447333,0.0016366612111292963,0.005390835579514825
kumo_small,raw,2,500,4,False,19.078773736953735,Black,3107,0.24074670099774703,0.28728461265563965,0.17080674316452826,0.6979465376655113,0.08011869436201781,0.10556807209526875
kumo_small,raw,2,500,4,False,19.078773736953735,White,2353,0.24054398640034,0.2594941556453705,0.15922541514456875,0.7400098077793883,0.03917179630665921,0.07224819379515512
kumo_small,raw,2,500,4,False,19.078773736953735,Black men,2846,0.2501756851721715,0.2961355745792389,0.17622105644760008,0.6891243168391901,0.08856607310215557,0.11524947294448348
kumo_small,raw,2,500,4,False,19.078773736953735,White men,1872,0.2516025641025641,0.27298620343208313,0.16378341134314833,0.7391323455645118,0.04925053533190578,0.08867521367521368
kumo_small,raw,2,500,4,False,19.078773736953735,Black women,261,0.13793103448275862,0.19077178835868835,0.1117679094341743,0.7377777777777778,0.0,0.0
kumo_small,raw,2,500,4,False,19.078773736953735,White women,481,0.19750519750519752,0.20698459446430206,0.14148618669604274,0.7316062176165803,0.0025906735751295338,0.008316008316008316
kumo_small,raw,2,500,4,False,20.737065315246582,All,5460,0.24065934065934066,0.2753082513809204,0.1658157422797362,0.7159426738357412,0.06246985045827303,0.0912087912087912
kumo_small,raw,2,500,4,False,20.737065315246582,Men,4718,0.2507418397626113,0.28695040941238403,0.17128606881819491,0.7090103672847662,0.07298444130127299,0.10470538363713437
kumo_small,raw,2,500,4,False,20.737065315246582,Women,742,0.1765498652291105,0.20128171145915985,0.13103272259180063,0.7359228395447333,0.0016366612111292963,0.005390835579514825
kumo_small,raw,2,500,4,False,20.737065315246582,Black,3107,0.24074670099774703,0.28728461265563965,0.17080674316452826,0.6979465376655113,0.08011869436201781,0.10556807209526875
kumo_small,raw,2,500,4,False,20.737065315246582,White,2353,0.24054398640034,0.2594941556453705,0.15922541514456875,0.7400098077793883,0.03917179630665921,0.07224819379515512
kumo_small,raw,2,500,4,False,20.737065315246582,Black men,2846,0.2501756851721715,0.2961355745792389,0.17622105644760008,0.6891243168391901,0.08856607310215557,0.11524947294448348
kumo_small,raw,2,500,4,False,20.737065315246582,White men,1872,0.2516025641025641,0.27298620343208313,0.16378341134314833,0.7391323455645118,0.04925053533190578,0.08867521367521368
kumo_small,raw,2,500,4,False,20.737065315246582,Black women,261,0.13793103448275862,0.19077178835868835,0.1117679094341743,0.7377777777777778,0.0,0.0
kumo_small,raw,2,500,4,False,20.737065315246582,White women,481,0.19750519750519752,0.20698459446430206,0.14148618669604274,0.7316062176165803,0.0025906735751295338,0.008316008316008316
kumo_small,raw,2,500,5,False,19.26299238204956,All,5460,0.24065934065934066,0.2757505178451538,0.17579971308228676,0.6586561582894076,0.057163531114327065,0.07326007326007326
kumo_small,raw,2,500,5,False,19.26299238204956,Men,4718,0.2507418397626113,0.2763146758079529,0.18085298511959577,0.6519753557290278,0.05770862800565771,0.07333615938957186
kumo_small,raw,2,500,5,False,19.26299238204956,Women,742,0.1765498652291105,0.2721635699272156,0.14366853050543502,0.7122849539610948,0.054009819967266774,0.07277628032345014
kumo_small,raw,2,500,5,False,19.26299238204956,Black,3107,0.24074670099774703,0.27089324593544006,0.17811580829291201,0.6424933070071837,0.04917337855023315,0.05954296749275829
kumo_small,raw,2,500,5,False,19.26299238204956,White,2353,0.24054398640034,0.2821643352508545,0.17274144371577055,0.679489283616856,0.06771124790151091,0.09137271568210795
kumo_small,raw,2,500,5,False,19.26299238204956,Black men,2846,0.2501756851721715,0.2726747691631317,0.18261729027428616,0.6385394837989533,0.052014995313964384,0.0628952916373858
kumo_small,raw,2,500,5,False,19.26299238204956,White men,1872,0.2516025641025641,0.28184837102890015,0.17817071350087307,0.67158732540148,0.06638115631691649,0.08920940170940171
kumo_small,raw,2,500,5,False,19.26299238204956,Black women,261,0.13793103448275862,0.2514669895172119,0.12903068293279354,0.6854320987654321,0.022222222222222223,0.022988505747126436
kumo_small,raw,2,500,5,False,19.26299238204956,White women,481,0.19750519750519752,0.2833939790725708,0.1516113126602363,0.7173438778292882,0.07253886010362694,0.0997920997920998
kumo_small,raw,2,500,5,False,19.944830179214478,All,5460,0.24065934065934066,0.2757505178451538,0.17579971308228676,0.6586561582894076,0.057163531114327065,0.07326007326007326
kumo_small,raw,2,500,5,False,19.944830179214478,Men,4718,0.2507418397626113,0.2763146758079529,0.18085298511959577,0.6519753557290278,0.05770862800565771,0.07333615938957186
kumo_small,raw,2,500,5,False,19.944830179214478,Women,742,0.1765498652291105,0.2721635699272156,0.14366853050543502,0.7122849539610948,0.054009819967266774,0.07277628032345014
kumo_small,raw,2,500,5,False,19.944830179214478,Black,3107,0.24074670099774703,0.27089324593544006,0.17811580829291201,0.6424933070071837,0.04917337855023315,0.05954296749275829
kumo_small,raw,2,500,5,False,19.944830179214478,White,2353,0.24054398640034,0.2821643352508545,0.17274144371577055,0.679489283616856,0.06771124790151091,0.09137271568210795
kumo_small,raw,2,500,5,False,19.944830179214478,Black men,2846,0.2501756851721715,0.2726747691631317,0.18261729027428616,0.6385394837989533,0.052014995313964384,0.0628952916373858
kumo_small,raw,2,500,5,False,19.944830179214478,White men,1872,0.2516025641025641,0.28184837102890015,0.17817071350087307,0.67158732540148,0.06638115631691649,0.08920940170940171
kumo_small,raw,2,500,5,False,19.944830179214478,Black women,261,0.13793103448275862,0.2514669895172119,0.12903068293279354,0.6854320987654321,0.022222222222222223,0.022988505747126436
kumo_small,raw,2,500,5,False,19.944830179214478,White women,481,0.19750519750519752,0.2833939790725708,0.1516113126602363,0.7173438778292882,0.07253886010362694,0.0997920997920998
kumo_small,raw,2,500,6,False,19.718767404556274,All,5460,0.24065934065934066,0.26294830441474915,0.17040022698478005,0.6878453200936003,0.05209840810419682,0.0673992673992674
kumo_small,raw,2,500,6,False,19.718767404556274,Men,4718,0.2507418397626113,0.2710120975971222,0.17692179382649442,0.6758874245110781,0.0594059405940594,0.07397202204323866
kumo_small,raw,2,500,6,False,19.718767404556274,Women,742,0.1765498652291105,0.21167464554309845,0.1289329057459547,0.7450556589747754,0.009819967266775777,0.025606469002695417
kumo_small,raw,2,500,6,False,19.718767404556274,Black,3107,0.24074670099774703,0.2663852572441101,0.17499066513644648,0.6648867801774069,0.05341246290801187,0.06758931445123914
kumo_small,raw,2,500,6,False,19.718767404556274,White,2353,0.24054398640034,0.25840994715690613,0.16433881970164035,0.7174390622497385,0.05036373810856184,0.0671483212919677
kumo_small,raw,2,500,6,False,19.718767404556274,Black men,2846,0.2501756851721715,0.2724027633666992,0.18094382300161208,0.6539810241883681,0.059044048734770385,0.07343640196767393
kumo_small,raw,2,500,6,False,19.718767404556274,White men,1872,0.2516025641025641,0.2688978910446167,0.1708071063091948,0.708262675583561,0.059957173447537475,0.07478632478632478
kumo_small,raw,2,500,6,False,19.718767404556274,Black women,261,0.13793103448275862,0.2007690817117691,0.11007615446877915,0.7718518518518519,0.0,0.0038314176245210726
kumo_small,raw,2,500,6,False,19.718767404556274,White women,481,0.19750519750519752,0.21759220957756042,0.1391649474992662,0.7356422143441506,0.015544041450777202,0.037422037422037424
kumo_small,raw,2,500,6,False,20.19575786590576,All,5460,0.24065934065934066,0.26294830441474915,0.17040022698478005,0.6878453200936003,0.05209840810419682,0.0673992673992674
kumo_small,raw,2,500,6,False,20.19575786590576,Men,4718,0.2507418397626113,0.2710120975971222,0.17692179382649442,0.6758874245110781,0.0594059405940594,0.07397202204323866
kumo_small,raw,2,500,6,False,20.19575786590576,Women,742,0.1765498652291105,0.21167464554309845,0.1289329057459547,0.7450556589747754,0.009819967266775777,0.025606469002695417
kumo_small,raw,2,500,6,False,20.19575786590576,Black,3107,0.24074670099774703,0.2663852572441101,0.17499066513644648,0.6648867801774069,0.05341246290801187,0.06758931445123914
kumo_small,raw,2,500,6,False,20.19575786590576,White,2353,0.24054398640034,0.25840994715690613,0.16433881970164035,0.7174390622497385,0.05036373810856184,0.0671483212919677
kumo_small,raw,2,500,6,False,20.19575786590576,Black men,2846,0.2501756851721715,0.2724027633666992,0.18094382300161208,0.6539810241883681,0.059044048734770385,0.07343640196767393
kumo_small,raw,2,500,6,False,20.19575786590576,White men,1872,0.2516025641025641,0.2688978910446167,0.1708071063091948,0.708262675583561,0.059957173447537475,0.07478632478632478
kumo_small,raw,2,500,6,False,20.19575786590576,Black women,261,0.13793103448275862,0.2007690817117691,0.11007615446877915,0.7718518518518519,0.0,0.0038314176245210726
kumo_small,raw,2,500,6,False,20.19575786590576,White women,481,0.19750519750519752,0.21759220957756042,0.1391649474992662,0.7356422143441506,0.015544041450777202,0.037422037422037424
kumo_small,raw,2,500,7,False,19.88339138031006,All,5460,0.24065934065934066,0.2662821114063263,0.16746000242978448,0.6972016819864886,0.009889049686444766,0.014652014652014652
kumo_small,raw,2,500,7,False,19.88339138031006,Men,4718,0.2507418397626113,0.2695848047733307,0.17236832037571986,0.6905893366779016,0.01074964639321075,0.014624841034336583
kumo_small,raw,2,500,7,False,19.88339138031006,Women,742,0.1765498652291105,0.24528193473815918,0.1362505090754407,0.7235791656775903,0.004909983633387889,0.014824797843665768
kumo_small,raw,2,500,7,False,19.88339138031006,Black,3107,0.24074670099774703,0.27119237184524536,0.1713284256737203,0.6718591671899403,0.010173802458668928,0.013517862890247827
kumo_small,raw,2,500,7,False,19.88339138031006,White,2353,0.24054398640034,0.2597983479499817,0.1623519739474604,0.730724055358587,0.009513150531617236,0.016149596260093498
kumo_small,raw,2,500,7,False,19.88339138031006,Black men,2846,0.2501756851721715,0.27489450573921204,0.176514162249894,0.6610436433137117,0.010309278350515464,0.013703443429374561
kumo_small,raw,2,500,7,False,19.88339138031006,White men,1872,0.2516025641025641,0.2615124583244324,0.1660654005178675,0.7358983801379361,0.011420413990007138,0.016025641025641024
kumo_small,raw,2,500,7,False,19.88339138031006,Black women,261,0.13793103448275862,0.23082345724105835,0.11478204139866158,0.758395061728395,0.008888888888888889,0.011494252873563218
kumo_small,raw,2,500,7,False,19.88339138031006,White women,481,0.19750519750519752,0.25312739610671997,0.14789971918695705,0.7038996454867739,0.0025906735751295338,0.016632016632016633
kumo_small,raw,2,500,7,False,19.637482404708862,All,5460,0.24065934065934066,0.2662821114063263,0.16746000242978448,0.6972016819864886,0.009889049686444766,0.014652014652014652
kumo_small,raw,2,500,7,False,19.637482404708862,Men,4718,0.2507418397626113,0.2695848047733307,0.17236832037571986,0.6905893366779016,0.01074964639321075,0.014624841034336583
kumo_small,raw,2,500,7,False,19.637482404708862,Women,742,0.1765498652291105,0.24528193473815918,0.1362505090754407,0.7235791656775903,0.004909983633387889,0.014824797843665768
kumo_small,raw,2,500,7,False,19.637482404708862,Black,3107,0.24074670099774703,0.27119237184524536,0.1713284256737203,0.6718591671899403,0.010173802458668928,0.013517862890247827
kumo_small,raw,2,500,7,False,19.637482404708862,White,2353,0.24054398640034,0.2597983479499817,0.1623519739474604,0.730724055358587,0.009513150531617236,0.016149596260093498
kumo_small,raw,2,500,7,False,19.637482404708862,Black men,2846,0.2501756851721715,0.27489450573921204,0.176514162249894,0.6610436433137117,0.010309278350515464,0.013703443429374561
kumo_small,raw,2,500,7,False,19.637482404708862,White men,1872,0.2516025641025641,0.2615124583244324,0.1660654005178675,0.7358983801379361,0.011420413990007138,0.016025641025641024
kumo_small,raw,2,500,7,False,19.637482404708862,Black women,261,0.13793103448275862,0.23082345724105835,0.11478204139866158,0.758395061728395,0.008888888888888889,0.011494252873563218
kumo_small,raw,2,500,7,False,19.637482404708862,White women,481,0.19750519750519752,0.25312739610671997,0.14789971918695705,0.7038996454867739,0.0025906735751295338,0.016632016632016633
kumo_small,raw,2,500,8,False,20.302201509475708,All,5460,0.24065934065934066,0.21828143298625946,0.1722650923859523,0.6653013559125408,0.00120598166907863,0.0014652014652014652
kumo_small,raw,2,500,8,False,20.302201509475708,Men,4718,0.2507418397626113,0.22008420526981354,0.17811731612066073,0.6582715293628143,0.0011315417256011315,0.001271725307333616
kumo_small,raw,2,500,8,False,20.302201509475708,Women,742,0.1765498652291105,0.20681853592395782,0.13505378297846676,0.7078622206119364,0.0016366612111292963,0.0026954177897574125
kumo_small,raw,2,500,8,False,20.302201509475708,Black,3107,0.24074670099774703,0.22059550881385803,0.17565067911425222,0.6379209898148632,0.000847816871555744,0.000643707756678468
kumo_small,raw,2,500,8,False,20.302201509475708,White,2353,0.24054398640034,0.21522581577301025,0.16779462151267227,0.6982021707621395,0.0016787912702853946,0.0025499362515937103
kumo_small,raw,2,500,8,False,20.302201509475708,Black men,2846,0.2501756851721715,0.22345450520515442,0.18113576370579193,0.630008529637859,0.0009372071227741331,0.0007027406886858749
kumo_small,raw,2,500,8,False,20.302201509475708,White men,1872,0.2516025641025641,0.21496033668518066,0.17352837283685543,0.6973756991896901,0.0014275517487508922,0.002136752136752137
kumo_small,raw,2,500,8,False,20.302201509475708,Black women,261,0.13793103448275862,0.18942061066627502,0.11584013985171589,0.707037037037037,0.0,0.0
kumo_small,raw,2,500,8,False,20.302201509475708,White women,481,0.19750519750519752,0.21625901758670807,0.14547948122395943,0.7064903190619034,0.0025906735751295338,0.004158004158004158
kumo_small,raw,2,500,8,False,19.190014123916626,All,5460,0.24065934065934066,0.21828143298625946,0.1722650923859523,0.6653013559125408,0.00120598166907863,0.0014652014652014652
kumo_small,raw,2,500,8,False,19.190014123916626,Men,4718,0.2507418397626113,0.22008420526981354,0.17811731612066073,0.6582715293628143,0.0011315417256011315,0.001271725307333616
kumo_small,raw,2,500,8,False,19.190014123916626,Women,742,0.1765498652291105,0.20681853592395782,0.13505378297846676,0.7078622206119364,0.0016366612111292963,0.0026954177897574125
kumo_small,raw,2,500,8,False,19.190014123916626,Black,3107,0.24074670099774703,0.22059550881385803,0.17565067911425222,0.6379209898148632,0.000847816871555744,0.000643707756678468
kumo_small,raw,2,500,8,False,19.190014123916626,White,2353,0.24054398640034,0.21522581577301025,0.16779462151267227,0.6982021707621395,0.0016787912702853946,0.0025499362515937103
kumo_small,raw,2,500,8,False,19.190014123916626,Black men,2846,0.2501756851721715,0.22345450520515442,0.18113576370579193,0.630008529637859,0.0009372071227741331,0.0007027406886858749
kumo_small,raw,2,500,8,False,19.190014123916626,White men,1872,0.2516025641025641,0.21496033668518066,0.17352837283685543,0.6973756991896901,0.0014275517487508922,0.002136752136752137
kumo_small,raw,2,500,8,False,19.190014123916626,Black women,261,0.13793103448275862,0.18942061066627502,0.11584013985171589,0.707037037037037,0.0,0.0
kumo_small,raw,2,500,8,False,19.190014123916626,White women,481,0.19750519750519752,0.21625901758670807,0.14547948122395943,0.7064903190619034,0.0025906735751295338,0.004158004158004158
kumo_small,raw,2,500,9,False,19.88543939590454,All,5460,0.24065934065934066,0.2589249908924103,0.1731810318890007,0.6629473053927388,0.001688374336710082,0.002197802197802198
kumo_small,raw,2,500,9,False,19.88543939590454,Men,4718,0.2507418397626113,0.26291146874427795,0.17789454620930986,0.6603339865444098,0.0019801980198019802,0.002543450614667232
kumo_small,raw,2,500,9,False,19.88543939590454,Women,742,0.1765498652291105,0.23357728123664856,0.14321019555043088,0.6515660723879012,0.0,0.0
kumo_small,raw,2,500,9,False,19.88543939590454,Black,3107,0.24074670099774703,0.2695717513561249,0.1748202254269749,0.6511420591975662,0.002967359050445104,0.003540392661731574
kumo_small,raw,2,500,9,False,19.88543939590454,White,2353,0.24054398640034,0.24486659467220306,0.17101657191344355,0.6825532259882425,0.0,0.00042498937526561835
kumo_small,raw,2,500,9,False,19.88543939590454,Black men,2846,0.2501756851721715,0.27260416746139526,0.17942670683419137,0.6450018691490369,0.0032802249297094657,0.003865073787772312
kumo_small,raw,2,500,9,False,19.88543939590454,White men,1872,0.2516025641025641,0.24817559123039246,0.1755652037208415,0.6893407953978885,0.0,0.0005341880341880342
kumo_small,raw,2,500,9,False,19.88543939590454,Black women,261,0.13793103448275862,0.23650580644607544,0.12459016379885962,0.6793827160493827,0.0,0.0
kumo_small,raw,2,500,9,False,19.88543939590454,White women,481,0.19750519750519752,0.23198820650577545,0.15331378866302986,0.6421052631578947,0.0,0.0
kumo_small,raw,2,500,9,False,19.886709928512573,All,5460,0.24065934065934066,0.2589249908924103,0.1731810318890007,0.6629473053927388,0.001688374336710082,0.002197802197802198
kumo_small,raw,2,500,9,False,19.886709928512573,Men,4718,0.2507418397626113,0.26291146874427795,0.17789454620930986,0.6603339865444098,0.0019801980198019802,0.002543450614667232
kumo_small,raw,2,500,9,False,19.886709928512573,Women,742,0.1765498652291105,0.23357728123664856,0.14321019555043088,0.6515660723879012,0.0,0.0
kumo_small,raw,2,500,9,False,19.886709928512573,Black,3107,0.24074670099774703,0.2695717513561249,0.1748202254269749,0.6511420591975662,0.002967359050445104,0.003540392661731574
kumo_small,raw,2,500,9,False,19.886709928512573,White,2353,0.24054398640034,0.24486659467220306,0.17101657191344355,0.6825532259882425,0.0,0.00042498937526561835
kumo_small,raw,2,500,9,False,19.886709928512573,Black men,2846,0.2501756851721715,0.27260416746139526,0.17942670683419137,0.6450018691490369,0.0032802249297094657,0.003865073787772312
kumo_small,raw,2,500,9,False,19.886709928512573,White men,1872,0.2516025641025641,0.24817559123039246,0.1755652037208415,0.6893407953978885,0.0,0.0005341880341880342
kumo_small,raw,2,500,9,False,19.886709928512573,Black women,261,0.13793103448275862,0.23650580644607544,0.12459016379885962,0.6793827160493827,0.0,0.0
kumo_small,raw,2,500,9,False,19.886709928512573,White women,481,0.19750519750519752,0.23198820650577545,0.15331378866302986,0.6421052631578947,0.0,0.0
kumo_small,raw,2,1000,0,False,21.48205590248108,All,5460,0.24065934065934066,0.2738173305988312,0.1666550383882558,0.7068552256635836,0.028702363724071395,0.042673992673992675
kumo_small,raw,2,1000,0,False,21.48205590248108,Men,4718,0.2507418397626113,0.2874769866466522,0.17241933917015273,0.6984790424459667,0.033663366336633666,0.049385332768122084
kumo_small,raw,2,1000,0,False,21.48205590248108,Women,742,0.1765498652291105,0.1869625300168991,0.13000278624676034,0.7509026623855274,0.0,0.0
kumo_small,raw,2,1000,0,False,21.48205590248108,Black,3107,0.24074670099774703,0.281166672706604,0.17063515091325868,0.6879467190167138,0.03560830860534125,0.046668812359188926
kumo_small,raw,2,1000,0,False,21.48205590248108,White,2353,0.24054398640034,0.2641129195690155,0.16139953068949514,0.7322575095754379,0.019585898153329603,0.037399065023374416
kumo_small,raw,2,1000,0,False,21.48205590248108,Black men,2846,0.2501756851721715,0.29127153754234314,0.17674635735828004,0.6749569569200635,0.03936269915651359,0.05094869992972593
kumo_small,raw,2,1000,0,False,21.48205590248108,White men,1872,0.2516025641025641,0.28170815110206604,0.16584097711704893,0.7343450462287326,0.024982155603140613,0.04700854700854701
kumo_small,raw,2,1000,0,False,21.48205590248108,Black women,261,0.13793103448275862,0.170981302857399,0.10399724462003711,0.8118518518518518,0.0,0.0
kumo_small,raw,2,1000,0,False,21.48205590248108,White women,481,0.19750519750519752,0.19563426077365875,0.14411390134982638,0.7198527406599401,0.0,0.0
kumo_small,raw,2,1000,0,False,22.098641633987427,All,5460,0.24065934065934066,0.2738173305988312,0.1666550383882558,0.7068552256635836,0.028702363724071395,0.042673992673992675
kumo_small,raw,2,1000,0,False,22.098641633987427,Men,4718,0.2507418397626113,0.2874769866466522,0.17241933917015273,0.6984790424459667,0.033663366336633666,0.049385332768122084
kumo_small,raw,2,1000,0,False,22.098641633987427,Women,742,0.1765498652291105,0.1869625300168991,0.13000278624676034,0.7509026623855274,0.0,0.0
kumo_small,raw,2,1000,0,False,22.098641633987427,Black,3107,0.24074670099774703,0.281166672706604,0.17063515091325868,0.6879467190167138,0.03560830860534125,0.046668812359188926
kumo_small,raw,2,1000,0,False,22.098641633987427,White,2353,0.24054398640034,0.2641129195690155,0.16139953068949514,0.7322575095754379,0.019585898153329603,0.037399065023374416
kumo_small,raw,2,1000,0,False,22.098641633987427,Black men,2846,0.2501756851721715,0.29127153754234314,0.17674635735828004,0.6749569569200635,0.03936269915651359,0.05094869992972593
kumo_small,raw,2,1000,0,False,22.098641633987427,White men,1872,0.2516025641025641,0.28170815110206604,0.16584097711704893,0.7343450462287326,0.024982155603140613,0.04700854700854701
kumo_small,raw,2,1000,0,False,22.098641633987427,Black women,261,0.13793103448275862,0.170981302857399,0.10399724462003711,0.8118518518518518,0.0,0.0
kumo_small,raw,2,1000,0,False,22.098641633987427,White women,481,0.19750519750519752,0.19563426077365875,0.14411390134982638,0.7198527406599401,0.0,0.0
kumo_small,raw,2,1000,1,False,22.006215572357178,All,5460,0.24065934065934066,0.24357916414737701,0.16671181303054464,0.702945054961192,0.00602990834539315,0.009523809523809525
kumo_small,raw,2,1000,1,False,22.006215572357178,Men,4718,0.2507418397626113,0.24386070668697357,0.17166505447739044,0.6988243396251229,0.005940594059405941,0.009114031369224248
kumo_small,raw,2,1000,1,False,22.006215572357178,Women,742,0.1765498652291105,0.2417891025543213,0.13521667401946855,0.7359728139328594,0.006546644844517185,0.012129380053908356
kumo_small,raw,2,1000,1,False,22.006215572357178,Black,3107,0.24074670099774703,0.24569551646709442,0.16971102358029205,0.6795116212117434,0.00211954217888936,0.002896684905053106
kumo_small,raw,2,1000,1,False,22.006215572357178,White,2353,0.24054398640034,0.2407846450805664,0.1627515294869555,0.7317957925417373,0.01119194180190263,0.01827454313642159
kumo_small,raw,2,1000,1,False,22.006215572357178,Black men,2846,0.2501756851721715,0.24743211269378662,0.1745314707932619,0.6731483577814518,0.0023430178069353325,0.003162333099086437
kumo_small,raw,2,1000,1,False,22.006215572357178,White men,1872,0.2516025641025641,0.23843105137348175,0.1673072442022995,0.7355771052220814,0.011420413990007138,0.018162393162393164
kumo_small,raw,2,1000,1,False,22.006215572357178,Black women,261,0.13793103448275862,0.2267591953277588,0.11714783289787012,0.7466666666666666,0.0,0.0
kumo_small,raw,2,1000,1,False,22.006215572357178,White women,481,0.19750519750519752,0.24994462728500366,0.14502118032453548,0.7277883828742842,0.010362694300518135,0.018711018711018712
kumo_small,raw,2,1000,1,False,22.4116792678833,All,5460,0.24065934065934066,0.24357916414737701,0.16671181303054464,0.702945054961192,0.00602990834539315,0.009523809523809525
kumo_small,raw,2,1000,1,False,22.4116792678833,Men,4718,0.2507418397626113,0.24386070668697357,0.17166505447739044,0.6988243396251229,0.005940594059405941,0.009114031369224248
kumo_small,raw,2,1000,1,False,22.4116792678833,Women,742,0.1765498652291105,0.2417891025543213,0.13521667401946855,0.7359728139328594,0.006546644844517185,0.012129380053908356
kumo_small,raw,2,1000,1,False,22.4116792678833,Black,3107,0.24074670099774703,0.24569551646709442,0.16971102358029205,0.6795116212117434,0.00211954217888936,0.002896684905053106
kumo_small,raw,2,1000,1,False,22.4116792678833,White,2353,0.24054398640034,0.2407846450805664,0.1627515294869555,0.7317957925417373,0.01119194180190263,0.01827454313642159
kumo_small,raw,2,1000,1,False,22.4116792678833,Black men,2846,0.2501756851721715,0.24743211269378662,0.1745314707932619,0.6731483577814518,0.0023430178069353325,0.003162333099086437
kumo_small,raw,2,1000,1,False,22.4116792678833,White men,1872,0.2516025641025641,0.23843105137348175,0.1673072442022995,0.7355771052220814,0.011420413990007138,0.018162393162393164
kumo_small,raw,2,1000,1,False,22.4116792678833,Black women,261,0.13793103448275862,0.2267591953277588,0.11714783289787012,0.7466666666666666,0.0,0.0
kumo_small,raw,2,1000,1,False,22.4116792678833,White women,481,0.19750519750519752,0.24994462728500366,0.14502118032453548,0.7277883828742842,0.010362694300518135,0.018711018711018712
kumo_small,raw,2,1000,2,False,21.73509955406189,All,5460,0.24065934065934066,0.25006330013275146,0.16469955292028002,0.7136885711118013,0.02894356005788712,0.041758241758241756
kumo_small,raw,2,1000,2,False,21.73509955406189,Men,4718,0.2507418397626113,0.2592999041080475,0.16945096614514224,0.709084257055098,0.03281471004243282,0.046841882153454854
kumo_small,raw,2,1000,2,False,21.73509955406189,Women,742,0.1765498652291105,0.19133234024047852,0.13448773675464695,0.7094239202408766,0.006546644844517185,0.009433962264150943
kumo_small,raw,2,1000,2,False,21.73509955406189,Black,3107,0.24074670099774703,0.26589369773864746,0.16903722049471484,0.6930642232614654,0.03815175922000848,0.0511747666559382
kumo_small,raw,2,1000,2,False,21.73509955406189,White,2353,0.24054398640034,0.2291601598262787,0.15897191452088824,0.7417746148568084,0.016787912702853944,0.029324266893327667
kumo_small,raw,2,1000,2,False,21.73509955406189,Black men,2846,0.2501756851721715,0.2732298672199249,0.17386106064115184,0.6862837368238156,0.041237113402061855,0.05516514406184118
kumo_small,raw,2,1000,2,False,21.73509955406189,White men,1872,0.2516025641025641,0.23812223970890045,0.16274630325217032,0.7446925232356022,0.01998572448251249,0.03418803418803419
kumo_small,raw,2,1000,2,False,21.73509955406189,Black women,261,0.13793103448275862,0.18589864671230316,0.11643703253778122,0.6979012345679012,0.008888888888888889,0.007662835249042145
kumo_small,raw,2,1000,2,False,21.73509955406189,White women,481,0.19750519750519752,0.194280743598938,0.14428240162076333,0.713198800109081,0.0051813471502590676,0.010395010395010396
kumo_small,raw,2,1000,2,False,21.90098786354065,All,5460,0.24065934065934066,0.25006330013275146,0.16469955292028002,0.7136885711118013,0.02894356005788712,0.041758241758241756
kumo_small,raw,2,1000,2,False,21.90098786354065,Men,4718,0.2507418397626113,0.2592999041080475,0.16945096614514224,0.709084257055098,0.03281471004243282,0.046841882153454854
kumo_small,raw,2,1000,2,False,21.90098786354065,Women,742,0.1765498652291105,0.19133234024047852,0.13448773675464695,0.7094239202408766,0.006546644844517185,0.009433962264150943
kumo_small,raw,2,1000,2,False,21.90098786354065,Black,3107,0.24074670099774703,0.26589369773864746,0.16903722049471484,0.6930642232614654,0.03815175922000848,0.0511747666559382
kumo_small,raw,2,1000,2,False,21.90098786354065,White,2353,0.24054398640034,0.2291601598262787,0.15897191452088824,0.7417746148568084,0.016787912702853944,0.029324266893327667
kumo_small,raw,2,1000,2,False,21.90098786354065,Black men,2846,0.2501756851721715,0.2732298672199249,0.17386106064115184,0.6862837368238156,0.041237113402061855,0.05516514406184118
kumo_small,raw,2,1000,2,False,21.90098786354065,White men,1872,0.2516025641025641,0.23812223970890045,0.16274630325217032,0.7446925232356022,0.01998572448251249,0.03418803418803419
kumo_small,raw,2,1000,2,False,21.90098786354065,Black women,261,0.13793103448275862,0.18589864671230316,0.11643703253778122,0.6979012345679012,0.008888888888888889,0.007662835249042145
kumo_small,raw,2,1000,2,False,21.90098786354065,White women,481,0.19750519750519752,0.194280743598938,0.14428240162076333,0.713198800109081,0.0051813471502590676,0.010395010395010396
kumo_small,raw,2,1000,3,False,22.257922887802124,All,5460,0.24065934065934066,0.24086935818195343,0.16604515198896022,0.7066467028057338,0.017848528702363725,0.02271062271062271
kumo_small,raw,2,1000,3,False,22.257922887802124,Men,4718,0.2507418397626113,0.2562389671802521,0.1708553536984926,0.70201857765779,0.020933521923620933,0.02628232301822806
kumo_small,raw,2,1000,3,False,22.257922887802124,Women,742,0.1765498652291105,0.14314182102680206,0.13545952979815973,0.7202308816731424,0.0,0.0
kumo_small,raw,2,1000,3,False,22.257922887802124,Black,3107,0.24074670099774703,0.2484380155801773,0.1687761194357493,0.6915828106262738,0.019923696481559984,0.021242355970389443
kumo_small,raw,2,1000,3,False,22.257922887802124,White,2353,0.24054398640034,0.2308754026889801,0.16243906790176357,0.7254068943152451,0.01510912143256855,0.024649383765405864
kumo_small,raw,2,1000,3,False,22.257922887802124,Black men,2846,0.2501756851721715,0.2591101825237274,0.1741878160608203,0.6814292145361878,0.022024367385192128,0.023190442726633873
kumo_small,raw,2,1000,3,False,22.257922887802124,White men,1872,0.2516025641025641,0.2518739104270935,0.16578901401730436,0.7318021249607878,0.019271948608137045,0.030982905982905984
kumo_small,raw,2,1000,3,False,22.257922887802124,Black women,261,0.13793103448275862,0.13206642866134644,0.1097658183056653,0.7456790123456789,0.0,0.0
kumo_small,raw,2,1000,3,False,22.257922887802124,White women,481,0.19750519750519752,0.14915154874324799,0.14940143977641554,0.7031360785383147,0.0,0.0
kumo_small,raw,2,1000,3,False,22.148587465286255,All,5460,0.24065934065934066,0.24086935818195343,0.16604515198896022,0.7066467028057338,0.017848528702363725,0.02271062271062271
kumo_small,raw,2,1000,3,False,22.148587465286255,Men,4718,0.2507418397626113,0.2562389671802521,0.1708553536984926,0.70201857765779,0.020933521923620933,0.02628232301822806
kumo_small,raw,2,1000,3,False,22.148587465286255,Women,742,0.1765498652291105,0.14314182102680206,0.13545952979815973,0.7202308816731424,0.0,0.0
kumo_small,raw,2,1000,3,False,22.148587465286255,Black,3107,0.24074670099774703,0.2484380155801773,0.1687761194357493,0.6915828106262738,0.019923696481559984,0.021242355970389443
kumo_small,raw,2,1000,3,False,22.148587465286255,White,2353,0.24054398640034,0.2308754026889801,0.16243906790176357,0.7254068943152451,0.01510912143256855,0.024649383765405864
kumo_small,raw,2,1000,3,False,22.148587465286255,Black men,2846,0.2501756851721715,0.2591101825237274,0.1741878160608203,0.6814292145361878,0.022024367385192128,0.023190442726633873
kumo_small,raw,2,1000,3,False,22.148587465286255,White men,1872,0.2516025641025641,0.2518739104270935,0.16578901401730436,0.7318021249607878,0.019271948608137045,0.030982905982905984
kumo_small,raw,2,1000,3,False,22.148587465286255,Black women,261,0.13793103448275862,0.13206642866134644,0.1097658183056653,0.7456790123456789,0.0,0.0
kumo_small,raw,2,1000,3,False,22.148587465286255,White women,481,0.19750519750519752,0.14915154874324799,0.14940143977641554,0.7031360785383147,0.0,0.0
kumo_small,raw,2,1000,4,False,23.405795335769653,All,5460,0.24065934065934066,0.27702251076698303,0.1655812193785988,0.7240741474976157,0.08393632416787265,0.11703296703296703
kumo_small,raw,2,1000,4,False,23.405795335769653,Men,4718,0.2507418397626113,0.28338685631752014,0.17109884270118034,0.716757793397985,0.09335219236209336,0.1271725307333616
kumo_small,raw,2,1000,4,False,23.405795335769653,Women,742,0.1765498652291105,0.23655469715595245,0.1304974635350143,0.7583363526192826,0.029459901800327332,0.05256064690026954
kumo_small,raw,2,1000,4,False,23.405795335769653,Black,3107,0.24074670099774703,0.290158748626709,0.1723877635620241,0.6993667442698688,0.10597710894446799,0.13710975217251367
kumo_small,raw,2,1000,4,False,23.405795335769653,White,2353,0.24054398640034,0.25967687368392944,0.15659357263915882,0.7570359941548799,0.05484051482932289,0.09052273693157671
kumo_small,raw,2,1000,4,False,23.405795335769653,Black men,2846,0.2501756851721715,0.29621344804763794,0.17743479199393292,0.6926019870897085,0.1148078725398313,0.14652143359100492
kumo_small,raw,2,1000,4,False,23.405795335769653,White men,1872,0.2516025641025641,0.2638866603374481,0.16146630440674992,0.7539549396776037,0.06067094932191292,0.09775641025641026
kumo_small,raw,2,1000,4,False,23.405795335769653,Black women,261,0.13793103448275862,0.2241371124982834,0.1173538826531637,0.7358024691358025,0.022222222222222223,0.034482758620689655
kumo_small,raw,2,1000,4,False,23.405795335769653,White women,481,0.19750519750519752,0.24329271912574768,0.13762942738150702,0.7654485955822198,0.03367875647668394,0.062370062370062374
kumo_small,raw,2,1000,4,False,21.271241426467896,All,5460,0.24065934065934066,0.27702251076698303,0.1655812193785988,0.7240741474976157,0.08393632416787265,0.11703296703296703
kumo_small,raw,2,1000,4,False,21.271241426467896,Men,4718,0.2507418397626113,0.28338685631752014,0.17109884270118034,0.716757793397985,0.09335219236209336,0.1271725307333616
kumo_small,raw,2,1000,4,False,21.271241426467896,Women,742,0.1765498652291105,0.23655469715595245,0.1304974635350143,0.7583363526192826,0.029459901800327332,0.05256064690026954
kumo_small,raw,2,1000,4,False,21.271241426467896,Black,3107,0.24074670099774703,0.290158748626709,0.1723877635620241,0.6993667442698688,0.10597710894446799,0.13710975217251367
kumo_small,raw,2,1000,4,False,21.271241426467896,White,2353,0.24054398640034,0.25967687368392944,0.15659357263915882,0.7570359941548799,0.05484051482932289,0.09052273693157671
kumo_small,raw,2,1000,4,False,21.271241426467896,Black men,2846,0.2501756851721715,0.29621344804763794,0.17743479199393292,0.6926019870897085,0.1148078725398313,0.14652143359100492
kumo_small,raw,2,1000,4,False,21.271241426467896,White men,1872,0.2516025641025641,0.2638866603374481,0.16146630440674992,0.7539549396776037,0.06067094932191292,0.09775641025641026
kumo_small,raw,2,1000,4,False,21.271241426467896,Black women,261,0.13793103448275862,0.2241371124982834,0.1173538826531637,0.7358024691358025,0.022222222222222223,0.034482758620689655
kumo_small,raw,2,1000,4,False,21.271241426467896,White women,481,0.19750519750519752,0.24329271912574768,0.13762942738150702,0.7654485955822198,0.03367875647668394,0.062370062370062374
kumo_small,raw,2,1000,5,False,22.2337965965271,All,5460,0.24065934065934066,0.2811242341995239,0.16832329301109814,0.7009317814533602,0.040279787747226244,0.05970695970695971
kumo_small,raw,2,1000,5,False,22.2337965965271,Men,4718,0.2507418397626113,0.2834233045578003,0.17345338868580143,0.6924791452699189,0.04101838755304102,0.060406952098346754
kumo_small,raw,2,1000,5,False,22.2337965965271,Women,742,0.1765498652291105,0.26650571823120117,0.13570362806062633,0.7572494096775402,0.03600654664484452,0.05525606469002695
kumo_small,raw,2,1000,5,False,22.2337965965271,Black,3107,0.24074670099774703,0.2802659869194031,0.17161512499859413,0.6822432236989753,0.03899957609156422,0.05246218216929514
kumo_small,raw,2,1000,5,False,22.2337965965271,White,2353,0.24054398640034,0.2822575271129608,0.16397661983423883,0.7249263922202164,0.041969781757134866,0.06927326816829579
kumo_small,raw,2,1000,5,False,22.2337965965271,Black men,2846,0.2501756851721715,0.283235639333725,0.17676234742204808,0.6723809536345735,0.041237113402061855,0.05516514406184118
kumo_small,raw,2,1000,5,False,22.2337965965271,White men,1872,0.2516025641025641,0.2837086319923401,0.1684227815472555,0.721786531003787,0.04068522483940043,0.06837606837606838
kumo_small,raw,2,1000,5,False,22.2337965965271,Black women,261,0.13793103448275862,0.24788405001163483,0.11548870730836443,0.7932098765432098,0.017777777777777778,0.022988505747126436
kumo_small,raw,2,1000,5,False,22.2337965965271,White women,481,0.19750519750519752,0.27661022543907166,0.14667263911330902,0.738751022634306,0.046632124352331605,0.07276507276507277
kumo_small,raw,2,1000,5,False,22.04997706413269,All,5460,0.24065934065934066,0.2811242341995239,0.16832329301109814,0.7009317814533602,0.040279787747226244,0.05970695970695971
kumo_small,raw,2,1000,5,False,22.04997706413269,Men,4718,0.2507418397626113,0.2834233045578003,0.17345338868580143,0.6924791452699189,0.04101838755304102,0.060406952098346754
kumo_small,raw,2,1000,5,False,22.04997706413269,Women,742,0.1765498652291105,0.26650571823120117,0.13570362806062633,0.7572494096775402,0.03600654664484452,0.05525606469002695
kumo_small,raw,2,1000,5,False,22.04997706413269,Black,3107,0.24074670099774703,0.2802659869194031,0.17161512499859413,0.6822432236989753,0.03899957609156422,0.05246218216929514
kumo_small,raw,2,1000,5,False,22.04997706413269,White,2353,0.24054398640034,0.2822575271129608,0.16397661983423883,0.7249263922202164,0.041969781757134866,0.06927326816829579
kumo_small,raw,2,1000,5,False,22.04997706413269,Black men,2846,0.2501756851721715,0.283235639333725,0.17676234742204808,0.6723809536345735,0.041237113402061855,0.05516514406184118
kumo_small,raw,2,1000,5,False,22.04997706413269,White men,1872,0.2516025641025641,0.2837086319923401,0.1684227815472555,0.721786531003787,0.04068522483940043,0.06837606837606838
kumo_small,raw,2,1000,5,False,22.04997706413269,Black women,261,0.13793103448275862,0.24788405001163483,0.11548870730836443,0.7932098765432098,0.017777777777777778,0.022988505747126436
kumo_small,raw,2,1000,5,False,22.04997706413269,White women,481,0.19750519750519752,0.27661022543907166,0.14667263911330902,0.738751022634306,0.046632124352331605,0.07276507276507277
kumo_small,raw,2,1000,6,False,21.6962149143219,All,5460,0.24065934065934066,0.26067426800727844,0.16356850689088673,0.7230697134499446,0.03569705740472745,0.05384615384615385
kumo_small,raw,2,1000,6,False,21.6962149143219,Men,4718,0.2507418397626113,0.2691672444343567,0.16939958406554967,0.7130305446919527,0.04186704384724187,0.0612547689699025
kumo_small,raw,2,1000,6,False,21.6962149143219,Women,742,0.1765498652291105,0.2066718190908432,0.12649165768595433,0.7676815631988606,0.0,0.006738544474393531
kumo_small,raw,2,1000,6,False,21.6962149143219,Black,3107,0.24074670099774703,0.2686232328414917,0.16892741334940806,0.6976643098566644,0.04493429419245443,0.057611844222722884
kumo_small,raw,2,1000,6,False,21.6962149143219,White,2353,0.24054398640034,0.25017815828323364,0.15649238178819835,0.756186711645354,0.023503077783995522,0.04887377815554611
kumo_small,raw,2,1000,6,False,21.6962149143219,Black men,2846,0.2501756851721715,0.2756037414073944,0.17455701331713866,0.6873657371818498,0.04967197750702906,0.0628952916373858
kumo_small,raw,2,1000,6,False,21.6962149143219,White men,1872,0.2516025641025641,0.25938183069229126,0.16155874878241822,0.7513862557984818,0.029978586723768737,0.05876068376068376
kumo_small,raw,2,1000,6,False,21.6962149143219,Black women,261,0.13793103448275862,0.19250628352165222,0.107541047417756,0.7844444444444445,0.0,0.0
kumo_small,raw,2,1000,6,False,21.6962149143219,White women,481,0.19750519750519752,0.21435832977294922,0.1367746291620453,0.7606763021543496,0.0,0.010395010395010396
kumo_small,raw,2,1000,6,False,22.35946559906006,All,5460,0.24065934065934066,0.26067426800727844,0.16356850689088673,0.7230697134499446,0.03569705740472745,0.05384615384615385
kumo_small,raw,2,1000,6,False,22.35946559906006,Men,4718,0.2507418397626113,0.2691672444343567,0.16939958406554967,0.7130305446919527,0.04186704384724187,0.0612547689699025
kumo_small,raw,2,1000,6,False,22.35946559906006,Women,742,0.1765498652291105,0.2066718190908432,0.12649165768595433,0.7676815631988606,0.0,0.006738544474393531
kumo_small,raw,2,1000,6,False,22.35946559906006,Black,3107,0.24074670099774703,0.2686232328414917,0.16892741334940806,0.6976643098566644,0.04493429419245443,0.057611844222722884
kumo_small,raw,2,1000,6,False,22.35946559906006,White,2353,0.24054398640034,0.25017815828323364,0.15649238178819835,0.756186711645354,0.023503077783995522,0.04887377815554611
kumo_small,raw,2,1000,6,False,22.35946559906006,Black men,2846,0.2501756851721715,0.2756037414073944,0.17455701331713866,0.6873657371818498,0.04967197750702906,0.0628952916373858
kumo_small,raw,2,1000,6,False,22.35946559906006,White men,1872,0.2516025641025641,0.25938183069229126,0.16155874878241822,0.7513862557984818,0.029978586723768737,0.05876068376068376
kumo_small,raw,2,1000,6,False,22.35946559906006,Black women,261,0.13793103448275862,0.19250628352165222,0.107541047417756,0.7844444444444445,0.0,0.0
kumo_small,raw,2,1000,6,False,22.35946559906006,White women,481,0.19750519750519752,0.21435832977294922,0.1367746291620453,0.7606763021543496,0.0,0.010395010395010396
kumo_small,raw,2,1000,7,False,22.24959659576416,All,5460,0.24065934065934066,0.25929561257362366,0.16386740008358064,0.7168757034893068,0.013506994693680656,0.020512820512820513
kumo_small,raw,2,1000,7,False,22.24959659576416,Men,4718,0.2507418397626113,0.267343670129776,0.16890907296680824,0.7095359650685512,0.014992927864214993,0.022467147096227214
kumo_small,raw,2,1000,7,False,22.24959659576416,Women,742,0.1765498652291105,0.20812220871448517,0.1318099706185297,0.7380092702489974,0.004909983633387889,0.008086253369272238
kumo_small,raw,2,1000,7,False,22.24959659576416,Black,3107,0.24074670099774703,0.26948031783103943,0.16840958833879446,0.691323251717736,0.017804154302670624,0.023495333118764082
kumo_small,raw,2,1000,7,False,22.24959659576416,White,2353,0.24054398640034,0.24584729969501495,0.15786970398967953,0.7504790190638712,0.00783435926133184,0.016574585635359115
kumo_small,raw,2,1000,7,False,22.24959659576416,Black men,2846,0.2501756851721715,0.2762775719165802,0.17371146536613052,0.6802906131861883,0.01874414245548266,0.024947294448348558
kumo_small,raw,2,1000,7,False,22.24959659576416,White men,1872,0.2516025641025641,0.2537614405155182,0.16160799990672742,0.7537670241607829,0.009279086366880799,0.018696581196581196
kumo_small,raw,2,1000,7,False,22.24959659576416,Black women,261,0.13793103448275862,0.19536185264587402,0.11059678366523712,0.7664197530864197,0.008888888888888889,0.007662835249042145
kumo_small,raw,2,1000,7,False,22.24959659576416,White women,481,0.19750519750519752,0.2150462120771408,0.14332066042062816,0.7212435233160622,0.0025906735751295338,0.008316008316008316
kumo_small,raw,2,1000,7,False,21.71534490585327,All,5460,0.24065934065934066,0.25929561257362366,0.16386740008358064,0.7168757034893068,0.013506994693680656,0.020512820512820513
kumo_small,raw,2,1000,7,False,21.71534490585327,Men,4718,0.2507418397626113,0.267343670129776,0.16890907296680824,0.7095359650685512,0.014992927864214993,0.022467147096227214
kumo_small,raw,2,1000,7,False,21.71534490585327,Women,742,0.1765498652291105,0.20812220871448517,0.1318099706185297,0.7380092702489974,0.004909983633387889,0.008086253369272238
kumo_small,raw,2,1000,7,False,21.71534490585327,Black,3107,0.24074670099774703,0.26948031783103943,0.16840958833879446,0.691323251717736,0.017804154302670624,0.023495333118764082
kumo_small,raw,2,1000,7,False,21.71534490585327,White,2353,0.24054398640034,0.24584729969501495,0.15786970398967953,0.7504790190638712,0.00783435926133184,0.016574585635359115
kumo_small,raw,2,1000,7,False,21.71534490585327,Black men,2846,0.2501756851721715,0.2762775719165802,0.17371146536613052,0.6802906131861883,0.01874414245548266,0.024947294448348558
kumo_small,raw,2,1000,7,False,21.71534490585327,White men,1872,0.2516025641025641,0.2537614405155182,0.16160799990672742,0.7537670241607829,0.009279086366880799,0.018696581196581196
kumo_small,raw,2,1000,7,False,21.71534490585327,Black women,261,0.13793103448275862,0.19536185264587402,0.11059678366523712,0.7664197530864197,0.008888888888888889,0.007662835249042145
kumo_small,raw,2,1000,7,False,21.71534490585327,White women,481,0.19750519750519752,0.2150462120771408,0.14332066042062816,0.7212435233160622,0.0025906735751295338,0.008316008316008316
kumo_small,raw,2,1000,8,False,22.426889657974243,All,5460,0.24065934065934066,0.23091503977775574,0.16458374415022273,0.7131538641708537,0.0074770863482875064,0.01336996336996337
kumo_small,raw,2,1000,8,False,22.426889657974243,Men,4718,0.2507418397626113,0.2319335639476776,0.17037952149006386,0.7046491969568893,0.006506364922206506,0.011021619330224672
kumo_small,raw,2,1000,8,False,22.426889657974243,Women,742,0.1765498652291105,0.22443881630897522,0.1277313486119876,0.7708674304418985,0.01309328968903437,0.02830188679245283
kumo_small,raw,2,1000,8,False,22.426889657974243,Black,3107,0.24074670099774703,0.22836236655712128,0.16860983652747275,0.6870887011400191,0.003391267486222976,0.005149662053427744
kumo_small,raw,2,1000,8,False,22.426889657974243,White,2353,0.24054398640034,0.23428566753864288,0.15926752272390912,0.7449186409106998,0.012870733072188025,0.024224394390140246
kumo_small,raw,2,1000,8,False,22.426889657974243,Black men,2846,0.2501756851721715,0.2314242571592331,0.17419518311100582,0.6770636984930973,0.0037488284910965324,0.005270555165144062
kumo_small,raw,2,1000,8,False,22.426889657974243,White men,1872,0.2516025641025641,0.23270781338214874,0.16457857438899504,0.7425693809850714,0.010706638115631691,0.019764957264957264
kumo_small,raw,2,1000,8,False,22.426889657974243,Black women,261,0.13793103448275862,0.19497476518154144,0.1077060189920895,0.7734567901234567,0.0,0.0038314176245210726
kumo_small,raw,2,1000,8,False,22.426889657974243,White women,481,0.19750519750519752,0.24042658507823944,0.13859748381114229,0.7623397872920644,0.02072538860103627,0.04158004158004158
kumo_small,raw,2,1000,8,False,22.04693055152893,All,5460,0.24065934065934066,0.23091503977775574,0.16458374415022273,0.7131538641708537,0.0074770863482875064,0.01336996336996337
kumo_small,raw,2,1000,8,False,22.04693055152893,Men,4718,0.2507418397626113,0.2319335639476776,0.17037952149006386,0.7046491969568893,0.006506364922206506,0.011021619330224672
kumo_small,raw,2,1000,8,False,22.04693055152893,Women,742,0.1765498652291105,0.22443881630897522,0.1277313486119876,0.7708674304418985,0.01309328968903437,0.02830188679245283
kumo_small,raw,2,1000,8,False,22.04693055152893,Black,3107,0.24074670099774703,0.22836236655712128,0.16860983652747275,0.6870887011400191,0.003391267486222976,0.005149662053427744
kumo_small,raw,2,1000,8,False,22.04693055152893,White,2353,0.24054398640034,0.23428566753864288,0.15926752272390912,0.7449186409106998,0.012870733072188025,0.024224394390140246
kumo_small,raw,2,1000,8,False,22.04693055152893,Black men,2846,0.2501756851721715,0.2314242571592331,0.17419518311100582,0.6770636984930973,0.0037488284910965324,0.005270555165144062
kumo_small,raw,2,1000,8,False,22.04693055152893,White men,1872,0.2516025641025641,0.23270781338214874,0.16457857438899504,0.7425693809850714,0.010706638115631691,0.019764957264957264
kumo_small,raw,2,1000,8,False,22.04693055152893,Black women,261,0.13793103448275862,0.19497476518154144,0.1077060189920895,0.7734567901234567,0.0,0.0038314176245210726
kumo_small,raw,2,1000,8,False,22.04693055152893,White women,481,0.19750519750519752,0.24042658507823944,0.13859748381114229,0.7623397872920644,0.02072538860103627,0.04158004158004158
kumo_small,raw,2,1000,9,False,21.868911743164062,All,5460,0.24065934065934066,0.2526410222053528,0.16556986195364373,0.7116087575194884,0.001929570670525808,0.0029304029304029304
kumo_small,raw,2,1000,9,False,21.868911743164062,Men,4718,0.2507418397626113,0.2571217715740204,0.17029080901556945,0.7078801407492518,0.002263083451202263,0.003391267486222976
kumo_small,raw,2,1000,9,False,21.868911743164062,Women,742,0.1765498652291105,0.22415000200271606,0.13555176459762572,0.7143838782623906,0.0,0.0
kumo_small,raw,2,1000,9,False,21.868911743164062,Black,3107,0.24074670099774703,0.2639096975326538,0.1679259739288765,0.696670278578116,0.003391267486222976,0.004505954296749276
kumo_small,raw,2,1000,9,False,21.868911743164062,White,2353,0.24054398640034,0.23776137828826904,0.16245875277087787,0.7337336199208654,0.0,0.0008499787505312367
kumo_small,raw,2,1000,9,False,21.868911743164062,Black men,2846,0.2501756851721715,0.2679166793823242,0.17273910286489635,0.6893619093752303,0.0037488284910965324,0.004919184820801124
kumo_small,raw,2,1000,9,False,21.868911743164062,White men,1872,0.2516025641025641,0.2407103329896927,0.16656866996899658,0.7393232919767653,0.0,0.0010683760683760685
kumo_small,raw,2,1000,9,False,21.868911743164062,Black women,261,0.13793103448275862,0.2202165573835373,0.11544258330852232,0.7471604938271605,0.0,0.0
kumo_small,raw,2,1000,9,False,21.868911743164062,White women,481,0.19750519750519752,0.22628438472747803,0.1464633993511725,0.7023452413416962,0.0,0.0
kumo_small,raw,2,1000,9,False,22.06955075263977,All,5460,0.24065934065934066,0.2526410222053528,0.16556986195364373,0.7116087575194884,0.001929570670525808,0.0029304029304029304
kumo_small,raw,2,1000,9,False,22.06955075263977,Men,4718,0.2507418397626113,0.2571217715740204,0.17029080901556945,0.7078801407492518,0.002263083451202263,0.003391267486222976
kumo_small,raw,2,1000,9,False,22.06955075263977,Women,742,0.1765498652291105,0.22415000200271606,0.13555176459762572,0.7143838782623906,0.0,0.0
kumo_small,raw,2,1000,9,False,22.06955075263977,Black,3107,0.24074670099774703,0.2639096975326538,0.1679259739288765,0.696670278578116,0.003391267486222976,0.004505954296749276
kumo_small,raw,2,1000,9,False,22.06955075263977,White,2353,0.24054398640034,0.23776137828826904,0.16245875277087787,0.7337336199208654,0.0,0.0008499787505312367
kumo_small,raw,2,1000,9,False,22.06955075263977,Black men,2846,0.2501756851721715,0.2679166793823242,0.17273910286489635,0.6893619093752303,0.0037488284910965324,0.004919184820801124
kumo_small,raw,2,1000,9,False,22.06955075263977,White men,1872,0.2516025641025641,0.2407103329896927,0.16656866996899658,0.7393232919767653,0.0,0.0010683760683760685
kumo_small,raw,2,1000,9,False,22.06955075263977,Black women,261,0.13793103448275862,0.2202165573835373,0.11544258330852232,0.7471604938271605,0.0,0.0
kumo_small,raw,2,1000,9,False,22.06955075263977,White women,481,0.19750519750519752,0.22628438472747803,0.1464633993511725,0.7023452413416962,0.0,0.0
kumo_small,raw,2,2000,0,False,27.329967260360718,All,5460,0.24065934065934066,0.2715260982513428,0.1631389946520173,0.7271160848218121,0.05065123010130246,0.06758241758241758
kumo_small,raw,2,2000,0,False,27.329967260360718,Men,4718,0.2507418397626113,0.2838941216468811,0.16885858128564424,0.7177547074837902,0.05884016973125884,0.07757524374735057
kumo_small,raw,2,2000,0,False,27.329967260360718,Women,742,0.1765498652291105,0.1928841471672058,0.1267710570004649,0.7692557564248323,0.0032733224222585926,0.004043126684636119
kumo_small,raw,2,2000,0,False,27.329967260360718,Black,3107,0.24074670099774703,0.27713730931282043,0.16780658364192386,0.7033961412997894,0.05637982195845697,0.0682330222079176
kumo_small,raw,2,2000,0,False,27.329967260360718,White,2353,0.24054398640034,0.2641167938709259,0.15697571416258263,0.756369618821445,0.04308897593732513,0.06672333191670209
kumo_small,raw,2,2000,0,False,27.329967260360718,Black men,2846,0.2501756851721715,0.2872898280620575,0.17342532768601998,0.6926941282394196,0.06232427366447985,0.07449051300070274
kumo_small,raw,2,2000,0,False,27.329967260360718,White men,1872,0.2516025641025641,0.27873164415359497,0.16191576063635504,0.7529986921686208,0.05353319057815846,0.08226495726495726
kumo_small,raw,2,2000,0,False,27.329967260360718,Black women,261,0.13793103448275862,0.16643215715885162,0.10653859303082241,0.7754320987654321,0.0,0.0
kumo_small,raw,2,2000,0,False,27.329967260360718,White women,481,0.19750519750519752,0.20723751187324524,0.13774958734573867,0.7617671120807199,0.0051813471502590676,0.006237006237006237
kumo_small,raw,2,2000,0,False,28.739683628082275,All,5460,0.24065934065934066,0.2715260982513428,0.1631389946520173,0.7271160848218121,0.05065123010130246,0.06758241758241758
kumo_small,raw,2,2000,0,False,28.739683628082275,Men,4718,0.2507418397626113,0.2838941216468811,0.16885858128564424,0.7177547074837902,0.05884016973125884,0.07757524374735057
kumo_small,raw,2,2000,0,False,28.739683628082275,Women,742,0.1765498652291105,0.1928841471672058,0.1267710570004649,0.7692557564248323,0.0032733224222585926,0.004043126684636119
kumo_small,raw,2,2000,0,False,28.739683628082275,Black,3107,0.24074670099774703,0.27713730931282043,0.16780658364192386,0.7033961412997894,0.05637982195845697,0.0682330222079176
kumo_small,raw,2,2000,0,False,28.739683628082275,White,2353,0.24054398640034,0.2641167938709259,0.15697571416258263,0.756369618821445,0.04308897593732513,0.06672333191670209
kumo_small,raw,2,2000,0,False,28.739683628082275,Black men,2846,0.2501756851721715,0.2872898280620575,0.17342532768601998,0.6926941282394196,0.06232427366447985,0.07449051300070274
kumo_small,raw,2,2000,0,False,28.739683628082275,White men,1872,0.2516025641025641,0.27873164415359497,0.16191576063635504,0.7529986921686208,0.05353319057815846,0.08226495726495726
kumo_small,raw,2,2000,0,False,28.739683628082275,Black women,261,0.13793103448275862,0.16643215715885162,0.10653859303082241,0.7754320987654321,0.0,0.0
kumo_small,raw,2,2000,0,False,28.739683628082275,White women,481,0.19750519750519752,0.20723751187324524,0.13774958734573867,0.7617671120807199,0.0051813471502590676,0.006237006237006237
kumo_small,raw,2,2000,1,False,27.623429536819458,All,5460,0.24065934065934066,0.24350287020206451,0.16189145048808734,0.7291752480430791,0.00723589001447178,0.014285714285714285
kumo_small,raw,2,2000,1,False,27.623429536819458,Men,4718,0.2507418397626113,0.2495526820421219,0.16713958457654807,0.7208882076469935,0.008486562942008486,0.016532428995337006
kumo_small,raw,2,2000,1,False,27.623429536819458,Women,742,0.1765498652291105,0.2050352692604065,0.12852123939730892,0.7645581639409802,0.0,0.0
kumo_small,raw,2,2000,1,False,27.623429536819458,Black,3107,0.24074670099774703,0.2496282160282135,0.1653333342575086,0.7055513869966654,0.005934718100890208,0.012230447376890892
kumo_small,raw,2,2000,1,False,27.623429536819458,White,2353,0.24054398640034,0.23541472852230072,0.1573466426378571,0.7591498078980307,0.008953553441522105,0.016999575010624733
kumo_small,raw,2,2000,1,False,27.623429536819458,Black men,2846,0.2501756851721715,0.2548882067203522,0.1703615803823844,0.6970069921969609,0.006560449859418931,0.013352073085031623
kumo_small,raw,2,2000,1,False,27.623429536819458,White men,1872,0.2516025641025641,0.24144108593463898,0.16224118710677765,0.7556901273127627,0.011420413990007138,0.021367521367521368
kumo_small,raw,2,2000,1,False,27.623429536819458,Black women,261,0.13793103448275862,0.19227220118045807,0.11050425965445657,0.7624691358024691,0.0,0.0
kumo_small,raw,2,2000,1,False,27.623429536819458,White women,481,0.19750519750519752,0.21196076273918152,0.13829760470476105,0.7620670848104717,0.0,0.0
kumo_small,raw,2,2000,1,False,28.098821878433228,All,5460,0.24065934065934066,0.24350287020206451,0.16189145048808734,0.7291752480430791,0.00723589001447178,0.014285714285714285
kumo_small,raw,2,2000,1,False,28.098821878433228,Men,4718,0.2507418397626113,0.2495526820421219,0.16713958457654807,0.7208882076469935,0.008486562942008486,0.016532428995337006
kumo_small,raw,2,2000,1,False,28.098821878433228,Women,742,0.1765498652291105,0.2050352692604065,0.12852123939730892,0.7645581639409802,0.0,0.0
kumo_small,raw,2,2000,1,False,28.098821878433228,Black,3107,0.24074670099774703,0.2496282160282135,0.1653333342575086,0.7055513869966654,0.005934718100890208,0.012230447376890892
kumo_small,raw,2,2000,1,False,28.098821878433228,White,2353,0.24054398640034,0.23541472852230072,0.1573466426378571,0.7591498078980307,0.008953553441522105,0.016999575010624733
kumo_small,raw,2,2000,1,False,28.098821878433228,Black men,2846,0.2501756851721715,0.2548882067203522,0.1703615803823844,0.6970069921969609,0.006560449859418931,0.013352073085031623
kumo_small,raw,2,2000,1,False,28.098821878433228,White men,1872,0.2516025641025641,0.24144108593463898,0.16224118710677765,0.7556901273127627,0.011420413990007138,0.021367521367521368
kumo_small,raw,2,2000,1,False,28.098821878433228,Black women,261,0.13793103448275862,0.19227220118045807,0.11050425965445657,0.7624691358024691,0.0,0.0
kumo_small,raw,2,2000,1,False,28.098821878433228,White women,481,0.19750519750519752,0.21196076273918152,0.13829760470476105,0.7620670848104717,0.0,0.0
kumo_small,raw,2,2000,2,False,28.3371000289917,All,5460,0.24065934065934066,0.25594595074653625,0.16165508430733283,0.7286811076088082,0.02653159671972986,0.04194139194139194
kumo_small,raw,2,2000,2,False,28.3371000289917,Men,4718,0.2507418397626113,0.2596675455570221,0.16660430325094067,0.7217017124970557,0.02942008486562942,0.04472233997456549
kumo_small,raw,2,2000,2,False,28.3371000289917,Women,742,0.1765498652291105,0.23228228092193604,0.13018552234514721,0.7657200684649118,0.009819967266775777,0.02425876010781671
kumo_small,raw,2,2000,2,False,28.3371000289917,Black,3107,0.24074670099774703,0.2620351314544678,0.16564795388612555,0.7078103429124549,0.03306485799067401,0.04538139684583199
kumo_small,raw,2,2000,2,False,28.3371000289917,White,2353,0.24054398640034,0.24790553748607635,0.15638273165909278,0.7556271145552587,0.01790710688304421,0.037399065023374416
kumo_small,raw,2,2000,2,False,28.3371000289917,Black men,2846,0.2501756851721715,0.2665365934371948,0.1705118276914359,0.6998153228099365,0.03655107778819119,0.049191848208011243
kumo_small,raw,2,2000,2,False,28.3371000289917,White men,1872,0.2516025641025641,0.249224454164505,0.16066369718382018,0.7548263221144739,0.018558172733761598,0.037927350427350424
kumo_small,raw,2,2000,2,False,28.3371000289917,Black women,261,0.13793103448275862,0.21294981241226196,0.11261123032323858,0.7701234567901235,0.0,0.0038314176245210726
kumo_small,raw,2,2000,2,False,28.3371000289917,White women,481,0.19750519750519752,0.2427724450826645,0.1397216766439375,0.760730842650668,0.015544041450777202,0.035343035343035345
kumo_small,raw,2,2000,2,False,27.771810054779053,All,5460,0.24065934065934066,0.25594595074653625,0.16165508430733283,0.7286811076088082,0.02653159671972986,0.04194139194139194
kumo_small,raw,2,2000,2,False,27.771810054779053,Men,4718,0.2507418397626113,0.2596675455570221,0.16660430325094067,0.7217017124970557,0.02942008486562942,0.04472233997456549
kumo_small,raw,2,2000,2,False,27.771810054779053,Women,742,0.1765498652291105,0.23228228092193604,0.13018552234514721,0.7657200684649118,0.009819967266775777,0.02425876010781671
kumo_small,raw,2,2000,2,False,27.771810054779053,Black,3107,0.24074670099774703,0.2620351314544678,0.16564795388612555,0.7078103429124549,0.03306485799067401,0.04538139684583199
kumo_small,raw,2,2000,2,False,27.771810054779053,White,2353,0.24054398640034,0.24790553748607635,0.15638273165909278,0.7556271145552587,0.01790710688304421,0.037399065023374416
kumo_small,raw,2,2000,2,False,27.771810054779053,Black men,2846,0.2501756851721715,0.2665365934371948,0.1705118276914359,0.6998153228099365,0.03655107778819119,0.049191848208011243
kumo_small,raw,2,2000,2,False,27.771810054779053,White men,1872,0.2516025641025641,0.249224454164505,0.16066369718382018,0.7548263221144739,0.018558172733761598,0.037927350427350424
kumo_small,raw,2,2000,2,False,27.771810054779053,Black women,261,0.13793103448275862,0.21294981241226196,0.11261123032323858,0.7701234567901235,0.0,0.0038314176245210726
kumo_small,raw,2,2000,2,False,27.771810054779053,White women,481,0.19750519750519752,0.2427724450826645,0.1397216766439375,0.760730842650668,0.015544041450777202,0.035343035343035345
kumo_small,raw,2,2000,3,False,27.743345499038696,All,5460,0.24065934065934066,0.2534363567829132,0.16241978698977114,0.7258173141521674,0.013989387361312108,0.021245421245421246
kumo_small,raw,2,2000,3,False,27.743345499038696,Men,4718,0.2507418397626113,0.26244810223579407,0.16730800569545307,0.7195755283776174,0.01640735502121641,0.024586689275116574
kumo_small,raw,2,2000,3,False,27.743345499038696,Women,742,0.1765498652291105,0.19613532721996307,0.1313380944649635,0.7389213028322984,0.0,0.0
kumo_small,raw,2,2000,3,False,27.743345499038696,Black,3107,0.24074670099774703,0.261913925409317,0.16550689892278217,0.7083549632423782,0.01526070368800339,0.02156420984872868
kumo_small,raw,2,2000,3,False,27.743345499038696,White,2353,0.24054398640034,0.24224220216274261,0.1583434347688339,0.7487018533934717,0.012311135982092894,0.0208244793880153
kumo_small,raw,2,2000,3,False,27.743345499038696,Black men,2846,0.2501756851721715,0.2688896656036377,0.17041261188841988,0.7002194275665259,0.016869728209934397,0.02354181307097681
kumo_small,raw,2,2000,3,False,27.743345499038696,White men,1872,0.2516025641025641,0.2526549696922302,0.16258807555379517,0.7482485213018909,0.015703069236259814,0.026175213675213676
kumo_small,raw,2,2000,3,False,27.743345499038696,Black women,261,0.13793103448275862,0.18584924936294556,0.1120139521787024,0.7351851851851852,0.0,0.0
kumo_small,raw,2,2000,3,False,27.743345499038696,White women,481,0.19750519750519752,0.20171676576137543,0.14182375171384945,0.7359694573220616,0.0,0.0
kumo_small,raw,2,2000,3,False,28.191790103912354,All,5460,0.24065934065934066,0.2534363567829132,0.16241978698977114,0.7258173141521674,0.013989387361312108,0.021245421245421246
kumo_small,raw,2,2000,3,False,28.191790103912354,Men,4718,0.2507418397626113,0.26244810223579407,0.16730800569545307,0.7195755283776174,0.01640735502121641,0.024586689275116574
kumo_small,raw,2,2000,3,False,28.191790103912354,Women,742,0.1765498652291105,0.19613532721996307,0.1313380944649635,0.7389213028322984,0.0,0.0
kumo_small,raw,2,2000,3,False,28.191790103912354,Black,3107,0.24074670099774703,0.261913925409317,0.16550689892278217,0.7083549632423782,0.01526070368800339,0.02156420984872868
kumo_small,raw,2,2000,3,False,28.191790103912354,White,2353,0.24054398640034,0.24224220216274261,0.1583434347688339,0.7487018533934717,0.012311135982092894,0.0208244793880153
kumo_small,raw,2,2000,3,False,28.191790103912354,Black men,2846,0.2501756851721715,0.2688896656036377,0.17041261188841988,0.7002194275665259,0.016869728209934397,0.02354181307097681
kumo_small,raw,2,2000,3,False,28.191790103912354,White men,1872,0.2516025641025641,0.2526549696922302,0.16258807555379517,0.7482485213018909,0.015703069236259814,0.026175213675213676
kumo_small,raw,2,2000,3,False,28.191790103912354,Black women,261,0.13793103448275862,0.18584924936294556,0.1120139521787024,0.7351851851851852,0.0,0.0
kumo_small,raw,2,2000,3,False,28.191790103912354,White women,481,0.19750519750519752,0.20171676576137543,0.14182375171384945,0.7359694573220616,0.0,0.0
kumo_small,raw,2,2000,4,False,28.024025440216064,All,5460,0.24065934065934066,0.26572906970977783,0.16197277319912753,0.7323797267322633,0.05788712011577424,0.08663003663003663
kumo_small,raw,2,2000,4,False,28.024025440216064,Men,4718,0.2507418397626113,0.27380627393722534,0.167316052768419,0.7243533748375443,0.06308345120226308,0.09325985587113184
kumo_small,raw,2,2000,4,False,28.024025440216064,Women,742,0.1765498652291105,0.21437031030654907,0.1279975804660856,0.7686810509613822,0.027823240589198037,0.0444743935309973
kumo_small,raw,2,2000,4,False,28.024025440216064,Black,3107,0.24074670099774703,0.2729294002056122,0.16683279115686153,0.7106482058698851,0.06994489190334888,0.0936594785967171
kumo_small,raw,2,2000,4,False,28.024025440216064,White,2353,0.24054398640034,0.2562214732170105,0.15555540142068316,0.7603431536360957,0.041969781757134866,0.07734806629834254
kumo_small,raw,2,2000,4,False,28.024025440216064,Black men,2846,0.2501756851721715,0.28049978613853455,0.1720624756103649,0.7020648831650222,0.07591377694470477,0.10049191848208011
kumo_small,raw,2,2000,4,False,28.024025440216064,White men,1872,0.2516025641025641,0.2636301517486572,0.16010007017858033,0.757493510095155,0.04354032833690221,0.08226495726495726
kumo_small,raw,2,2000,4,False,28.024025440216064,Black women,261,0.13793103448275862,0.19038048386573792,0.10980718979797068,0.7638271604938272,0.013333333333333334,0.019157088122605363
kumo_small,raw,2,2000,4,False,28.024025440216064,White women,481,0.19750519750519752,0.22738765180110931,0.13786804193048888,0.7647668393782383,0.03626943005181347,0.058212058212058215
kumo_small,raw,2,2000,4,False,27.933359622955322,All,5460,0.24065934065934066,0.26572906970977783,0.16197277319912753,0.7323797267322633,0.05788712011577424,0.08663003663003663
kumo_small,raw,2,2000,4,False,27.933359622955322,Men,4718,0.2507418397626113,0.27380627393722534,0.167316052768419,0.7243533748375443,0.06308345120226308,0.09325985587113184
kumo_small,raw,2,2000,4,False,27.933359622955322,Women,742,0.1765498652291105,0.21437031030654907,0.1279975804660856,0.7686810509613822,0.027823240589198037,0.0444743935309973
kumo_small,raw,2,2000,4,False,27.933359622955322,Black,3107,0.24074670099774703,0.2729294002056122,0.16683279115686153,0.7106482058698851,0.06994489190334888,0.0936594785967171
kumo_small,raw,2,2000,4,False,27.933359622955322,White,2353,0.24054398640034,0.2562214732170105,0.15555540142068316,0.7603431536360957,0.041969781757134866,0.07734806629834254
kumo_small,raw,2,2000,4,False,27.933359622955322,Black men,2846,0.2501756851721715,0.28049978613853455,0.1720624756103649,0.7020648831650222,0.07591377694470477,0.10049191848208011
kumo_small,raw,2,2000,4,False,27.933359622955322,White men,1872,0.2516025641025641,0.2636301517486572,0.16010007017858033,0.757493510095155,0.04354032833690221,0.08226495726495726
kumo_small,raw,2,2000,4,False,27.933359622955322,Black women,261,0.13793103448275862,0.19038048386573792,0.10980718979797068,0.7638271604938272,0.013333333333333334,0.019157088122605363
kumo_small,raw,2,2000,4,False,27.933359622955322,White women,481,0.19750519750519752,0.22738765180110931,0.13786804193048888,0.7647668393782383,0.03626943005181347,0.058212058212058215
kumo_small,raw,2,2000,5,False,27.960221767425537,All,5460,0.24065934065934066,0.2555660009384155,0.16552621847495053,0.7091546674243977,0.03280270139893873,0.04725274725274725
kumo_small,raw,2,2000,5,False,27.960221767425537,Men,4718,0.2507418397626113,0.26128309965133667,0.17120348100013852,0.6997102994926953,0.03564356435643564,0.05023314963967783
kumo_small,raw,2,2000,5,False,27.960221767425537,Women,742,0.1765498652291105,0.2192138135433197,0.12942739826762314,0.756762159393311,0.016366612111292964,0.02830188679245283
kumo_small,raw,2,2000,5,False,27.960221767425537,Black,3107,0.24074670099774703,0.2631185054779053,0.16933480251662858,0.68896625280811,0.039423484527342095,0.052784036047634375
kumo_small,raw,2,2000,5,False,27.960221767425537,White,2353,0.24054398640034,0.24559332430362701,0.1604972041878729,0.7360352842772993,0.024062674874090653,0.03994900127496812
kumo_small,raw,2,2000,5,False,27.960221767425537,Black men,2846,0.2501756851721715,0.2686910033226013,0.1750993749584675,0.6768886303086465,0.04311152764761012,0.05692199578355587
kumo_small,raw,2,2000,5,False,27.960221767425537,White men,1872,0.2516025641025641,0.2500208616256714,0.16528055674511483,0.7348239277070822,0.02426837972876517,0.04006410256410257
kumo_small,raw,2,2000,5,False,27.960221767425537,Black women,261,0.13793103448275862,0.2023545801639557,0.1064766677676877,0.8161728395061728,0.0044444444444444444,0.007662835249042145
kumo_small,raw,2,2000,5,False,27.960221767425537,White women,481,0.19750519750519752,0.22836196422576904,0.1418809131542825,0.7325061358058358,0.023316062176165803,0.0395010395010395
kumo_small,raw,2,2000,5,False,28.49060368537903,All,5460,0.24065934065934066,0.2555660009384155,0.16552621847495053,0.7091546674243977,0.03280270139893873,0.04725274725274725
kumo_small,raw,2,2000,5,False,28.49060368537903,Men,4718,0.2507418397626113,0.26128309965133667,0.17120348100013852,0.6997102994926953,0.03564356435643564,0.05023314963967783
kumo_small,raw,2,2000,5,False,28.49060368537903,Women,742,0.1765498652291105,0.2192138135433197,0.12942739826762314,0.756762159393311,0.016366612111292964,0.02830188679245283
kumo_small,raw,2,2000,5,False,28.49060368537903,Black,3107,0.24074670099774703,0.2631185054779053,0.16933480251662858,0.68896625280811,0.039423484527342095,0.052784036047634375
kumo_small,raw,2,2000,5,False,28.49060368537903,White,2353,0.24054398640034,0.24559332430362701,0.1604972041878729,0.7360352842772993,0.024062674874090653,0.03994900127496812
kumo_small,raw,2,2000,5,False,28.49060368537903,Black men,2846,0.2501756851721715,0.2686910033226013,0.1750993749584675,0.6768886303086465,0.04311152764761012,0.05692199578355587
kumo_small,raw,2,2000,5,False,28.49060368537903,White men,1872,0.2516025641025641,0.2500208616256714,0.16528055674511483,0.7348239277070822,0.02426837972876517,0.04006410256410257
kumo_small,raw,2,2000,5,False,28.49060368537903,Black women,261,0.13793103448275862,0.2023545801639557,0.1064766677676877,0.8161728395061728,0.0044444444444444444,0.007662835249042145
kumo_small,raw,2,2000,5,False,28.49060368537903,White women,481,0.19750519750519752,0.22836196422576904,0.1418809131542825,0.7325061358058358,0.023316062176165803,0.0395010395010395
kumo_small,raw,2,2000,6,False,27.544480085372925,All,5460,0.24065934065934066,0.2583571970462799,0.15951131874022878,0.7422844707007028,0.03762662807525326,0.059157509157509156
kumo_small,raw,2,2000,6,False,27.544480085372925,Men,4718,0.2507418397626113,0.2689541280269623,0.16506891853352276,0.733305515070285,0.04384724186704385,0.06803730394234846
kumo_small,raw,2,2000,6,False,27.544480085372925,Women,742,0.1765498652291105,0.19097690284252167,0.12417337288475566,0.7838482777576492,0.0016366612111292963,0.0026954177897574125
kumo_small,raw,2,2000,6,False,27.544480085372925,Black,3107,0.24074670099774703,0.2668956220149994,0.16464918403467457,0.7182556054523238,0.04747774480712166,0.06758931445123914
kumo_small,raw,2,2000,6,False,27.544480085372925,White,2353,0.24054398640034,0.24708271026611328,0.1527270656718722,0.7742065288963678,0.024622271964185788,0.048023799405014875
kumo_small,raw,2,2000,6,False,27.544480085372925,Black men,2846,0.2501756851721715,0.27544182538986206,0.16998667470338694,0.7092051641165505,0.052014995313964384,0.07343640196767393
kumo_small,raw,2,2000,6,False,27.544480085372925,White men,1872,0.2516025641025641,0.2590908110141754,0.15759245803168867,0.769686802420473,0.03140613847251963,0.05982905982905983
kumo_small,raw,2,2000,6,False,27.544480085372925,Black women,261,0.13793103448275862,0.17370590567588806,0.10644804057430897,0.7839506172839505,0.0044444444444444444,0.0038314176245210726
kumo_small,raw,2,2000,6,False,27.544480085372925,White women,481,0.19750519750519752,0.20034849643707275,0.13379148459582965,0.7816743932369785,0.0,0.002079002079002079
kumo_small,raw,2,2000,6,False,28.766851663589478,All,5460,0.24065934065934066,0.2583571970462799,0.15951131874022878,0.7422844707007028,0.03762662807525326,0.059157509157509156
kumo_small,raw,2,2000,6,False,28.766851663589478,Men,4718,0.2507418397626113,0.2689541280269623,0.16506891853352276,0.733305515070285,0.04384724186704385,0.06803730394234846
kumo_small,raw,2,2000,6,False,28.766851663589478,Women,742,0.1765498652291105,0.19097690284252167,0.12417337288475566,0.7838482777576492,0.0016366612111292963,0.0026954177897574125
kumo_small,raw,2,2000,6,False,28.766851663589478,Black,3107,0.24074670099774703,0.2668956220149994,0.16464918403467457,0.7182556054523238,0.04747774480712166,0.06758931445123914
kumo_small,raw,2,2000,6,False,28.766851663589478,White,2353,0.24054398640034,0.24708271026611328,0.1527270656718722,0.7742065288963678,0.024622271964185788,0.048023799405014875
kumo_small,raw,2,2000,6,False,28.766851663589478,Black men,2846,0.2501756851721715,0.27544182538986206,0.16998667470338694,0.7092051641165505,0.052014995313964384,0.07343640196767393
kumo_small,raw,2,2000,6,False,28.766851663589478,White men,1872,0.2516025641025641,0.2590908110141754,0.15759245803168867,0.769686802420473,0.03140613847251963,0.05982905982905983
kumo_small,raw,2,2000,6,False,28.766851663589478,Black women,261,0.13793103448275862,0.17370590567588806,0.10644804057430897,0.7839506172839505,0.0044444444444444444,0.0038314176245210726
kumo_small,raw,2,2000,6,False,28.766851663589478,White women,481,0.19750519750519752,0.20034849643707275,0.13379148459582965,0.7816743932369785,0.0,0.002079002079002079
kumo_small,raw,2,2000,7,False,27.823049306869507,All,5460,0.24065934065934066,0.2569023668766022,0.15955716644267773,0.7413442822518411,0.017607332368547998,0.0326007326007326
kumo_small,raw,2,2000,7,False,27.823049306869507,Men,4718,0.2507418397626113,0.2656262516975403,0.16461101472658285,0.7340470431537781,0.02036775106082037,0.03666807969478593
kumo_small,raw,2,2000,7,False,27.823049306869507,Women,742,0.1765498652291105,0.20143193006515503,0.1274223198072809,0.7635586761784585,0.0016366612111292963,0.006738544474393531
kumo_small,raw,2,2000,7,False,27.823049306869507,Black,3107,0.24074670099774703,0.2657937705516815,0.163679098876241,0.7182448377246772,0.020347604917337857,0.036047634373994206
kumo_small,raw,2,2000,7,False,27.823049306869507,White,2353,0.24054398640034,0.24516180157661438,0.1541143937817848,0.7717516179869929,0.013989927252378288,0.02804929876753081
kumo_small,raw,2,2000,7,False,27.823049306869507,Black men,2846,0.2501756851721715,0.2732262909412384,0.16855695952760066,0.7101403967861166,0.022492970946579195,0.03900210822206606
kumo_small,raw,2,2000,7,False,27.823049306869507,White men,1872,0.2516025641025641,0.25407180190086365,0.15861199821819788,0.7697565130154227,0.017130620985010708,0.03311965811965812
kumo_small,raw,2,2000,7,False,27.823049306869507,Black women,261,0.13793103448275862,0.1847478747367859,0.11048985974302393,0.7472839506172839,0.0,0.0038314176245210726
kumo_small,raw,2,2000,7,False,27.823049306869507,White women,481,0.19750519750519752,0.21048504114151,0.13661020354277167,0.766730297245705,0.0025906735751295338,0.008316008316008316
kumo_small,raw,2,2000,7,False,28.017009258270264,All,5460,0.24065934065934066,0.2569023668766022,0.15955716644267773,0.7413442822518411,0.017607332368547998,0.0326007326007326
kumo_small,raw,2,2000,7,False,28.017009258270264,Men,4718,0.2507418397626113,0.2656262516975403,0.16461101472658285,0.7340470431537781,0.02036775106082037,0.03666807969478593
kumo_small,raw,2,2000,7,False,28.017009258270264,Women,742,0.1765498652291105,0.20143193006515503,0.1274223198072809,0.7635586761784585,0.0016366612111292963,0.006738544474393531
kumo_small,raw,2,2000,7,False,28.017009258270264,Black,3107,0.24074670099774703,0.2657937705516815,0.163679098876241,0.7182448377246772,0.020347604917337857,0.036047634373994206
kumo_small,raw,2,2000,7,False,28.017009258270264,White,2353,0.24054398640034,0.24516180157661438,0.1541143937817848,0.7717516179869929,0.013989927252378288,0.02804929876753081
kumo_small,raw,2,2000,7,False,28.017009258270264,Black men,2846,0.2501756851721715,0.2732262909412384,0.16855695952760066,0.7101403967861166,0.022492970946579195,0.03900210822206606
kumo_small,raw,2,2000,7,False,28.017009258270264,White men,1872,0.2516025641025641,0.25407180190086365,0.15861199821819788,0.7697565130154227,0.017130620985010708,0.03311965811965812
kumo_small,raw,2,2000,7,False,28.017009258270264,Black women,261,0.13793103448275862,0.1847478747367859,0.11048985974302393,0.7472839506172839,0.0,0.0038314176245210726
kumo_small,raw,2,2000,7,False,28.017009258270264,White women,481,0.19750519750519752,0.21048504114151,0.13661020354277167,0.766730297245705,0.0025906735751295338,0.008316008316008316
kumo_small,raw,2,2000,8,False,28.423625707626343,All,5460,0.24065934065934066,0.2506174147129059,0.16084736672668326,0.732808061317468,0.015436565364206465,0.02728937728937729
kumo_small,raw,2,2000,8,False,28.423625707626343,Men,4718,0.2507418397626113,0.2533566951751709,0.16596320177193732,0.7254904164489628,0.016124469589816125,0.02691818567189487
kumo_small,raw,2,2000,8,False,28.423625707626343,Women,742,0.1765498652291105,0.23319976031780243,0.12831837785403002,0.7754275933584038,0.011456628477905073,0.029649595687331536
kumo_small,raw,2,2000,8,False,28.423625707626343,Black,3107,0.24074670099774703,0.2532063126564026,0.16484687732873635,0.7094725400276107,0.01314116150911403,0.02092050209205021
kumo_small,raw,2,2000,8,False,28.423625707626343,White,2353,0.24054398640034,0.24719886481761932,0.15556624499248053,0.7612646103286199,0.01846670397313934,0.035699107522311944
kumo_small,raw,2,2000,8,False,28.423625707626343,Black men,2846,0.2501756851721715,0.25705114006996155,0.17000223847178447,0.6993039394290408,0.014058106841611996,0.02213633169360506
kumo_small,raw,2,2000,8,False,28.423625707626343,White men,1872,0.2516025641025641,0.2477400302886963,0.1598226577293278,0.7617216092236211,0.019271948608137045,0.03418803418803419
kumo_small,raw,2,2000,8,False,28.423625707626343,Black women,261,0.13793103448275862,0.21128204464912415,0.10863171329381292,0.805679012345679,0.0044444444444444444,0.007662835249042145
kumo_small,raw,2,2000,8,False,28.423625707626343,White women,481,0.19750519750519752,0.24509276449680328,0.13900074677339938,0.7615489500954459,0.015544041450777202,0.04158004158004158
kumo_small,raw,2,2000,8,False,28.413474798202515,All,5460,0.24065934065934066,0.2506174147129059,0.16084736672668326,0.732808061317468,0.015436565364206465,0.02728937728937729
kumo_small,raw,2,2000,8,False,28.413474798202515,Men,4718,0.2507418397626113,0.2533566951751709,0.16596320177193732,0.7254904164489628,0.016124469589816125,0.02691818567189487
kumo_small,raw,2,2000,8,False,28.413474798202515,Women,742,0.1765498652291105,0.23319976031780243,0.12831837785403002,0.7754275933584038,0.011456628477905073,0.029649595687331536
kumo_small,raw,2,2000,8,False,28.413474798202515,Black,3107,0.24074670099774703,0.2532063126564026,0.16484687732873635,0.7094725400276107,0.01314116150911403,0.02092050209205021
kumo_small,raw,2,2000,8,False,28.413474798202515,White,2353,0.24054398640034,0.24719886481761932,0.15556624499248053,0.7612646103286199,0.01846670397313934,0.035699107522311944
kumo_small,raw,2,2000,8,False,28.413474798202515,Black men,2846,0.2501756851721715,0.25705114006996155,0.17000223847178447,0.6993039394290408,0.014058106841611996,0.02213633169360506
kumo_small,raw,2,2000,8,False,28.413474798202515,White men,1872,0.2516025641025641,0.2477400302886963,0.1598226577293278,0.7617216092236211,0.019271948608137045,0.03418803418803419
kumo_small,raw,2,2000,8,False,28.413474798202515,Black women,261,0.13793103448275862,0.21128204464912415,0.10863171329381292,0.805679012345679,0.0044444444444444444,0.007662835249042145
kumo_small,raw,2,2000,8,False,28.413474798202515,White women,481,0.19750519750519752,0.24509276449680328,0.13900074677339938,0.7615489500954459,0.015544041450777202,0.04158004158004158
kumo_small,raw,2,2000,9,False,27.147789478302002,All,5460,0.24065934065934066,0.26332899928092957,0.16181532138705484,0.7302426427775831,0.02773757838880849,0.041758241758241756
kumo_small,raw,2,2000,9,False,27.147789478302002,Men,4718,0.2507418397626113,0.2716856300830841,0.1668278571033542,0.7235140444366861,0.031683168316831684,0.04726579058923273
kumo_small,raw,2,2000,9,False,27.147789478302002,Women,742,0.1765498652291105,0.2101937085390091,0.12994316032303804,0.7512150023113154,0.004909983633387889,0.006738544474393531
kumo_small,raw,2,2000,9,False,27.147789478302002,Black,3107,0.24074670099774703,0.2762988209724426,0.16645629787276023,0.707643726495184,0.037727850784230604,0.05246218216929514
kumo_small,raw,2,2000,9,False,27.147789478302002,White,2353,0.24054398640034,0.24620307981967926,0.15568718116559854,0.7623640307600436,0.014549524342473419,0.027624309392265192
kumo_small,raw,2,2000,9,False,27.147789478302002,Black men,2846,0.2501756851721715,0.28333327174186707,0.1714538453324103,0.6994428093046765,0.041237113402061855,0.05692199578355587
kumo_small,raw,2,2000,9,False,27.147789478302002,White men,1872,0.2516025641025641,0.2539776563644409,0.15979497115255628,0.7632219024627541,0.017130620985010708,0.03258547008547009
kumo_small,raw,2,2000,9,False,27.147789478302002,Black women,261,0.13793103448275862,0.19959396123886108,0.1119619681020163,0.7624691358024691,0.0044444444444444444,0.0038314176245210726
kumo_small,raw,2,2000,9,False,27.147789478302002,White women,481,0.19750519750519752,0.21594533324241638,0.13970010662176294,0.7458140169075538,0.0051813471502590676,0.008316008316008316
kumo_small,raw,2,2000,9,False,29.374945402145386,All,5460,0.24065934065934066,0.26332899928092957,0.16181532138705484,0.7302426427775831,0.02773757838880849,0.041758241758241756
kumo_small,raw,2,2000,9,False,29.374945402145386,Men,4718,0.2507418397626113,0.2716856300830841,0.1668278571033542,0.7235140444366861,0.031683168316831684,0.04726579058923273
kumo_small,raw,2,2000,9,False,29.374945402145386,Women,742,0.1765498652291105,0.2101937085390091,0.12994316032303804,0.7512150023113154,0.004909983633387889,0.006738544474393531
kumo_small,raw,2,2000,9,False,29.374945402145386,Black,3107,0.24074670099774703,0.2762988209724426,0.16645629787276023,0.707643726495184,0.037727850784230604,0.05246218216929514
kumo_small,raw,2,2000,9,False,29.374945402145386,White,2353,0.24054398640034,0.24620307981967926,0.15568718116559854,0.7623640307600436,0.014549524342473419,0.027624309392265192
kumo_small,raw,2,2000,9,False,29.374945402145386,Black men,2846,0.2501756851721715,0.28333327174186707,0.1714538453324103,0.6994428093046765,0.041237113402061855,0.05692199578355587
kumo_small,raw,2,2000,9,False,29.374945402145386,White men,1872,0.2516025641025641,0.2539776563644409,0.15979497115255628,0.7632219024627541,0.017130620985010708,0.03258547008547009
kumo_small,raw,2,2000,9,False,29.374945402145386,Black women,261,0.13793103448275862,0.19959396123886108,0.1119619681020163,0.7624691358024691,0.0044444444444444444,0.0038314176245210726
kumo_small,raw,2,2000,9,False,29.374945402145386,White women,481,0.19750519750519752,0.21594533324241638,0.13970010662176294,0.7458140169075538,0.0051813471502590676,0.008316008316008316
kumo_small,raw,2,4000,0,False,41.26789855957031,All,5460,0.24065934065934066,0.2637656033039093,0.15925521555308006,0.7441185907672834,0.043174143753014954,0.06886446886446887
kumo_small,raw,2,4000,0,False,41.26789855957031,Men,4718,0.2507418397626113,0.2721171975135803,0.16484417552746833,0.7343775145537739,0.047807637906647805,0.07460788469690546
kumo_small,raw,2,4000,0,False,41.26789855957031,Women,742,0.1765498652291105,0.21066218614578247,0.1237178662819698,0.7813870391424396,0.016366612111292964,0.03234501347708895
kumo_small,raw,2,4000,0,False,41.26789855957031,Black,3107,0.24074670099774703,0.2673339545726776,0.16345830684555324,0.7232090435310892,0.0423908435777872,0.06276150627615062
kumo_small,raw,2,4000,0,False,41.26789855957031,White,2353,0.24054398640034,0.2590537965297699,0.15370527732710723,0.7694380893812991,0.04420817011751539,0.07692307692307693
kumo_small,raw,2,4000,0,False,41.26789855957031,Black men,2846,0.2501756851721715,0.274850994348526,0.16865762660694225,0.7141692685572276,0.046860356138706656,0.06781447645818693
kumo_small,raw,2,4000,0,False,41.26789855957031,White men,1872,0.2516025641025641,0.26796093583106995,0.15904658911070405,0.7630855121682873,0.04925053533190578,0.08493589743589744
kumo_small,raw,2,4000,0,False,41.26789855957031,Black women,261,0.13793103448275862,0.18536637723445892,0.10676380860450664,0.7809876543209876,0.0,0.007662835249042145
kumo_small,raw,2,4000,0,False,41.26789855957031,White women,481,0.19750519750519752,0.22438819706439972,0.13291746930446022,0.77793836923916,0.025906735751295335,0.04573804573804574
kumo_small,raw,2,4000,0,False,41.035441875457764,All,5460,0.24065934065934066,0.2637656033039093,0.15925521555308006,0.7441185907672834,0.043174143753014954,0.06886446886446887
kumo_small,raw,2,4000,0,False,41.035441875457764,Men,4718,0.2507418397626113,0.2721171975135803,0.16484417552746833,0.7343775145537739,0.047807637906647805,0.07460788469690546
kumo_small,raw,2,4000,0,False,41.035441875457764,Women,742,0.1765498652291105,0.21066218614578247,0.1237178662819698,0.7813870391424396,0.016366612111292964,0.03234501347708895
kumo_small,raw,2,4000,0,False,41.035441875457764,Black,3107,0.24074670099774703,0.2673339545726776,0.16345830684555324,0.7232090435310892,0.0423908435777872,0.06276150627615062
kumo_small,raw,2,4000,0,False,41.035441875457764,White,2353,0.24054398640034,0.2590537965297699,0.15370527732710723,0.7694380893812991,0.04420817011751539,0.07692307692307693
kumo_small,raw,2,4000,0,False,41.035441875457764,Black men,2846,0.2501756851721715,0.274850994348526,0.16865762660694225,0.7141692685572276,0.046860356138706656,0.06781447645818693
kumo_small,raw,2,4000,0,False,41.035441875457764,White men,1872,0.2516025641025641,0.26796093583106995,0.15904658911070405,0.7630855121682873,0.04925053533190578,0.08493589743589744
kumo_small,raw,2,4000,0,False,41.035441875457764,Black women,261,0.13793103448275862,0.18536637723445892,0.10676380860450664,0.7809876543209876,0.0,0.007662835249042145
kumo_small,raw,2,4000,0,False,41.035441875457764,White women,481,0.19750519750519752,0.22438819706439972,0.13291746930446022,0.77793836923916,0.025906735751295335,0.04573804573804574
kumo_small,raw,2,4000,1,False,41.236838579177856,All,5460,0.24065934065934066,0.2412649542093277,0.15999722045184095,0.7373985929112508,0.022672455378678243,0.036996336996337
kumo_small,raw,2,4000,1,False,41.236838579177856,Men,4718,0.2507418397626113,0.24789869785308838,0.16522771313347387,0.7296601668378405,0.026025459688826025,0.04175498092412039
kumo_small,raw,2,4000,1,False,41.236838579177856,Women,742,0.1765498652291105,0.1990842968225479,0.12673918207994872,0.768768506140603,0.0032733224222585926,0.006738544474393531
kumo_small,raw,2,4000,1,False,41.236838579177856,Black,3107,0.24074670099774703,0.2478952258825302,0.1635507878928532,0.7179118882513891,0.026706231454005934,0.040875442549082715
kumo_small,raw,2,4000,1,False,41.236838579177856,White,2353,0.24054398640034,0.232510045170784,0.15530494079216178,0.7624213746314668,0.017347509792949075,0.03187420314492138
kumo_small,raw,2,4000,1,False,41.236838579177856,Black men,2846,0.2501756851721715,0.254100501537323,0.1687898840100417,0.7083222544569989,0.029522024367385193,0.044624033731553055
kumo_small,raw,2,4000,1,False,41.236838579177856,White men,1872,0.2516025641025641,0.23847009241580963,0.15981214779441827,0.7612093878955128,0.02069950035688794,0.03739316239316239
kumo_small,raw,2,4000,1,False,41.236838579177856,Black women,261,0.13793103448275862,0.18023160099983215,0.10642255973377902,0.7903703703703704,0.0,0.0
kumo_small,raw,2,4000,1,False,41.236838579177856,White women,481,0.19750519750519752,0.20931413769721985,0.1377633784050013,0.7565857649304608,0.0051813471502590676,0.010395010395010396
kumo_small,raw,2,4000,1,False,40.98495578765869,All,5460,0.24065934065934066,0.2412649542093277,0.15999722045184095,0.7373985929112508,0.022672455378678243,0.036996336996337
kumo_small,raw,2,4000,1,False,40.98495578765869,Men,4718,0.2507418397626113,0.24789869785308838,0.16522771313347387,0.7296601668378405,0.026025459688826025,0.04175498092412039
kumo_small,raw,2,4000,1,False,40.98495578765869,Women,742,0.1765498652291105,0.1990842968225479,0.12673918207994872,0.768768506140603,0.0032733224222585926,0.006738544474393531
kumo_small,raw,2,4000,1,False,40.98495578765869,Black,3107,0.24074670099774703,0.2478952258825302,0.1635507878928532,0.7179118882513891,0.026706231454005934,0.040875442549082715
kumo_small,raw,2,4000,1,False,40.98495578765869,White,2353,0.24054398640034,0.232510045170784,0.15530494079216178,0.7624213746314668,0.017347509792949075,0.03187420314492138
kumo_small,raw,2,4000,1,False,40.98495578765869,Black men,2846,0.2501756851721715,0.254100501537323,0.1687898840100417,0.7083222544569989,0.029522024367385193,0.044624033731553055
kumo_small,raw,2,4000,1,False,40.98495578765869,White men,1872,0.2516025641025641,0.23847009241580963,0.15981214779441827,0.7612093878955128,0.02069950035688794,0.03739316239316239
kumo_small,raw,2,4000,1,False,40.98495578765869,Black women,261,0.13793103448275862,0.18023160099983215,0.10642255973377902,0.7903703703703704,0.0,0.0
kumo_small,raw,2,4000,1,False,40.98495578765869,White women,481,0.19750519750519752,0.20931413769721985,0.1377633784050013,0.7565857649304608,0.0051813471502590676,0.010395010395010396
kumo_small,raw,2,4000,2,False,41.63127851486206,All,5460,0.24065934065934066,0.25574246048927307,0.15897539499074204,0.7424759225851548,0.03400868306801737,0.05476190476190476
kumo_small,raw,2,4000,2,False,41.63127851486206,Men,4718,0.2507418397626113,0.26382774114608765,0.16443767568740336,0.7331048888006781,0.039321074964639324,0.062102585841458245
kumo_small,raw,2,4000,2,False,41.63127851486206,Women,742,0.1765498652291105,0.2043321132659912,0.12424353471197119,0.7836733673992079,0.0032733224222585926,0.008086253369272238
kumo_small,raw,2,4000,2,False,41.63127851486206,Black,3107,0.24074670099774703,0.261494904756546,0.16388036758370766,0.7187129505160574,0.040695209834675714,0.057611844222722884
kumo_small,raw,2,4000,2,False,41.63127851486206,White,2353,0.24054398640034,0.2481466382741928,0.15249866322433994,0.7724348010068792,0.02518186905428092,0.050998725031874206
kumo_small,raw,2,4000,2,False,41.63127851486206,Black men,2846,0.2501756851721715,0.26894325017929077,0.16909415519085444,0.7092880911512904,0.04451733833177132,0.06254392129304287
kumo_small,raw,2,4000,2,False,41.63127851486206,White men,1872,0.2516025641025641,0.25605064630508423,0.15735843387820364,0.7678121935954149,0.03140613847251963,0.06143162393162393
kumo_small,raw,2,4000,2,False,41.63127851486206,Black women,261,0.13793103448275862,0.18027640879154205,0.10702810884830631,0.7824691358024691,0.0044444444444444444,0.0038314176245210726
kumo_small,raw,2,4000,2,False,41.63127851486206,White women,481,0.19750519750519752,0.21738523244857788,0.13358496122011365,0.7803108808290157,0.0025906735751295338,0.010395010395010396
kumo_small,raw,2,4000,2,False,40.520002126693726,All,5460,0.24065934065934066,0.25574246048927307,0.15897539499074204,0.7424759225851548,0.03400868306801737,0.05476190476190476
kumo_small,raw,2,4000,2,False,40.520002126693726,Men,4718,0.2507418397626113,0.26382774114608765,0.16443767568740336,0.7331048888006781,0.039321074964639324,0.062102585841458245
kumo_small,raw,2,4000,2,False,40.520002126693726,Women,742,0.1765498652291105,0.2043321132659912,0.12424353471197119,0.7836733673992079,0.0032733224222585926,0.008086253369272238
kumo_small,raw,2,4000,2,False,40.520002126693726,Black,3107,0.24074670099774703,0.261494904756546,0.16388036758370766,0.7187129505160574,0.040695209834675714,0.057611844222722884
kumo_small,raw,2,4000,2,False,40.520002126693726,White,2353,0.24054398640034,0.2481466382741928,0.15249866322433994,0.7724348010068792,0.02518186905428092,0.050998725031874206
kumo_small,raw,2,4000,2,False,40.520002126693726,Black men,2846,0.2501756851721715,0.26894325017929077,0.16909415519085444,0.7092880911512904,0.04451733833177132,0.06254392129304287
kumo_small,raw,2,4000,2,False,40.520002126693726,White men,1872,0.2516025641025641,0.25605064630508423,0.15735843387820364,0.7678121935954149,0.03140613847251963,0.06143162393162393
kumo_small,raw,2,4000,2,False,40.520002126693726,Black women,261,0.13793103448275862,0.18027640879154205,0.10702810884830631,0.7824691358024691,0.0044444444444444444,0.0038314176245210726
kumo_small,raw,2,4000,2,False,40.520002126693726,White women,481,0.19750519750519752,0.21738523244857788,0.13358496122011365,0.7803108808290157,0.0025906735751295338,0.010395010395010396
kumo_small,raw,2,4000,3,False,41.753129720687866,All,5460,0.24065934065934066,0.25429776310920715,0.15997171337198215,0.7406276684868361,0.013506994693680656,0.021245421245421246
kumo_small,raw,2,4000,3,False,41.753129720687866,Men,4718,0.2507418397626113,0.2613980770111084,0.16484486210006027,0.7342842556203453,0.015841584158415842,0.024586689275116574
kumo_small,raw,2,4000,3,False,41.753129720687866,Women,742,0.1765498652291105,0.20915044844150543,0.12898584315759865,0.7593358403818044,0.0,0.0
kumo_small,raw,2,4000,3,False,41.753129720687866,Black,3107,0.24074670099774703,0.26448386907577515,0.16353953530221402,0.7217970544030938,0.015684612123781264,0.022851625362085612
kumo_small,raw,2,4000,3,False,41.753129720687866,White,2353,0.24054398640034,0.2408476024866104,0.15526061148620635,0.7658185046695707,0.010632344711807499,0.019124521886952826
kumo_small,raw,2,4000,3,False,41.753129720687866,Black men,2846,0.2501756851721715,0.2707929015159607,0.16867767552479948,0.7119746638164337,0.017338331771321464,0.024947294448348558
kumo_small,raw,2,4000,3,False,41.753129720687866,White men,1872,0.2516025641025641,0.2471151053905487,0.15901783912633816,0.7684486816362591,0.013561741613133477,0.02403846153846154
kumo_small,raw,2,4000,3,False,41.753129720687866,Black women,261,0.13793103448275862,0.1956886202096939,0.10751215187892592,0.7871604938271605,0.0,0.0
kumo_small,raw,2,4000,3,False,41.753129720687866,White women,481,0.19750519750519752,0.2164551168680191,0.14063788769758528,0.7439050995364058,0.0,0.0
kumo_small,raw,2,4000,3,False,41.190115451812744,All,5460,0.24065934065934066,0.25429776310920715,0.15997171337198215,0.7406276684868361,0.013506994693680656,0.021245421245421246
kumo_small,raw,2,4000,3,False,41.190115451812744,Men,4718,0.2507418397626113,0.2613980770111084,0.16484486210006027,0.7342842556203453,0.015841584158415842,0.024586689275116574
kumo_small,raw,2,4000,3,False,41.190115451812744,Women,742,0.1765498652291105,0.20915044844150543,0.12898584315759865,0.7593358403818044,0.0,0.0
kumo_small,raw,2,4000,3,False,41.190115451812744,Black,3107,0.24074670099774703,0.26448386907577515,0.16353953530221402,0.7217970544030938,0.015684612123781264,0.022851625362085612
kumo_small,raw,2,4000,3,False,41.190115451812744,White,2353,0.24054398640034,0.2408476024866104,0.15526061148620635,0.7658185046695707,0.010632344711807499,0.019124521886952826
kumo_small,raw,2,4000,3,False,41.190115451812744,Black men,2846,0.2501756851721715,0.2707929015159607,0.16867767552479948,0.7119746638164337,0.017338331771321464,0.024947294448348558
kumo_small,raw,2,4000,3,False,41.190115451812744,White men,1872,0.2516025641025641,0.2471151053905487,0.15901783912633816,0.7684486816362591,0.013561741613133477,0.02403846153846154
kumo_small,raw,2,4000,3,False,41.190115451812744,Black women,261,0.13793103448275862,0.1956886202096939,0.10751215187892592,0.7871604938271605,0.0,0.0
kumo_small,raw,2,4000,3,False,41.190115451812744,White women,481,0.19750519750519752,0.2164551168680191,0.14063788769758528,0.7439050995364058,0.0,0.0
kumo_small,raw,2,4000,4,False,40.583738565444946,All,5460,0.24065934065934066,0.2652418315410614,0.15977900350225682,0.741611727501742,0.042450554751567775,0.0684981684981685
kumo_small,raw,2,4000,4,False,40.583738565444946,Men,4718,0.2507418397626113,0.2712046504020691,0.1651061568414288,0.7329879564456869,0.04611032531824611,0.07142857142857142
kumo_small,raw,2,4000,4,False,40.583738565444946,Women,742,0.1765498652291105,0.22732707858085632,0.12590634925129524,0.7833360402793569,0.02127659574468085,0.04986522911051213
kumo_small,raw,2,4000,4,False,40.583738565444946,Black,3107,0.24074670099774703,0.2710138261318207,0.1641025020641798,0.7213193073290822,0.04705383637134379,0.06984229159961378
kumo_small,raw,2,4000,4,False,40.583738565444946,White,2353,0.24054398640034,0.257620245218277,0.15407007446192753,0.7677681962979588,0.03637381085618355,0.06672333191670209
kumo_small,raw,2,4000,4,False,40.583738565444946,Black men,2846,0.2501756851721715,0.2773818373680115,0.16930297865657365,0.7120424533765782,0.05154639175257732,0.07484188334504568
kumo_small,raw,2,4000,4,False,40.583738565444946,White men,1872,0.2516025641025641,0.26181352138519287,0.15872573222289132,0.7648494933100561,0.03783012134189864,0.06623931623931624
kumo_small,raw,2,4000,4,False,40.583738565444946,Black women,261,0.13793103448275862,0.20157542824745178,0.10739538948964794,0.7925925925925925,0.0044444444444444444,0.01532567049808429
kumo_small,raw,2,4000,4,False,40.583738565444946,White women,481,0.19750519750519752,0.24130047857761383,0.13595075777060903,0.7756203981456231,0.031088082901554404,0.06860706860706861
kumo_small,raw,2,4000,4,False,41.20045518875122,All,5460,0.24065934065934066,0.2652418315410614,0.15977900350225682,0.741611727501742,0.042450554751567775,0.0684981684981685
kumo_small,raw,2,4000,4,False,41.20045518875122,Men,4718,0.2507418397626113,0.2712046504020691,0.1651061568414288,0.7329879564456869,0.04611032531824611,0.07142857142857142
kumo_small,raw,2,4000,4,False,41.20045518875122,Women,742,0.1765498652291105,0.22732707858085632,0.12590634925129524,0.7833360402793569,0.02127659574468085,0.04986522911051213
kumo_small,raw,2,4000,4,False,41.20045518875122,Black,3107,0.24074670099774703,0.2710138261318207,0.1641025020641798,0.7213193073290822,0.04705383637134379,0.06984229159961378
kumo_small,raw,2,4000,4,False,41.20045518875122,White,2353,0.24054398640034,0.257620245218277,0.15407007446192753,0.7677681962979588,0.03637381085618355,0.06672333191670209
kumo_small,raw,2,4000,4,False,41.20045518875122,Black men,2846,0.2501756851721715,0.2773818373680115,0.16930297865657365,0.7120424533765782,0.05154639175257732,0.07484188334504568
kumo_small,raw,2,4000,4,False,41.20045518875122,White men,1872,0.2516025641025641,0.26181352138519287,0.15872573222289132,0.7648494933100561,0.03783012134189864,0.06623931623931624
kumo_small,raw,2,4000,4,False,41.20045518875122,Black women,261,0.13793103448275862,0.20157542824745178,0.10739538948964794,0.7925925925925925,0.0044444444444444444,0.01532567049808429
kumo_small,raw,2,4000,4,False,41.20045518875122,White women,481,0.19750519750519752,0.24130047857761383,0.13595075777060903,0.7756203981456231,0.031088082901554404,0.06860706860706861
kumo_small,raw,2,4000,5,False,41.13759779930115,All,5460,0.24065934065934066,0.2566603124141693,0.15948213746131873,0.7412082651412193,0.027013989387361312,0.043406593406593405
kumo_small,raw,2,4000,5,False,41.13759779930115,Men,4718,0.2507418397626113,0.26419302821159363,0.16495670155559014,0.7320147157814442,0.030551626591230552,0.04853751589656634
kumo_small,raw,2,4000,5,False,41.13759779930115,Women,742,0.1765498652291105,0.2087637037038803,0.12467217331472501,0.7813495583513449,0.006546644844517185,0.01078167115902965
kumo_small,raw,2,4000,5,False,41.13759779930115,Black,3107,0.24074670099774703,0.2641758620738983,0.16338237457077648,0.7205712336188859,0.03221704111911827,0.047956227872545866
kumo_small,raw,2,4000,5,False,41.13759779930115,White,2353,0.24054398640034,0.24673646688461304,0.15433210061512867,0.7674557710674463,0.020145495243424735,0.037399065023374416
kumo_small,raw,2,4000,5,False,41.13759779930115,Black men,2846,0.2501756851721715,0.27085456252098083,0.16862347002479766,0.7107893337405095,0.03467666354264293,0.05165144061841181
kumo_small,raw,2,4000,5,False,41.13759779930115,White men,1872,0.2516025641025641,0.25406545400619507,0.1593821165858441,0.7634022407409934,0.02426837972876517,0.0438034188034188
kumo_small,raw,2,4000,5,False,41.13759779930115,Black women,261,0.13793103448275862,0.19134971499443054,0.1062323452139018,0.8004938271604939,0.008888888888888889,0.007662835249042145
kumo_small,raw,2,4000,5,False,41.13759779930115,White women,481,0.19750519750519752,0.21821285784244537,0.13467798440477668,0.7723752386146715,0.0051813471502590676,0.012474012474012475
kumo_small,raw,2,4000,5,False,40.538740158081055,All,5460,0.24065934065934066,0.2566603124141693,0.15948213746131873,0.7412082651412193,0.027013989387361312,0.043406593406593405
kumo_small,raw,2,4000,5,False,40.538740158081055,Men,4718,0.2507418397626113,0.26419302821159363,0.16495670155559014,0.7320147157814442,0.030551626591230552,0.04853751589656634
kumo_small,raw,2,4000,5,False,40.538740158081055,Women,742,0.1765498652291105,0.2087637037038803,0.12467217331472501,0.7813495583513449,0.006546644844517185,0.01078167115902965
kumo_small,raw,2,4000,5,False,40.538740158081055,Black,3107,0.24074670099774703,0.2641758620738983,0.16338237457077648,0.7205712336188859,0.03221704111911827,0.047956227872545866
kumo_small,raw,2,4000,5,False,40.538740158081055,White,2353,0.24054398640034,0.24673646688461304,0.15433210061512867,0.7674557710674463,0.020145495243424735,0.037399065023374416
kumo_small,raw,2,4000,5,False,40.538740158081055,Black men,2846,0.2501756851721715,0.27085456252098083,0.16862347002479766,0.7107893337405095,0.03467666354264293,0.05165144061841181
kumo_small,raw,2,4000,5,False,40.538740158081055,White men,1872,0.2516025641025641,0.25406545400619507,0.1593821165858441,0.7634022407409934,0.02426837972876517,0.0438034188034188
kumo_small,raw,2,4000,5,False,40.538740158081055,Black women,261,0.13793103448275862,0.19134971499443054,0.1062323452139018,0.8004938271604939,0.008888888888888889,0.007662835249042145
kumo_small,raw,2,4000,5,False,40.538740158081055,White women,481,0.19750519750519752,0.21821285784244537,0.13467798440477668,0.7723752386146715,0.0051813471502590676,0.012474012474012475
kumo_small,raw,2,4000,6,False,40.12911128997803,All,5460,0.24065934065934066,0.2548471689224243,0.15801673266189112,0.7492363951684373,0.02894356005788712,0.04633699633699634
kumo_small,raw,2,4000,6,False,40.12911128997803,Men,4718,0.2507418397626113,0.26411062479019165,0.1634420702708368,0.7405118002441471,0.033663366336633666,0.05256464603645612
kumo_small,raw,2,4000,6,False,40.12911128997803,Women,742,0.1765498652291105,0.19594551622867584,0.12351977465784039,0.7846978423557927,0.0016366612111292963,0.006738544474393531
kumo_small,raw,2,4000,6,False,40.12911128997803,Black,3107,0.24074670099774703,0.2641405463218689,0.1626925959612239,0.7266805022521552,0.03730394234845273,0.05310588992597361
kumo_small,raw,2,4000,6,False,40.12911128997803,White,2353,0.24054398640034,0.24257586896419525,0.15184252642686052,0.7794109795717403,0.01790710688304421,0.037399065023374416
kumo_small,raw,2,4000,6,False,40.12911128997803,Black men,2846,0.2501756851721715,0.27219027280807495,0.1678726753059808,0.7181007339700726,0.041237113402061855,0.05797610681658468
kumo_small,raw,2,4000,6,False,40.12911128997803,White men,1872,0.2516025641025641,0.251827210187912,0.15670622522274924,0.7751848467351953,0.02212705210563883,0.04433760683760684
kumo_small,raw,2,4000,6,False,40.12911128997803,Black women,261,0.13793103448275862,0.17636458575725555,0.10620789935134604,0.7854320987654322,0.0,0.0
kumo_small,raw,2,4000,6,False,40.12911128997803,White women,481,0.19750519750519752,0.20657047629356384,0.13291353651853688,0.7836105808562859,0.0025906735751295338,0.010395010395010396
kumo_small,raw,2,4000,6,False,40.23267197608948,All,5460,0.24065934065934066,0.2548471689224243,0.15801673266189112,0.7492363951684373,0.02894356005788712,0.04633699633699634
kumo_small,raw,2,4000,6,False,40.23267197608948,Men,4718,0.2507418397626113,0.26411062479019165,0.1634420702708368,0.7405118002441471,0.033663366336633666,0.05256464603645612
kumo_small,raw,2,4000,6,False,40.23267197608948,Women,742,0.1765498652291105,0.19594551622867584,0.12351977465784039,0.7846978423557927,0.0016366612111292963,0.006738544474393531
kumo_small,raw,2,4000,6,False,40.23267197608948,Black,3107,0.24074670099774703,0.2641405463218689,0.1626925959612239,0.7266805022521552,0.03730394234845273,0.05310588992597361
kumo_small,raw,2,4000,6,False,40.23267197608948,White,2353,0.24054398640034,0.24257586896419525,0.15184252642686052,0.7794109795717403,0.01790710688304421,0.037399065023374416
kumo_small,raw,2,4000,6,False,40.23267197608948,Black men,2846,0.2501756851721715,0.27219027280807495,0.1678726753059808,0.7181007339700726,0.041237113402061855,0.05797610681658468
kumo_small,raw,2,4000,6,False,40.23267197608948,White men,1872,0.2516025641025641,0.251827210187912,0.15670622522274924,0.7751848467351953,0.02212705210563883,0.04433760683760684
kumo_small,raw,2,4000,6,False,40.23267197608948,Black women,261,0.13793103448275862,0.17636458575725555,0.10620789935134604,0.7854320987654322,0.0,0.0
kumo_small,raw,2,4000,6,False,40.23267197608948,White women,481,0.19750519750519752,0.20657047629356384,0.13291353651853688,0.7836105808562859,0.0025906735751295338,0.010395010395010396
kumo_small,raw,2,4000,7,False,40.142762899398804,All,5460,0.24065934065934066,0.2534487247467041,0.15796575330904727,0.748761620193236,0.03014954172696575,0.051831501831501835
kumo_small,raw,2,4000,7,False,40.142762899398804,Men,4718,0.2507418397626113,0.2610584497451782,0.16336078565485426,0.7399970826692621,0.03479490806223479,0.05807545570156846
kumo_small,raw,2,4000,7,False,40.142762899398804,Women,742,0.1765498652291105,0.20506232976913452,0.12366149103476506,0.7868467410452143,0.0032733224222585926,0.012129380053908356
kumo_small,raw,2,4000,7,False,40.142762899398804,Black,3107,0.24074670099774703,0.2599232494831085,0.16265745860731246,0.7246153654340074,0.03052140737600678,0.05085291277759897
kumo_small,raw,2,4000,7,False,40.142762899398804,White,2353,0.24054398640034,0.24489951133728027,0.15177062863343746,0.7796027849347763,0.02965864577504197,0.053123671908202295
kumo_small,raw,2,4000,7,False,40.142762899398804,Black men,2846,0.2501756851721715,0.26667073369026184,0.16785449550077644,0.7153792792982531,0.033739456419868794,0.05551651440618412
kumo_small,raw,2,4000,7,False,40.142762899398804,White men,1872,0.2516025641025641,0.25252607464790344,0.15652900241687645,0.7763850813265016,0.03640256959314775,0.06196581196581197
kumo_small,raw,2,4000,7,False,40.142762899398804,Black women,261,0.13793103448275862,0.1863468885421753,0.10598785324793115,0.7991358024691357,0.0,0.0
kumo_small,raw,2,4000,7,False,40.142762899398804,White women,481,0.19750519750519752,0.21521766483783722,0.13325155228708035,0.7798200163621488,0.0051813471502590676,0.018711018711018712
kumo_small,raw,2,4000,7,False,40.56841468811035,All,5460,0.24065934065934066,0.2534487247467041,0.15796575330904727,0.748761620193236,0.03014954172696575,0.051831501831501835
kumo_small,raw,2,4000,7,False,40.56841468811035,Men,4718,0.2507418397626113,0.2610584497451782,0.16336078565485426,0.7399970826692621,0.03479490806223479,0.05807545570156846
kumo_small,raw,2,4000,7,False,40.56841468811035,Women,742,0.1765498652291105,0.20506232976913452,0.12366149103476506,0.7868467410452143,0.0032733224222585926,0.012129380053908356
kumo_small,raw,2,4000,7,False,40.56841468811035,Black,3107,0.24074670099774703,0.2599232494831085,0.16265745860731246,0.7246153654340074,0.03052140737600678,0.05085291277759897
kumo_small,raw,2,4000,7,False,40.56841468811035,White,2353,0.24054398640034,0.24489951133728027,0.15177062863343746,0.7796027849347763,0.02965864577504197,0.053123671908202295
kumo_small,raw,2,4000,7,False,40.56841468811035,Black men,2846,0.2501756851721715,0.26667073369026184,0.16785449550077644,0.7153792792982531,0.033739456419868794,0.05551651440618412
kumo_small,raw,2,4000,7,False,40.56841468811035,White men,1872,0.2516025641025641,0.25252607464790344,0.15652900241687645,0.7763850813265016,0.03640256959314775,0.06196581196581197
kumo_small,raw,2,4000,7,False,40.56841468811035,Black women,261,0.13793103448275862,0.1863468885421753,0.10598785324793115,0.7991358024691357,0.0,0.0
kumo_small,raw,2,4000,7,False,40.56841468811035,White women,481,0.19750519750519752,0.21521766483783722,0.13325155228708035,0.7798200163621488,0.0051813471502590676,0.018711018711018712
kumo_small,raw,2,4000,8,False,40.392746925354004,All,5460,0.24065934065934066,0.24814338982105255,0.15924449479632818,0.7408973164429817,0.022672455378678243,0.03736263736263736
kumo_small,raw,2,4000,8,False,40.392746925354004,Men,4718,0.2507418397626113,0.25515928864479065,0.16476375657768508,0.7313712291407862,0.024893917963224894,0.039423484527342095
kumo_small,raw,2,4000,8,False,40.392746925354004,Women,742,0.1765498652291105,0.20353282988071442,0.12415032082807763,0.7813995327394709,0.009819967266775777,0.02425876010781671
kumo_small,raw,2,4000,8,False,40.392746925354004,Black,3107,0.24074670099774703,0.25307697057724,0.16320833065207235,0.7204420208871246,0.02543450614667232,0.035403926617315735
kumo_small,raw,2,4000,8,False,40.392746925354004,White,2353,0.24054398640034,0.24162887036800385,0.1540104794950969,0.765846187917844,0.019026301063234472,0.03994900127496812
kumo_small,raw,2,4000,8,False,40.392746925354004,Black men,2846,0.2501756851721715,0.2594335973262787,0.16867242210650854,0.7089978465297011,0.027647610121836926,0.03829936753338018
kumo_small,raw,2,4000,8,False,40.392746925354004,White men,1872,0.2516025641025641,0.248661071062088,0.1588214157149546,0.7628885039651689,0.02069950035688794,0.04113247863247863
kumo_small,raw,2,4000,8,False,40.392746925354004,Black women,261,0.13793103448275862,0.18376296758651733,0.10362670506078767,0.812962962962963,0.0044444444444444444,0.0038314176245210726
kumo_small,raw,2,4000,8,False,40.392746925354004,White women,481,0.19750519750519752,0.21426036953926086,0.13528683582862377,0.7681483501499863,0.012953367875647668,0.035343035343035345
kumo_small,raw,2,4000,8,False,40.053622007369995,All,5460,0.24065934065934066,0.24814338982105255,0.15924449479632818,0.7408973164429817,0.022672455378678243,0.03736263736263736
kumo_small,raw,2,4000,8,False,40.053622007369995,Men,4718,0.2507418397626113,0.25515928864479065,0.16476375657768508,0.7313712291407862,0.024893917963224894,0.039423484527342095
kumo_small,raw,2,4000,8,False,40.053622007369995,Women,742,0.1765498652291105,0.20353282988071442,0.12415032082807763,0.7813995327394709,0.009819967266775777,0.02425876010781671
kumo_small,raw,2,4000,8,False,40.053622007369995,Black,3107,0.24074670099774703,0.25307697057724,0.16320833065207235,0.7204420208871246,0.02543450614667232,0.035403926617315735
kumo_small,raw,2,4000,8,False,40.053622007369995,White,2353,0.24054398640034,0.24162887036800385,0.1540104794950969,0.765846187917844,0.019026301063234472,0.03994900127496812
kumo_small,raw,2,4000,8,False,40.053622007369995,Black men,2846,0.2501756851721715,0.2594335973262787,0.16867242210650854,0.7089978465297011,0.027647610121836926,0.03829936753338018
kumo_small,raw,2,4000,8,False,40.053622007369995,White men,1872,0.2516025641025641,0.248661071062088,0.1588214157149546,0.7628885039651689,0.02069950035688794,0.04113247863247863
kumo_small,raw,2,4000,8,False,40.053622007369995,Black women,261,0.13793103448275862,0.18376296758651733,0.10362670506078767,0.812962962962963,0.0044444444444444444,0.0038314176245210726
kumo_small,raw,2,4000,8,False,40.053622007369995,White women,481,0.19750519750519752,0.21426036953926086,0.13528683582862377,0.7681483501499863,0.012953367875647668,0.035343035343035345
kumo_small,raw,2,4000,9,False,39.90359091758728,All,5460,0.24065934065934066,0.2598990499973297,0.159777034344267,0.7397330026337025,0.034491075735648816,0.057326007326007324
kumo_small,raw,2,4000,9,False,39.90359091758728,Men,4718,0.2507418397626113,0.2678047716617584,0.16475906320887432,0.7332409511932959,0.039321074964639324,0.06464603645612547
kumo_small,raw,2,4000,9,False,39.90359091758728,Women,742,0.1765498652291105,0.20963086187839508,0.12809885080893343,0.7607601104433976,0.006546644844517185,0.01078167115902965
kumo_small,raw,2,4000,9,False,39.90359091758728,Black,3107,0.24074670099774703,0.2703148424625397,0.16417007792349286,0.7188172274574789,0.0453582026282323,0.06758931445123914
kumo_small,raw,2,4000,9,False,39.90359091758728,White,2353,0.24054398640034,0.24614565074443817,0.1539762751429687,0.7682664947668774,0.020145495243424735,0.04377390565235869
kumo_small,raw,2,4000,9,False,39.90359091758728,Black men,2846,0.2501756851721715,0.2772500813007355,0.16894913769437497,0.7118634362857112,0.04967197750702906,0.07343640196767393
kumo_small,raw,2,4000,9,False,39.90359091758728,White men,1872,0.2516025641025641,0.2534450590610504,0.1583888965498279,0.7670529542895507,0.023554603854389723,0.05128205128205128
kumo_small,raw,2,4000,9,False,39.90359091758728,Black women,261,0.13793103448275862,0.19469159841537476,0.11205818478965972,0.7514814814814814,0.0044444444444444444,0.0038314176245210726
kumo_small,raw,2,4000,9,False,39.90359091758728,White women,481,0.19750519750519752,0.21773719787597656,0.13680282966762458,0.7621216253067903,0.007772020725388601,0.014553014553014554
kumo_small,raw,2,4000,9,False,39.7752046585083,All,5460,0.24065934065934066,0.2598990499973297,0.159777034344267,0.7397330026337025,0.034491075735648816,0.057326007326007324
kumo_small,raw,2,4000,9,False,39.7752046585083,Men,4718,0.2507418397626113,0.2678047716617584,0.16475906320887432,0.7332409511932959,0.039321074964639324,0.06464603645612547
kumo_small,raw,2,4000,9,False,39.7752046585083,Women,742,0.1765498652291105,0.20963086187839508,0.12809885080893343,0.7607601104433976,0.006546644844517185,0.01078167115902965
kumo_small,raw,2,4000,9,False,39.7752046585083,Black,3107,0.24074670099774703,0.2703148424625397,0.16417007792349286,0.7188172274574789,0.0453582026282323,0.06758931445123914
kumo_small,raw,2,4000,9,False,39.7752046585083,White,2353,0.24054398640034,0.24614565074443817,0.1539762751429687,0.7682664947668774,0.020145495243424735,0.04377390565235869
kumo_small,raw,2,4000,9,False,39.7752046585083,Black men,2846,0.2501756851721715,0.2772500813007355,0.16894913769437497,0.7118634362857112,0.04967197750702906,0.07343640196767393
kumo_small,raw,2,4000,9,False,39.7752046585083,White men,1872,0.2516025641025641,0.2534450590610504,0.1583888965498279,0.7670529542895507,0.023554603854389723,0.05128205128205128
kumo_small,raw,2,4000,9,False,39.7752046585083,Black women,261,0.13793103448275862,0.19469159841537476,0.11205818478965972,0.7514814814814814,0.0044444444444444444,0.0038314176245210726
kumo_small,raw,2,4000,9,False,39.7752046585083,White women,481,0.19750519750519752,0.21773719787597656,0.13680282966762458,0.7621216253067903,0.007772020725388601,0.014553014553014554
kumo_small,raw,2,8000,0,False,72.3456757068634,All,5460,0.24065934065934066,0.2591624855995178,0.1572033721623233,0.7525409134329104,0.04100337674867342,0.07051282051282051
kumo_small,raw,2,8000,0,False,72.3456757068634,Men,4718,0.2507418397626113,0.26714006066322327,0.1625629953675322,0.7443152104124795,0.04611032531824611,0.07672742687579483
kumo_small,raw,2,8000,0,False,72.3456757068634,Women,742,0.1765498652291105,0.2084369659423828,0.12312425857448567,0.7852100798340851,0.011456628477905073,0.03099730458221024
kumo_small,raw,2,8000,0,False,72.3456757068634,Black,3107,0.24074670099774703,0.26421648263931274,0.16169361228702914,0.7312111653401582,0.041966935142009325,0.06501448342452526
kumo_small,raw,2,8000,0,False,72.3456757068634,White,2353,0.24054398640034,0.2524889409542084,0.1512742705611924,0.7786595771186089,0.039731393396754335,0.07777305567360816
kumo_small,raw,2,8000,0,False,72.3456757068634,Black men,2846,0.2501756851721715,0.2714093029499054,0.16674051247225938,0.7230911644535241,0.04639175257731959,0.07062543921293044
kumo_small,raw,2,8000,0,False,72.3456757068634,White men,1872,0.2516025641025641,0.26064953207969666,0.15621191968374287,0.7745316887694716,0.04568165596002855,0.0860042735042735
kumo_small,raw,2,8000,0,False,72.3456757068634,Black women,261,0.13793103448275862,0.1857842653989792,0.1066611298074687,0.7797530864197532,0.0,0.0038314176245210726
kumo_small,raw,2,8000,0,False,72.3456757068634,White women,481,0.19750519750519752,0.22072875499725342,0.13205747397613102,0.7834742296154895,0.018134715025906734,0.04573804573804574
kumo_small,raw,2,8000,0,False,72.18801760673523,All,5460,0.24065934065934066,0.2591624855995178,0.1572033721623233,0.7525409134329104,0.04100337674867342,0.07051282051282051
kumo_small,raw,2,8000,0,False,72.18801760673523,Men,4718,0.2507418397626113,0.26714006066322327,0.1625629953675322,0.7443152104124795,0.04611032531824611,0.07672742687579483
kumo_small,raw,2,8000,0,False,72.18801760673523,Women,742,0.1765498652291105,0.2084369659423828,0.12312425857448567,0.7852100798340851,0.011456628477905073,0.03099730458221024
kumo_small,raw,2,8000,0,False,72.18801760673523,Black,3107,0.24074670099774703,0.26421648263931274,0.16169361228702914,0.7312111653401582,0.041966935142009325,0.06501448342452526
kumo_small,raw,2,8000,0,False,72.18801760673523,White,2353,0.24054398640034,0.2524889409542084,0.1512742705611924,0.7786595771186089,0.039731393396754335,0.07777305567360816
kumo_small,raw,2,8000,0,False,72.18801760673523,Black men,2846,0.2501756851721715,0.2714093029499054,0.16674051247225938,0.7230911644535241,0.04639175257731959,0.07062543921293044
kumo_small,raw,2,8000,0,False,72.18801760673523,White men,1872,0.2516025641025641,0.26064953207969666,0.15621191968374287,0.7745316887694716,0.04568165596002855,0.0860042735042735
kumo_small,raw,2,8000,0,False,72.18801760673523,Black women,261,0.13793103448275862,0.1857842653989792,0.1066611298074687,0.7797530864197532,0.0,0.0038314176245210726
kumo_small,raw,2,8000,0,False,72.18801760673523,White women,481,0.19750519750519752,0.22072875499725342,0.13205747397613102,0.7834742296154895,0.018134715025906734,0.04573804573804574
kumo_small,raw,2,8000,1,False,72.1444923877716,All,5460,0.24065934065934066,0.2492499202489853,0.15777769843889256,0.7490409049892031,0.028219971056439943,0.04908424908424908
kumo_small,raw,2,8000,1,False,72.1444923877716,Men,4718,0.2507418397626113,0.25669214129447937,0.16299165365481003,0.7416464506008625,0.031966053748231964,0.05383637134378974
kumo_small,raw,2,8000,1,False,72.1444923877716,Women,742,0.1765498652291105,0.20192860066890717,0.1246248133867381,0.7784135630489375,0.006546644844517185,0.018867924528301886
kumo_small,raw,2,8000,1,False,72.1444923877716,Black,3107,0.24074670099774703,0.25855061411857605,0.1621570459889869,0.7280151337578463,0.03603221704111912,0.05503701319600901
kumo_small,raw,2,8000,1,False,72.1444923877716,White,2353,0.24054398640034,0.23696887493133545,0.15199502404954146,0.7761443562754958,0.01790710688304421,0.04122396940076498
kumo_small,raw,2,8000,1,False,72.1444923877716,Black men,2846,0.2501756851721715,0.2652510702610016,0.16734976159543585,0.7190458389056791,0.03936269915651359,0.059030217849613494
kumo_small,raw,2,8000,1,False,72.1444923877716,White men,1872,0.2516025641025641,0.2436799854040146,0.15636602587755516,0.7753182061342292,0.02069950035688794,0.045940170940170943
kumo_small,raw,2,8000,1,False,72.1444923877716,Black women,261,0.13793103448275862,0.18548732995986938,0.10553456087039029,0.7925925925925926,0.0044444444444444444,0.011494252873563218
kumo_small,raw,2,8000,1,False,72.1444923877716,White women,481,0.19750519750519752,0.21085000038146973,0.13498355747565033,0.7694573220616308,0.007772020725388601,0.02286902286902287
kumo_small,raw,2,8000,1,False,72.23421597480774,All,5460,0.24065934065934066,0.2492499202489853,0.15777769843889256,0.7490409049892031,0.028219971056439943,0.04908424908424908
kumo_small,raw,2,8000,1,False,72.23421597480774,Men,4718,0.2507418397626113,0.25669214129447937,0.16299165365481003,0.7416464506008625,0.031966053748231964,0.05383637134378974
kumo_small,raw,2,8000,1,False,72.23421597480774,Women,742,0.1765498652291105,0.20192860066890717,0.1246248133867381,0.7784135630489375,0.006546644844517185,0.018867924528301886
kumo_small,raw,2,8000,1,False,72.23421597480774,Black,3107,0.24074670099774703,0.25855061411857605,0.1621570459889869,0.7280151337578463,0.03603221704111912,0.05503701319600901
kumo_small,raw,2,8000,1,False,72.23421597480774,White,2353,0.24054398640034,0.23696887493133545,0.15199502404954146,0.7761443562754958,0.01790710688304421,0.04122396940076498
kumo_small,raw,2,8000,1,False,72.23421597480774,Black men,2846,0.2501756851721715,0.2652510702610016,0.16734976159543585,0.7190458389056791,0.03936269915651359,0.059030217849613494
kumo_small,raw,2,8000,1,False,72.23421597480774,White men,1872,0.2516025641025641,0.2436799854040146,0.15636602587755516,0.7753182061342292,0.02069950035688794,0.045940170940170943
kumo_small,raw,2,8000,1,False,72.23421597480774,Black women,261,0.13793103448275862,0.18548732995986938,0.10553456087039029,0.7925925925925926,0.0044444444444444444,0.011494252873563218
kumo_small,raw,2,8000,1,False,72.23421597480774,White women,481,0.19750519750519752,0.21085000038146973,0.13498355747565033,0.7694573220616308,0.007772020725388601,0.02286902286902287
kumo_small,raw,2,8000,2,False,72.66689920425415,All,5460,0.24065934065934066,0.24979954957962036,0.15684066881334832,0.7530068775831319,0.03642064640617462,0.06263736263736264
kumo_small,raw,2,8000,2,False,72.66689920425415,Men,4718,0.2507418397626113,0.2588394582271576,0.162270916736767,0.7446785615646458,0.04186704384724187,0.06994489190334888
kumo_small,raw,2,8000,2,False,72.66689920425415,Women,742,0.1765498652291105,0.19231918454170227,0.12231248862104457,0.788708287002911,0.004909983633387889,0.016172506738544475
kumo_small,raw,2,8000,2,False,72.66689920425415,Black,3107,0.24074670099774703,0.2579602897167206,0.16152543959723273,0.7319566887990696,0.04408647732089869,0.06694560669456066
kumo_small,raw,2,8000,2,False,72.66689920425415,White,2353,0.24054398640034,0.23902371525764465,0.15065470076169982,0.7800852644046817,0.02630106323447118,0.05694857628559286
kumo_small,raw,2,8000,2,False,72.66689920425415,Black men,2846,0.2501756851721715,0.2657380998134613,0.1668403889643152,0.7225504933500415,0.048266166822867856,0.07273366127898806
kumo_small,raw,2,8000,2,False,72.66689920425415,White men,1872,0.2516025641025641,0.24835151433944702,0.15532395201475727,0.7773640605512289,0.032119914346895075,0.06570512820512821
kumo_small,raw,2,8000,2,False,72.66689920425415,Black women,261,0.13793103448275862,0.17314963042736053,0.10357009132628751,0.8011111111111111,0.0044444444444444444,0.0038314176245210726
kumo_small,raw,2,8000,2,False,72.66689920425415,White women,481,0.19750519750519752,0.20272095501422882,0.1324824796687194,0.779738205617671,0.0051813471502590676,0.02286902286902287
kumo_small,raw,2,8000,2,False,72.52125668525696,All,5460,0.24065934065934066,0.24979954957962036,0.15684066881334832,0.7530068775831319,0.03642064640617462,0.06263736263736264
kumo_small,raw,2,8000,2,False,72.52125668525696,Men,4718,0.2507418397626113,0.2588394582271576,0.162270916736767,0.7446785615646458,0.04186704384724187,0.06994489190334888
kumo_small,raw,2,8000,2,False,72.52125668525696,Women,742,0.1765498652291105,0.19231918454170227,0.12231248862104457,0.788708287002911,0.004909983633387889,0.016172506738544475
kumo_small,raw,2,8000,2,False,72.52125668525696,Black,3107,0.24074670099774703,0.2579602897167206,0.16152543959723273,0.7319566887990696,0.04408647732089869,0.06694560669456066
kumo_small,raw,2,8000,2,False,72.52125668525696,White,2353,0.24054398640034,0.23902371525764465,0.15065470076169982,0.7800852644046817,0.02630106323447118,0.05694857628559286
kumo_small,raw,2,8000,2,False,72.52125668525696,Black men,2846,0.2501756851721715,0.2657380998134613,0.1668403889643152,0.7225504933500415,0.048266166822867856,0.07273366127898806
kumo_small,raw,2,8000,2,False,72.52125668525696,White men,1872,0.2516025641025641,0.24835151433944702,0.15532395201475727,0.7773640605512289,0.032119914346895075,0.06570512820512821
kumo_small,raw,2,8000,2,False,72.52125668525696,Black women,261,0.13793103448275862,0.17314963042736053,0.10357009132628751,0.8011111111111111,0.0044444444444444444,0.0038314176245210726
kumo_small,raw,2,8000,2,False,72.52125668525696,White women,481,0.19750519750519752,0.20272095501422882,0.1324824796687194,0.779738205617671,0.0051813471502590676,0.02286902286902287
kumo_small,raw,2,8000,3,False,71.35806488990784,All,5460,0.24065934065934066,0.25187209248542786,0.15691167443085402,0.7535246971095354,0.03135552339604438,0.05476190476190476
kumo_small,raw,2,8000,3,False,71.35806488990784,Men,4718,0.2507418397626113,0.261348158121109,0.16220867606131448,0.7455759994547939,0.036775106082036775,0.06252649427723611
kumo_small,raw,2,8000,3,False,71.35806488990784,Women,742,0.1765498652291105,0.19161856174468994,0.12323073953528485,0.7881460751364926,0.0,0.005390835579514825
kumo_small,raw,2,8000,3,False,71.35806488990784,Black,3107,0.24074670099774703,0.2595905661582947,0.16164182902928337,0.7313979004064534,0.04027130139889784,0.057933698101062116
kumo_small,raw,2,8000,3,False,71.35806488990784,White,2353,0.24054398640034,0.2416803538799286,0.1506657796848617,0.7814961213791795,0.019585898153329603,0.05057373565660858
kumo_small,raw,2,8000,3,False,71.35806488990784,Black men,2846,0.2501756851721715,0.26760369539260864,0.16697930607703013,0.7215882764866316,0.04451733833177132,0.06324666198172874
kumo_small,raw,2,8000,3,False,71.35806488990784,White men,1872,0.2516025641025641,0.25183796882629395,0.15495589132588353,0.7803100909117086,0.024982155603140613,0.06143162393162393
kumo_small,raw,2,8000,3,False,71.35806488990784,Black women,261,0.13793103448275862,0.172213613986969,0.10344083409484975,0.807283950617284,0.0,0.0
kumo_small,raw,2,8000,3,False,71.35806488990784,White women,481,0.19750519750519752,0.20214807987213135,0.13396912897385774,0.7772020725388601,0.0,0.008316008316008316
kumo_small,raw,2,8000,3,False,72.00766038894653,All,5460,0.24065934065934066,0.25187209248542786,0.15691167443085402,0.7535246971095354,0.03135552339604438,0.05476190476190476
kumo_small,raw,2,8000,3,False,72.00766038894653,Men,4718,0.2507418397626113,0.261348158121109,0.16220867606131448,0.7455759994547939,0.036775106082036775,0.06252649427723611
kumo_small,raw,2,8000,3,False,72.00766038894653,Women,742,0.1765498652291105,0.19161856174468994,0.12323073953528485,0.7881460751364926,0.0,0.005390835579514825
kumo_small,raw,2,8000,3,False,72.00766038894653,Black,3107,0.24074670099774703,0.2595905661582947,0.16164182902928337,0.7313979004064534,0.04027130139889784,0.057933698101062116
kumo_small,raw,2,8000,3,False,72.00766038894653,White,2353,0.24054398640034,0.2416803538799286,0.1506657796848617,0.7814961213791795,0.019585898153329603,0.05057373565660858
kumo_small,raw,2,8000,3,False,72.00766038894653,Black men,2846,0.2501756851721715,0.26760369539260864,0.16697930607703013,0.7215882764866316,0.04451733833177132,0.06324666198172874
kumo_small,raw,2,8000,3,False,72.00766038894653,White men,1872,0.2516025641025641,0.25183796882629395,0.15495589132588353,0.7803100909117086,0.024982155603140613,0.06143162393162393
kumo_small,raw,2,8000,3,False,72.00766038894653,Black women,261,0.13793103448275862,0.172213613986969,0.10344083409484975,0.807283950617284,0.0,0.0
kumo_small,raw,2,8000,3,False,72.00766038894653,White women,481,0.19750519750519752,0.20214807987213135,0.13396912897385774,0.7772020725388601,0.0,0.008316008316008316
kumo_small,raw,2,8000,4,False,72.76170825958252,All,5460,0.24065934065934066,0.25528502464294434,0.15812321786741398,0.7483035490737253,0.03569705740472745,0.05897435897435897
kumo_small,raw,2,8000,4,False,72.76170825958252,Men,4718,0.2507418397626113,0.26400309801101685,0.16358813216782067,0.7395842325447374,0.04045261669024045,0.06464603645612547
kumo_small,raw,2,8000,4,False,72.76170825958252,Women,742,0.1765498652291105,0.19985127449035645,0.12337461184407329,0.7830986619357578,0.008183306055646482,0.022911051212938006
kumo_small,raw,2,8000,4,False,72.76170825958252,Black,3107,0.24074670099774703,0.2627112567424774,0.1620408371119344,0.7298751170281979,0.04027130139889784,0.06276150627615062
kumo_small,raw,2,8000,4,False,72.76170825958252,White,2353,0.24054398640034,0.24547912180423737,0.15295022892022955,0.7718831134162907,0.02965864577504197,0.05397365065873353
kumo_small,raw,2,8000,4,False,72.76170825958252,Black men,2846,0.2501756851721715,0.27031975984573364,0.1673036370111448,0.7206214525657362,0.04451733833177132,0.06816584680252986
kumo_small,raw,2,8000,4,False,72.76170825958252,White men,1872,0.2516025641025641,0.2543999254703522,0.15793945333016018,0.7679031204583928,0.034261241970021415,0.05929487179487179
kumo_small,raw,2,8000,4,False,72.76170825958252,Black women,261,0.13793103448275862,0.179746612906456,0.10465413782782416,0.7997530864197531,0.0,0.0038314176245210726
kumo_small,raw,2,8000,4,False,72.76170825958252,White women,481,0.19750519750519752,0.2107604593038559,0.1335327068923914,0.7745841287155713,0.012953367875647668,0.033264033264033266
kumo_small,raw,2,8000,4,False,71.88497519493103,All,5460,0.24065934065934066,0.25528502464294434,0.15812321786741398,0.7483035490737253,0.03569705740472745,0.05897435897435897
kumo_small,raw,2,8000,4,False,71.88497519493103,Men,4718,0.2507418397626113,0.26400309801101685,0.16358813216782067,0.7395842325447374,0.04045261669024045,0.06464603645612547
kumo_small,raw,2,8000,4,False,71.88497519493103,Women,742,0.1765498652291105,0.19985127449035645,0.12337461184407329,0.7830986619357578,0.008183306055646482,0.022911051212938006
kumo_small,raw,2,8000,4,False,71.88497519493103,Black,3107,0.24074670099774703,0.2627112567424774,0.1620408371119344,0.7298751170281979,0.04027130139889784,0.06276150627615062
kumo_small,raw,2,8000,4,False,71.88497519493103,White,2353,0.24054398640034,0.24547912180423737,0.15295022892022955,0.7718831134162907,0.02965864577504197,0.05397365065873353
kumo_small,raw,2,8000,4,False,71.88497519493103,Black men,2846,0.2501756851721715,0.27031975984573364,0.1673036370111448,0.7206214525657362,0.04451733833177132,0.06816584680252986
kumo_small,raw,2,8000,4,False,71.88497519493103,White men,1872,0.2516025641025641,0.2543999254703522,0.15793945333016018,0.7679031204583928,0.034261241970021415,0.05929487179487179
kumo_small,raw,2,8000,4,False,71.88497519493103,Black women,261,0.13793103448275862,0.179746612906456,0.10465413782782416,0.7997530864197531,0.0,0.0038314176245210726
kumo_small,raw,2,8000,4,False,71.88497519493103,White women,481,0.19750519750519752,0.2107604593038559,0.1335327068923914,0.7745841287155713,0.012953367875647668,0.033264033264033266
kumo_small,raw,2,8000,5,False,72.03751921653748,All,5460,0.24065934065934066,0.2573632001876831,0.15749864967635932,0.7523111895274535,0.036661842739990354,0.05897435897435897
kumo_small,raw,2,8000,5,False,72.03751921653748,Men,4718,0.2507418397626113,0.2671276330947876,0.1628099493413325,0.7442324729997452,0.042998585572843,0.06718948707079271
kumo_small,raw,2,8000,5,False,72.03751921653748,Women,742,0.1765498652291105,0.19527630507946014,0.12372680086322813,0.7850601566697067,0.0,0.006738544474393531
kumo_small,raw,2,8000,5,False,72.03751921653748,Black,3107,0.24074670099774703,0.2664799988269806,0.16161156290622838,0.7329753725067043,0.043662568885120816,0.06469262954618603
kumo_small,raw,2,8000,5,False,72.03751921653748,White,2353,0.24054398640034,0.24532495439052582,0.15206778635073112,0.7773119961401642,0.027420257414661444,0.051423714407139824
kumo_small,raw,2,8000,5,False,72.03751921653748,Black men,2846,0.2501756851721715,0.2746146321296692,0.16682373310774237,0.7237822230763561,0.048266166822867856,0.07027406886858749
kumo_small,raw,2,8000,5,False,72.03751921653748,White men,1872,0.2516025641025641,0.2557450830936432,0.15670779731184398,0.7743740822069769,0.03497501784439686,0.0625
kumo_small,raw,2,8000,5,False,72.03751921653748,Black women,261,0.13793103448275862,0.17777879536151886,0.10477694070887701,0.798395061728395,0.0,0.0038314176245210726
kumo_small,raw,2,8000,5,False,72.03751921653748,White women,481,0.19750519750519752,0.2047707885503769,0.13400936531288643,0.777092991546223,0.0,0.008316008316008316
kumo_small,raw,2,8000,5,False,72.54764866828918,All,5460,0.24065934065934066,0.2573632001876831,0.15749864967635932,0.7523111895274535,0.036661842739990354,0.05897435897435897
kumo_small,raw,2,8000,5,False,72.54764866828918,Men,4718,0.2507418397626113,0.2671276330947876,0.1628099493413325,0.7442324729997452,0.042998585572843,0.06718948707079271
kumo_small,raw,2,8000,5,False,72.54764866828918,Women,742,0.1765498652291105,0.19527630507946014,0.12372680086322813,0.7850601566697067,0.0,0.006738544474393531
kumo_small,raw,2,8000,5,False,72.54764866828918,Black,3107,0.24074670099774703,0.2664799988269806,0.16161156290622838,0.7329753725067043,0.043662568885120816,0.06469262954618603
kumo_small,raw,2,8000,5,False,72.54764866828918,White,2353,0.24054398640034,0.24532495439052582,0.15206778635073112,0.7773119961401642,0.027420257414661444,0.051423714407139824
kumo_small,raw,2,8000,5,False,72.54764866828918,Black men,2846,0.2501756851721715,0.2746146321296692,0.16682373310774237,0.7237822230763561,0.048266166822867856,0.07027406886858749
kumo_small,raw,2,8000,5,False,72.54764866828918,White men,1872,0.2516025641025641,0.2557450830936432,0.15670779731184398,0.7743740822069769,0.03497501784439686,0.0625
kumo_small,raw,2,8000,5,False,72.54764866828918,Black women,261,0.13793103448275862,0.17777879536151886,0.10477694070887701,0.798395061728395,0.0,0.0038314176245210726
kumo_small,raw,2,8000,5,False,72.54764866828918,White women,481,0.19750519750519752,0.2047707885503769,0.13400936531288643,0.777092991546223,0.0,0.008316008316008316
kumo_small,raw,2,8000,6,False,72.33975195884705,All,5460,0.24065934065934066,0.2558876872062683,0.15687550442333462,0.7543766855291744,0.04124457308248915,0.06868131868131869
kumo_small,raw,2,8000,6,False,72.33975195884705,Men,4718,0.2507418397626113,0.2637690305709839,0.16206419422616222,0.7472485625570164,0.04611032531824611,0.07418397626112759
kumo_small,raw,2,8000,6,False,72.33975195884705,Women,742,0.1765498652291105,0.2057742327451706,0.12388326926195907,0.7787883709598832,0.01309328968903437,0.03369272237196765
kumo_small,raw,2,8000,6,False,72.33975195884705,Black,3107,0.24074670099774703,0.26191794872283936,0.16123590228341197,0.7337441315884325,0.0453582026282323,0.06887672996459607
kumo_small,raw,2,8000,6,False,72.33975195884705,White,2353,0.24054398640034,0.2479250580072403,0.15111785200035957,0.7805094113157256,0.03581421376608842,0.06842328941776456
kumo_small,raw,2,8000,6,False,72.33975195884705,Black men,2846,0.2501756851721715,0.2691385746002197,0.16636208641504688,0.7251185988226994,0.04967197750702906,0.0741391426563598
kumo_small,raw,2,8000,6,False,72.33975195884705,White men,1872,0.2516025641025641,0.25560569763183594,0.155530112404813,0.7799206208486205,0.04068522483940043,0.07425213675213675
kumo_small,raw,2,8000,6,False,72.33975195884705,Black women,261,0.13793103448275862,0.18318264186382294,0.10533889064113967,0.7961728395061729,0.0044444444444444444,0.011494252873563218
kumo_small,raw,2,8000,6,False,72.33975195884705,White women,481,0.19750519750519752,0.21803288161754608,0.1339458115073517,0.7696209435505863,0.018134715025906734,0.04573804573804574
kumo_small,raw,2,8000,6,False,72.44012928009033,All,5460,0.24065934065934066,0.2558876872062683,0.15687550442333462,0.7543766855291744,0.04124457308248915,0.06868131868131869
kumo_small,raw,2,8000,6,False,72.44012928009033,Men,4718,0.2507418397626113,0.2637690305709839,0.16206419422616222,0.7472485625570164,0.04611032531824611,0.07418397626112759
kumo_small,raw,2,8000,6,False,72.44012928009033,Women,742,0.1765498652291105,0.2057742327451706,0.12388326926195907,0.7787883709598832,0.01309328968903437,0.03369272237196765
kumo_small,raw,2,8000,6,False,72.44012928009033,Black,3107,0.24074670099774703,0.26191794872283936,0.16123590228341197,0.7337441315884325,0.0453582026282323,0.06887672996459607
kumo_small,raw,2,8000,6,False,72.44012928009033,White,2353,0.24054398640034,0.2479250580072403,0.15111785200035957,0.7805094113157256,0.03581421376608842,0.06842328941776456
kumo_small,raw,2,8000,6,False,72.44012928009033,Black men,2846,0.2501756851721715,0.2691385746002197,0.16636208641504688,0.7251185988226994,0.04967197750702906,0.0741391426563598
kumo_small,raw,2,8000,6,False,72.44012928009033,White men,1872,0.2516025641025641,0.25560569763183594,0.155530112404813,0.7799206208486205,0.04068522483940043,0.07425213675213675
kumo_small,raw,2,8000,6,False,72.44012928009033,Black women,261,0.13793103448275862,0.18318264186382294,0.10533889064113967,0.7961728395061729,0.0044444444444444444,0.011494252873563218
kumo_small,raw,2,8000,6,False,72.44012928009033,White women,481,0.19750519750519752,0.21803288161754608,0.1339458115073517,0.7696209435505863,0.018134715025906734,0.04573804573804574
kumo_small,raw,2,8000,7,False,72.36123442649841,All,5460,0.24065934065934066,0.25201907753944397,0.15688813214393893,0.7540293921778964,0.034491075735648816,0.05952380952380952
kumo_small,raw,2,8000,7,False,72.36123442649841,Men,4718,0.2507418397626113,0.2604296803474426,0.1622480901873413,0.745539054569628,0.039886845827439885,0.06718948707079271
kumo_small,raw,2,8000,7,False,72.36123442649841,Women,742,0.1765498652291105,0.19854041934013367,0.12280688949060684,0.7886957934058796,0.0032733224222585926,0.01078167115902965
kumo_small,raw,2,8000,7,False,72.36123442649841,Black,3107,0.24074670099774703,0.2604314982891083,0.1614156357699077,0.7321179213525173,0.039423484527342095,0.06211779851947216
kumo_small,raw,2,8000,7,False,72.36123442649841,White,2353,0.24054398640034,0.24091097712516785,0.15090982625108515,0.7818876416047584,0.027979854504756575,0.05609859753506162
kumo_small,raw,2,8000,7,False,72.36123442649841,Black men,2846,0.2501756851721715,0.2676788568496704,0.16656008183789053,0.7230306145551425,0.04311152764761012,0.06711173576950105
kumo_small,raw,2,8000,7,False,72.36123442649841,White men,1872,0.2516025641025641,0.24940870702266693,0.15569257296647426,0.7786764382735414,0.03497501784439686,0.0673076923076923
kumo_small,raw,2,8000,7,False,72.36123442649841,Black women,261,0.13793103448275862,0.1814044713973999,0.10531949205542815,0.802716049382716,0.0044444444444444444,0.007662835249042145
kumo_small,raw,2,8000,7,False,72.36123442649841,White women,481,0.19750519750519752,0.20783869922161102,0.13229589308848966,0.7817016634851377,0.0025906735751295338,0.012474012474012475
kumo_small,raw,2,8000,7,False,72.78181600570679,All,5460,0.24065934065934066,0.25201907753944397,0.15688813214393893,0.7540293921778964,0.034491075735648816,0.05952380952380952
kumo_small,raw,2,8000,7,False,72.78181600570679,Men,4718,0.2507418397626113,0.2604296803474426,0.1622480901873413,0.745539054569628,0.039886845827439885,0.06718948707079271
kumo_small,raw,2,8000,7,False,72.78181600570679,Women,742,0.1765498652291105,0.19854041934013367,0.12280688949060684,0.7886957934058796,0.0032733224222585926,0.01078167115902965
kumo_small,raw,2,8000,7,False,72.78181600570679,Black,3107,0.24074670099774703,0.2604314982891083,0.1614156357699077,0.7321179213525173,0.039423484527342095,0.06211779851947216
kumo_small,raw,2,8000,7,False,72.78181600570679,White,2353,0.24054398640034,0.24091097712516785,0.15090982625108515,0.7818876416047584,0.027979854504756575,0.05609859753506162
kumo_small,raw,2,8000,7,False,72.78181600570679,Black men,2846,0.2501756851721715,0.2676788568496704,0.16656008183789053,0.7230306145551425,0.04311152764761012,0.06711173576950105
kumo_small,raw,2,8000,7,False,72.78181600570679,White men,1872,0.2516025641025641,0.24940870702266693,0.15569257296647426,0.7786764382735414,0.03497501784439686,0.0673076923076923
kumo_small,raw,2,8000,7,False,72.78181600570679,Black women,261,0.13793103448275862,0.1814044713973999,0.10531949205542815,0.802716049382716,0.0044444444444444444,0.007662835249042145
kumo_small,raw,2,8000,7,False,72.78181600570679,White women,481,0.19750519750519752,0.20783869922161102,0.13229589308848966,0.7817016634851377,0.0025906735751295338,0.012474012474012475
kumo_small,raw,2,8000,8,False,72.59080767631531,All,5460,0.24065934065934066,0.2494262009859085,0.1578595384219732,0.7485414413481737,0.02894356005788712,0.04871794871794872
kumo_small,raw,2,8000,8,False,72.59080767631531,Men,4718,0.2507418397626113,0.2577900290489197,0.16344842441237842,0.7388379219518377,0.03338048090523338,0.05426027977956761
kumo_small,raw,2,8000,8,False,72.59080767631531,Women,742,0.1765498652291105,0.1962447613477707,0.12232265957732105,0.7893954348396447,0.0032733224222585926,0.013477088948787063
kumo_small,raw,2,8000,8,False,72.59080767631531,Black,3107,0.24074670099774703,0.25616130232810974,0.1624792414892288,0.7262095558482362,0.03645612547689699,0.05246218216929514
kumo_small,raw,2,8000,8,False,72.59080767631531,White,2353,0.24054398640034,0.24053293466567993,0.15175948851548654,0.7769323401638453,0.019026301063234472,0.04377390565235869
kumo_small,raw,2,8000,8,False,72.59080767631531,Black men,2846,0.2501756851721715,0.2635532319545746,0.16796301440812642,0.7154589155776462,0.04029990627928772,0.05727336612789881
kumo_small,raw,2,8000,8,False,72.59080767631531,White men,1872,0.2516025641025641,0.2490282952785492,0.15658489710046675,0.7731420232136281,0.022840827980014276,0.049679487179487176
kumo_small,raw,2,8000,8,False,72.59080767631531,Black women,261,0.13793103448275862,0.1755579113960266,0.10268300498661337,0.8093827160493827,0.0,0.0
kumo_small,raw,2,8000,8,False,72.59080767631531,White women,481,0.19750519750519752,0.2074698507785797,0.13297951996853666,0.7788110171802564,0.0051813471502590676,0.02079002079002079
kumo_small,raw,2,8000,8,False,73.67318224906921,All,5460,0.24065934065934066,0.2494262009859085,0.1578595384219732,0.7485414413481737,0.02894356005788712,0.04871794871794872
kumo_small,raw,2,8000,8,False,73.67318224906921,Men,4718,0.2507418397626113,0.2577900290489197,0.16344842441237842,0.7388379219518377,0.03338048090523338,0.05426027977956761
kumo_small,raw,2,8000,8,False,73.67318224906921,Women,742,0.1765498652291105,0.1962447613477707,0.12232265957732105,0.7893954348396447,0.0032733224222585926,0.013477088948787063
kumo_small,raw,2,8000,8,False,73.67318224906921,Black,3107,0.24074670099774703,0.25616130232810974,0.1624792414892288,0.7262095558482362,0.03645612547689699,0.05246218216929514
kumo_small,raw,2,8000,8,False,73.67318224906921,White,2353,0.24054398640034,0.24053293466567993,0.15175948851548654,0.7769323401638453,0.019026301063234472,0.04377390565235869
kumo_small,raw,2,8000,8,False,73.67318224906921,Black men,2846,0.2501756851721715,0.2635532319545746,0.16796301440812642,0.7154589155776462,0.04029990627928772,0.05727336612789881
kumo_small,raw,2,8000,8,False,73.67318224906921,White men,1872,0.2516025641025641,0.2490282952785492,0.15658489710046675,0.7731420232136281,0.022840827980014276,0.049679487179487176
kumo_small,raw,2,8000,8,False,73.67318224906921,Black women,261,0.13793103448275862,0.1755579113960266,0.10268300498661337,0.8093827160493827,0.0,0.0
kumo_small,raw,2,8000,8,False,73.67318224906921,White women,481,0.19750519750519752,0.2074698507785797,0.13297951996853666,0.7788110171802564,0.0051813471502590676,0.02079002079002079
kumo_small,raw,2,8000,9,False,73.19724154472351,All,5460,0.24065934065934066,0.25416186451911926,0.15753674162000403,0.7521141390979624,0.03352629040038591,0.05311355311355311
kumo_small,raw,2,8000,9,False,73.19724154472351,Men,4718,0.2507418397626113,0.2632841169834137,0.16284034948452902,0.7439660872257978,0.03903818953323904,0.06019499788045782
kumo_small,raw,2,8000,9,False,73.19724154472351,Women,742,0.1765498652291105,0.19615815579891205,0.12381380104745815,0.7820991741732363,0.0016366612111292963,0.008086253369272238
kumo_small,raw,2,8000,9,False,73.19724154472351,Black,3107,0.24074670099774703,0.26473337411880493,0.16204864445362854,0.7310680679069578,0.04493429419245443,0.06372706791116833
kumo_small,raw,2,8000,9,False,73.19724154472351,White,2353,0.24054398640034,0.24020278453826904,0.15157903566842248,0.780191053960583,0.01846670397313934,0.03909902252443689
kumo_small,raw,2,8000,9,False,73.19724154472351,Black men,2846,0.2501756851721715,0.27270206809043884,0.1671780570648801,0.7221773216937122,0.04967197750702906,0.06957132817990162
kumo_small,raw,2,8000,9,False,73.19724154472351,White men,1872,0.2516025641025641,0.2489660233259201,0.15624573635756372,0.7774534719664905,0.022840827980014276,0.045940170940170943
kumo_small,raw,2,8000,9,False,73.19724154472351,Black women,261,0.13793103448275862,0.17784127593040466,0.10611642877691632,0.7820987654320988,0.0,0.0
kumo_small,raw,2,8000,9,False,73.19724154472351,White women,481,0.19750519750519752,0.20609726011753082,0.1334167410944673,0.7781292609762749,0.0025906735751295338,0.012474012474012475
kumo_small,raw,2,8000,9,False,72.54701471328735,All,5460,0.24065934065934066,0.25416186451911926,0.15753674162000403,0.7521141390979624,0.03352629040038591,0.05311355311355311
kumo_small,raw,2,8000,9,False,72.54701471328735,Men,4718,0.2507418397626113,0.2632841169834137,0.16284034948452902,0.7439660872257978,0.03903818953323904,0.06019499788045782
kumo_small,raw,2,8000,9,False,72.54701471328735,Women,742,0.1765498652291105,0.19615815579891205,0.12381380104745815,0.7820991741732363,0.0016366612111292963,0.008086253369272238
kumo_small,raw,2,8000,9,False,72.54701471328735,Black,3107,0.24074670099774703,0.26473337411880493,0.16204864445362854,0.7310680679069578,0.04493429419245443,0.06372706791116833
kumo_small,raw,2,8000,9,False,72.54701471328735,White,2353,0.24054398640034,0.24020278453826904,0.15157903566842248,0.780191053960583,0.01846670397313934,0.03909902252443689
kumo_small,raw,2,8000,9,False,72.54701471328735,Black men,2846,0.2501756851721715,0.27270206809043884,0.1671780570648801,0.7221773216937122,0.04967197750702906,0.06957132817990162
kumo_small,raw,2,8000,9,False,72.54701471328735,White men,1872,0.2516025641025641,0.2489660233259201,0.15624573635756372,0.7774534719664905,0.022840827980014276,0.045940170940170943
kumo_small,raw,2,8000,9,False,72.54701471328735,Black women,261,0.13793103448275862,0.17784127593040466,0.10611642877691632,0.7820987654320988,0.0,0.0
kumo_small,raw,2,8000,9,False,72.54701471328735,White women,481,0.19750519750519752,0.20609726011753082,0.1334167410944673,0.7781292609762749,0.0025906735751295338,0.012474012474012475
kumo_small,raw,2,12651,0,True,116.57640790939331,All,5460,0.24065934065934066,0.25253403186798096,0.1561332129942115,0.7572072548332882,0.035214664737095995,0.06117216117216117
kumo_small,raw,2,12651,0,True,116.57640790939331,Men,4718,0.2507418397626113,0.26187995076179504,0.16154717232366164,0.7489670377495423,0.04045261669024045,0.06761339550657058
kumo_small,raw,2,12651,0,True,116.57640790939331,Women,742,0.1765498652291105,0.19310812652111053,0.12170860367299095,0.7900451018852839,0.004909983633387889,0.02021563342318059
kumo_small,raw,2,12651,0,True,116.57640790939331,Black,3107,0.24074670099774703,0.26025357842445374,0.1607568044522841,0.7365125710386664,0.040695209834675714,0.06147409076279369
kumo_small,raw,2,12651,0,True,116.57640790939331,White,2353,0.24054398640034,0.2423408031463623,0.15002802869322066,0.7834952473794841,0.027979854504756575,0.06077348066298342
kumo_small,raw,2,12651,0,True,116.57640790939331,Black men,2846,0.2501756851721715,0.26829537749290466,0.16599091091311982,0.727489258974548,0.04498594189315839,0.06640899508081517
kumo_small,raw,2,12651,0,True,116.57640790939331,White men,1872,0.2516025641025641,0.2521265745162964,0.15479136034417554,0.7806025723209535,0.03354746609564597,0.06944444444444445
kumo_small,raw,2,12651,0,True,116.57640790939331,Black women,261,0.13793103448275862,0.17256416380405426,0.10368298457665778,0.797283950617284,0.0,0.007662835249042145
kumo_small,raw,2,12651,0,True,116.57640790939331,White women,481,0.19750519750519752,0.20425567030906677,0.13148965686247735,0.7828197436596672,0.007772020725388601,0.02702702702702703
kumo_small,raw,2,12651,0,True,117.55171084403992,All,5460,0.24065934065934066,0.25253403186798096,0.1561332129942115,0.7572072548332882,0.035214664737095995,0.06117216117216117
kumo_small,raw,2,12651,0,True,117.55171084403992,Men,4718,0.2507418397626113,0.26187995076179504,0.16154717232366164,0.7489670377495423,0.04045261669024045,0.06761339550657058
kumo_small,raw,2,12651,0,True,117.55171084403992,Women,742,0.1765498652291105,0.19310812652111053,0.12170860367299095,0.7900451018852839,0.004909983633387889,0.02021563342318059
kumo_small,raw,2,12651,0,True,117.55171084403992,Black,3107,0.24074670099774703,0.26025357842445374,0.1607568044522841,0.7365125710386664,0.040695209834675714,0.06147409076279369
kumo_small,raw,2,12651,0,True,117.55171084403992,White,2353,0.24054398640034,0.2423408031463623,0.15002802869322066,0.7834952473794841,0.027979854504756575,0.06077348066298342
kumo_small,raw,2,12651,0,True,117.55171084403992,Black men,2846,0.2501756851721715,0.26829537749290466,0.16599091091311982,0.727489258974548,0.04498594189315839,0.06640899508081517
kumo_small,raw,2,12651,0,True,117.55171084403992,White men,1872,0.2516025641025641,0.2521265745162964,0.15479136034417554,0.7806025723209535,0.03354746609564597,0.06944444444444445
kumo_small,raw,2,12651,0,True,117.55171084403992,Black women,261,0.13793103448275862,0.17256416380405426,0.10368298457665778,0.797283950617284,0.0,0.007662835249042145
kumo_small,raw,2,12651,0,True,117.55171084403992,White women,481,0.19750519750519752,0.20425567030906677,0.13148965686247735,0.7828197436596672,0.007772020725388601,0.02702702702702703
kumo_small,raw,2,12651,1,True,116.44238328933716,All,5460,0.24065934065934066,0.25223714113235474,0.15617574352491015,0.7570259904652189,0.0361794500723589,0.06117216117216117
kumo_small,raw,2,12651,1,True,116.44238328933716,Men,4718,0.2507418397626113,0.26131507754325867,0.1616502696135291,0.7483038232575824,0.041584158415841586,0.06761339550657058
kumo_small,raw,2,12651,1,True,116.44238328933716,Women,742,0.1765498652291105,0.19451509416103363,0.12136602103689917,0.7935433090541097,0.004909983633387889,0.02021563342318059
kumo_small,raw,2,12651,1,True,116.44238328933716,Black,3107,0.24074670099774703,0.25979745388031006,0.16094815988907027,0.7352068423808693,0.0423908435777872,0.06179594464113292
kumo_small,raw,2,12651,1,True,116.44238328933716,White,2353,0.24054398640034,0.24225416779518127,0.14987404456891976,0.7848561756383461,0.027979854504756575,0.060348491287717805
kumo_small,raw,2,12651,1,True,116.44238328933716,Black men,2846,0.2501756851721715,0.26771825551986694,0.16618761426755346,0.7260716015711383,0.046860356138706656,0.06711173576950105
kumo_small,raw,2,12651,1,True,116.44238328933716,White men,1872,0.2516025641025641,0.25158029794692993,0.15475214841408821,0.7811064586866221,0.03354746609564597,0.06837606837606838
kumo_small,raw,2,12651,1,True,116.44238328933716,Black women,261,0.13793103448275862,0.17342723906040192,0.10381602517196976,0.798395061728395,0.0,0.0038314176245210726
kumo_small,raw,2,12651,1,True,116.44238328933716,White women,481,0.19750519750519752,0.20595777034759521,0.13088899176610197,0.7877556585764931,0.007772020725388601,0.029106029106029108
kumo_small,raw,2,12651,1,True,116.92561268806458,All,5460,0.24065934065934066,0.25223714113235474,0.15617574352491015,0.7570259904652189,0.0361794500723589,0.06117216117216117
kumo_small,raw,2,12651,1,True,116.92561268806458,Men,4718,0.2507418397626113,0.26131507754325867,0.1616502696135291,0.7483038232575824,0.041584158415841586,0.06761339550657058
kumo_small,raw,2,12651,1,True,116.92561268806458,Women,742,0.1765498652291105,0.19451509416103363,0.12136602103689917,0.7935433090541097,0.004909983633387889,0.02021563342318059
kumo_small,raw,2,12651,1,True,116.92561268806458,Black,3107,0.24074670099774703,0.25979745388031006,0.16094815988907027,0.7352068423808693,0.0423908435777872,0.06179594464113292
kumo_small,raw,2,12651,1,True,116.92561268806458,White,2353,0.24054398640034,0.24225416779518127,0.14987404456891976,0.7848561756383461,0.027979854504756575,0.060348491287717805
kumo_small,raw,2,12651,1,True,116.92561268806458,Black men,2846,0.2501756851721715,0.26771825551986694,0.16618761426755346,0.7260716015711383,0.046860356138706656,0.06711173576950105
kumo_small,raw,2,12651,1,True,116.92561268806458,White men,1872,0.2516025641025641,0.25158029794692993,0.15475214841408821,0.7811064586866221,0.03354746609564597,0.06837606837606838
kumo_small,raw,2,12651,1,True,116.92561268806458,Black women,261,0.13793103448275862,0.17342723906040192,0.10381602517196976,0.798395061728395,0.0,0.0038314176245210726
kumo_small,raw,2,12651,1,True,116.92561268806458,White women,481,0.19750519750519752,0.20595777034759521,0.13088899176610197,0.7877556585764931,0.007772020725388601,0.029106029106029108
kumo_small,raw,2,12651,2,True,116.01094961166382,All,5460,0.24065934065934066,0.2522052824497223,0.15632483721354834,0.7568129704154525,0.03642064640617462,0.05989010989010989
kumo_small,raw,2,12651,2,True,116.01094961166382,Men,4718,0.2507418397626113,0.2612055242061615,0.16180680248906118,0.7480882516460798,0.04214992927864215,0.06676557863501484
kumo_small,raw,2,12651,2,True,116.01094961166382,Women,742,0.1765498652291105,0.19497713446617126,0.12146781272585373,0.7945802776077261,0.0032733224222585926,0.016172506738544475
kumo_small,raw,2,12651,2,True,116.01094961166382,Black,3107,0.24074670099774703,0.2597121298313141,0.16088279336689573,0.73596625054122,0.0423908435777872,0.06083038300611522
kumo_small,raw,2,12651,2,True,116.01094961166382,White,2353,0.24054398640034,0.2422928661108017,0.15030632052487422,0.7834744849432791,0.028539451594851706,0.058648533786655334
kumo_small,raw,2,12651,2,True,116.01094961166382,Black men,2846,0.2501756851721715,0.26753371953964233,0.16614161242278672,0.7267297526405021,0.046860356138706656,0.06605762473647224
kumo_small,raw,2,12651,2,True,116.01094961166382,White men,1872,0.2516025641025641,0.2515847682952881,0.15521659465178403,0.7797023963774737,0.03497501784439686,0.06784188034188034
kumo_small,raw,2,12651,2,True,116.01094961166382,Black women,261,0.13793103448275862,0.17442379891872406,0.103539502052468,0.8003703703703704,0.0,0.0038314176245210726
kumo_small,raw,2,12651,2,True,116.01094961166382,White women,481,0.19750519750519752,0.206129789352417,0.13119606446338733,0.7879192800654488,0.0051813471502590676,0.02286902286902287
kumo_small,raw,2,12651,2,True,117.19583702087402,All,5460,0.24065934065934066,0.2522052824497223,0.15632483721354834,0.7568129704154525,0.03642064640617462,0.05989010989010989
kumo_small,raw,2,12651,2,True,117.19583702087402,Men,4718,0.2507418397626113,0.2612055242061615,0.16180680248906118,0.7480882516460798,0.04214992927864215,0.06676557863501484
kumo_small,raw,2,12651,2,True,117.19583702087402,Women,742,0.1765498652291105,0.19497713446617126,0.12146781272585373,0.7945802776077261,0.0032733224222585926,0.016172506738544475
kumo_small,raw,2,12651,2,True,117.19583702087402,Black,3107,0.24074670099774703,0.2597121298313141,0.16088279336689573,0.73596625054122,0.0423908435777872,0.06083038300611522
kumo_small,raw,2,12651,2,True,117.19583702087402,White,2353,0.24054398640034,0.2422928661108017,0.15030632052487422,0.7834744849432791,0.028539451594851706,0.058648533786655334
kumo_small,raw,2,12651,2,True,117.19583702087402,Black men,2846,0.2501756851721715,0.26753371953964233,0.16614161242278672,0.7267297526405021,0.046860356138706656,0.06605762473647224
kumo_small,raw,2,12651,2,True,117.19583702087402,White men,1872,0.2516025641025641,0.2515847682952881,0.15521659465178403,0.7797023963774737,0.03497501784439686,0.06784188034188034
kumo_small,raw,2,12651,2,True,117.19583702087402,Black women,261,0.13793103448275862,0.17442379891872406,0.103539502052468,0.8003703703703704,0.0,0.0038314176245210726
kumo_small,raw,2,12651,2,True,117.19583702087402,White women,481,0.19750519750519752,0.206129789352417,0.13119606446338733,0.7879192800654488,0.0051813471502590676,0.02286902286902287
kumo_small,raw,2,12651,3,True,116.37309765815735,All,5460,0.24065934065934066,0.2525896728038788,0.1562449997454934,0.757188348271353,0.03642064640617462,0.06117216117216117
kumo_small,raw,2,12651,3,True,116.37309765815735,Men,4718,0.2507418397626113,0.2616758942604065,0.16166542120757188,0.7487578029630036,0.04186704384724187,0.06782534972445951
kumo_small,raw,2,12651,3,True,116.37309765815735,Women,742,0.1765498652291105,0.19481508433818817,0.12177930101491877,0.791631788708287,0.004909983633387889,0.018867924528301886
kumo_small,raw,2,12651,3,True,116.37309765815735,Black,3107,0.24074670099774703,0.26005348563194275,0.1608047829502444,0.7364899021383574,0.0423908435777872,0.06211779851947216
kumo_small,raw,2,12651,3,True,116.37309765815735,White,2353,0.24054398640034,0.2427341639995575,0.15022407054142994,0.783585217936372,0.028539451594851706,0.05992350191245219
kumo_small,raw,2,12651,3,True,116.37309765815735,Black men,2846,0.2501756851721715,0.26795241236686707,0.16601661227169506,0.7275609974411086,0.046860356138706656,0.06746310611384398
kumo_small,raw,2,12651,3,True,116.37309765815735,White men,1872,0.2516025641025641,0.25213372707366943,0.15505030915175216,0.7801024745745759,0.034261241970021415,0.06837606837606838
kumo_small,raw,2,12651,3,True,116.37309765815735,Black women,261,0.13793103448275862,0.17392177879810333,0.10397387778224175,0.7976543209876543,0.0,0.0038314176245210726
kumo_small,raw,2,12651,3,True,116.37309765815735,White women,481,0.19750519750519752,0.20615220069885254,0.13144087162558135,0.7848377420234525,0.007772020725388601,0.02702702702702703
kumo_small,raw,2,12651,3,True,117.21886396408081,All,5460,0.24065934065934066,0.2525896728038788,0.1562449997454934,0.757188348271353,0.03642064640617462,0.06117216117216117
kumo_small,raw,2,12651,3,True,117.21886396408081,Men,4718,0.2507418397626113,0.2616758942604065,0.16166542120757188,0.7487578029630036,0.04186704384724187,0.06782534972445951
kumo_small,raw,2,12651,3,True,117.21886396408081,Women,742,0.1765498652291105,0.19481508433818817,0.12177930101491877,0.791631788708287,0.004909983633387889,0.018867924528301886
kumo_small,raw,2,12651,3,True,117.21886396408081,Black,3107,0.24074670099774703,0.26005348563194275,0.1608047829502444,0.7364899021383574,0.0423908435777872,0.06211779851947216
kumo_small,raw,2,12651,3,True,117.21886396408081,White,2353,0.24054398640034,0.2427341639995575,0.15022407054142994,0.783585217936372,0.028539451594851706,0.05992350191245219
kumo_small,raw,2,12651,3,True,117.21886396408081,Black men,2846,0.2501756851721715,0.26795241236686707,0.16601661227169506,0.7275609974411086,0.046860356138706656,0.06746310611384398
kumo_small,raw,2,12651,3,True,117.21886396408081,White men,1872,0.2516025641025641,0.25213372707366943,0.15505030915175216,0.7801024745745759,0.034261241970021415,0.06837606837606838
kumo_small,raw,2,12651,3,True,117.21886396408081,Black women,261,0.13793103448275862,0.17392177879810333,0.10397387778224175,0.7976543209876543,0.0,0.0038314176245210726
kumo_small,raw,2,12651,3,True,117.21886396408081,White women,481,0.19750519750519752,0.20615220069885254,0.13144087162558135,0.7848377420234525,0.007772020725388601,0.02702702702702703
kumo_small,raw,2,12651,4,True,117.28415417671204,All,5460,0.24065934065934066,0.25287649035453796,0.15623695975846585,0.7567478070223743,0.0361794500723589,0.06190476190476191
kumo_small,raw,2,12651,4,True,117.28415417671204,Men,4718,0.2507418397626113,0.26207640767097473,0.16168346893247942,0.7483120730863086,0.041584158415841586,0.06824925816023739
kumo_small,raw,2,12651,4,True,117.28415417671204,Women,742,0.1765498652291105,0.19437895715236664,0.12160538255766276,0.7906447945427968,0.004909983633387889,0.0215633423180593
kumo_small,raw,2,12651,4,True,117.28415417671204,Black,3107,0.24074670099774703,0.26036322116851807,0.1608164292760409,0.7360909294929194,0.0423908435777872,0.06243965239781139
kumo_small,raw,2,12651,4,True,117.28415417671204,White,2353,0.24054398640034,0.24299071729183197,0.1501900359203419,0.7831729352745882,0.027979854504756575,0.06119847003824904
kumo_small,raw,2,12651,4,True,117.28415417671204,Black men,2846,0.2501756851721715,0.2683694362640381,0.16604896206218925,0.7271259595842592,0.046860356138706656,0.06781447645818693
kumo_small,raw,2,12651,4,True,117.28415417671204,White men,1872,0.2516025641025641,0.25250908732414246,0.1550466134585722,0.7796948191388923,0.03354746609564597,0.06891025641025642
kumo_small,raw,2,12651,4,True,117.28415417671204,Black women,261,0.13793103448275862,0.17306146025657654,0.10375976908685206,0.7944444444444444,0.0,0.0038314176245210726
kumo_small,raw,2,12651,4,True,117.28415417671204,White women,481,0.19750519750519752,0.20594625174999237,0.13128876117695923,0.7841287155713117,0.007772020725388601,0.031185031185031187
kumo_small,raw,2,12651,4,True,117.68643498420715,All,5460,0.24065934065934066,0.25287649035453796,0.15623695975846585,0.7567478070223743,0.0361794500723589,0.06190476190476191
kumo_small,raw,2,12651,4,True,117.68643498420715,Men,4718,0.2507418397626113,0.26207640767097473,0.16168346893247942,0.7483120730863086,0.041584158415841586,0.06824925816023739
kumo_small,raw,2,12651,4,True,117.68643498420715,Women,742,0.1765498652291105,0.19437895715236664,0.12160538255766276,0.7906447945427968,0.004909983633387889,0.0215633423180593
kumo_small,raw,2,12651,4,True,117.68643498420715,Black,3107,0.24074670099774703,0.26036322116851807,0.1608164292760409,0.7360909294929194,0.0423908435777872,0.06243965239781139
kumo_small,raw,2,12651,4,True,117.68643498420715,White,2353,0.24054398640034,0.24299071729183197,0.1501900359203419,0.7831729352745882,0.027979854504756575,0.06119847003824904
kumo_small,raw,2,12651,4,True,117.68643498420715,Black men,2846,0.2501756851721715,0.2683694362640381,0.16604896206218925,0.7271259595842592,0.046860356138706656,0.06781447645818693
kumo_small,raw,2,12651,4,True,117.68643498420715,White men,1872,0.2516025641025641,0.25250908732414246,0.1550466134585722,0.7796948191388923,0.03354746609564597,0.06891025641025642
kumo_small,raw,2,12651,4,True,117.68643498420715,Black women,261,0.13793103448275862,0.17306146025657654,0.10375976908685206,0.7944444444444444,0.0,0.0038314176245210726
kumo_small,raw,2,12651,4,True,117.68643498420715,White women,481,0.19750519750519752,0.20594625174999237,0.13128876117695923,0.7841287155713117,0.007772020725388601,0.031185031185031187
kumo_small,raw,2,12651,5,True,117.00496053695679,All,5460,0.24065934065934066,0.25349321961402893,0.1561453367741474,0.7573365720457488,0.03569705740472745,0.06282051282051282
kumo_small,raw,2,12651,5,True,117.00496053695679,Men,4718,0.2507418397626113,0.2628119885921478,0.16149733336780897,0.7492902158226933,0.0413012729844413,0.06973293768545995
kumo_small,raw,2,12651,5,True,117.00496053695679,Women,742,0.1765498652291105,0.19423985481262207,0.1221147169238843,0.788708287002911,0.0032733224222585926,0.018867924528301886
kumo_small,raw,2,12651,5,True,117.00496053695679,Black,3107,0.24074670099774703,0.26142558455467224,0.1607091321178273,0.736912110406612,0.04111911827045358,0.0634052140328291
kumo_small,raw,2,12651,5,True,117.00496053695679,White,2353,0.24054398640034,0.24301902949810028,0.15011910977337672,0.7833919295421785,0.028539451594851706,0.06204844878878028
kumo_small,raw,2,12651,5,True,117.00496053695679,Black men,2846,0.2501756851721715,0.2694616913795471,0.16589242768134066,0.7280776460305591,0.045454545454545456,0.06886858749121574
kumo_small,raw,2,12651,5,True,117.00496053695679,White men,1872,0.2516025641025641,0.2527025043964386,0.1548154752394376,0.7805942373585141,0.03497501784439686,0.07104700854700854
kumo_small,raw,2,12651,5,True,117.00496053695679,Black women,261,0.13793103448275862,0.17379802465438843,0.10418936516855927,0.7959259259259259,0.0,0.0038314176245210726
kumo_small,raw,2,12651,5,True,117.00496053695679,White women,481,0.19750519750519752,0.20533201098442078,0.1318413630946532,0.7820561767112081,0.0051813471502590676,0.02702702702702703
kumo_small,raw,2,12651,5,True,117.84392714500427,All,5460,0.24065934065934066,0.25349321961402893,0.1561453367741474,0.7573365720457488,0.03569705740472745,0.06282051282051282
kumo_small,raw,2,12651,5,True,117.84392714500427,Men,4718,0.2507418397626113,0.2628119885921478,0.16149733336780897,0.7492902158226933,0.0413012729844413,0.06973293768545995
kumo_small,raw,2,12651,5,True,117.84392714500427,Women,742,0.1765498652291105,0.19423985481262207,0.1221147169238843,0.788708287002911,0.0032733224222585926,0.018867924528301886
kumo_small,raw,2,12651,5,True,117.84392714500427,Black,3107,0.24074670099774703,0.26142558455467224,0.1607091321178273,0.736912110406612,0.04111911827045358,0.0634052140328291
kumo_small,raw,2,12651,5,True,117.84392714500427,White,2353,0.24054398640034,0.24301902949810028,0.15011910977337672,0.7833919295421785,0.028539451594851706,0.06204844878878028
kumo_small,raw,2,12651,5,True,117.84392714500427,Black men,2846,0.2501756851721715,0.2694616913795471,0.16589242768134066,0.7280776460305591,0.045454545454545456,0.06886858749121574
kumo_small,raw,2,12651,5,True,117.84392714500427,White men,1872,0.2516025641025641,0.2527025043964386,0.1548154752394376,0.7805942373585141,0.03497501784439686,0.07104700854700854
kumo_small,raw,2,12651,5,True,117.84392714500427,Black women,261,0.13793103448275862,0.17379802465438843,0.10418936516855927,0.7959259259259259,0.0,0.0038314176245210726
kumo_small,raw,2,12651,5,True,117.84392714500427,White women,481,0.19750519750519752,0.20533201098442078,0.1318413630946532,0.7820561767112081,0.0051813471502590676,0.02702702702702703
kumo_small,raw,2,12651,6,True,117.49010992050171,All,5460,0.24065934065934066,0.25303196907043457,0.15608706497351343,0.7576200786953518,0.03473227206946455,0.06190476190476191
kumo_small,raw,2,12651,6,True,117.49010992050171,Men,4718,0.2507418397626113,0.2623094618320465,0.16153231988620012,0.7491432732211756,0.04016973125884017,0.06846121237812633
kumo_small,raw,2,12651,6,True,117.49010992050171,Women,742,0.1765498652291105,0.1940411478281021,0.12146346298152447,0.7916942566934445,0.0032733224222585926,0.02021563342318059
kumo_small,raw,2,12651,6,True,117.49010992050171,Black,3107,0.24074670099774703,0.2604284882545471,0.16068767511073578,0.7368764068886254,0.04111911827045358,0.06211779851947216
kumo_small,raw,2,12651,6,True,117.49010992050171,White,2353,0.24054398640034,0.2432653307914734,0.15001222617353474,0.7839619078503759,0.02630106323447118,0.061623459413514665
kumo_small,raw,2,12651,6,True,117.49010992050171,Black men,2846,0.2501756851721715,0.2684374749660492,0.1659202577938203,0.7277860851068311,0.045454545454545456,0.06746310611384398
kumo_small,raw,2,12651,6,True,117.49010992050171,White men,1872,0.2516025641025641,0.25299301743507385,0.15486134163561943,0.7805828715006418,0.032119914346895075,0.06997863247863248
kumo_small,raw,2,12651,6,True,117.49010992050171,Black women,261,0.13793103448275862,0.17309649288654327,0.10363047083464946,0.7985185185185185,0.0,0.0038314176245210726
kumo_small,raw,2,12651,6,True,117.49010992050171,White women,481,0.19750519750519752,0.20540612936019897,0.13113999302379967,0.784483228797382,0.0051813471502590676,0.029106029106029108
kumo_small,raw,2,12651,6,True,117.54762983322144,All,5460,0.24065934065934066,0.25303196907043457,0.15608706497351343,0.7576200786953518,0.03473227206946455,0.06190476190476191
kumo_small,raw,2,12651,6,True,117.54762983322144,Men,4718,0.2507418397626113,0.2623094618320465,0.16153231988620012,0.7491432732211756,0.04016973125884017,0.06846121237812633
kumo_small,raw,2,12651,6,True,117.54762983322144,Women,742,0.1765498652291105,0.1940411478281021,0.12146346298152447,0.7916942566934445,0.0032733224222585926,0.02021563342318059
kumo_small,raw,2,12651,6,True,117.54762983322144,Black,3107,0.24074670099774703,0.2604284882545471,0.16068767511073578,0.7368764068886254,0.04111911827045358,0.06211779851947216
kumo_small,raw,2,12651,6,True,117.54762983322144,White,2353,0.24054398640034,0.2432653307914734,0.15001222617353474,0.7839619078503759,0.02630106323447118,0.061623459413514665
kumo_small,raw,2,12651,6,True,117.54762983322144,Black men,2846,0.2501756851721715,0.2684374749660492,0.1659202577938203,0.7277860851068311,0.045454545454545456,0.06746310611384398
kumo_small,raw,2,12651,6,True,117.54762983322144,White men,1872,0.2516025641025641,0.25299301743507385,0.15486134163561943,0.7805828715006418,0.032119914346895075,0.06997863247863248
kumo_small,raw,2,12651,6,True,117.54762983322144,Black women,261,0.13793103448275862,0.17309649288654327,0.10363047083464946,0.7985185185185185,0.0,0.0038314176245210726
kumo_small,raw,2,12651,6,True,117.54762983322144,White women,481,0.19750519750519752,0.20540612936019897,0.13113999302379967,0.784483228797382,0.0051813471502590676,0.029106029106029108
kumo_small,raw,2,12651,7,True,117.59355330467224,All,5460,0.24065934065934066,0.25222906470298767,0.15630783709827423,0.7563739894167306,0.03569705740472745,0.06117216117216117
kumo_small,raw,2,12651,7,True,117.59355330467224,Men,4718,0.2507418397626113,0.2614395320415497,0.1617872629059667,0.7476452717122937,0.0413012729844413,0.06803730394234846
kumo_small,raw,2,12651,7,True,117.59355330467224,Women,742,0.1765498652291105,0.19366450607776642,0.1214669597927578,0.7922564685598631,0.0032733224222585926,0.01752021563342318
kumo_small,raw,2,12651,7,True,117.59355330467224,Black,3107,0.24074670099774703,0.25980857014656067,0.16093540570950304,0.7352737156367808,0.04154302670623145,0.06179594464113292
kumo_small,raw,2,12651,7,True,117.59355330467224,White,2353,0.24054398640034,0.24222075939178467,0.1501974011972594,0.7833034420164477,0.027979854504756575,0.060348491287717805
kumo_small,raw,2,12651,7,True,117.59355330467224,Black men,2846,0.2501756851721715,0.2678240239620209,0.16618965609590644,0.7260669945136529,0.04592314901593252,0.06711173576950105
kumo_small,raw,2,12651,7,True,117.59355330467224,White men,1872,0.2516025641025641,0.2517331838607788,0.15509430830203055,0.7795387280241138,0.034261241970021415,0.06944444444444445
kumo_small,raw,2,12651,7,True,117.59355330467224,Black women,261,0.13793103448275862,0.17240659892559052,0.10364193214741806,0.8001234567901234,0.0,0.0038314176245210726
kumo_small,raw,2,12651,7,True,117.59355330467224,White women,481,0.19750519750519752,0.2051994651556015,0.13113916814085275,0.7853286064903191,0.0051813471502590676,0.02494802494802495
kumo_small,raw,2,12651,7,True,117.37058401107788,All,5460,0.24065934065934066,0.25222906470298767,0.15630783709827423,0.7563739894167306,0.03569705740472745,0.06117216117216117
kumo_small,raw,2,12651,7,True,117.37058401107788,Men,4718,0.2507418397626113,0.2614395320415497,0.1617872629059667,0.7476452717122937,0.0413012729844413,0.06803730394234846
kumo_small,raw,2,12651,7,True,117.37058401107788,Women,742,0.1765498652291105,0.19366450607776642,0.1214669597927578,0.7922564685598631,0.0032733224222585926,0.01752021563342318
kumo_small,raw,2,12651,7,True,117.37058401107788,Black,3107,0.24074670099774703,0.25980857014656067,0.16093540570950304,0.7352737156367808,0.04154302670623145,0.06179594464113292
kumo_small,raw,2,12651,7,True,117.37058401107788,White,2353,0.24054398640034,0.24222075939178467,0.1501974011972594,0.7833034420164477,0.027979854504756575,0.060348491287717805
kumo_small,raw,2,12651,7,True,117.37058401107788,Black men,2846,0.2501756851721715,0.2678240239620209,0.16618965609590644,0.7260669945136529,0.04592314901593252,0.06711173576950105
kumo_small,raw,2,12651,7,True,117.37058401107788,White men,1872,0.2516025641025641,0.2517331838607788,0.15509430830203055,0.7795387280241138,0.034261241970021415,0.06944444444444445
kumo_small,raw,2,12651,7,True,117.37058401107788,Black women,261,0.13793103448275862,0.17240659892559052,0.10364193214741806,0.8001234567901234,0.0,0.0038314176245210726
kumo_small,raw,2,12651,7,True,117.37058401107788,White women,481,0.19750519750519752,0.2051994651556015,0.13113916814085275,0.7853286064903191,0.0051813471502590676,0.02494802494802495
kumo_small,raw,2,12651,8,True,117.47909307479858,All,5460,0.24065934065934066,0.2523341774940491,0.15624822518314344,0.7568764817788469,0.03545586107091172,0.06153846153846154
kumo_small,raw,2,12651,8,True,117.47909307479858,Men,4718,0.2507418397626113,0.261376291513443,0.1617202609709773,0.7481403809986118,0.04073550212164074,0.06803730394234846
kumo_small,raw,2,12651,8,True,117.47909307479858,Women,742,0.1765498652291105,0.1948402225971222,0.12145433724918102,0.7931435139491011,0.004909983633387889,0.02021563342318059
kumo_small,raw,2,12651,8,True,117.47909307479858,Black,3107,0.24074670099774703,0.2598062753677368,0.1607663015097625,0.7364173616573686,0.04111911827045358,0.06115223688445446
kumo_small,raw,2,12651,8,True,117.47909307479858,White,2353,0.24054398640034,0.2424677461385727,0.15028236749219334,0.782995960223127,0.027979854504756575,0.06204844878878028
kumo_small,raw,2,12651,8,True,117.47909307479858,Black men,2846,0.2501756851721715,0.26765862107276917,0.1660488824107304,0.7269732685361667,0.045454545454545456,0.06640899508081517
kumo_small,raw,2,12651,8,True,117.47909307479858,White men,1872,0.2516025641025641,0.2518252432346344,0.15513946149579708,0.7793932450433494,0.03354746609564597,0.07051282051282051
kumo_small,raw,2,12651,8,True,117.47909307479858,Black women,261,0.13793103448275862,0.1741829663515091,0.1031639059382891,0.8046913580246913,0.0,0.0038314176245210726
kumo_small,raw,2,12651,8,True,117.47909307479858,White women,481,0.19750519750519752,0.20604926347732544,0.13137908272141133,0.7852467957458412,0.007772020725388601,0.029106029106029108
kumo_small,raw,2,12651,8,True,117.30034041404724,All,5460,0.24065934065934066,0.2523341774940491,0.15624822518314344,0.7568764817788469,0.03545586107091172,0.06153846153846154
kumo_small,raw,2,12651,8,True,117.30034041404724,Men,4718,0.2507418397626113,0.261376291513443,0.1617202609709773,0.7481403809986118,0.04073550212164074,0.06803730394234846
kumo_small,raw,2,12651,8,True,117.30034041404724,Women,742,0.1765498652291105,0.1948402225971222,0.12145433724918102,0.7931435139491011,0.004909983633387889,0.02021563342318059
kumo_small,raw,2,12651,8,True,117.30034041404724,Black,3107,0.24074670099774703,0.2598062753677368,0.1607663015097625,0.7364173616573686,0.04111911827045358,0.06115223688445446
kumo_small,raw,2,12651,8,True,117.30034041404724,White,2353,0.24054398640034,0.2424677461385727,0.15028236749219334,0.782995960223127,0.027979854504756575,0.06204844878878028
kumo_small,raw,2,12651,8,True,117.30034041404724,Black men,2846,0.2501756851721715,0.26765862107276917,0.1660488824107304,0.7269732685361667,0.045454545454545456,0.06640899508081517
kumo_small,raw,2,12651,8,True,117.30034041404724,White men,1872,0.2516025641025641,0.2518252432346344,0.15513946149579708,0.7793932450433494,0.03354746609564597,0.07051282051282051
kumo_small,raw,2,12651,8,True,117.30034041404724,Black women,261,0.13793103448275862,0.1741829663515091,0.1031639059382891,0.8046913580246913,0.0,0.0038314176245210726
kumo_small,raw,2,12651,8,True,117.30034041404724,White women,481,0.19750519750519752,0.20604926347732544,0.13137908272141133,0.7852467957458412,0.007772020725388601,0.029106029106029108
kumo_small,raw,2,12651,9,True,116.04460716247559,All,5460,0.24065934065934066,0.25177016854286194,0.1565233627812638,0.7553483543214528,0.035938253738543174,0.05952380952380952
kumo_small,raw,2,12651,9,True,116.04460716247559,Men,4718,0.2507418397626113,0.2607574462890625,0.16204822352107376,0.7463825696662167,0.0413012729844413,0.06612971598134802
kumo_small,raw,2,12651,9,True,116.04460716247559,Women,742,0.1765498652291105,0.19462443888187408,0.12139358788850968,0.793118526755038,0.004909983633387889,0.01752021563342318
kumo_small,raw,2,12651,9,True,116.04460716247559,Black,3107,0.24074670099774703,0.25934162735939026,0.16125331898879078,0.7335729813910997,0.04111911827045358,0.06050852912777599
kumo_small,raw,2,12651,9,True,116.04460716247559,White,2353,0.24054398640034,0.24177247285842896,0.1502777299989491,0.7828407362953091,0.029099048684946838,0.058223544411389716
kumo_small,raw,2,12651,9,True,116.04460716247559,Black men,2846,0.2501756851721715,0.26720690727233887,0.16654962804893977,0.7241550656571507,0.045454545454545456,0.0657062543921293
kumo_small,raw,2,12651,9,True,116.04460716247559,White men,1872,0.2516025641025641,0.2509523928165436,0.15520474206471335,0.7789037554309857,0.03497501784439686,0.06677350427350427
kumo_small,raw,2,12651,9,True,116.04460716247559,Black women,261,0.13793103448275862,0.173577219247818,0.10350122862410101,0.7998765432098766,0.0,0.0038314176245210726
kumo_small,raw,2,12651,9,True,116.04460716247559,White women,481,0.19750519750519752,0.20604506134986877,0.13110233168894767,0.7866375784019635,0.007772020725388601,0.02494802494802495
kumo_small,raw,2,12651,9,True,116.55441474914551,All,5460,0.24065934065934066,0.25177016854286194,0.1565233627812638,0.7553483543214528,0.035938253738543174,0.05952380952380952
kumo_small,raw,2,12651,9,True,116.55441474914551,Men,4718,0.2507418397626113,0.2607574462890625,0.16204822352107376,0.7463825696662167,0.0413012729844413,0.06612971598134802
kumo_small,raw,2,12651,9,True,116.55441474914551,Women,742,0.1765498652291105,0.19462443888187408,0.12139358788850968,0.793118526755038,0.004909983633387889,0.01752021563342318
kumo_small,raw,2,12651,9,True,116.55441474914551,Black,3107,0.24074670099774703,0.25934162735939026,0.16125331898879078,0.7335729813910997,0.04111911827045358,0.06050852912777599
kumo_small,raw,2,12651,9,True,116.55441474914551,White,2353,0.24054398640034,0.24177247285842896,0.1502777299989491,0.7828407362953091,0.029099048684946838,0.058223544411389716
kumo_small,raw,2,12651,9,True,116.55441474914551,Black men,2846,0.2501756851721715,0.26720690727233887,0.16654962804893977,0.7241550656571507,0.045454545454545456,0.0657062543921293
kumo_small,raw,2,12651,9,True,116.55441474914551,White men,1872,0.2516025641025641,0.2509523928165436,0.15520474206471335,0.7789037554309857,0.03497501784439686,0.06677350427350427
kumo_small,raw,2,12651,9,True,116.55441474914551,Black women,261,0.13793103448275862,0.173577219247818,0.10350122862410101,0.7998765432098766,0.0,0.0038314176245210726
kumo_small,raw,2,12651,9,True,116.55441474914551,White women,481,0.19750519750519752,0.20604506134986877,0.13110233168894767,0.7866375784019635,0.007772020725388601,0.02494802494802495
kumo_small,raw,3,500,0,False,21.901938915252686,All,4146,0.19826338639652677,0.2027677446603775,0.15070481494595767,0.6678775388606347,0.0024067388688327317,0.002653159671972986
kumo_small,raw,3,500,0,False,21.901938915252686,Men,3535,0.2065063649222065,0.208602175116539,0.15625872673168426,0.6582621541767393,0.0021390374331550803,0.002545968882602546
kumo_small,raw,3,500,0,False,21.901938915252686,Women,611,0.15057283142389524,0.16901205480098724,0.11857211746225307,0.7021027058724972,0.0038535645472061657,0.0032733224222585926
kumo_small,raw,3,500,0,False,21.901938915252686,Black,2359,0.19584569732937684,0.20847190916538239,0.1511549116235908,0.6567763636820041,0.002635740643120717,0.002543450614667232
kumo_small,raw,3,500,0,False,21.901938915252686,White,1787,0.20145495243424735,0.19523769617080688,0.15011064703183535,0.6831153157361988,0.002102312543798178,0.0027979854504756574
kumo_small,raw,3,500,0,False,21.901938915252686,Black men,2134,0.20290534208059982,0.21360768377780914,0.15594894232993592,0.6479614626907417,0.0029394473838918285,0.0028116213683223993
kumo_small,raw,3,500,0,False,21.901938915252686,White men,1401,0.21199143468950749,0.20097774267196655,0.1567305896248541,0.674681598594642,0.0009057971014492754,0.0021413276231263384
kumo_small,raw,3,500,0,False,21.901938915252686,Black women,225,0.1288888888888889,0.15976186096668243,0.10568619372429958,0.6998592540464461,0.0,0.0
kumo_small,raw,3,500,0,False,21.901938915252686,White women,386,0.16321243523316062,0.17440402507781982,0.12608334243903946,0.7019018133569217,0.006191950464396285,0.0051813471502590676
kumo_small,raw,3,500,0,False,12.819579839706421,All,4146,0.19826338639652677,0.2027677446603775,0.15070481494595767,0.6678775388606347,0.0024067388688327317,0.002653159671972986
kumo_small,raw,3,500,0,False,12.819579839706421,Men,3535,0.2065063649222065,0.208602175116539,0.15625872673168426,0.6582621541767393,0.0021390374331550803,0.002545968882602546
kumo_small,raw,3,500,0,False,12.819579839706421,Women,611,0.15057283142389524,0.16901205480098724,0.11857211746225307,0.7021027058724972,0.0038535645472061657,0.0032733224222585926
kumo_small,raw,3,500,0,False,12.819579839706421,Black,2359,0.19584569732937684,0.20847190916538239,0.1511549116235908,0.6567763636820041,0.002635740643120717,0.002543450614667232
kumo_small,raw,3,500,0,False,12.819579839706421,White,1787,0.20145495243424735,0.19523769617080688,0.15011064703183535,0.6831153157361988,0.002102312543798178,0.0027979854504756574
kumo_small,raw,3,500,0,False,12.819579839706421,Black men,2134,0.20290534208059982,0.21360768377780914,0.15594894232993592,0.6479614626907417,0.0029394473838918285,0.0028116213683223993
kumo_small,raw,3,500,0,False,12.819579839706421,White men,1401,0.21199143468950749,0.20097774267196655,0.1567305896248541,0.674681598594642,0.0009057971014492754,0.0021413276231263384
kumo_small,raw,3,500,0,False,12.819579839706421,Black women,225,0.1288888888888889,0.15976186096668243,0.10568619372429958,0.6998592540464461,0.0,0.0
kumo_small,raw,3,500,0,False,12.819579839706421,White women,386,0.16321243523316062,0.17440402507781982,0.12608334243903946,0.7019018133569217,0.006191950464396285,0.0051813471502590676
kumo_small,raw,3,500,1,False,15.601978302001953,All,4146,0.19826338639652677,0.19790740311145782,0.15073439121475585,0.6657344945409189,0.00210589651022864,0.00361794500723589
kumo_small,raw,3,500,1,False,15.601978302001953,Men,3535,0.2065063649222065,0.20534107089042664,0.15630896804821984,0.654235342954118,0.0024955436720142605,0.004243281471004243
kumo_small,raw,3,500,1,False,15.601978302001953,Women,611,0.15057283142389524,0.15489931404590607,0.11848213408497645,0.7081553154058808,0.0,0.0
kumo_small,raw,3,500,1,False,15.601978302001953,Black,2359,0.19584569732937684,0.20295415818691254,0.150444294399275,0.6571928335238826,0.0010542962572482868,0.003391267486222976
kumo_small,raw,3,500,1,False,15.601978302001953,White,1787,0.20145495243424735,0.19124527275562286,0.15111734498516396,0.6774974694386047,0.00350385423966363,0.00391717963066592
kumo_small,raw,3,500,1,False,15.601978302001953,Black men,2134,0.20290534208059982,0.2080504596233368,0.15533922371918327,0.646477483018412,0.0011757789535567313,0.0037488284910965324
kumo_small,raw,3,500,1,False,15.601978302001953,White men,1401,0.21199143468950749,0.20121410489082336,0.15778608039523198,0.6666148196945298,0.004528985507246377,0.004996431120628123
kumo_small,raw,3,500,1,False,15.601978302001953,Black women,225,0.1288888888888889,0.1546185314655304,0.10401860920512282,0.7308233638282899,0.0,0.0
kumo_small,raw,3,500,1,False,15.601978302001953,White women,386,0.16321243523316062,0.1550629734992981,0.12691294521960614,0.6973315642046292,0.0,0.0
kumo_small,raw,3,500,1,False,14.444236516952515,All,4146,0.19826338639652677,0.19790740311145782,0.15073439121475585,0.6657344945409189,0.00210589651022864,0.00361794500723589
kumo_small,raw,3,500,1,False,14.444236516952515,Men,3535,0.2065063649222065,0.20534107089042664,0.15630896804821984,0.654235342954118,0.0024955436720142605,0.004243281471004243
kumo_small,raw,3,500,1,False,14.444236516952515,Women,611,0.15057283142389524,0.15489931404590607,0.11848213408497645,0.7081553154058808,0.0,0.0
kumo_small,raw,3,500,1,False,14.444236516952515,Black,2359,0.19584569732937684,0.20295415818691254,0.150444294399275,0.6571928335238826,0.0010542962572482868,0.003391267486222976
kumo_small,raw,3,500,1,False,14.444236516952515,White,1787,0.20145495243424735,0.19124527275562286,0.15111734498516396,0.6774974694386047,0.00350385423966363,0.00391717963066592
kumo_small,raw,3,500,1,False,14.444236516952515,Black men,2134,0.20290534208059982,0.2080504596233368,0.15533922371918327,0.646477483018412,0.0011757789535567313,0.0037488284910965324
kumo_small,raw,3,500,1,False,14.444236516952515,White men,1401,0.21199143468950749,0.20121410489082336,0.15778608039523198,0.6666148196945298,0.004528985507246377,0.004996431120628123
kumo_small,raw,3,500,1,False,14.444236516952515,Black women,225,0.1288888888888889,0.1546185314655304,0.10401860920512282,0.7308233638282899,0.0,0.0
kumo_small,raw,3,500,1,False,14.444236516952515,White women,386,0.16321243523316062,0.1550629734992981,0.12691294521960614,0.6973315642046292,0.0,0.0
kumo_small,raw,3,500,2,False,15.428495407104492,All,4146,0.19826338639652677,0.1849767118692398,0.15918358014916803,0.6022721283828295,0.005716004813477738,0.005306319343945972
kumo_small,raw,3,500,2,False,15.428495407104492,Men,3535,0.2065063649222065,0.19532510638237,0.1651617058307266,0.5893741606231533,0.006773618538324421,0.005940594059405941
kumo_small,raw,3,500,2,False,15.428495407104492,Women,611,0.15057283142389524,0.1251051425933838,0.12459655186060889,0.6393356789813185,0.0,0.0016366612111292963
kumo_small,raw,3,500,2,False,15.428495407104492,Black,2359,0.19584569732937684,0.2072266787290573,0.15812077873024613,0.6023922484122801,0.009488666315234581,0.00847816871555744
kumo_small,raw,3,500,2,False,15.428495407104492,White,1787,0.20145495243424735,0.1556047648191452,0.16058657318063793,0.6148719146616834,0.000700770847932726,0.001119194180190263
kumo_small,raw,3,500,2,False,15.428495407104492,Black men,2134,0.20290534208059982,0.21504348516464233,0.16333037407595868,0.590219311286799,0.010582010582010581,0.00937207122774133
kumo_small,raw,3,500,2,False,15.428495407104492,White men,1401,0.21199143468950749,0.16529008746147156,0.1679511861766757,0.6015316205533596,0.0009057971014492754,0.0007137758743754461
kumo_small,raw,3,500,2,False,15.428495407104492,Black women,225,0.1288888888888889,0.133088618516922,0.10871066109579866,0.6490147783251232,0.0,0.0
kumo_small,raw,3,500,2,False,15.428495407104492,White women,386,0.16321243523316062,0.12045157700777054,0.13385646228051126,0.6425868593051255,0.0,0.0025906735751295338
kumo_small,raw,3,500,2,False,15.39808702468872,All,4146,0.19826338639652677,0.1849767118692398,0.15918358014916803,0.6022721283828295,0.005716004813477738,0.005306319343945972
kumo_small,raw,3,500,2,False,15.39808702468872,Men,3535,0.2065063649222065,0.19532510638237,0.1651617058307266,0.5893741606231533,0.006773618538324421,0.005940594059405941
kumo_small,raw,3,500,2,False,15.39808702468872,Women,611,0.15057283142389524,0.1251051425933838,0.12459655186060889,0.6393356789813185,0.0,0.0016366612111292963
kumo_small,raw,3,500,2,False,15.39808702468872,Black,2359,0.19584569732937684,0.2072266787290573,0.15812077873024613,0.6023922484122801,0.009488666315234581,0.00847816871555744
kumo_small,raw,3,500,2,False,15.39808702468872,White,1787,0.20145495243424735,0.1556047648191452,0.16058657318063793,0.6148719146616834,0.000700770847932726,0.001119194180190263
kumo_small,raw,3,500,2,False,15.39808702468872,Black men,2134,0.20290534208059982,0.21504348516464233,0.16333037407595868,0.590219311286799,0.010582010582010581,0.00937207122774133
kumo_small,raw,3,500,2,False,15.39808702468872,White men,1401,0.21199143468950749,0.16529008746147156,0.1679511861766757,0.6015316205533596,0.0009057971014492754,0.0007137758743754461
kumo_small,raw,3,500,2,False,15.39808702468872,Black women,225,0.1288888888888889,0.133088618516922,0.10871066109579866,0.6490147783251232,0.0,0.0
kumo_small,raw,3,500,2,False,15.39808702468872,White women,386,0.16321243523316062,0.12045157700777054,0.13385646228051126,0.6425868593051255,0.0,0.0025906735751295338
kumo_small,raw,3,500,3,False,15.413552045822144,All,4146,0.19826338639652677,0.1683894842863083,0.15556993017189483,0.6303361089883792,0.00030084235860409147,0.000241196333815726
kumo_small,raw,3,500,3,False,15.413552045822144,Men,3535,0.2065063649222065,0.17534267902374268,0.1612537630110718,0.6190945718262398,0.00035650623885918,0.0002828854314002829
kumo_small,raw,3,500,3,False,15.413552045822144,Women,611,0.15057283142389524,0.12816114723682404,0.12268556178156628,0.6744994554745748,0.0,0.0
kumo_small,raw,3,500,3,False,15.413552045822144,Black,2359,0.19584569732937684,0.1787894368171692,0.15398124396186488,0.6269331617249382,0.0005271481286241434,0.000423908435777872
kumo_small,raw,3,500,3,False,15.413552045822144,White,1787,0.20145495243424735,0.15466062724590302,0.1576671382130031,0.6387993459472087,0.0,0.0
kumo_small,raw,3,500,3,False,15.413552045822144,Black men,2134,0.20290534208059982,0.18466374278068542,0.15876409486566284,0.6179315794404325,0.0005878894767783657,0.00046860356138706655
kumo_small,raw,3,500,3,False,15.413552045822144,White men,1401,0.21199143468950749,0.16114486753940582,0.16504601984355058,0.6256648611721076,0.0,0.0
kumo_small,raw,3,500,3,False,15.413552045822144,Black women,225,0.1288888888888889,0.12307503819465637,0.10861856027873253,0.6641449683321605,0.0,0.0
kumo_small,raw,3,500,3,False,15.413552045822144,White women,386,0.16321243523316062,0.13112583756446838,0.13088523882337352,0.6752665978672171,0.0,0.0
kumo_small,raw,3,500,3,False,15.412744283676147,All,4146,0.19826338639652677,0.1683894842863083,0.15556993017189483,0.6303361089883792,0.00030084235860409147,0.000241196333815726
kumo_small,raw,3,500,3,False,15.412744283676147,Men,3535,0.2065063649222065,0.17534267902374268,0.1612537630110718,0.6190945718262398,0.00035650623885918,0.0002828854314002829
kumo_small,raw,3,500,3,False,15.412744283676147,Women,611,0.15057283142389524,0.12816114723682404,0.12268556178156628,0.6744994554745748,0.0,0.0
kumo_small,raw,3,500,3,False,15.412744283676147,Black,2359,0.19584569732937684,0.1787894368171692,0.15398124396186488,0.6269331617249382,0.0005271481286241434,0.000423908435777872
kumo_small,raw,3,500,3,False,15.412744283676147,White,1787,0.20145495243424735,0.15466062724590302,0.1576671382130031,0.6387993459472087,0.0,0.0
kumo_small,raw,3,500,3,False,15.412744283676147,Black men,2134,0.20290534208059982,0.18466374278068542,0.15876409486566284,0.6179315794404325,0.0005878894767783657,0.00046860356138706655
kumo_small,raw,3,500,3,False,15.412744283676147,White men,1401,0.21199143468950749,0.16114486753940582,0.16504601984355058,0.6256648611721076,0.0,0.0
kumo_small,raw,3,500,3,False,15.412744283676147,Black women,225,0.1288888888888889,0.12307503819465637,0.10861856027873253,0.6641449683321605,0.0,0.0
kumo_small,raw,3,500,3,False,15.412744283676147,White women,386,0.16321243523316062,0.13112583756446838,0.13088523882337352,0.6752665978672171,0.0,0.0
kumo_small,raw,3,500,4,False,15.490199327468872,All,4146,0.19826338639652677,0.19740156829357147,0.1544264672435263,0.6422160882588034,0.0036101083032490976,0.005065123010130246
kumo_small,raw,3,500,4,False,15.490199327468872,Men,3535,0.2065063649222065,0.20325152575969696,0.1604556168314416,0.6301267306424438,0.0042780748663101605,0.005940594059405941
kumo_small,raw,3,500,4,False,15.490199327468872,Women,611,0.15057283142389524,0.1635560393333435,0.11954423517596384,0.6982072547541258,0.0,0.0
kumo_small,raw,3,500,4,False,15.490199327468872,Black,2359,0.19584569732937684,0.2049582302570343,0.15453961874704195,0.6307840814957314,0.005271481286241434,0.008054260279779568
kumo_small,raw,3,500,4,False,15.490199327468872,White,1787,0.20145495243424735,0.18742609024047852,0.1542770971278053,0.658479327259986,0.001401541695865452,0.001119194180190263
kumo_small,raw,3,500,4,False,15.490199327468872,Black men,2134,0.20290534208059982,0.2104833871126175,0.15963601580073014,0.6209538472817919,0.005878894767783657,0.008903467666354265
kumo_small,raw,3,500,4,False,15.490199327468872,White men,1401,0.21199143468950749,0.19223599135875702,0.16170403124938465,0.6459644756746206,0.0018115942028985507,0.0014275517487508922
kumo_small,raw,3,500,4,False,15.490199327468872,Black women,225,0.1288888888888889,0.15255531668663025,0.10620312402450571,0.6996833216045039,0.0,0.0
kumo_small,raw,3,500,4,False,15.490199327468872,White women,386,0.16321243523316062,0.169968381524086,0.12732078960362725,0.6947761560764657,0.0,0.0
kumo_small,raw,3,500,4,False,15.47071361541748,All,4146,0.19826338639652677,0.19740156829357147,0.1544264672435263,0.6422160882588034,0.0036101083032490976,0.005065123010130246
kumo_small,raw,3,500,4,False,15.47071361541748,Men,3535,0.2065063649222065,0.20325152575969696,0.1604556168314416,0.6301267306424438,0.0042780748663101605,0.005940594059405941
kumo_small,raw,3,500,4,False,15.47071361541748,Women,611,0.15057283142389524,0.1635560393333435,0.11954423517596384,0.6982072547541258,0.0,0.0
kumo_small,raw,3,500,4,False,15.47071361541748,Black,2359,0.19584569732937684,0.2049582302570343,0.15453961874704195,0.6307840814957314,0.005271481286241434,0.008054260279779568
kumo_small,raw,3,500,4,False,15.47071361541748,White,1787,0.20145495243424735,0.18742609024047852,0.1542770971278053,0.658479327259986,0.001401541695865452,0.001119194180190263
kumo_small,raw,3,500,4,False,15.47071361541748,Black men,2134,0.20290534208059982,0.2104833871126175,0.15963601580073014,0.6209538472817919,0.005878894767783657,0.008903467666354265
kumo_small,raw,3,500,4,False,15.47071361541748,White men,1401,0.21199143468950749,0.19223599135875702,0.16170403124938465,0.6459644756746206,0.0018115942028985507,0.0014275517487508922
kumo_small,raw,3,500,4,False,15.47071361541748,Black women,225,0.1288888888888889,0.15255531668663025,0.10620312402450571,0.6996833216045039,0.0,0.0
kumo_small,raw,3,500,4,False,15.47071361541748,White women,386,0.16321243523316062,0.169968381524086,0.12732078960362725,0.6947761560764657,0.0,0.0
kumo_small,raw,3,500,5,False,15.402076959609985,All,4146,0.19826338639652677,0.1883033812046051,0.1590614254722138,0.6151856585300155,0.017749699157641397,0.02219006271104679
kumo_small,raw,3,500,5,False,15.402076959609985,Men,3535,0.2065063649222065,0.19155725836753845,0.16488853380841212,0.608289502600542,0.01889483065953654,0.02263083451202263
kumo_small,raw,3,500,5,False,15.402076959609985,Women,611,0.15057283142389524,0.1694776862859726,0.12534812274150836,0.6474407305018012,0.011560693641618497,0.019639934533551555
kumo_small,raw,3,500,5,False,15.402076959609985,Black,2359,0.19584569732937684,0.19508662819862366,0.16042916679540223,0.5974083024689245,0.021085925144965736,0.024586689275116574
kumo_small,raw,3,500,5,False,15.402076959609985,White,1787,0.20145495243424735,0.17934885621070862,0.15725588446415478,0.6396869890212565,0.013314646110721794,0.019026301063234472
kumo_small,raw,3,500,5,False,15.402076959609985,Black men,2134,0.20290534208059982,0.1987101286649704,0.1653567533662162,0.5908452167112674,0.02175191064079953,0.02483598875351453
kumo_small,raw,3,500,5,False,15.402076959609985,White men,1401,0.21199143468950749,0.18066203594207764,0.16417534284741725,0.6362965402820475,0.014492753623188406,0.019271948608137045
kumo_small,raw,3,500,5,False,15.402076959609985,Black women,225,0.1288888888888889,0.16071973741054535,0.11369374571932689,0.6384588318085854,0.015306122448979591,0.022222222222222223
kumo_small,raw,3,500,5,False,15.402076959609985,White women,386,0.16321243523316062,0.17458270490169525,0.13214147722334987,0.6509410781856602,0.009287925696594427,0.018134715025906734
kumo_small,raw,3,500,5,False,15.41342043876648,All,4146,0.19826338639652677,0.1883033812046051,0.1590614254722138,0.6151856585300155,0.017749699157641397,0.02219006271104679
kumo_small,raw,3,500,5,False,15.41342043876648,Men,3535,0.2065063649222065,0.19155725836753845,0.16488853380841212,0.608289502600542,0.01889483065953654,0.02263083451202263
kumo_small,raw,3,500,5,False,15.41342043876648,Women,611,0.15057283142389524,0.1694776862859726,0.12534812274150836,0.6474407305018012,0.011560693641618497,0.019639934533551555
kumo_small,raw,3,500,5,False,15.41342043876648,Black,2359,0.19584569732937684,0.19508662819862366,0.16042916679540223,0.5974083024689245,0.021085925144965736,0.024586689275116574
kumo_small,raw,3,500,5,False,15.41342043876648,White,1787,0.20145495243424735,0.17934885621070862,0.15725588446415478,0.6396869890212565,0.013314646110721794,0.019026301063234472
kumo_small,raw,3,500,5,False,15.41342043876648,Black men,2134,0.20290534208059982,0.1987101286649704,0.1653567533662162,0.5908452167112674,0.02175191064079953,0.02483598875351453
kumo_small,raw,3,500,5,False,15.41342043876648,White men,1401,0.21199143468950749,0.18066203594207764,0.16417534284741725,0.6362965402820475,0.014492753623188406,0.019271948608137045
kumo_small,raw,3,500,5,False,15.41342043876648,Black women,225,0.1288888888888889,0.16071973741054535,0.11369374571932689,0.6384588318085854,0.015306122448979591,0.022222222222222223
kumo_small,raw,3,500,5,False,15.41342043876648,White women,386,0.16321243523316062,0.17458270490169525,0.13214147722334987,0.6509410781856602,0.009287925696594427,0.018134715025906734
kumo_small,raw,3,500,6,False,15.044919729232788,All,4146,0.19826338639652677,0.2033269852399826,0.16111395653335495,0.5994265695772982,0.01654632972322503,0.017607332368547998
kumo_small,raw,3,500,6,False,15.044919729232788,Men,3535,0.2065063649222065,0.2115669846534729,0.16788635629799425,0.5825619612726785,0.0196078431372549,0.020084865629420086
kumo_small,raw,3,500,6,False,15.044919729232788,Women,611,0.15057283142389524,0.1556537002325058,0.12193157818965597,0.6763215213202648,0.0,0.0032733224222585926
kumo_small,raw,3,500,6,False,15.044919729232788,Black,2359,0.19584569732937684,0.20605719089508057,0.16002320270766662,0.5917625688316253,0.013178703215603585,0.01271725307333616
kumo_small,raw,3,500,6,False,15.044919729232788,White,1787,0.20145495243424735,0.19972284138202667,0.16255384924449018,0.6105037763762361,0.02102312543798178,0.024062674874090653
kumo_small,raw,3,500,6,False,15.044919729232788,Black men,2134,0.20290534208059982,0.21084357798099518,0.16531751472893735,0.5807248283512076,0.014697236919459141,0.01358950328022493
kumo_small,raw,3,500,6,False,15.044919729232788,White men,1401,0.21199143468950749,0.21266888082027435,0.1717992099085349,0.5863008100326941,0.02717391304347826,0.029978586723768737
kumo_small,raw,3,500,6,False,15.044919729232788,Black women,225,0.1288888888888889,0.1606612652540207,0.10980959447037,0.6641449683321605,0.0,0.0044444444444444444
kumo_small,raw,3,500,6,False,15.044919729232788,White women,386,0.16321243523316062,0.15273478627204895,0.12899750134208948,0.6855865153078775,0.0,0.0025906735751295338
kumo_small,raw,3,500,7,False,8.122918367385864,All,4146,0.19826338639652677,0.22060169279575348,0.1530848616563301,0.6496595577104946,0.0009025270758122744,0.001447178002894356
kumo_small,raw,3,500,7,False,8.122918367385864,Men,3535,0.2065063649222065,0.22657491266727448,0.15866986292794058,0.6380455644275146,0.0010695187165775401,0.0016973125884016972
kumo_small,raw,3,500,7,False,8.122918367385864,Women,611,0.15057283142389524,0.18604297935962677,0.12077229292450836,0.6963851889084359,0.0,0.0
kumo_small,raw,3,500,7,False,8.122918367385864,Black,2359,0.19584569732937684,0.2277442365884781,0.15408299409934165,0.6332577982551624,0.0010542962572482868,0.00211954217888936
kumo_small,raw,3,500,7,False,8.122918367385864,White,1787,0.20145495243424735,0.2111728936433792,0.15176723746323317,0.6731137584676478,0.000700770847932726,0.0005595970900951316
kumo_small,raw,3,500,7,False,8.122918367385864,Black men,2134,0.20290534208059982,0.2318607121706009,0.15896696358579618,0.6224568349279666,0.0011757789535567313,0.0023430178069353325
kumo_small,raw,3,500,7,False,8.122918367385864,White men,1401,0.21199143468950749,0.21852360665798187,0.15821731988449744,0.6628604889474455,0.0009057971014492754,0.0007137758743754461
kumo_small,raw,3,500,7,False,8.122918367385864,Black women,225,0.1288888888888889,0.18870171904563904,0.10776125683670162,0.7135819845179452,0.0,0.0
kumo_small,raw,3,500,7,False,8.122918367385864,White women,386,0.16321243523316062,0.18449318408966064,0.12835644608449934,0.6925156027323209,0.0,0.0
kumo_small,raw,3,500,8,False,8.063491106033325,All,4146,0.19826338639652677,0.1692318469285965,0.15379385827364894,0.6617254590224891,0.021359807460890494,0.02653159671972986
kumo_small,raw,3,500,8,False,8.063491106033325,Men,3535,0.2065063649222065,0.18514174222946167,0.15803304699989426,0.6618113447122311,0.02531194295900178,0.031117397454031116
kumo_small,raw,3,500,8,False,8.063491106033325,Women,611,0.15057283142389524,0.07718346267938614,0.12926761908006917,0.7161137639272849,0.0,0.0
kumo_small,raw,3,500,8,False,8.063491106033325,Black,2359,0.19584569732937684,0.1799079328775406,0.15256530709511282,0.6567079028860789,0.02688455455983131,0.03391267486222976
kumo_small,raw,3,500,8,False,8.063491106033325,White,1787,0.20145495243424735,0.15513846278190613,0.15541565582830288,0.6723837888343844,0.01401541695865452,0.016787912702853944
kumo_small,raw,3,500,8,False,8.063491106033325,Black men,2134,0.20290534208059982,0.19097743928432465,0.1568618823080294,0.652592619746841,0.029982363315696647,0.03748828491096532
kumo_small,raw,3,500,8,False,8.063491106033325,White men,1401,0.21199143468950749,0.17625287175178528,0.15981696238350565,0.6765755379885815,0.018115942028985508,0.021413276231263382
kumo_small,raw,3,500,8,False,8.063491106033325,Black women,225,0.1288888888888889,0.07491973787546158,0.11181467818682854,0.7392681210415201,0.0,0.0
kumo_small,raw,3,500,8,False,8.063491106033325,White women,386,0.16321243523316062,0.07850299030542374,0.13944096545566287,0.7054400707651481,0.0,0.0
kumo_small,raw,3,500,9,False,7.988772630691528,All,4146,0.19826338639652677,0.19271446764469147,0.1547560854637701,0.6281932476627989,0.0,0.0
kumo_small,raw,3,500,9,False,7.988772630691528,Men,3535,0.2065063649222065,0.19890910387039185,0.1602744368227071,0.6188743193416844,0.0,0.0
kumo_small,raw,3,500,9,False,7.988772630691528,Women,611,0.15057283142389524,0.156874880194664,0.12282912629217879,0.6567814358716595,0.0,0.0
kumo_small,raw,3,500,9,False,7.988772630691528,Black,2359,0.19584569732937684,0.20443037152290344,0.15548509644495304,0.6084886822894203,0.0,0.0
kumo_small,raw,3,500,9,False,7.988772630691528,White,1787,0.20145495243424735,0.17724844813346863,0.15379372569622082,0.660054115082146,0.0,0.0
kumo_small,raw,3,500,9,False,7.988772630691528,Black men,2134,0.20290534208059982,0.20996707677841187,0.16038971852194192,0.599011856902542,0.0,0.0
kumo_small,raw,3,500,9,False,7.988772630691528,White men,1401,0.21199143468950749,0.18206562101840973,0.16009884000174557,0.656114282925877,0.0,0.0
kumo_small,raw,3,500,9,False,7.988772630691528,Black women,225,0.1288888888888889,0.1519179344177246,0.10896748083475624,0.6472554539057002,0.0,0.0
kumo_small,raw,3,500,9,False,7.988772630691528,White women,386,0.16321243523316062,0.15976431965827942,0.13090910097590955,0.6590495847461793,0.0,0.0
kumo_small,raw,3,1000,0,False,9.210371255874634,All,4146,0.19826338639652677,0.2032373696565628,0.14869960940921384,0.6863883106274209,0.00210589651022864,0.001929570670525808
kumo_small,raw,3,1000,0,False,9.210371255874634,Men,3535,0.2065063649222065,0.2086222767829895,0.15410686994281553,0.6767406539203478,0.0021390374331550803,0.0019801980198019802
kumo_small,raw,3,1000,0,False,9.210371255874634,Women,611,0.15057283142389524,0.17208251357078552,0.11741537702577368,0.7258314484376308,0.0019267822736030828,0.0016366612111292963
kumo_small,raw,3,1000,0,False,9.210371255874634,Black,2359,0.19584569732937684,0.20648452639579773,0.14858161720185797,0.6782354001647624,0.0015814443858724301,0.001695633743111488
kumo_small,raw,3,1000,0,False,9.210371255874634,White,1787,0.20145495243424735,0.1989508420228958,0.14885536968741891,0.6974674920189987,0.002803083391730904,0.002238388360380526
kumo_small,raw,3,1000,0,False,9.210371255874634,Black men,2134,0.20290534208059982,0.21070586144924164,0.15317560263932053,0.6705429356186349,0.001763668430335097,0.0018744142455482662
kumo_small,raw,3,1000,0,False,9.210371255874634,White men,1401,0.21199143468950749,0.20544856786727905,0.15552537417240747,0.6867466939930709,0.002717391304347826,0.0021413276231263384
kumo_small,raw,3,1000,0,False,9.210371255874634,Black women,225,0.1288888888888889,0.16644762456417084,0.10501021754165744,0.7188599577762139,0.0,0.0
kumo_small,raw,3,1000,0,False,9.210371255874634,White women,386,0.16321243523316062,0.1753670871257782,0.12464636377169638,0.7266204727505038,0.0030959752321981426,0.0025906735751295338
kumo_small,raw,3,1000,1,False,9.157850980758667,All,4146,0.19826338639652677,0.19593773782253265,0.15129890738362373,0.659917842952969,0.0006016847172081829,0.00120598166907863
kumo_small,raw,3,1000,1,False,9.157850980758667,Men,3535,0.2065063649222065,0.20508724451065063,0.1566894558141898,0.6492286279393451,0.00071301247771836,0.0014144271570014145
kumo_small,raw,3,1000,1,False,9.157850980758667,Women,611,0.15057283142389524,0.14300227165222168,0.12011136449974293,0.6931599229287091,0.0,0.0
kumo_small,raw,3,1000,1,False,9.157850980758667,Black,2359,0.19584569732937684,0.20472519099712372,0.15035046078171452,0.6548548973430366,0.0005271481286241434,0.001271725307333616
kumo_small,raw,3,1000,1,False,9.157850980758667,White,1787,0.20145495243424735,0.18433749675750732,0.15255094181781725,0.670158841392198,0.000700770847932726,0.001119194180190263
kumo_small,raw,3,1000,1,False,9.157850980758667,Black men,2134,0.20290534208059982,0.21199707686901093,0.15497494996206343,0.646182859423814,0.0005878894767783657,0.0014058106841611997
kumo_small,raw,3,1000,1,False,9.157850980758667,White men,1401,0.21199143468950749,0.19456221163272858,0.15930098721207542,0.6571573220123945,0.0009057971014492754,0.0014275517487508922
kumo_small,raw,3,1000,1,False,9.157850980758667,Black women,225,0.1288888888888889,0.1357552707195282,0.10648975006676084,0.6776917663617171,0.0,0.0
kumo_small,raw,3,1000,1,False,9.157850980758667,White women,386,0.16321243523316062,0.14722655713558197,0.12805142472622216,0.695562435500516,0.0,0.0
kumo_small,raw,3,1000,2,False,9.182241439819336,All,4146,0.19826338639652677,0.19445739686489105,0.1533556510724341,0.6512362351811349,0.0030084235860409147,0.005065123010130246
kumo_small,raw,3,1000,2,False,9.182241439819336,Men,3535,0.2065063649222065,0.20403605699539185,0.15919543567187575,0.6389744341073914,0.0035650623885918,0.005657708628005658
kumo_small,raw,3,1000,2,False,9.182241439819336,Women,611,0.15057283142389524,0.13903915882110596,0.1195690085863028,0.7029823238669682,0.0,0.0016366612111292963
kumo_small,raw,3,1000,2,False,9.182241439819336,Black,2359,0.19584569732937684,0.2125762403011322,0.15281351564324724,0.6461911836187008,0.004217185028993147,0.007630351844001695
kumo_small,raw,3,1000,2,False,9.182241439819336,White,1787,0.20145495243424735,0.17053891718387604,0.15407131837934618,0.6651911547146305,0.001401541695865452,0.0016787912702853946
kumo_small,raw,3,1000,2,False,9.182241439819336,Black men,2134,0.20290534208059982,0.22040331363677979,0.1578308019919576,0.6353564606066531,0.004703115814226925,0.008434864104967198
kumo_small,raw,3,1000,2,False,9.182241439819336,White men,1401,0.21199143468950749,0.1791054606437683,0.1612740425761908,0.6525978382862441,0.0018115942028985507,0.0014275517487508922
kumo_small,raw,3,1000,2,False,9.182241439819336,Black women,225,0.1288888888888889,0.13834069669246674,0.10522734200703442,0.7039057002111189,0.0,0.0
kumo_small,raw,3,1000,2,False,9.182241439819336,White women,386,0.16321243523316062,0.13944630324840546,0.12792878832810434,0.7007715366848495,0.0,0.0025906735751295338
kumo_small,raw,3,1000,3,False,9.199352741241455,All,4146,0.19826338639652677,0.18029943108558655,0.15279468444169841,0.6459579523395435,0.0,0.0
kumo_small,raw,3,1000,3,False,9.199352741241455,Men,3535,0.2065063649222065,0.18844915926456451,0.158188183468304,0.6343779454496619,0.0,0.0
kumo_small,raw,3,1000,3,False,9.199352741241455,Women,611,0.15057283142389524,0.13314826786518097,0.12159007059709823,0.6854109072631315,0.0,0.0
kumo_small,raw,3,1000,3,False,9.199352741241455,Black,2359,0.19584569732937684,0.19152474403381348,0.15113495813994035,0.6455773184819047,0.0,0.0
kumo_small,raw,3,1000,3,False,9.199352741241455,White,1787,0.20145495243424735,0.16548101603984833,0.1549856717645005,0.6528536946196372,0.0,0.0
kumo_small,raw,3,1000,3,False,9.199352741241455,Black men,2134,0.20290534208059982,0.19781939685344696,0.15608786044237746,0.6330252683858022,0.0,0.0
kumo_small,raw,3,1000,3,False,9.199352741241455,White men,1401,0.21199143468950749,0.174176424741745,0.16138739070408364,0.6426371199921925,0.0,0.0
kumo_small,raw,3,1000,3,False,9.199352741241455,Black women,225,0.1288888888888889,0.13182316720485687,0.10415943141371473,0.7281843771991555,0.0,0.0
kumo_small,raw,3,1000,3,False,9.199352741241455,White women,386,0.16321243523316062,0.13392066955566406,0.13175041727135028,0.66578210231461,0.0,0.0
kumo_small,raw,3,1000,4,False,9.262955904006958,All,4146,0.19826338639652677,0.20678788423538208,0.15223650160534055,0.6600957132525818,0.004512635379061372,0.006994693680656054
kumo_small,raw,3,1000,4,False,9.262955904006958,Men,3535,0.2065063649222065,0.21396051347255707,0.1581489736267608,0.6473303543085976,0.0053475935828877,0.008203677510608205
kumo_small,raw,3,1000,4,False,9.262955904006958,Women,611,0.15057283142389524,0.1652899980545044,0.11802931896095337,0.7224386361732429,0.0,0.0
kumo_small,raw,3,1000,4,False,9.262955904006958,Black,2359,0.19584569732937684,0.21715258061885834,0.15160644654107652,0.6569737589769218,0.0063257775434897206,0.0105977108944468
kumo_small,raw,3,1000,4,False,9.262955904006958,White,1787,0.20145495243424735,0.1931055635213852,0.15306823070248599,0.6676068675543096,0.002102312543798178,0.002238388360380526
kumo_small,raw,3,1000,4,False,9.262955904006958,Black men,2134,0.20290534208059982,0.22358208894729614,0.15638765385766082,0.6479981209260142,0.007054673721340388,0.011715089034676664
kumo_small,raw,3,1000,4,False,9.262955904006958,White men,1401,0.21199143468950749,0.19930493831634521,0.16083181187605375,0.6511186746693993,0.002717391304347826,0.0028551034975017845
kumo_small,raw,3,1000,4,False,9.262955904006958,Black women,225,0.1288888888888889,0.15617221593856812,0.10625935136956179,0.7192118226600985,0.0,0.0
kumo_small,raw,3,1000,4,False,9.262955904006958,White women,386,0.16321243523316062,0.17060476541519165,0.12489005136526192,0.723327927662293,0.0,0.0
kumo_small,raw,3,1000,5,False,9.274961709976196,All,4146,0.19826338639652677,0.19164788722991943,0.15260234211493465,0.6513339540494406,0.0018050541516245488,0.002894356005788712
kumo_small,raw,3,1000,5,False,9.274961709976196,Men,3535,0.2065063649222065,0.19584433734416962,0.1585615806923677,0.6395062632774156,0.0021390374331550803,0.002828854314002829
kumo_small,raw,3,1000,5,False,9.274961709976196,Women,611,0.15057283142389524,0.16736893355846405,0.11812458700654532,0.7100820976794839,0.0,0.0032733224222585926
kumo_small,raw,3,1000,5,False,9.274961709976196,Black,2359,0.19584569732937684,0.19922862946987152,0.15272435262947523,0.6394991408170112,0.0015814443858724301,0.00211954217888936
kumo_small,raw,3,1000,5,False,9.274961709976196,White,1787,0.20145495243424735,0.1816406548023224,0.15244127731146445,0.6687942848244179,0.002102312543798178,0.00391717963066592
kumo_small,raw,3,1000,5,False,9.274961709976196,Black men,2134,0.20290534208059982,0.20308971405029297,0.1577687027764629,0.6292331776037191,0.001763668430335097,0.0023430178069353325
kumo_small,raw,3,1000,5,False,9.274961709976196,White men,1401,0.21199143468950749,0.1848081797361374,0.15976929052287508,0.65788317962231,0.002717391304347826,0.0035688793718772305
kumo_small,raw,3,1000,5,False,9.274961709976196,Black women,225,0.1288888888888889,0.16260813176631927,0.10488149390204547,0.7220267417311752,0.0,0.0
kumo_small,raw,3,1000,5,False,9.274961709976196,White women,386,0.16321243523316062,0.17014402151107788,0.12584400656227707,0.7038675119170474,0.0,0.0051813471502590676
kumo_small,raw,3,1000,6,False,9.186474323272705,All,4146,0.19826338639652677,0.19975964725017548,0.15200308417425898,0.6553481134036616,0.00030084235860409147,0.000241196333815726
kumo_small,raw,3,1000,6,False,9.186474323272705,Men,3535,0.2065063649222065,0.20465721189975739,0.1577122537117155,0.6402915537323273,0.00035650623885918,0.0002828854314002829
kumo_small,raw,3,1000,6,False,9.186474323272705,Women,611,0.15057283142389524,0.17142419517040253,0.11897212784871274,0.7181662059143838,0.0,0.0
kumo_small,raw,3,1000,6,False,9.186474323272705,Black,2359,0.19584569732937684,0.20589129626750946,0.1510348668902882,0.6496610049588436,0.0005271481286241434,0.000423908435777872
kumo_small,raw,3,1000,6,False,9.186474323272705,White,1787,0.20145495243424735,0.19166527688503265,0.15328121767895234,0.6652962703418204,0.0,0.0
kumo_small,raw,3,1000,6,False,9.186474323272705,Black men,2134,0.20290534208059982,0.2093210369348526,0.15591183962629707,0.6367073844620676,0.0005878894767783657,0.00046860356138706655
kumo_small,raw,3,1000,6,False,9.186474323272705,White men,1401,0.21199143468950749,0.19755330681800842,0.16045464033433002,0.6481359488605866,0.0,0.0
kumo_small,raw,3,1000,6,False,9.186474323272705,Black women,225,0.1288888888888889,0.17336225509643555,0.10477948991854184,0.7274806474313863,0.0,0.0
kumo_small,raw,3,1000,6,False,9.186474323272705,White women,386,0.16321243523316062,0.17029449343681335,0.12724503855930455,0.7158091306698118,0.0,0.0
kumo_small,raw,3,1000,7,False,9.400397777557373,All,4146,0.19826338639652677,0.19167566299438477,0.15021511266780452,0.6722247475412908,0.0,0.000723589001447178
kumo_small,raw,3,1000,7,False,9.400397777557373,Men,3535,0.2065063649222065,0.19663278758525848,0.15562710778814678,0.6625526823431738,0.0,0.0008486562942008486
kumo_small,raw,3,1000,7,False,9.400397777557373,Women,611,0.15057283142389524,0.16299578547477722,0.11890348787171622,0.7104381335343889,0.0,0.0
kumo_small,raw,3,1000,7,False,9.400397777557373,Black,2359,0.19584569732937684,0.19991877675056458,0.14952753395506943,0.6648992371185307,0.0,0.001271725307333616
kumo_small,raw,3,1000,7,False,9.400397777557373,White,1787,0.20145495243424735,0.18079401552677155,0.15112277813134226,0.6843698902125671,0.0,0.0
kumo_small,raw,3,1000,7,False,9.400397777557373,Black men,2134,0.20290534208059982,0.20354892313480377,0.15422441446318214,0.6559638196794984,0.0,0.0014058106841611997
kumo_small,raw,3,1000,7,False,9.400397777557373,White men,1401,0.21199143468950749,0.1860981285572052,0.15776368705686522,0.6753007124383936,0.0,0.0
kumo_small,raw,3,1000,7,False,9.400397777557373,Black women,225,0.1288888888888889,0.1654888242483139,0.1049802317136806,0.7297677691766361,0.0,0.0
kumo_small,raw,3,1000,7,False,9.400397777557373,White women,386,0.16321243523316062,0.16154257953166962,0.12701937552860226,0.703670942061035,0.0,0.0
kumo_small,raw,3,1000,8,False,9.294353246688843,All,4146,0.19826338639652677,0.18867848813533783,0.150454988313309,0.6774358715351891,0.011432009626955475,0.01326579835986493
kumo_small,raw,3,1000,8,False,9.294353246688843,Men,3535,0.2065063649222065,0.204232856631279,0.1553491141336589,0.6706888384245355,0.013547237076648842,0.015558698727015558
kumo_small,raw,3,1000,8,False,9.294353246688843,Women,611,0.15057283142389524,0.09868714213371277,0.12213954678313398,0.730857836977465,0.0,0.0
kumo_small,raw,3,1000,8,False,9.294353246688843,Black,2359,0.19584569732937684,0.19732631742954254,0.15060609031543384,0.6633714203561332,0.013705851344227728,0.016532428995337006
kumo_small,raw,3,1000,8,False,9.294353246688843,White,1787,0.20145495243424735,0.1772625595331192,0.15025552014150573,0.6980417347971657,0.008409250175192713,0.008953553441522105
kumo_small,raw,3,1000,8,False,9.294353246688843,Black men,2134,0.20290534208059982,0.2084512859582901,0.15524927030203994,0.6545463679156263,0.015285126396237508,0.018275538894095594
kumo_small,raw,3,1000,8,False,9.294353246688843,White men,1401,0.21199143468950749,0.19780731201171875,0.15550119602992934,0.6959571561020836,0.010869565217391304,0.011420413990007138
kumo_small,raw,3,1000,8,False,9.294353246688843,Black women,225,0.1288888888888889,0.09181208163499832,0.10656810768691176,0.7357494722026741,0.0,0.0
kumo_small,raw,3,1000,8,False,9.294353246688843,White women,386,0.16321243523316062,0.10269463807344437,0.13121616283663134,0.7264239028944911,0.0,0.0
kumo_small,raw,3,1000,9,False,9.184133052825928,All,4146,0.19826338639652677,0.19143885374069214,0.15135580630180687,0.6605680211160594,0.0,0.0
kumo_small,raw,3,1000,9,False,9.184133052825928,Men,3535,0.2065063649222065,0.19894325733184814,0.15659707348974242,0.6517058579347056,0.0,0.0
kumo_small,raw,3,1000,9,False,9.184133052825928,Women,611,0.15057283142389524,0.1480213850736618,0.12103194458437269,0.6787299991622686,0.0,0.0
kumo_small,raw,3,1000,9,False,9.184133052825928,Black,2359,0.19584569732937684,0.19984766840934753,0.15175788822713374,0.6412836855641284,0.0,0.0
kumo_small,raw,3,1000,9,False,9.184133052825928,White,1787,0.20145495243424735,0.18033845722675323,0.15082502215975532,0.6888460640037374,0.0,0.0
kumo_small,raw,3,1000,9,False,9.184133052825928,Black men,2134,0.20290534208059982,0.20583514869213104,0.15647380821690804,0.6317232221774178,0.0,0.0
kumo_small,raw,3,1000,9,False,9.184133052825928,White men,1401,0.21199143468950749,0.188445582985878,0.1567848308717757,0.6851394378568292,0.0,0.0
kumo_small,raw,3,1000,9,False,9.184133052825928,Black women,225,0.1288888888888889,0.1430598646402359,0.10703000707967429,0.6722378606615059,0.0,0.0
kumo_small,raw,3,1000,9,False,9.184133052825928,White women,386,0.16321243523316062,0.15091347694396973,0.12919369572053108,0.6792471374514717,0.0,0.0
kumo_small,raw,3,2000,0,False,11.83678126335144,All,4146,0.19826338639652677,0.1929578185081482,0.14740752046457892,0.6940896188158961,0.0006016847172081829,0.000482392667631452
kumo_small,raw,3,2000,0,False,11.83678126335144,Men,3535,0.2065063649222065,0.19912706315517426,0.15273217887538407,0.6847068590823627,0.00071301247771836,0.0005657708628005657
kumo_small,raw,3,2000,0,False,11.83678126335144,Women,611,0.15057283142389524,0.15726515650749207,0.11660119070648375,0.730795007120717,0.0,0.0
kumo_small,raw,3,2000,0,False,11.83678126335144,Black,2359,0.19584569732937684,0.20061753690242767,0.14715696806620474,0.685348476861392,0.0,0.0
kumo_small,raw,3,2000,0,False,11.83678126335144,White,1787,0.20145495243424735,0.1828462928533554,0.14773827206377574,0.7081367281787744,0.001401541695865452,0.001119194180190263
kumo_small,raw,3,2000,0,False,11.83678126335144,Black men,2134,0.20290534208059982,0.20585982501506805,0.151804914852184,0.676820997837164,0.0,0.0
kumo_small,raw,3,2000,0,False,11.83678126335144,White men,1401,0.21199143468950749,0.18887169659137726,0.15414458531757458,0.7001171131605916,0.0018115942028985507,0.0014275517487508922
kumo_small,raw,3,2000,0,False,11.83678126335144,Black women,225,0.1288888888888889,0.15089741349220276,0.10307377499385015,0.7404996481351162,0.0,0.0
kumo_small,raw,3,2000,0,False,11.83678126335144,White women,386,0.16321243523316062,0.16097693145275116,0.12448634235244893,0.7255884810064377,0.0,0.0
kumo_small,raw,3,2000,1,False,11.944039344787598,All,4146,0.19826338639652677,0.19251275062561035,0.14933715554527358,0.6777429356943969,0.0006016847172081829,0.000964785335262904
kumo_small,raw,3,2000,1,False,11.944039344787598,Men,3535,0.2065063649222065,0.2000541090965271,0.15475206799749472,0.6676390008058019,0.00071301247771836,0.0011315417256011315
kumo_small,raw,3,2000,1,False,11.944039344787598,Women,611,0.15057283142389524,0.14888133108615875,0.11800865224150647,0.7176007372036526,0.0,0.0
kumo_small,raw,3,2000,1,False,11.944039344787598,Black,2359,0.19584569732937684,0.20362484455108643,0.1489231137441944,0.6699025802873984,0.0010542962572482868,0.001695633743111488
kumo_small,raw,3,2000,1,False,11.944039344787598,White,1787,0.20145495243424735,0.17784377932548523,0.14988372779415196,0.6915907498248074,0.0,0.0
kumo_small,raw,3,2000,1,False,11.944039344787598,Black men,2134,0.20290534208059982,0.20978738367557526,0.15361067792845468,0.6611448502646861,0.0011757789535567313,0.0018744142455482662
kumo_small,raw,3,2000,1,False,11.944039344787598,White men,1401,0.21199143468950749,0.18522845208644867,0.15649063074362704,0.681379007465964,0.0,0.0
kumo_small,raw,3,2000,1,False,11.944039344787598,Black women,225,0.1288888888888889,0.1451767086982727,0.10446417165881039,0.7125263898662914,0.0,0.0
kumo_small,raw,3,2000,1,False,11.944039344787598,White women,386,0.16321243523316062,0.15104074776172638,0.12590375102675677,0.7170376922698903,0.0,0.0
kumo_small,raw,3,2000,2,False,11.912412643432617,All,4146,0.19826338639652677,0.1917981654405594,0.1500728913243151,0.6732427439165429,0.0,0.000482392667631452
kumo_small,raw,3,2000,2,False,11.912412643432617,Men,3535,0.2065063649222065,0.19790908694267273,0.15519675375248815,0.6657431689986081,0.0,0.0005657708628005657
kumo_small,raw,3,2000,2,False,11.912412643432617,Women,611,0.15057283142389524,0.156442791223526,0.12042828627751968,0.7009298818798693,0.0,0.0
kumo_small,raw,3,2000,2,False,11.912412643432617,Black,2359,0.19584569732937684,0.20156806707382202,0.14948317273082418,0.6668343956166833,0.0,0.000847816871555744
kumo_small,raw,3,2000,2,False,11.912412643432617,White,1787,0.20145495243424735,0.17890101671218872,0.15085137266849244,0.6848769757844739,0.0,0.0
kumo_small,raw,3,2000,2,False,11.912412643432617,Black men,2134,0.20290534208059982,0.20684127509593964,0.15401646425853033,0.6589236327496528,0.0,0.0009372071227741331
kumo_small,raw,3,2000,2,False,11.912412643432617,White men,1401,0.21199143468950749,0.18430361151695251,0.15699456801380582,0.680171277997365,0.0,0.0
kumo_small,raw,3,2000,2,False,11.912412643432617,Black women,225,0.1288888888888889,0.15155473351478577,0.1064874210858246,0.7107670654468684,0.0,0.0
kumo_small,raw,3,2000,2,False,11.912412643432617,White women,386,0.16321243523316062,0.1592920571565628,0.1285544382674974,0.6929087424443461,0.0,0.0
kumo_small,raw,3,2000,3,False,11.855902433395386,All,4146,0.19826338639652677,0.1864883154630661,0.15120697249241827,0.6657582837785214,0.0015042117930204573,0.001447178002894356
kumo_small,raw,3,2000,3,False,11.855902433395386,Men,3535,0.2065063649222065,0.19519922137260437,0.1568069632786259,0.6519131687544257,0.0017825311942959,0.0016973125884016972
kumo_small,raw,3,2000,3,False,11.855902433395386,Women,611,0.15057283142389524,0.13609054684638977,0.11880768046419574,0.7264806902906927,0.0,0.0
kumo_small,raw,3,2000,3,False,11.855902433395386,Black,2359,0.19584569732937684,0.19691751897335052,0.15018252614973787,0.658575741601572,0.0021085925144965737,0.00211954217888936
kumo_small,raw,3,2000,3,False,11.855902433395386,White,1787,0.20145495243424735,0.17272084951400757,0.1525593333891071,0.6808825819512574,0.000700770847932726,0.0005595970900951316
kumo_small,raw,3,2000,3,False,11.855902433395386,Black men,2134,0.20290534208059982,0.20345434546470642,0.15530304184252966,0.6446011244574242,0.0023515579071134627,0.0023430178069353325
kumo_small,raw,3,2000,3,False,11.855902433395386,White men,1401,0.21199143468950749,0.18262504041194916,0.15909773297500662,0.6685575562387157,0.0009057971014492754,0.0007137758743754461
kumo_small,raw,3,2000,3,False,11.855902433395386,Black women,225,0.1288888888888889,0.13491924107074738,0.10161727953454854,0.7681210415200562,0.0,0.0
kumo_small,raw,3,2000,3,False,11.855902433395386,White women,386,0.16321243523316062,0.13677330315113068,0.12882799188691751,0.7077006241092928,0.0,0.0
kumo_small,raw,3,2000,4,False,11.875795602798462,All,4146,0.19826338639652677,0.20111310482025146,0.14797900592219432,0.6910700325875956,0.0036101083032490976,0.00602990834539315
kumo_small,raw,3,2000,4,False,11.875795602798462,Men,3535,0.2065063649222065,0.2078934758901596,0.1534893303244483,0.6804072961687788,0.0042780748663101605,0.007072135785007072
kumo_small,raw,3,2000,4,False,11.875795602798462,Women,611,0.15057283142389524,0.16188457608222961,0.1160984874901684,0.7444290860350171,0.0,0.0
kumo_small,raw,3,2000,4,False,11.875795602798462,Black,2359,0.19584569732937684,0.20796363055706024,0.14729619288836962,0.6872414178687242,0.004744333157617291,0.00847816871555744
kumo_small,raw,3,2000,4,False,11.875795602798462,White,1787,0.20145495243424735,0.19206981360912323,0.14888038026287279,0.697889901113447,0.002102312543798178,0.0027979854504756574
kumo_small,raw,3,2000,4,False,11.875795602798462,Black men,2134,0.20290534208059982,0.21390242874622345,0.15191785449304016,0.6788942246986898,0.005291005291005291,0.00937207122774133
kumo_small,raw,3,2000,4,False,11.875795602798462,White men,1401,0.21199143468950749,0.19874069094657898,0.15588299872146824,0.6848161567364467,0.002717391304347826,0.0035688793718772305
kumo_small,raw,3,2000,4,False,11.875795602798462,Black women,225,0.1288888888888889,0.15163740515708923,0.10346230015784977,0.7565095003518648,0.0,0.0
kumo_small,raw,3,2000,4,False,11.875795602798462,White women,386,0.16321243523316062,0.16785766184329987,0.12346414072791889,0.7387095188952774,0.0,0.0
kumo_small,raw,3,2000,5,False,11.839545488357544,All,4146,0.19826338639652677,0.20061981678009033,0.14961682261615716,0.6756721740581659,0.0012033694344163659,0.00120598166907863
kumo_small,raw,3,2000,5,False,11.839545488357544,Men,3535,0.2065063649222065,0.208927184343338,0.15522297804808016,0.6645901399164895,0.00142602495543672,0.0014144271570014145
kumo_small,raw,3,2000,5,False,11.839545488357544,Women,611,0.15057283142389524,0.15255671739578247,0.11718186442982698,0.7169933819217559,0.0,0.0
kumo_small,raw,3,2000,5,False,11.839545488357544,Black,2359,0.19584569732937684,0.20724637806415558,0.15018132818812865,0.6608668962385357,0.0005271481286241434,0.000423908435777872
kumo_small,raw,3,2000,5,False,11.839545488357544,White,1787,0.20145495243424735,0.19187219440937042,0.14887162471784673,0.6970431363388616,0.002102312543798178,0.002238388360380526
kumo_small,raw,3,2000,5,False,11.839545488357544,Black men,2134,0.20290534208059982,0.2136833667755127,0.15509472209371697,0.6503198091599426,0.0005878894767783657,0.00046860356138706655
kumo_small,raw,3,2000,5,False,11.839545488357544,White men,1401,0.21199143468950749,0.20168259739875793,0.155418337224819,0.6877653345044649,0.002717391304347826,0.0028551034975017845
kumo_small,raw,3,2000,5,False,11.839545488357544,Black women,225,0.1288888888888889,0.1461949497461319,0.10358051665690454,0.726073187895848,0.0,0.0
kumo_small,raw,3,2000,5,False,11.839545488357544,White women,386,0.16321243523316062,0.1562650054693222,0.12511011118865478,0.711533736301538,0.0,0.0
kumo_small,raw,3,2000,6,False,11.837305784225464,All,4146,0.19826338639652677,0.19255949556827545,0.14846657781480388,0.6871793942747723,0.0,0.000241196333815726
kumo_small,raw,3,2000,6,False,11.837305784225464,Men,3535,0.2065063649222065,0.19843120872974396,0.1539070349309911,0.675248943911313,0.0,0.0002828854314002829
kumo_small,raw,3,2000,6,False,11.837305784225464,Women,611,0.15057283142389524,0.15858811140060425,0.11699028337008739,0.7351721538074893,0.0,0.0
kumo_small,raw,3,2000,6,False,11.837305784225464,Black,2359,0.19584569732937684,0.19703885912895203,0.1476708508524121,0.6816361902023473,0.0,0.000423908435777872
kumo_small,raw,3,2000,6,False,11.837305784225464,White,1787,0.20145495243424735,0.18664631247520447,0.14951700865099984,0.6951646811492643,0.0,0.0
kumo_small,raw,3,2000,6,False,11.837305784225464,Black men,2134,0.20290534208059982,0.20169319212436676,0.1522573561337819,0.6720710409445334,0.0,0.00046860356138706655
kumo_small,raw,3,2000,6,False,11.837305784225464,White men,1401,0.21199143468950749,0.193462535738945,0.15641982190689716,0.6808635875664861,0.0,0.0
kumo_small,raw,3,2000,6,False,11.837305784225464,Black women,225,0.1288888888888889,0.15289510786533356,0.10417039631710921,0.7378606615059817,0.0,0.0
kumo_small,raw,3,2000,6,False,11.837305784225464,White women,386,0.16321243523316062,0.16190659999847412,0.12446301546055395,0.7329598506069094,0.0,0.0
kumo_small,raw,3,2000,7,False,11.84140133857727,All,4146,0.19826338639652677,0.1939152032136917,0.1498109406607258,0.6761622323527776,0.003309265944645006,0.004100337674867342
kumo_small,raw,3,2000,7,False,11.84140133857727,Men,3535,0.2065063649222065,0.20143277943134308,0.15514920221547354,0.6668190364564257,0.00392156862745098,0.004809052333804809
kumo_small,raw,3,2000,7,False,11.84140133857727,Women,611,0.15057283142389524,0.15042144060134888,0.11892590858865826,0.7136424562285331,0.0,0.0
kumo_small,raw,3,2000,7,False,11.84140133857727,Black,2359,0.19584569732937684,0.2032802402973175,0.14928734744620067,0.6702905247976412,0.004744333157617291,0.005934718100890208
kumo_small,raw,3,2000,7,False,11.84140133857727,White,1787,0.20145495243424735,0.1815524697303772,0.15050213058409723,0.6868157751304211,0.001401541695865452,0.0016787912702853946
kumo_small,raw,3,2000,7,False,11.84140133857727,Black men,2134,0.20290534208059982,0.20876701176166534,0.15399841788355803,0.6613485071273114,0.005291005291005291,0.006560449859418931
kumo_small,raw,3,2000,7,False,11.84140133857727,White men,1401,0.21199143468950749,0.19026130437850952,0.15690207428136058,0.6782956375347681,0.0018115942028985507,0.0021413276231263384
kumo_small,raw,3,2000,7,False,11.84140133857727,Black women,225,0.1288888888888889,0.1512414962053299,0.10460546160922032,0.7359254046446164,0.0,0.0
kumo_small,raw,3,2000,7,False,11.84140133857727,White women,386,0.16321243523316062,0.14994344115257263,0.12727331939273479,0.7037692269890412,0.0,0.0
kumo_small,raw,3,2000,8,False,11.860963344573975,All,4146,0.19826338639652677,0.19299636781215668,0.14731088538339907,0.6958732626536785,0.004512635379061372,0.00602990834539315
kumo_small,raw,3,2000,8,False,11.860963344573975,Men,3535,0.2065063649222065,0.20575553178787231,0.15220643979875112,0.6891714892681855,0.0053475935828877,0.007072135785007072
kumo_small,raw,3,2000,8,False,11.860963344573975,Women,611,0.15057283142389524,0.11917697638273239,0.11898717857772058,0.7277791739968166,0.0,0.0
kumo_small,raw,3,2000,8,False,11.860963344573975,Black,2359,0.19584569732937684,0.2032415270805359,0.14779244239266504,0.6816481708416342,0.005271481286241434,0.008054260279779568
kumo_small,raw,3,2000,8,False,11.860963344573975,White,1787,0.20145495243424735,0.17947185039520264,0.14667518701470378,0.7182278283890058,0.00350385423966363,0.003357582540570789
kumo_small,raw,3,2000,8,False,11.860963344573975,Black men,2134,0.20290534208059982,0.21294322609901428,0.1525143343842357,0.6721070203235971,0.005878894767783657,0.008903467666354265
kumo_small,raw,3,2000,8,False,11.860963344573975,White men,1401,0.21199143468950749,0.1948072761297226,0.15173745546939776,0.7179097740691944,0.004528985507246377,0.004282655246252677
kumo_small,raw,3,2000,8,False,11.860963344573975,Black women,225,0.1288888888888889,0.11122635006904602,0.10300792012594615,0.7382125263898663,0.0,0.0
kumo_small,raw,3,2000,8,False,11.860963344573975,White women,386,0.16321243523316062,0.12381139397621155,0.12830151316748548,0.7194456730060445,0.0,0.0
kumo_small,raw,3,2000,9,False,11.841137647628784,All,4146,0.19826338639652677,0.19154174625873566,0.14846060664383007,0.6873212147297103,0.00030084235860409147,0.000241196333815726
kumo_small,raw,3,2000,9,False,11.841137647628784,Men,3535,0.2065063649222065,0.1988113820552826,0.15378360287926088,0.6773271799379776,0.00035650623885918,0.0002828854314002829
kumo_small,raw,3,2000,9,False,11.841137647628784,Women,611,0.15057283142389524,0.14948268234729767,0.11766389356322794,0.7232554243109659,0.0,0.0
kumo_small,raw,3,2000,9,False,11.841137647628784,Black,2359,0.19584569732937684,0.1995161920785904,0.1482892811142079,0.6759214252624902,0.0,0.0
kumo_small,raw,3,2000,9,False,11.841137647628784,White,1787,0.20145495243424735,0.1810147613286972,0.1486867716826542,0.7040878299462742,0.000700770847932726,0.0005595970900951316
kumo_small,raw,3,2000,9,False,11.841137647628784,Black men,2134,0.20290534208059982,0.20538203418254852,0.1529949933973805,0.665951152222643,0.0,0.0
kumo_small,raw,3,2000,9,False,11.841137647628784,White men,1401,0.21199143468950749,0.18880295753479004,0.15498481104081163,0.6968751524910946,0.0009057971014492754,0.0007137758743754461
kumo_small,raw,3,2000,9,False,11.841137647628784,Black women,225,0.1288888888888889,0.14388203620910645,0.10365821439291709,0.7508796622097115,0.0,0.0
kumo_small,raw,3,2000,9,False,11.841137647628784,White women,386,0.16321243523316062,0.15274733304977417,0.1258278257220879,0.7110423116615067,0.0,0.0
kumo_small,raw,3,4000,0,False,17.791266202926636,All,4146,0.19826338639652677,0.195731982588768,0.14675300404649397,0.6984066334642107,0.00210589651022864,0.003376748673420164
kumo_small,raw,3,4000,0,False,17.791266202926636,Men,3535,0.2065063649222065,0.20392386615276337,0.1519238394594022,0.6894728102947281,0.0024955436720142605,0.0039603960396039604
kumo_small,raw,3,4000,0,False,17.791266202926636,Women,611,0.15057283142389524,0.14833717048168182,0.11683663222222138,0.7283655859931306,0.0,0.0
kumo_small,raw,3,4000,0,False,17.791266202926636,Black,2359,0.19584569732937684,0.2075503170490265,0.1458073849365145,0.6939186274979632,0.0015814443858724301,0.00423908435777872
kumo_small,raw,3,4000,0,False,17.791266202926636,White,1787,0.20145495243424735,0.1801307499408722,0.14800130593817923,0.7113116094370475,0.002803083391730904,0.002238388360380526
kumo_small,raw,3,4000,0,False,17.791266202926636,Black men,2134,0.20290534208059982,0.21432803571224213,0.1504216777868932,0.6852130182897439,0.001763668430335097,0.004686035613870665
kumo_small,raw,3,4000,0,False,17.791266202926636,White men,1401,0.21199143468950749,0.18807624280452728,0.1542119286879062,0.7039690382081686,0.0036231884057971015,0.0028551034975017845
kumo_small,raw,3,4000,0,False,17.791266202926636,Black women,225,0.1288888888888889,0.1432674080133438,0.10204338074670036,0.7387403237156932,0.0,0.0
kumo_small,raw,3,4000,0,False,17.791266202926636,White women,386,0.16321243523316062,0.1512923389673233,0.12545964150199404,0.7214605140301734,0.0,0.0
kumo_small,raw,3,4000,1,False,17.824622869491577,All,4146,0.19826338639652677,0.19062618911266327,0.14767932589045085,0.69438808225074,0.0015042117930204573,0.002170767004341534
kumo_small,raw,3,4000,1,False,17.824622869491577,Men,3535,0.2065063649222065,0.20024733245372772,0.15285049046447535,0.6855033819256221,0.0017825311942959,0.002545968882602546
kumo_small,raw,3,4000,1,False,17.824622869491577,Women,611,0.15057283142389524,0.1349620670080185,0.1177610496724859,0.7254335260115606,0.0,0.0
kumo_small,raw,3,4000,1,False,17.824622869491577,Black,2359,0.19584569732937684,0.2016351819038391,0.14748952751040198,0.6839598637173756,0.0015814443858724301,0.002967359050445104
kumo_small,raw,3,4000,1,False,17.824622869491577,White,1787,0.20145495243424735,0.17609332501888275,0.14792987674581476,0.7110390874406292,0.001401541695865452,0.001119194180190263
kumo_small,raw,3,4000,1,False,17.824622869491577,Black men,2134,0.20290534208059982,0.20928621292114258,0.15224819854132599,0.6741232232635875,0.001763668430335097,0.0032802249297094657
kumo_small,raw,3,4000,1,False,17.824622869491577,White men,1401,0.21199143468950749,0.1864793449640274,0.1537679001461319,0.7056128922070952,0.0018115942028985507,0.0014275517487508922
kumo_small,raw,3,4000,1,False,17.824622869491577,Black women,225,0.1288888888888889,0.1290694624185562,0.10235617648821628,0.7448979591836734,0.0,0.0
kumo_small,raw,3,4000,1,False,17.824622869491577,White women,386,0.16321243523316062,0.13839687407016754,0.12674057419699541,0.7136468622536734,0.0,0.0
kumo_small,raw,3,4000,2,False,17.82711911201477,All,4146,0.19826338639652677,0.19803401827812195,0.14771785641357535,0.6911121212387386,0.0006016847172081829,0.000723589001447178
kumo_small,raw,3,4000,2,False,17.82711911201477,Men,3535,0.2065063649222065,0.20519010722637177,0.15279451108135184,0.6831968353966743,0.00071301247771836,0.0008486562942008486
kumo_small,raw,3,4000,2,False,17.82711911201477,Women,611,0.15057283142389524,0.15663176774978638,0.11834637646170977,0.7170143252073384,0.0,0.0
kumo_small,raw,3,4000,2,False,17.82711911201477,Black,2359,0.19584569732937684,0.20677262544631958,0.14793551746406483,0.6779855182596353,0.0,0.000423908435777872
kumo_small,raw,3,4000,2,False,17.82711911201477,White,1787,0.20145495243424735,0.18649828433990479,0.14743052433853074,0.710484310519349,0.001401541695865452,0.001119194180190263
kumo_small,raw,3,4000,2,False,17.82711911201477,Black men,2134,0.20290534208059982,0.21270225942134857,0.15255563643059183,0.6690385902600428,0.0,0.00046860356138706655
kumo_small,raw,3,4000,2,False,17.82711911201477,White men,1401,0.21199143468950749,0.19374758005142212,0.15315836440378,0.706820621675694,0.0018115942028985507,0.0014275517487508922
kumo_small,raw,3,4000,2,False,17.82711911201477,Black women,225,0.1288888888888889,0.15053310990333557,0.10411625579931566,0.7309992962702323,0.0,0.0
kumo_small,raw,3,4000,2,False,17.82711911201477,White women,386,0.16321243523316062,0.16018669307231903,0.12664113591517784,0.7089291857093714,0.0,0.0
kumo_small,raw,3,4000,3,False,17.808411598205566,All,4146,0.19826338639652677,0.1842484474182129,0.14810658173824254,0.6930606427925197,0.0006016847172081829,0.000482392667631452
kumo_small,raw,3,4000,3,False,17.808411598205566,Men,3535,0.2065063649222065,0.19110111892223358,0.15322638116392742,0.6847664395770762,0.00071301247771836,0.0005657708628005657
kumo_small,raw,3,4000,3,False,17.808411598205566,Women,611,0.15057283142389524,0.1446014940738678,0.11848548358800362,0.7174331909189914,0.0,0.0
kumo_small,raw,3,4000,3,False,17.808411598205566,Black,2359,0.19584569732937684,0.19165214896202087,0.14728601031607846,0.685685075774691,0.0005271481286241434,0.000423908435777872
kumo_small,raw,3,4000,3,False,17.808411598205566,White,1787,0.20145495243424735,0.17447486519813538,0.14918980948579996,0.7058884217083237,0.000700770847932726,0.0005595970900951316
kumo_small,raw,3,4000,3,False,17.808411598205566,Black men,2134,0.20290534208059982,0.19696317613124847,0.1520116647177813,0.6755990566614123,0.0005878894767783657,0.00046860356138706655
kumo_small,raw,3,4000,3,False,17.808411598205566,White men,1401,0.21199143468950749,0.18217207491397858,0.15507663448018424,0.7018402625286684,0.0009057971014492754,0.0007137758743754461
kumo_small,raw,3,4000,3,False,17.808411598205566,Black women,225,0.1288888888888889,0.14127996563911438,0.10246580367948367,0.7447220267417312,0.0,0.0
kumo_small,raw,3,4000,3,False,17.808411598205566,White women,386,0.16321243523316062,0.14653761684894562,0.12782337990773673,0.7040640817730601,0.0,0.0
kumo_small,raw,3,4000,4,False,17.88883662223816,All,4146,0.19826338639652677,0.19997648894786835,0.14673643226230965,0.698775549641185,0.0015042117930204573,0.003859141341051616
kumo_small,raw,3,4000,4,False,17.88883662223816,Men,3535,0.2065063649222065,0.20917747914791107,0.1519527557871693,0.6893824628232365,0.0017825311942959,0.004526166902404526
kumo_small,raw,3,4000,4,False,17.88883662223816,Women,611,0.15057283142389524,0.14674335718154907,0.1165568845366486,0.7405545782022284,0.0,0.0
kumo_small,raw,3,4000,4,False,17.88883662223816,Black,2359,0.19584569732937684,0.20986349880695343,0.14597594635061703,0.6944925571704696,0.0021085925144965737,0.005934718100890208
kumo_small,raw,3,4000,4,False,17.88883662223816,White,1787,0.20145495243424735,0.1869247555732727,0.14774034175625647,0.7086837187572996,0.000700770847932726,0.001119194180190263
kumo_small,raw,3,4000,4,False,17.88883662223816,Black men,2134,0.20290534208059982,0.2172030657529831,0.1504642406745713,0.6870133449553516,0.0023515579071134627,0.006560449859418931
kumo_small,raw,3,4000,4,False,17.88883662223816,White men,1401,0.21199143468950749,0.1969529092311859,0.15422005860678686,0.6973966720343533,0.0009057971014492754,0.0014275517487508922
kumo_small,raw,3,4000,4,False,17.88883662223816,Black women,225,0.1288888888888889,0.14025191962718964,0.10340696818475742,0.7519352568613652,0.0,0.0
kumo_small,raw,3,4000,4,False,17.88883662223816,White women,386,0.16321243523316062,0.1505272090435028,0.12422199121845044,0.7359575409111012,0.0,0.0
kumo_small,raw,3,4000,5,False,17.785192489624023,All,4146,0.19826338639652677,0.18549585342407227,0.14744157649355802,0.6960042864546278,0.0006016847172081829,0.000723589001447178
kumo_small,raw,3,4000,5,False,17.785192489624023,Men,3535,0.2065063649222065,0.19539429247379303,0.15242505135564768,0.6885200107440236,0.00071301247771836,0.0008486562942008486
kumo_small,raw,3,4000,5,False,17.785192489624023,Women,611,0.15057283142389524,0.12822744250297546,0.11860919738146813,0.7256220155818045,0.0,0.0
kumo_small,raw,3,4000,5,False,17.785192489624023,Black,2359,0.19584569732937684,0.19441506266593933,0.14733915559236443,0.6832615635989384,0.0005271481286241434,0.000847816871555744
kumo_small,raw,3,4000,5,False,17.785192489624023,White,1787,0.20145495243424735,0.17372170090675354,0.1475767812534437,0.7159328038620261,0.000700770847932726,0.0005595970900951316
kumo_small,raw,3,4000,5,False,17.785192489624023,Black men,2134,0.20290534208059982,0.20212693512439728,0.15192459115553286,0.6748536725442037,0.0005878894767783657,0.0009372071227741331
kumo_small,raw,3,4000,5,False,17.785192489624023,White men,1401,0.21199143468950749,0.18513914942741394,0.15318735118937,0.7116210413311862,0.0009057971014492754,0.0007137758743754461
kumo_small,raw,3,4000,5,False,17.785192489624023,Black women,225,0.1288888888888889,0.12127228081226349,0.1038488467399136,0.7413793103448275,0.0,0.0
kumo_small,raw,3,4000,5,False,17.785192489624023,White women,386,0.16321243523316062,0.13228163123130798,0.12721302871398052,0.7181188264779595,0.0,0.0
kumo_small,raw,3,4000,6,False,17.84741997718811,All,4146,0.19826338639652677,0.18799763917922974,0.14699924628325203,0.7019369563244238,0.0012033694344163659,0.000964785335262904
kumo_small,raw,3,4000,6,False,17.84741997718811,Men,3535,0.2065063649222065,0.19571831822395325,0.15221961835624323,0.6919073083778966,0.00142602495543672,0.0011315417256011315
kumo_small,raw,3,4000,6,False,17.84741997718811,Women,611,0.15057283142389524,0.14332905411720276,0.11679627528812296,0.7435285247549636,0.0,0.0
kumo_small,raw,3,4000,6,False,17.84741997718811,Black,2359,0.19584569732937684,0.19518466293811798,0.14621447803339713,0.6946420299082398,0.0010542962572482868,0.000847816871555744
kumo_small,raw,3,4000,6,False,17.84741997718811,White,1787,0.20145495243424735,0.1785101741552353,0.1480352106377052,0.7142139686989022,0.001401541695865452,0.001119194180190263
kumo_small,raw,3,4000,6,False,17.84741997718811,Black men,2134,0.20290534208059982,0.2011716514825821,0.15075311933557534,0.6856773559365296,0.0011757789535567313,0.0009372071227741331
kumo_small,raw,3,4000,6,False,17.84741997718811,White men,1401,0.21199143468950749,0.18741180002689362,0.15445338631491934,0.703895842482799,0.0018115942028985507,0.0014275517487508922
kumo_small,raw,3,4000,6,False,17.84741997718811,Black women,225,0.1288888888888889,0.13840138912200928,0.10316798674962661,0.7526389866291344,0.0,0.0
kumo_small,raw,3,4000,6,False,17.84741997718811,White women,386,0.16321243523316062,0.14620140194892883,0.12474022586108068,0.738611233967271,0.0,0.0
kumo_small,raw,3,4000,7,False,17.808165788650513,All,4146,0.19826338639652677,0.1856270581483841,0.14780457284440268,0.694618654861349,0.0030084235860409147,0.003376748673420164
kumo_small,raw,3,4000,7,False,17.808165788650513,Men,3535,0.2065063649222065,0.1960429847240448,0.15279668739552463,0.6867653163382412,0.0035650623885918,0.0039603960396039604
kumo_small,raw,3,4000,7,False,17.808165788650513,Women,611,0.15057283142389524,0.12536470592021942,0.11892220797007201,0.7307112339783866,0.0,0.0
kumo_small,raw,3,4000,7,False,17.808165788650513,Black,2359,0.19584569732937684,0.19598272442817688,0.14670462027390008,0.6909862234058333,0.004217185028993147,0.0046629927935565915
kumo_small,raw,3,4000,7,False,17.808165788650513,White,1787,0.20145495243424735,0.17195665836334229,0.14925660872230742,0.7039398894339328,0.001401541695865452,0.0016787912702853946
kumo_small,raw,3,4000,7,False,17.808165788650513,Black men,2134,0.20290534208059982,0.2038155496120453,0.15137757744494165,0.6816110072461112,0.004703115814226925,0.005154639175257732
kumo_small,raw,3,4000,7,False,17.808165788650513,White men,1401,0.21199143468950749,0.1842038333415985,0.154958272430888,0.6982963694920217,0.0018115942028985507,0.0021413276231263384
kumo_small,raw,3,4000,7,False,17.808165788650513,Black women,225,0.1288888888888889,0.12169280648231506,0.10238421759388765,0.7672413793103449,0.0,0.0
kumo_small,raw,3,4000,7,False,17.808165788650513,White women,386,0.16321243523316062,0.12750504910945892,0.12856222826707067,0.7137451471816797,0.0,0.0
kumo_small,raw,3,4000,8,False,17.874454259872437,All,4146,0.19826338639652677,0.19412006437778473,0.14704360109932393,0.7011036010317941,0.0069193742478941035,0.007959479015918957
kumo_small,raw,3,4000,8,False,17.874454259872437,Men,3535,0.2065063649222065,0.20622976124286652,0.1519110641398486,0.6952941176470588,0.00819964349376114,0.009335219236209336
kumo_small,raw,3,4000,8,False,17.874454259872437,Women,611,0.15057283142389524,0.12405816465616226,0.11888241967828529,0.7315908519728576,0.0,0.0
kumo_small,raw,3,4000,8,False,17.874454259872437,Black,2359,0.19584569732937684,0.20467466115951538,0.14621983202270872,0.6955251741756749,0.00790722192936215,0.010173802458668928
kumo_small,raw,3,4000,8,False,17.874454259872437,White,1787,0.20145495243424735,0.18018703162670135,0.14813105003706056,0.7121681071400763,0.005606166783461808,0.005036373810856184
kumo_small,raw,3,4000,8,False,17.874454259872437,Black men,2134,0.20290534208059982,0.21368691325187683,0.15073484569729614,0.6880506372423231,0.008818342151675485,0.011246485473289597
kumo_small,raw,3,4000,8,False,17.874454259872437,White men,1401,0.21199143468950749,0.19487102329730988,0.15370267738496413,0.7093550236666178,0.007246376811594203,0.006423982869379015
kumo_small,raw,3,4000,8,False,17.874454259872437,Black women,225,0.1288888888888889,0.11919844895601273,0.10339743566017726,0.7547501759324419,0.0,0.0
kumo_small,raw,3,4000,8,False,17.874454259872437,White women,386,0.16321243523316062,0.1268908828496933,0.12790864093236384,0.7189542483660131,0.0,0.0
kumo_small,raw,3,4000,9,False,17.8521888256073,All,4146,0.19826338639652677,0.1861453354358673,0.14729835684045858,0.6984736093177686,0.0009025270758122744,0.000723589001447178
kumo_small,raw,3,4000,9,False,17.8521888256073,Men,3535,0.2065063649222065,0.19430485367774963,0.15237249497185207,0.6902429614436061,0.0010695187165775401,0.0008486562942008486
kumo_small,raw,3,4000,9,False,17.8521888256073,Women,611,0.15057283142389524,0.13893760740756989,0.11794143655490037,0.7266063500041887,0.0,0.0
kumo_small,raw,3,4000,9,False,17.8521888256073,Black,2359,0.19584569732937684,0.1966027319431305,0.14647522203708266,0.6924181950539358,0.0005271481286241434,0.000423908435777872
kumo_small,raw,3,4000,9,False,17.8521888256073,White,1787,0.20145495243424735,0.17234063148498535,0.14838496848072927,0.7101806431519115,0.001401541695865452,0.001119194180190263
kumo_small,raw,3,4000,9,False,17.8521888256073,Black men,2134,0.20290534208059982,0.20322197675704956,0.15102195444890973,0.6837928511010369,0.0005878894767783657,0.00046860356138706655
kumo_small,raw,3,4000,9,False,17.8521888256073,White men,1401,0.21199143468950749,0.18072235584259033,0.1544296352116515,0.7040940809056752,0.0018115942028985507,0.0014275517487508922
kumo_small,raw,3,4000,9,False,17.8521888256073,Black women,225,0.1288888888888889,0.1338229775428772,0.10335199107335405,0.7577410274454609,0.0,0.0
kumo_small,raw,3,4000,9,False,17.8521888256073,White women,386,0.16321243523316062,0.14191892743110657,0.12644564700398825,0.715219421101774,0.0,0.0
kumo_small,raw,3,8000,0,False,32.388423442840576,All,4146,0.19826338639652677,0.1905486136674881,0.14533869511055325,0.7106368635097982,0.004512635379061372,0.006753497346840328
kumo_small,raw,3,8000,0,False,32.388423442840576,Men,3535,0.2065063649222065,0.20007801055908203,0.15023067966464385,0.7026874710033453,0.0053475935828877,0.007920792079207921
kumo_small,raw,3,8000,0,False,32.388423442840576,Women,611,0.15057283142389524,0.13541536033153534,0.11703564208484091,0.7409106140571332,0.0,0.0
kumo_small,raw,3,8000,0,False,32.388423442840576,Black,2359,0.19584569732937684,0.20096909999847412,0.14449441176605612,0.7033205768050259,0.004744333157617291,0.00847816871555744
kumo_small,raw,3,8000,0,False,32.388423442840576,White,1787,0.20145495243424735,0.17679263651371002,0.14645322471864988,0.7255353110643932,0.004204625087596356,0.004476776720761052
kumo_small,raw,3,8000,0,False,32.388423442840576,Black men,2134,0.20290534208059982,0.2084132581949234,0.14886816472957645,0.6954705356039715,0.005291005291005291,0.00937207122774133
kumo_small,raw,3,8000,0,False,32.388423442840576,White men,1401,0.21199143468950749,0.18738175928592682,0.15230605930164157,0.7185807348850828,0.005434782608695652,0.005710206995003569
kumo_small,raw,3,8000,0,False,32.388423442840576,Black women,225,0.1288888888888889,0.13036520779132843,0.1030117947698235,0.7445460942997888,0.0,0.0
kumo_small,raw,3,8000,0,False,32.388423442840576,White women,386,0.16321243523316062,0.13835909962654114,0.12521016448349095,0.7393483709273183,0.0,0.0
kumo_small,raw,3,8000,1,False,32.41138982772827,All,4146,0.19826338639652677,0.19080588221549988,0.14595956311241592,0.7067676355108172,0.0009025270758122744,0.000964785335262904
kumo_small,raw,3,8000,1,False,32.41138982772827,Men,3535,0.2065063649222065,0.20072084665298462,0.15078211647740047,0.7003623666153884,0.0010695187165775401,0.0011315417256011315
kumo_small,raw,3,8000,1,False,32.41138982772827,Women,611,0.15057283142389524,0.1334419548511505,0.11805821099257884,0.7333919745329647,0.0,0.0
kumo_small,raw,3,8000,1,False,32.41138982772827,Black,2359,0.19584569732937684,0.20095542073249817,0.1451391268995474,0.7012074202374676,0.0010542962572482868,0.001271725307333616
kumo_small,raw,3,8000,1,False,32.41138982772827,White,1787,0.20145495243424735,0.17740757763385773,0.14704261237159708,0.7181888966752317,0.000700770847932726,0.0005595970900951316
kumo_small,raw,3,8000,1,False,32.41138982772827,Black men,2134,0.20290534208059982,0.20879660546779633,0.14958154214888597,0.693662062663859,0.0011757789535567313,0.0014058106841611997
kumo_small,raw,3,8000,1,False,32.41138982772827,White men,1401,0.21199143468950749,0.1884198635816574,0.15261082855238256,0.7142987849509588,0.0009057971014492754,0.0007137758743754461
kumo_small,raw,3,8000,1,False,32.41138982772827,Black women,225,0.1288888888888889,0.12658634781837463,0.10300528626804292,0.7538705137227305,0.0,0.0
kumo_small,raw,3,8000,1,False,32.41138982772827,White women,386,0.16321243523316062,0.1374381184577942,0.12683258421283944,0.7212148017101576,0.0,0.0
kumo_small,raw,3,8000,2,False,32.348634243011475,All,4146,0.19826338639652677,0.19242900609970093,0.14574698330984562,0.7086879759677462,0.0036101083032490976,0.003859141341051616
kumo_small,raw,3,8000,2,False,32.348634243011475,Men,3535,0.2065063649222065,0.2022825926542282,0.15060200278676888,0.7021224330329892,0.0042780748663101605,0.004526166902404526
kumo_small,raw,3,8000,2,False,32.348634243011475,Women,611,0.15057283142389524,0.1354200839996338,0.11765779533779379,0.7356957359470554,0.0,0.0
kumo_small,raw,3,8000,2,False,32.348634243011475,Black,2359,0.19584569732937684,0.2026732712984085,0.14521517610110352,0.701287291166047,0.004217185028993147,0.005086901229334464
kumo_small,raw,3,8000,2,False,32.348634243011475,White,1787,0.20145495243424735,0.17890565097332,0.14644901644102784,0.722576500817566,0.002803083391730904,0.002238388360380526
kumo_small,raw,3,8000,2,False,32.348634243011475,Black men,2134,0.20290534208059982,0.2104332149028778,0.1496322242526333,0.6941494814217422,0.004703115814226925,0.005623242736644799
kumo_small,raw,3,8000,2,False,32.348634243011475,White men,1401,0.21199143468950749,0.18986760079860687,0.1520791672349097,0.7179951690821256,0.0036231884057971015,0.0028551034975017845
kumo_small,raw,3,8000,2,False,32.348634243011475,Black women,225,0.1288888888888889,0.1290745884180069,0.1033219282994831,0.7522871217452498,0.0,0.0
kumo_small,raw,3,8000,2,False,32.348634243011475,White women,386,0.16321243523316062,0.13911888003349304,0.1260141945181562,0.7285861713106295,0.0,0.0
kumo_small,raw,3,8000,3,False,32.377166986465454,All,4146,0.19826338639652677,0.1904740035533905,0.1457634135085642,0.710104899558179,0.0024067388688327317,0.00241196333815726
kumo_small,raw,3,8000,3,False,32.377166986465454,Men,3535,0.2065063649222065,0.19999778270721436,0.15059612054137944,0.7038383024442654,0.00285204991087344,0.002828854314002829
kumo_small,raw,3,8000,3,False,32.377166986465454,Women,611,0.15057283142389524,0.13537323474884033,0.117803316354715,0.7328474491078161,0.0,0.0
kumo_small,raw,3,8000,3,False,32.377166986465454,Black,2359,0.19584569732937684,0.20062385499477386,0.14517773151864313,0.7026331163126103,0.0021085925144965737,0.002543450614667232
kumo_small,raw,3,8000,3,False,32.377166986465454,White,1787,0.20145495243424735,0.17707529664039612,0.14653656617460997,0.7243342676944639,0.002803083391730904,0.002238388360380526
kumo_small,raw,3,8000,3,False,32.377166986465454,Black men,2134,0.20290534208059982,0.20808804035186768,0.14969271545848248,0.6944719381208989,0.0023515579071134627,0.0028116213683223993
kumo_small,raw,3,8000,3,False,32.377166986465454,White men,1401,0.21199143468950749,0.18767476081848145,0.15197218510019606,0.7221002293466061,0.0036231884057971015,0.0028551034975017845
kumo_small,raw,3,8000,3,False,32.377166986465454,Black women,225,0.1288888888888889,0.12983030080795288,0.10235561717367793,0.7582688247712879,0.0,0.0
kumo_small,raw,3,8000,3,False,32.377166986465454,White women,386,0.16321243523316062,0.13860422372817993,0.12680780421930912,0.7196422428620571,0.0,0.0
kumo_small,raw,3,8000,4,False,32.40580081939697,All,4146,0.19826338639652677,0.19006480276584625,0.1458038179801781,0.7085990408179399,0.0012033694344163659,0.001688374336710082
kumo_small,raw,3,8000,4,False,32.40580081939697,Men,3535,0.2065063649222065,0.20034825801849365,0.15064357198047396,0.7023817546944058,0.00142602495543672,0.0019801980198019802
kumo_small,raw,3,8000,4,False,32.40580081939697,Women,611,0.15057283142389524,0.13056883215904236,0.11780294990972662,0.7391304347826086,0.0,0.0
kumo_small,raw,3,8000,4,False,32.40580081939697,Black,2359,0.19584569732937684,0.19963300228118896,0.1450338019188989,0.7021761404998094,0.0010542962572482868,0.00211954217888936
kumo_small,raw,3,8000,4,False,32.40580081939697,White,1787,0.20145495243424735,0.17743390798568726,0.14682030812486627,0.7209180098107918,0.001401541695865452,0.001119194180190263
kumo_small,raw,3,8000,4,False,32.40580081939697,Black men,2134,0.20290534208059982,0.2076575756072998,0.14946519209818704,0.6951378960616836,0.0011757789535567313,0.0023430178069353325
kumo_small,raw,3,8000,4,False,32.40580081939697,White men,1401,0.21199143468950749,0.18921473622322083,0.15243847752565623,0.7165068559996096,0.0018115942028985507,0.0014275517487508922
kumo_small,raw,3,8000,4,False,32.40580081939697,Black women,225,0.1288888888888889,0.12352442741394043,0.10300452795178375,0.7554539057002111,0.0,0.0
kumo_small,raw,3,8000,4,False,32.40580081939697,White women,386,0.16321243523316062,0.1346750408411026,0.12642897307173992,0.7295690205906923,0.0,0.0
kumo_small,raw,3,8000,5,False,32.34641432762146,All,4146,0.19826338639652677,0.18649744987487793,0.14597619589411304,0.7088709701031501,0.0018050541516245488,0.001929570670525808
kumo_small,raw,3,8000,5,False,32.34641432762146,Men,3535,0.2065063649222065,0.19620048999786377,0.15086616433170513,0.701807437794545,0.0021390374331550803,0.002263083451202263
kumo_small,raw,3,8000,5,False,32.34641432762146,Women,611,0.15057283142389524,0.13035963475704193,0.11768480730673518,0.7364078076568652,0.0,0.0
kumo_small,raw,3,8000,5,False,32.34641432762146,Black,2359,0.19584569732937684,0.19640076160430908,0.14515305299614378,0.7024283044314674,0.002635740643120717,0.002543450614667232
kumo_small,raw,3,8000,5,False,32.34641432762146,White,1787,0.20145495243424735,0.17342421412467957,0.14706281821997172,0.7212041579070311,0.000700770847932726,0.001119194180190263
kumo_small,raw,3,8000,5,False,32.34641432762146,Black men,2134,0.20290534208059982,0.20404744148254395,0.1496093227119607,0.6947468748854431,0.0029394473838918285,0.0028116213683223993
kumo_small,raw,3,8000,5,False,32.34641432762146,White men,1401,0.21199143468950749,0.18424801528453827,0.15278058261616947,0.7160341336065973,0.0009057971014492754,0.0014275517487508922
kumo_small,raw,3,8000,5,False,32.34641432762146,Black women,225,0.1288888888888889,0.12387613952159882,0.10288781044701822,0.7524630541871921,0.0,0.0
kumo_small,raw,3,8000,5,False,32.34641432762146,White women,386,0.16321243523316062,0.13413888216018677,0.12630999977677743,0.7285370288466264,0.0,0.0
kumo_small,raw,3,8000,6,False,32.39131188392639,All,4146,0.19826338639652677,0.18876832723617554,0.14554390432347303,0.7086188041845635,0.0009025270758122744,0.001929570670525808
kumo_small,raw,3,8000,6,False,32.39131188392639,Men,3535,0.2065063649222065,0.19737492501735687,0.15065803152020002,0.6990862696261568,0.0010695187165775401,0.002263083451202263
kumo_small,raw,3,8000,6,False,32.39131188392639,Women,611,0.15057283142389524,0.13897401094436646,0.11595562340623886,0.7487852894362068,0.0,0.0
kumo_small,raw,3,8000,6,False,32.39131188392639,Black,2359,0.19584569732937684,0.1981004774570465,0.14505391373086157,0.7000504327863315,0.0010542962572482868,0.002543450614667232
kumo_small,raw,3,8000,6,False,32.39131188392639,White,1787,0.20145495243424735,0.17644906044006348,0.14619073577728967,0.725097329284435,0.000700770847932726,0.001119194180190263
kumo_small,raw,3,8000,6,False,32.39131188392639,Black men,2134,0.20290534208059982,0.205086350440979,0.14962938372799486,0.6910810513581876,0.0011757789535567313,0.0028116213683223993
kumo_small,raw,3,8000,6,False,32.39131188392639,White men,1401,0.21199143468950749,0.18562890589237213,0.15222486548777026,0.716525154930952,0.0009057971014492754,0.0014275517487508922
kumo_small,raw,3,8000,6,False,32.39131188392639,Black women,225,0.1288888888888889,0.13184331357479095,0.10165812273582867,0.7549261083743842,0.0,0.0
kumo_small,raw,3,8000,6,False,32.39131188392639,White women,386,0.16321243523316062,0.14313051104545593,0.12428965877111525,0.7442626173276328,0.0,0.0
kumo_small,raw,3,8000,7,False,33.02109098434448,All,4146,0.19826338639652677,0.19259591400623322,0.1458432977301204,0.7081126424060361,0.00210589651022864,0.002894356005788712
kumo_small,raw,3,8000,7,False,33.02109098434448,Men,3535,0.2065063649222065,0.20241206884384155,0.15059442208305032,0.7022689424462188,0.0024955436720142605,0.0033946251768033945
kumo_small,raw,3,8000,7,False,33.02109098434448,Women,611,0.15057283142389524,0.13580374419689178,0.11835520511537861,0.7258942782943789,0.0,0.0
kumo_small,raw,3,8000,7,False,33.02109098434448,Black,2359,0.19584569732937684,0.20335066318511963,0.14516617499492726,0.701737991405888,0.0021085925144965737,0.003391267486222976
kumo_small,raw,3,8000,7,False,33.02109098434448,White,1787,0.20145495243424735,0.1783987283706665,0.14673716036712128,0.7215331308884217,0.002102312543798178,0.002238388360380526
kumo_small,raw,3,8000,7,False,33.02109098434448,Black men,2134,0.20290534208059982,0.2111993432044983,0.14952294858088958,0.6949030118134558,0.0023515579071134627,0.0037488284910965324
kumo_small,raw,3,8000,7,False,33.02109098434448,White men,1401,0.21199143468950749,0.1890273094177246,0.15222648807420738,0.7180531156980432,0.002717391304347826,0.0028551034975017845
kumo_small,raw,3,8000,7,False,33.02109098434448,Black women,225,0.1288888888888889,0.12891033291816711,0.10384459796184495,0.7359254046446164,0.0,0.0
kumo_small,raw,3,8000,7,False,33.02109098434448,White women,386,0.16321243523316062,0.13982191681861877,0.12681346058052131,0.7206742346061232,0.0,0.0
kumo_small,raw,3,8000,8,False,32.53486084938049,All,4146,0.19826338639652677,0.1924346387386322,0.14536290834210372,0.71333309910084,0.006618531889290012,0.0074770863482875064
kumo_small,raw,3,8000,8,False,32.53486084938049,Men,3535,0.2065063649222065,0.2032325714826584,0.15014476330542356,0.7075164212633995,0.00784313725490196,0.00876944837340877
kumo_small,raw,3,8000,8,False,32.53486084938049,Women,611,0.15057283142389524,0.12996219098567963,0.11769702078836294,0.7394445840663484,0.0,0.0
kumo_small,raw,3,8000,8,False,32.53486084938049,Black,2359,0.19584569732937684,0.20139668881893158,0.14481397007725963,0.7055889111766813,0.008434370057986295,0.009749894022891056
kumo_small,raw,3,8000,8,False,32.53486084938049,White,1787,0.20145495243424735,0.18060395121574402,0.14608755600117884,0.7267694463910301,0.004204625087596356,0.004476776720761052
kumo_small,raw,3,8000,8,False,32.53486084938049,Black men,2134,0.20290534208059982,0.20990830659866333,0.14923173629137332,0.698500949719836,0.00940623162845385,0.01077788191190253
kumo_small,raw,3,8000,8,False,32.53486084938049,White men,1401,0.21199143468950749,0.19306409358978271,0.1515354839677956,0.7236281901136975,0.005434782608695652,0.005710206995003569
kumo_small,raw,3,8000,8,False,32.53486084938049,Black women,225,0.1288888888888889,0.1206686943769455,0.10291391185095446,0.7478888106966926,0.0,0.0
kumo_small,raw,3,8000,8,False,32.53486084938049,White women,386,0.16321243523316062,0.1353793889284134,0.12631411796690414,0.7317804314708338,0.0,0.0
kumo_small,raw,3,8000,9,False,32.675862312316895,All,4146,0.19826338639652677,0.190325066447258,0.14540858787158037,0.7127650853045462,0.003309265944645006,0.004100337674867342
kumo_small,raw,3,8000,9,False,32.675862312316895,Men,3535,0.2065063649222065,0.19983124732971191,0.1502793006827147,0.7058095865992723,0.00392156862745098,0.004809052333804809
kumo_small,raw,3,8000,9,False,32.675862312316895,Women,611,0.15057283142389524,0.13532604277133942,0.1172286045862123,0.7425860769037447,0.0,0.0
kumo_small,raw,3,8000,9,False,32.675862312316895,Black,2359,0.19584569732937684,0.20124271512031555,0.1447302686681003,0.7056322696807673,0.004217185028993147,0.005934718100890208
kumo_small,raw,3,8000,9,False,32.675862312316895,White,1787,0.20145495243424735,0.1759127825498581,0.14630402995384645,0.7267850190765397,0.002102312543798178,0.0016787912702853946
kumo_small,raw,3,8000,9,False,32.675862312316895,Black men,2134,0.20290534208059982,0.20877093076705933,0.14913709196870745,0.6983108699813858,0.004703115814226925,0.006560449859418931
kumo_small,raw,3,8000,9,False,32.675862312316895,White men,1401,0.21199143468950749,0.18621434271335602,0.15201911038699126,0.7217312008978676,0.002717391304347826,0.0021413276231263384
kumo_small,raw,3,8000,9,False,32.675862312316895,Black women,225,0.1288888888888889,0.1298416703939438,0.10293399789700822,0.7554539057002111,0.0,0.0
kumo_small,raw,3,8000,9,False,32.675862312316895,White women,386,0.16321243523316062,0.1385228931903839,0.12556095304494524,0.7354661162710698,0.0,0.0
kumo_small,raw,3,9398,0,True,39.307666301727295,All,4146,0.19826338639652677,0.19032065570354462,0.1451587109215627,0.7124781505002327,0.0024067388688327317,0.004582730342498794
kumo_small,raw,3,9398,0,True,39.307666301727295,Men,3535,0.2065063649222065,0.20009082555770874,0.14999797834099143,0.7053729885478475,0.00285204991087344,0.005374823196605375
kumo_small,raw,3,9398,0,True,39.307666301727295,Women,611,0.15057283142389524,0.1337943822145462,0.11716065801210189,0.7433400351847198,0.0,0.0
kumo_small,raw,3,9398,0,True,39.307666301727295,Black,2359,0.19584569732937684,0.20081700384616852,0.14434063865446545,0.7056197185348477,0.0031628887717448603,0.006782534972445952
kumo_small,raw,3,9398,0,True,39.307666301727295,White,1787,0.20145495243424735,0.17646454274654388,0.14623863956066874,0.7268628825040878,0.001401541695865452,0.0016787912702853946
kumo_small,raw,3,9398,0,True,39.307666301727295,Black men,2134,0.20290534208059982,0.20855563879013062,0.14872588651715854,0.6982619923343556,0.003527336860670194,0.007497656982193065
kumo_small,raw,3,9398,0,True,39.307666301727295,White men,1401,0.21199143468950749,0.1871972382068634,0.15193562570149066,0.7212676279705265,0.0018115942028985507,0.0021413276231263384
kumo_small,raw,3,9398,0,True,39.307666301727295,Black women,225,0.1288888888888889,0.12742029130458832,0.10274899892563415,0.7501759324419424,0.0,0.0
kumo_small,raw,3,9398,0,True,39.307666301727295,White women,386,0.16321243523316062,0.13750983774662018,0.12556123649514656,0.7388078038232836,0.0,0.0
kumo_small,raw,3,9398,1,True,39.95132541656494,All,4146,0.19826338639652677,0.1900826394557953,0.14528694593922598,0.711559519940505,0.002707581227436823,0.004341534008683068
kumo_small,raw,3,9398,1,True,39.95132541656494,Men,3535,0.2065063649222065,0.19987136125564575,0.15007108428598256,0.7053397797475154,0.0032085561497326204,0.005091937765205092
kumo_small,raw,3,9398,1,True,39.95132541656494,Women,611,0.15057283142389524,0.13344897329807281,0.117607847648253,0.7392770377816873,0.0,0.0
kumo_small,raw,3,9398,1,True,39.95132541656494,Black,2359,0.19584569732937684,0.20010043680667877,0.1443728283482192,0.7055717959777001,0.0036900369003690036,0.00635862653666808
kumo_small,raw,3,9398,1,True,39.95132541656494,White,1787,0.20145495243424735,0.17685823142528534,0.14649366300536196,0.7239410573853461,0.001401541695865452,0.0016787912702853946
kumo_small,raw,3,9398,1,True,39.95132541656494,Black men,2134,0.20290534208059982,0.20786383748054504,0.14872963251861784,0.6986122821380712,0.00411522633744856,0.007029053420805998
kumo_small,raw,3,9398,1,True,39.95132541656494,White men,1401,0.21199143468950749,0.18769724667072296,0.15211438055404558,0.7195414287805593,0.0018115942028985507,0.0021413276231263384
kumo_small,raw,3,9398,1,True,39.95132541656494,Black women,225,0.1288888888888889,0.12646882236003876,0.10305096123874927,0.7475369458128078,0.0,0.0
kumo_small,raw,3,9398,1,True,39.95132541656494,White women,386,0.16321243523316062,0.13751770555973053,0.12609307936363728,0.7340409848149786,0.0,0.0
kumo_small,raw,3,9398,2,True,39.91749334335327,All,4146,0.19826338639652677,0.18953129649162292,0.14547310369919103,0.7113940932420998,0.002707581227436823,0.004100337674867342
kumo_small,raw,3,9398,2,True,39.91749334335327,Men,3535,0.2065063649222065,0.19939622282981873,0.15029556053683038,0.7049456694259273,0.0032085561497326204,0.004809052333804809
kumo_small,raw,3,9398,2,True,39.91749334335327,Women,611,0.15057283142389524,0.1324567049741745,0.1175723100477097,0.7389210019267822,0.0,0.0
kumo_small,raw,3,9398,2,True,39.91749334335327,Black,2359,0.19584569732937684,0.19961309432983398,0.14479941585617057,0.7040108898306051,0.0036900369003690036,0.005934718100890208
kumo_small,raw,3,9398,2,True,39.91749334335327,White,1787,0.20145495243424735,0.17622239887714386,0.14636243197097903,0.7254263022658258,0.001401541695865452,0.0016787912702853946
kumo_small,raw,3,9398,2,True,39.91749334335327,Black men,2134,0.20290534208059982,0.2073880285024643,0.1491939867417313,0.6968228171718036,0.00411522633744856,0.006560449859418931
kumo_small,raw,3,9398,2,True,39.91749334335327,White men,1401,0.21199143468950749,0.1872231364250183,0.1519734752254395,0.7212035817108282,0.0018115942028985507,0.0021413276231263384
kumo_small,raw,3,9398,2,True,39.91749334335327,Black women,225,0.1288888888888889,0.12587226927280426,0.10311935243489691,0.7475369458128079,0.0,0.0
kumo_small,raw,3,9398,2,True,39.91749334335327,White women,386,0.16321243523316062,0.13629478216171265,0.1259969615059555,0.7339426998869722,0.0,0.0
kumo_small,raw,3,9398,3,True,39.0326726436615,All,4146,0.19826338639652677,0.19000524282455444,0.14562887150526355,0.7098543805868109,0.0030084235860409147,0.004100337674867342
kumo_small,raw,3,9398,3,True,39.0326726436615,Men,3535,0.2065063649222065,0.19950315356254578,0.15045916342379662,0.7033365077039533,0.0035650623885918,0.004809052333804809
kumo_small,raw,3,9398,3,True,39.0326726436615,Women,611,0.15057283142389524,0.13505418598651886,0.11768274723028094,0.7371617659378403,0.0,0.0
kumo_small,raw,3,9398,3,True,39.0326726436615,Black,2359,0.19584569732937684,0.200018510222435,0.14486843052535994,0.7029406193876411,0.004217185028993147,0.005934718100890208
kumo_small,raw,3,9398,3,True,39.0326726436615,White,1787,0.20145495243424735,0.17678683996200562,0.14663272168522587,0.7232850580082535,0.001401541695865452,0.0016787912702853946
kumo_small,raw,3,9398,3,True,39.0326726436615,Black men,2134,0.20290534208059982,0.2075970470905304,0.14927289975477115,0.6956850541659368,0.004703115814226925,0.006560449859418931
kumo_small,raw,3,9398,3,True,39.0326726436615,White men,1401,0.21199143468950749,0.18717457354068756,0.15226607753493177,0.718757624554726,0.0018115942028985507,0.0021413276231263384
kumo_small,raw,3,9398,3,True,39.0326726436615,Black women,225,0.1288888888888889,0.12814028561115265,0.10309448681174396,0.7489444053483463,0.0,0.0
kumo_small,raw,3,9398,3,True,39.0326726436615,White women,386,0.16321243523316062,0.1390843242406845,0.12618626690429857,0.7308958671187773,0.0,0.0
kumo_small,raw,3,9398,4,True,39.56992268562317,All,4146,0.19826338639652677,0.18916460871696472,0.14541449084299446,0.7112151249776747,0.00210589651022864,0.002653159671972986
kumo_small,raw,3,9398,4,True,39.56992268562317,Men,3535,0.2065063649222065,0.19874776899814606,0.15023466814817762,0.7046174883402925,0.0024955436720142605,0.0031117397454031117
kumo_small,raw,3,9398,4,True,39.56992268562317,Women,611,0.15057283142389524,0.1337203085422516,0.11752688564852233,0.7387953422132864,0.0,0.0
kumo_small,raw,3,9398,4,True,39.56992268562317,Black,2359,0.19584569732937684,0.19935747981071472,0.14469895306137914,0.7040873377193883,0.0021085925144965737,0.003391267486222976
kumo_small,raw,3,9398,4,True,39.56992268562317,White,1787,0.20145495243424735,0.17570911347866058,0.14635906478078434,0.7250992758701239,0.002102312543798178,0.0016787912702853946
kumo_small,raw,3,9398,4,True,39.56992268562317,Black men,2134,0.20290534208059982,0.2069232016801834,0.14910393871410152,0.696723704165326,0.0023515579071134627,0.0037488284910965324
kumo_small,raw,3,9398,4,True,39.56992268562317,White men,1401,0.21199143468950749,0.18629498779773712,0.1519569926394827,0.720785756111843,0.002717391304347826,0.0021413276231263384
kumo_small,raw,3,9398,4,True,39.56992268562317,Black women,225,0.1288888888888889,0.1276008039712906,0.10292011135955904,0.7501759324419423,0.0,0.0
kumo_small,raw,3,9398,4,True,39.56992268562317,White women,386,0.16321243523316062,0.13728737831115723,0.12604119708638956,0.7318787163988402,0.0,0.0
kumo_small,raw,3,9398,5,True,39.52993893623352,All,4146,0.19826338639652677,0.18972395360469818,0.1452607372879574,0.7119646689562893,0.003309265944645006,0.004582730342498794
kumo_small,raw,3,9398,5,True,39.52993893623352,Men,3535,0.2065063649222065,0.19955439865589142,0.15002698929857197,0.7059565843772129,0.00392156862745098,0.005374823196605375
kumo_small,raw,3,9398,5,True,39.52993893623352,Women,611,0.15057283142389524,0.13284894824028015,0.11768512213652939,0.7371827092234231,0.0,0.0
kumo_small,raw,3,9398,5,True,39.52993893623352,Black,2359,0.19584569732937684,0.19968946278095245,0.1445752550161214,0.7053150679929805,0.004217185028993147,0.005934718100890208
kumo_small,raw,3,9398,5,True,39.52993893623352,White,1787,0.20145495243424735,0.17656859755516052,0.14616563526180248,0.7249143502296972,0.002102312543798178,0.0027979854504756574
kumo_small,raw,3,9398,5,True,39.52993893623352,Black men,2134,0.20290534208059982,0.20746518671512604,0.14892635199853319,0.6987317608308113,0.004703115814226925,0.006560449859418931
kumo_small,raw,3,9398,5,True,39.52993893623352,White men,1401,0.21199143468950749,0.18750472366809845,0.15170347752004434,0.7205997169765285,0.002717391304347826,0.0035688793718772305
kumo_small,raw,3,9398,5,True,39.52993893623352,Black women,225,0.1288888888888889,0.1259409487247467,0.10330751741404684,0.7419071076706545,0.0,0.0
kumo_small,raw,3,9398,5,True,39.52993893623352,White women,386,0.16321243523316062,0.13687564432621002,0.12606585027787282,0.7335987026389503,0.0,0.0
kumo_small,raw,3,9398,6,True,39.08141303062439,All,4146,0.19826338639652677,0.18913617730140686,0.14548078989866953,0.7097083512667587,0.0018050541516245488,0.003376748673420164
kumo_small,raw,3,9398,6,True,39.08141303062439,Men,3535,0.2065063649222065,0.1987820565700531,0.15034266136713248,0.702502380777965,0.0021390374331550803,0.0039603960396039604
kumo_small,raw,3,9398,6,True,39.08141303062439,Women,611,0.15057283142389524,0.13332892954349518,0.11735195906230847,0.7410991036273771,0.0,0.0
kumo_small,raw,3,9398,6,True,39.08141303062439,Black,2359,0.19584569732937684,0.19952532649040222,0.14462184241513285,0.7029235041886597,0.0021085925144965737,0.0046629927935565915
kumo_small,raw,3,9398,6,True,39.08141303062439,White,1787,0.20145495243424735,0.1754215657711029,0.14661467748325993,0.7237288795452776,0.001401541695865452,0.0016787912702853946
kumo_small,raw,3,9398,6,True,39.08141303062439,Black men,2134,0.20290534208059982,0.2072240561246872,0.14907187215431444,0.6949831168460885,0.0023515579071134627,0.005154639175257732
kumo_small,raw,3,9398,6,True,39.08141303062439,White men,1401,0.21199143468950749,0.185923233628273,0.15227832459350915,0.7185563363099596,0.0018115942028985507,0.0021413276231263384
kumo_small,raw,3,9398,6,True,39.08141303062439,Black women,225,0.1288888888888889,0.12650719285011292,0.10241578257773944,0.7536945812807883,0.0,0.0
kumo_small,raw,3,9398,6,True,39.08141303062439,White women,386,0.16321243523316062,0.13730531930923462,0.1260582795520184,0.7334512752469409,0.0,0.0
kumo_small,raw,3,9398,7,True,39.13908886909485,All,4146,0.19826338639652677,0.1896793693304062,0.1453737646756073,0.7120159073142024,0.0015042117930204573,0.002170767004341534
kumo_small,raw,3,9398,7,True,39.13908886909485,Men,3535,0.2065063649222065,0.19955392181873322,0.15018646119865917,0.705499475007936,0.0017825311942959,0.002545968882602546
kumo_small,raw,3,9398,7,True,39.13908886909485,Women,611,0.15057283142389524,0.1325492113828659,0.11752944027464443,0.7378947809332328,0.0,0.0
kumo_small,raw,3,9398,7,True,39.13908886909485,Black,2359,0.19584569732937684,0.19984951615333557,0.1446847792945306,0.7049624948939657,0.0015814443858724301,0.002543450614667232
kumo_small,raw,3,9398,7,True,39.13908886909485,White,1787,0.20145495243424735,0.17625382542610168,0.14628328706730287,0.7255314178930157,0.001401541695865452,0.0016787912702853946
kumo_small,raw,3,9398,7,True,39.13908886909485,Black men,2134,0.20290534208059982,0.20767268538475037,0.149105530704338,0.697486738543962,0.001763668430335097,0.0028116213683223993
kumo_small,raw,3,9398,7,True,39.13908886909485,White men,1401,0.21199143468950749,0.18718741834163666,0.15183293205867449,0.721545161762553,0.0018115942028985507,0.0021413276231263384
kumo_small,raw,3,9398,7,True,39.13908886909485,Black women,225,0.1288888888888889,0.1256512552499771,0.10275640814551334,0.7485925404644617,0.0,0.0
kumo_small,raw,3,9398,7,True,39.13908886909485,White women,386,0.16321243523316062,0.1365700215101242,0.12614066366597732,0.7302078726227333,0.0,0.0
kumo_small,raw,3,9398,8,True,39.31715154647827,All,4146,0.19826338639652677,0.18951086699962616,0.1454289042970832,0.7110418295314471,0.0024067388688327317,0.003859141341051616
kumo_small,raw,3,9398,8,True,39.31715154647827,Men,3535,0.2065063649222065,0.19914782047271729,0.15025864773171532,0.7042993187312284,0.00285204991087344,0.004526166902404526
kumo_small,raw,3,9398,8,True,39.31715154647827,Women,611,0.15057283142389524,0.13375522196292877,0.11748595332912166,0.7389000586411997,0.0,0.0
kumo_small,raw,3,9398,8,True,39.31715154647827,Black,2359,0.19584569732937684,0.19944293797016144,0.14471383526961554,0.7039064871168192,0.002635740643120717,0.005086901229334464
kumo_small,raw,3,9398,8,True,39.31715154647827,White,1787,0.20145495243424735,0.1763995885848999,0.14637285943742803,0.7248111811881959,0.002102312543798178,0.002238388360380526
kumo_small,raw,3,9398,8,True,39.31715154647827,Black men,2134,0.20290534208059982,0.20712721347808838,0.14913619065224037,0.6963320041328765,0.0029394473838918285,0.005623242736644799
kumo_small,raw,3,9398,8,True,39.31715154647827,White men,1401,0.21199143468950749,0.18699364364147186,0.15196837179138661,0.7202337383496804,0.002717391304347826,0.0028551034975017845
kumo_small,raw,3,9398,8,True,39.31715154647827,Black women,225,0.1288888888888889,0.1265619546175003,0.10277025132952036,0.7503518648838846,0.0,0.0
kumo_small,raw,3,9398,8,True,39.31715154647827,White women,386,0.16321243523316062,0.13794821500778198,0.12606375889883745,0.7322227136468623,0.0,0.0
kumo_small,raw,3,9398,9,True,39.01224708557129,All,4146,0.19826338639652677,0.19119571149349213,0.14538558595282197,0.7120294488802223,0.0018050541516245488,0.00241196333815726
kumo_small,raw,3,9398,9,True,39.01224708557129,Men,3535,0.2065063649222065,0.20112809538841248,0.15022114761401745,0.7055595438673602,0.0021390374331550803,0.002828854314002829
kumo_small,raw,3,9398,9,True,39.01224708557129,Women,611,0.15057283142389524,0.13373108208179474,0.11740897306849125,0.739633073636592,0.0,0.0
kumo_small,raw,3,9398,9,True,39.01224708557129,Black,2359,0.19584569732937684,0.20144471526145935,0.1447869459215564,0.7053264781256348,0.0021085925144965737,0.003391267486222976
kumo_small,raw,3,9398,9,True,39.01224708557129,White,1787,0.20145495243424735,0.17766612768173218,0.1461758443936476,0.7254924861792416,0.001401541695865452,0.001119194180190263
kumo_small,raw,3,9398,9,True,39.01224708557129,Black men,2134,0.20290534208059982,0.20926611125469208,0.14925393042539234,0.6977664273019675,0.0023515579071134627,0.0037488284910965324
kumo_small,raw,3,9398,9,True,39.01224708557129,White men,1401,0.21199143468950749,0.18873225152492523,0.15169441062652717,0.7217586492948811,0.0018115942028985507,0.0014275517487508922
kumo_small,raw,3,9398,9,True,39.01224708557129,Black women,225,0.1288888888888889,0.12726309895515442,0.10242007956073038,0.7535186488388458,0.0,0.0
kumo_small,raw,3,9398,9,True,39.01224708557129,White women,386,0.16321243523316062,0.1375012844800949,0.12614602239296327,0.7304044424787458,0.0,0.0
